#include <stdint.h>
#include <stddef.h>

static const uint8_t cmds_elf_bytes[] = {
    0x7f, 0x45, 0x4c, 0x46, 0x02, 0x01, 0x01, 0x00, 0x00, 0x00, 0x00, 0x00,
    0x00, 0x00, 0x00, 0x00, 0x02, 0x00, 0x3e, 0x00, 0x01, 0x00, 0x00, 0x00,
    0x00, 0x00, 0x40, 0x00, 0x00, 0x00, 0x00, 0x00, 0x40, 0x00, 0x00, 0x00,
    0x00, 0x00, 0x00, 0x00, 0x78, 0x3b, 0x02, 0x00, 0x00, 0x00, 0x00, 0x00,
    0x00, 0x00, 0x00, 0x00, 0x40, 0x00, 0x38, 0x00, 0x04, 0x00, 0x40, 0x00,
    0x06, 0x00, 0x05, 0x00, 0x01, 0x00, 0x00, 0x00, 0x05, 0x00, 0x00, 0x00,
    0x00, 0x10, 0x00, 0x00, 0x00, 0x00, 0x00, 0x00, 0x00, 0x00, 0x40, 0x00,
    0x00, 0x00, 0x00, 0x00, 0x00, 0x00, 0x40, 0x00, 0x00, 0x00, 0x00, 0x00,
    0x1e, 0xca, 0x01, 0x00, 0x00, 0x00, 0x00, 0x00, 0x1e, 0xca, 0x01, 0x00,
    0x00, 0x00, 0x00, 0x00, 0x00, 0x10, 0x00, 0x00, 0x00, 0x00, 0x00, 0x00,
    0x01, 0x00, 0x00, 0x00, 0x04, 0x00, 0x00, 0x00, 0x00, 0xe0, 0x01, 0x00,
    0x00, 0x00, 0x00, 0x00, 0x00, 0xd0, 0x41, 0x00, 0x00, 0x00, 0x00, 0x00,
    0x00, 0xd0, 0x41, 0x00, 0x00, 0x00, 0x00, 0x00, 0x74, 0x4a, 0x00, 0x00,
    0x00, 0x00, 0x00, 0x00, 0x74, 0x4a, 0x00, 0x00, 0x00, 0x00, 0x00, 0x00,
    0x00, 0x10, 0x00, 0x00, 0x00, 0x00, 0x00, 0x00, 0x01, 0x00, 0x00, 0x00,
    0x06, 0x00, 0x00, 0x00, 0x00, 0x30, 0x02, 0x00, 0x00, 0x00, 0x00, 0x00,
    0x00, 0x20, 0x42, 0x00, 0x00, 0x00, 0x00, 0x00, 0x00, 0x20, 0x42, 0x00,
    0x00, 0x00, 0x00, 0x00, 0x50, 0x0b, 0x00, 0x00, 0x00, 0x00, 0x00, 0x00,
    0xb4, 0x12, 0x00, 0x00, 0x00, 0x00, 0x00, 0x00, 0x00, 0x10, 0x00, 0x00,
    0x00, 0x00, 0x00, 0x00, 0x51, 0xe5, 0x74, 0x64, 0x06, 0x00, 0x00, 0x00,
    0x00, 0x00, 0x00, 0x00, 0x00, 0x00, 0x00, 0x00, 0x00, 0x00, 0x00, 0x00,
    0x00, 0x00, 0x00, 0x00, 0x00, 0x00, 0x00, 0x00, 0x00, 0x00, 0x00, 0x00,
    0x00, 0x00, 0x00, 0x00, 0x00, 0x00, 0x00, 0x00, 0x00, 0x00, 0x00, 0x00,
    0x00, 0x00, 0x00, 0x00, 0x00, 0x00, 0x00, 0x00, 0x00, 0x00, 0x00, 0x00,
    0x00, 0x00, 0x00, 0x00, 0x00, 0x00, 0x00, 0x00, 0x00, 0x00, 0x00, 0x00,
    0x00, 0x00, 0x00, 0x00, 0x00, 0x00, 0x00, 0x00, 0x00, 0x00, 0x00, 0x00,
    0x00, 0x00, 0x00, 0x00, 0x00, 0x00, 0x00, 0x00, 0x00, 0x00, 0x00, 0x00,
    0x00, 0x00, 0x00, 0x00, 0x00, 0x00, 0x00, 0x00, 0x00, 0x00, 0x00, 0x00,
    0x00, 0x00, 0x00, 0x00, 0x00, 0x00, 0x00, 0x00, 0x00, 0x00, 0x00, 0x00,
    0x00, 0x00, 0x00, 0x00, 0x00, 0x00, 0x00, 0x00, 0x00, 0x00, 0x00, 0x00,
    0x00, 0x00, 0x00, 0x00, 0x00, 0x00, 0x00, 0x00, 0x00, 0x00, 0x00, 0x00,
    0x00, 0x00, 0x00, 0x00, 0x00, 0x00, 0x00, 0x00, 0x00, 0x00, 0x00, 0x00,
    0x00, 0x00, 0x00, 0x00, 0x00, 0x00, 0x00, 0x00, 0x00, 0x00, 0x00, 0x00,
    0x00, 0x00, 0x00, 0x00, 0x00, 0x00, 0x00, 0x00, 0x00, 0x00, 0x00, 0x00,
    0x00, 0x00, 0x00, 0x00, 0x00, 0x00, 0x00, 0x00, 0x00, 0x00, 0x00, 0x00,
    0x00, 0x00, 0x00, 0x00, 0x00, 0x00, 0x00, 0x00, 0x00, 0x00, 0x00, 0x00,
    0x00, 0x00, 0x00, 0x00, 0x00, 0x00, 0x00, 0x00, 0x00, 0x00, 0x00, 0x00,
    0x00, 0x00, 0x00, 0x00, 0x00, 0x00, 0x00, 0x00, 0x00, 0x00, 0x00, 0x00,
    0x00, 0x00, 0x00, 0x00, 0x00, 0x00, 0x00, 0x00, 0x00, 0x00, 0x00, 0x00,
    0x00, 0x00, 0x00, 0x00, 0x00, 0x00, 0x00, 0x00, 0x00, 0x00, 0x00, 0x00,
    0x00, 0x00, 0x00, 0x00, 0x00, 0x00, 0x00, 0x00, 0x00, 0x00, 0x00, 0x00,
    0x00, 0x00, 0x00, 0x00, 0x00, 0x00, 0x00, 0x00, 0x00, 0x00, 0x00, 0x00,
    0x00, 0x00, 0x00, 0x00, 0x00, 0x00, 0x00, 0x00, 0x00, 0x00, 0x00, 0x00,
    0x00, 0x00, 0x00, 0x00, 0x00, 0x00, 0x00, 0x00, 0x00, 0x00, 0x00, 0x00,
    0x00, 0x00, 0x00, 0x00, 0x00, 0x00, 0x00, 0x00, 0x00, 0x00, 0x00, 0x00,
    0x00, 0x00, 0x00, 0x00, 0x00, 0x00, 0x00, 0x00, 0x00, 0x00, 0x00, 0x00,
    0x00, 0x00, 0x00, 0x00, 0x00, 0x00, 0x00, 0x00, 0x00, 0x00, 0x00, 0x00,
    0x00, 0x00, 0x00, 0x00, 0x00, 0x00, 0x00, 0x00, 0x00, 0x00, 0x00, 0x00,
    0x00, 0x00, 0x00, 0x00, 0x00, 0x00, 0x00, 0x00, 0x00, 0x00, 0x00, 0x00,
    0x00, 0x00, 0x00, 0x00, 0x00, 0x00, 0x00, 0x00, 0x00, 0x00, 0x00, 0x00,
    0x00, 0x00, 0x00, 0x00, 0x00, 0x00, 0x00, 0x00, 0x00, 0x00, 0x00, 0x00,
    0x00, 0x00, 0x00, 0x00, 0x00, 0x00, 0x00, 0x00, 0x00, 0x00, 0x00, 0x00,
    0x00, 0x00, 0x00, 0x00, 0x00, 0x00, 0x00, 0x00, 0x00, 0x00, 0x00, 0x00,
    0x00, 0x00, 0x00, 0x00, 0x00, 0x00, 0x00, 0x00, 0x00, 0x00, 0x00, 0x00,
    0x00, 0x00, 0x00, 0x00, 0x00, 0x00, 0x00, 0x00, 0x00, 0x00, 0x00, 0x00,
    0x00, 0x00, 0x00, 0x00, 0x00, 0x00, 0x00, 0x00, 0x00, 0x00, 0x00, 0x00,
    0x00, 0x00, 0x00, 0x00, 0x00, 0x00, 0x00, 0x00, 0x00, 0x00, 0x00, 0x00,
    0x00, 0x00, 0x00, 0x00, 0x00, 0x00, 0x00, 0x00, 0x00, 0x00, 0x00, 0x00,
    0x00, 0x00, 0x00, 0x00, 0x00, 0x00, 0x00, 0x00, 0x00, 0x00, 0x00, 0x00,
    0x00, 0x00, 0x00, 0x00, 0x00, 0x00, 0x00, 0x00, 0x00, 0x00, 0x00, 0x00,
    0x00, 0x00, 0x00, 0x00, 0x00, 0x00, 0x00, 0x00, 0x00, 0x00, 0x00, 0x00,
    0x00, 0x00, 0x00, 0x00, 0x00, 0x00, 0x00, 0x00, 0x00, 0x00, 0x00, 0x00,
    0x00, 0x00, 0x00, 0x00, 0x00, 0x00, 0x00, 0x00, 0x00, 0x00, 0x00, 0x00,
    0x00, 0x00, 0x00, 0x00, 0x00, 0x00, 0x00, 0x00, 0x00, 0x00, 0x00, 0x00,
    0x00, 0x00, 0x00, 0x00, 0x00, 0x00, 0x00, 0x00, 0x00, 0x00, 0x00, 0x00,
    0x00, 0x00, 0x00, 0x00, 0x00, 0x00, 0x00, 0x00, 0x00, 0x00, 0x00, 0x00,
    0x00, 0x00, 0x00, 0x00, 0x00, 0x00, 0x00, 0x00, 0x00, 0x00, 0x00, 0x00,
    0x00, 0x00, 0x00, 0x00, 0x00, 0x00, 0x00, 0x00, 0x00, 0x00, 0x00, 0x00,
    0x00, 0x00, 0x00, 0x00, 0x00, 0x00, 0x00, 0x00, 0x00, 0x00, 0x00, 0x00,
    0x00, 0x00, 0x00, 0x00, 0x00, 0x00, 0x00, 0x00, 0x00, 0x00, 0x00, 0x00,
    0x00, 0x00, 0x00, 0x00, 0x00, 0x00, 0x00, 0x00, 0x00, 0x00, 0x00, 0x00,
    0x00, 0x00, 0x00, 0x00, 0x00, 0x00, 0x00, 0x00, 0x00, 0x00, 0x00, 0x00,
    0x00, 0x00, 0x00, 0x00, 0x00, 0x00, 0x00, 0x00, 0x00, 0x00, 0x00, 0x00,
    0x00, 0x00, 0x00, 0x00, 0x00, 0x00, 0x00, 0x00, 0x00, 0x00, 0x00, 0x00,
    0x00, 0x00, 0x00, 0x00, 0x00, 0x00, 0x00, 0x00, 0x00, 0x00, 0x00, 0x00,
    0x00, 0x00, 0x00, 0x00, 0x00, 0x00, 0x00, 0x00, 0x00, 0x00, 0x00, 0x00,
    0x00, 0x00, 0x00, 0x00, 0x00, 0x00, 0x00, 0x00, 0x00, 0x00, 0x00, 0x00,
    0x00, 0x00, 0x00, 0x00, 0x00, 0x00, 0x00, 0x00, 0x00, 0x00, 0x00, 0x00,
    0x00, 0x00, 0x00, 0x00, 0x00, 0x00, 0x00, 0x00, 0x00, 0x00, 0x00, 0x00,
    0x00, 0x00, 0x00, 0x00, 0x00, 0x00, 0x00, 0x00, 0x00, 0x00, 0x00, 0x00,
    0x00, 0x00, 0x00, 0x00, 0x00, 0x00, 0x00, 0x00, 0x00, 0x00, 0x00, 0x00,
    0x00, 0x00, 0x00, 0x00, 0x00, 0x00, 0x00, 0x00, 0x00, 0x00, 0x00, 0x00,
    0x00, 0x00, 0x00, 0x00, 0x00, 0x00, 0x00, 0x00, 0x00, 0x00, 0x00, 0x00,
    0x00, 0x00, 0x00, 0x00, 0x00, 0x00, 0x00, 0x00, 0x00, 0x00, 0x00, 0x00,
    0x00, 0x00, 0x00, 0x00, 0x00, 0x00, 0x00, 0x00, 0x00, 0x00, 0x00, 0x00,
    0x00, 0x00, 0x00, 0x00, 0x00, 0x00, 0x00, 0x00, 0x00, 0x00, 0x00, 0x00,
    0x00, 0x00, 0x00, 0x00, 0x00, 0x00, 0x00, 0x00, 0x00, 0x00, 0x00, 0x00,
    0x00, 0x00, 0x00, 0x00, 0x00, 0x00, 0x00, 0x00, 0x00, 0x00, 0x00, 0x00,
    0x00, 0x00, 0x00, 0x00, 0x00, 0x00, 0x00, 0x00, 0x00, 0x00, 0x00, 0x00,
    0x00, 0x00, 0x00, 0x00, 0x00, 0x00, 0x00, 0x00, 0x00, 0x00, 0x00, 0x00,
    0x00, 0x00, 0x00, 0x00, 0x00, 0x00, 0x00, 0x00, 0x00, 0x00, 0x00, 0x00,
    0x00, 0x00, 0x00, 0x00, 0x00, 0x00, 0x00, 0x00, 0x00, 0x00, 0x00, 0x00,
    0x00, 0x00, 0x00, 0x00, 0x00, 0x00, 0x00, 0x00, 0x00, 0x00, 0x00, 0x00,
    0x00, 0x00, 0x00, 0x00, 0x00, 0x00, 0x00, 0x00, 0x00, 0x00, 0x00, 0x00,
    0x00, 0x00, 0x00, 0x00, 0x00, 0x00, 0x00, 0x00, 0x00, 0x00, 0x00, 0x00,
    0x00, 0x00, 0x00, 0x00, 0x00, 0x00, 0x00, 0x00, 0x00, 0x00, 0x00, 0x00,
    0x00, 0x00, 0x00, 0x00, 0x00, 0x00, 0x00, 0x00, 0x00, 0x00, 0x00, 0x00,
    0x00, 0x00, 0x00, 0x00, 0x00, 0x00, 0x00, 0x00, 0x00, 0x00, 0x00, 0x00,
    0x00, 0x00, 0x00, 0x00, 0x00, 0x00, 0x00, 0x00, 0x00, 0x00, 0x00, 0x00,
    0x00, 0x00, 0x00, 0x00, 0x00, 0x00, 0x00, 0x00, 0x00, 0x00, 0x00, 0x00,
    0x00, 0x00, 0x00, 0x00, 0x00, 0x00, 0x00, 0x00, 0x00, 0x00, 0x00, 0x00,
    0x00, 0x00, 0x00, 0x00, 0x00, 0x00, 0x00, 0x00, 0x00, 0x00, 0x00, 0x00,
    0x00, 0x00, 0x00, 0x00, 0x00, 0x00, 0x00, 0x00, 0x00, 0x00, 0x00, 0x00,
    0x00, 0x00, 0x00, 0x00, 0x00, 0x00, 0x00, 0x00, 0x00, 0x00, 0x00, 0x00,
    0x00, 0x00, 0x00, 0x00, 0x00, 0x00, 0x00, 0x00, 0x00, 0x00, 0x00, 0x00,
    0x00, 0x00, 0x00, 0x00, 0x00, 0x00, 0x00, 0x00, 0x00, 0x00, 0x00, 0x00,
    0x00, 0x00, 0x00, 0x00, 0x00, 0x00, 0x00, 0x00, 0x00, 0x00, 0x00, 0x00,
    0x00, 0x00, 0x00, 0x00, 0x00, 0x00, 0x00, 0x00, 0x00, 0x00, 0x00, 0x00,
    0x00, 0x00, 0x00, 0x00, 0x00, 0x00, 0x00, 0x00, 0x00, 0x00, 0x00, 0x00,
    0x00, 0x00, 0x00, 0x00, 0x00, 0x00, 0x00, 0x00, 0x00, 0x00, 0x00, 0x00,
    0x00, 0x00, 0x00, 0x00, 0x00, 0x00, 0x00, 0x00, 0x00, 0x00, 0x00, 0x00,
    0x00, 0x00, 0x00, 0x00, 0x00, 0x00, 0x00, 0x00, 0x00, 0x00, 0x00, 0x00,
    0x00, 0x00, 0x00, 0x00, 0x00, 0x00, 0x00, 0x00, 0x00, 0x00, 0x00, 0x00,
    0x00, 0x00, 0x00, 0x00, 0x00, 0x00, 0x00, 0x00, 0x00, 0x00, 0x00, 0x00,
    0x00, 0x00, 0x00, 0x00, 0x00, 0x00, 0x00, 0x00, 0x00, 0x00, 0x00, 0x00,
    0x00, 0x00, 0x00, 0x00, 0x00, 0x00, 0x00, 0x00, 0x00, 0x00, 0x00, 0x00,
    0x00, 0x00, 0x00, 0x00, 0x00, 0x00, 0x00, 0x00, 0x00, 0x00, 0x00, 0x00,
    0x00, 0x00, 0x00, 0x00, 0x00, 0x00, 0x00, 0x00, 0x00, 0x00, 0x00, 0x00,
    0x00, 0x00, 0x00, 0x00, 0x00, 0x00, 0x00, 0x00, 0x00, 0x00, 0x00, 0x00,
    0x00, 0x00, 0x00, 0x00, 0x00, 0x00, 0x00, 0x00, 0x00, 0x00, 0x00, 0x00,
    0x00, 0x00, 0x00, 0x00, 0x00, 0x00, 0x00, 0x00, 0x00, 0x00, 0x00, 0x00,
    0x00, 0x00, 0x00, 0x00, 0x00, 0x00, 0x00, 0x00, 0x00, 0x00, 0x00, 0x00,
    0x00, 0x00, 0x00, 0x00, 0x00, 0x00, 0x00, 0x00, 0x00, 0x00, 0x00, 0x00,
    0x00, 0x00, 0x00, 0x00, 0x00, 0x00, 0x00, 0x00, 0x00, 0x00, 0x00, 0x00,
    0x00, 0x00, 0x00, 0x00, 0x00, 0x00, 0x00, 0x00, 0x00, 0x00, 0x00, 0x00,
    0x00, 0x00, 0x00, 0x00, 0x00, 0x00, 0x00, 0x00, 0x00, 0x00, 0x00, 0x00,
    0x00, 0x00, 0x00, 0x00, 0x00, 0x00, 0x00, 0x00, 0x00, 0x00, 0x00, 0x00,
    0x00, 0x00, 0x00, 0x00, 0x00, 0x00, 0x00, 0x00, 0x00, 0x00, 0x00, 0x00,
    0x00, 0x00, 0x00, 0x00, 0x00, 0x00, 0x00, 0x00, 0x00, 0x00, 0x00, 0x00,
    0x00, 0x00, 0x00, 0x00, 0x00, 0x00, 0x00, 0x00, 0x00, 0x00, 0x00, 0x00,
    0x00, 0x00, 0x00, 0x00, 0x00, 0x00, 0x00, 0x00, 0x00, 0x00, 0x00, 0x00,
    0x00, 0x00, 0x00, 0x00, 0x00, 0x00, 0x00, 0x00, 0x00, 0x00, 0x00, 0x00,
    0x00, 0x00, 0x00, 0x00, 0x00, 0x00, 0x00, 0x00, 0x00, 0x00, 0x00, 0x00,
    0x00, 0x00, 0x00, 0x00, 0x00, 0x00, 0x00, 0x00, 0x00, 0x00, 0x00, 0x00,
    0x00, 0x00, 0x00, 0x00, 0x00, 0x00, 0x00, 0x00, 0x00, 0x00, 0x00, 0x00,
    0x00, 0x00, 0x00, 0x00, 0x00, 0x00, 0x00, 0x00, 0x00, 0x00, 0x00, 0x00,
    0x00, 0x00, 0x00, 0x00, 0x00, 0x00, 0x00, 0x00, 0x00, 0x00, 0x00, 0x00,
    0x00, 0x00, 0x00, 0x00, 0x00, 0x00, 0x00, 0x00, 0x00, 0x00, 0x00, 0x00,
    0x00, 0x00, 0x00, 0x00, 0x00, 0x00, 0x00, 0x00, 0x00, 0x00, 0x00, 0x00,
    0x00, 0x00, 0x00, 0x00, 0x00, 0x00, 0x00, 0x00, 0x00, 0x00, 0x00, 0x00,
    0x00, 0x00, 0x00, 0x00, 0x00, 0x00, 0x00, 0x00, 0x00, 0x00, 0x00, 0x00,
    0x00, 0x00, 0x00, 0x00, 0x00, 0x00, 0x00, 0x00, 0x00, 0x00, 0x00, 0x00,
    0x00, 0x00, 0x00, 0x00, 0x00, 0x00, 0x00, 0x00, 0x00, 0x00, 0x00, 0x00,
    0x00, 0x00, 0x00, 0x00, 0x00, 0x00, 0x00, 0x00, 0x00, 0x00, 0x00, 0x00,
    0x00, 0x00, 0x00, 0x00, 0x00, 0x00, 0x00, 0x00, 0x00, 0x00, 0x00, 0x00,
    0x00, 0x00, 0x00, 0x00, 0x00, 0x00, 0x00, 0x00, 0x00, 0x00, 0x00, 0x00,
    0x00, 0x00, 0x00, 0x00, 0x00, 0x00, 0x00, 0x00, 0x00, 0x00, 0x00, 0x00,
    0x00, 0x00, 0x00, 0x00, 0x00, 0x00, 0x00, 0x00, 0x00, 0x00, 0x00, 0x00,
    0x00, 0x00, 0x00, 0x00, 0x00, 0x00, 0x00, 0x00, 0x00, 0x00, 0x00, 0x00,
    0x00, 0x00, 0x00, 0x00, 0x00, 0x00, 0x00, 0x00, 0x00, 0x00, 0x00, 0x00,
    0x00, 0x00, 0x00, 0x00, 0x00, 0x00, 0x00, 0x00, 0x00, 0x00, 0x00, 0x00,
    0x00, 0x00, 0x00, 0x00, 0x00, 0x00, 0x00, 0x00, 0x00, 0x00, 0x00, 0x00,
    0x00, 0x00, 0x00, 0x00, 0x00, 0x00, 0x00, 0x00, 0x00, 0x00, 0x00, 0x00,
    0x00, 0x00, 0x00, 0x00, 0x00, 0x00, 0x00, 0x00, 0x00, 0x00, 0x00, 0x00,
    0x00, 0x00, 0x00, 0x00, 0x00, 0x00, 0x00, 0x00, 0x00, 0x00, 0x00, 0x00,
    0x00, 0x00, 0x00, 0x00, 0x00, 0x00, 0x00, 0x00, 0x00, 0x00, 0x00, 0x00,
    0x00, 0x00, 0x00, 0x00, 0x00, 0x00, 0x00, 0x00, 0x00, 0x00, 0x00, 0x00,
    0x00, 0x00, 0x00, 0x00, 0x00, 0x00, 0x00, 0x00, 0x00, 0x00, 0x00, 0x00,
    0x00, 0x00, 0x00, 0x00, 0x00, 0x00, 0x00, 0x00, 0x00, 0x00, 0x00, 0x00,
    0x00, 0x00, 0x00, 0x00, 0x00, 0x00, 0x00, 0x00, 0x00, 0x00, 0x00, 0x00,
    0x00, 0x00, 0x00, 0x00, 0x00, 0x00, 0x00, 0x00, 0x00, 0x00, 0x00, 0x00,
    0x00, 0x00, 0x00, 0x00, 0x00, 0x00, 0x00, 0x00, 0x00, 0x00, 0x00, 0x00,
    0x00, 0x00, 0x00, 0x00, 0x00, 0x00, 0x00, 0x00, 0x00, 0x00, 0x00, 0x00,
    0x00, 0x00, 0x00, 0x00, 0x00, 0x00, 0x00, 0x00, 0x00, 0x00, 0x00, 0x00,
    0x00, 0x00, 0x00, 0x00, 0x00, 0x00, 0x00, 0x00, 0x00, 0x00, 0x00, 0x00,
    0x00, 0x00, 0x00, 0x00, 0x00, 0x00, 0x00, 0x00, 0x00, 0x00, 0x00, 0x00,
    0x00, 0x00, 0x00, 0x00, 0x00, 0x00, 0x00, 0x00, 0x00, 0x00, 0x00, 0x00,
    0x00, 0x00, 0x00, 0x00, 0x00, 0x00, 0x00, 0x00, 0x00, 0x00, 0x00, 0x00,
    0x00, 0x00, 0x00, 0x00, 0x00, 0x00, 0x00, 0x00, 0x00, 0x00, 0x00, 0x00,
    0x00, 0x00, 0x00, 0x00, 0x00, 0x00, 0x00, 0x00, 0x00, 0x00, 0x00, 0x00,
    0x00, 0x00, 0x00, 0x00, 0x00, 0x00, 0x00, 0x00, 0x00, 0x00, 0x00, 0x00,
    0x00, 0x00, 0x00, 0x00, 0x00, 0x00, 0x00, 0x00, 0x00, 0x00, 0x00, 0x00,
    0x00, 0x00, 0x00, 0x00, 0x00, 0x00, 0x00, 0x00, 0x00, 0x00, 0x00, 0x00,
    0x00, 0x00, 0x00, 0x00, 0x00, 0x00, 0x00, 0x00, 0x00, 0x00, 0x00, 0x00,
    0x00, 0x00, 0x00, 0x00, 0x00, 0x00, 0x00, 0x00, 0x00, 0x00, 0x00, 0x00,
    0x00, 0x00, 0x00, 0x00, 0x00, 0x00, 0x00, 0x00, 0x00, 0x00, 0x00, 0x00,
    0x00, 0x00, 0x00, 0x00, 0x00, 0x00, 0x00, 0x00, 0x00, 0x00, 0x00, 0x00,
    0x00, 0x00, 0x00, 0x00, 0x00, 0x00, 0x00, 0x00, 0x00, 0x00, 0x00, 0x00,
    0x00, 0x00, 0x00, 0x00, 0x00, 0x00, 0x00, 0x00, 0x00, 0x00, 0x00, 0x00,
    0x00, 0x00, 0x00, 0x00, 0x00, 0x00, 0x00, 0x00, 0x00, 0x00, 0x00, 0x00,
    0x00, 0x00, 0x00, 0x00, 0x00, 0x00, 0x00, 0x00, 0x00, 0x00, 0x00, 0x00,
    0x00, 0x00, 0x00, 0x00, 0x00, 0x00, 0x00, 0x00, 0x00, 0x00, 0x00, 0x00,
    0x00, 0x00, 0x00, 0x00, 0x00, 0x00, 0x00, 0x00, 0x00, 0x00, 0x00, 0x00,
    0x00, 0x00, 0x00, 0x00, 0x00, 0x00, 0x00, 0x00, 0x00, 0x00, 0x00, 0x00,
    0x00, 0x00, 0x00, 0x00, 0x00, 0x00, 0x00, 0x00, 0x00, 0x00, 0x00, 0x00,
    0x00, 0x00, 0x00, 0x00, 0x00, 0x00, 0x00, 0x00, 0x00, 0x00, 0x00, 0x00,
    0x00, 0x00, 0x00, 0x00, 0x00, 0x00, 0x00, 0x00, 0x00, 0x00, 0x00, 0x00,
    0x00, 0x00, 0x00, 0x00, 0x00, 0x00, 0x00, 0x00, 0x00, 0x00, 0x00, 0x00,
    0x00, 0x00, 0x00, 0x00, 0x00, 0x00, 0x00, 0x00, 0x00, 0x00, 0x00, 0x00,
    0x00, 0x00, 0x00, 0x00, 0x00, 0x00, 0x00, 0x00, 0x00, 0x00, 0x00, 0x00,
    0x00, 0x00, 0x00, 0x00, 0x00, 0x00, 0x00, 0x00, 0x00, 0x00, 0x00, 0x00,
    0x00, 0x00, 0x00, 0x00, 0x00, 0x00, 0x00, 0x00, 0x00, 0x00, 0x00, 0x00,
    0x00, 0x00, 0x00, 0x00, 0x00, 0x00, 0x00, 0x00, 0x00, 0x00, 0x00, 0x00,
    0x00, 0x00, 0x00, 0x00, 0x00, 0x00, 0x00, 0x00, 0x00, 0x00, 0x00, 0x00,
    0x00, 0x00, 0x00, 0x00, 0x00, 0x00, 0x00, 0x00, 0x00, 0x00, 0x00, 0x00,
    0x00, 0x00, 0x00, 0x00, 0x00, 0x00, 0x00, 0x00, 0x00, 0x00, 0x00, 0x00,
    0x00, 0x00, 0x00, 0x00, 0x00, 0x00, 0x00, 0x00, 0x00, 0x00, 0x00, 0x00,
    0x00, 0x00, 0x00, 0x00, 0x00, 0x00, 0x00, 0x00, 0x00, 0x00, 0x00, 0x00,
    0x00, 0x00, 0x00, 0x00, 0x00, 0x00, 0x00, 0x00, 0x00, 0x00, 0x00, 0x00,
    0x00, 0x00, 0x00, 0x00, 0x00, 0x00, 0x00, 0x00, 0x00, 0x00, 0x00, 0x00,
    0x00, 0x00, 0x00, 0x00, 0x00, 0x00, 0x00, 0x00, 0x00, 0x00, 0x00, 0x00,
    0x00, 0x00, 0x00, 0x00, 0x00, 0x00, 0x00, 0x00, 0x00, 0x00, 0x00, 0x00,
    0x00, 0x00, 0x00, 0x00, 0x00, 0x00, 0x00, 0x00, 0x00, 0x00, 0x00, 0x00,
    0x00, 0x00, 0x00, 0x00, 0x00, 0x00, 0x00, 0x00, 0x00, 0x00, 0x00, 0x00,
    0x00, 0x00, 0x00, 0x00, 0x00, 0x00, 0x00, 0x00, 0x00, 0x00, 0x00, 0x00,
    0x00, 0x00, 0x00, 0x00, 0x00, 0x00, 0x00, 0x00, 0x00, 0x00, 0x00, 0x00,
    0x00, 0x00, 0x00, 0x00, 0x00, 0x00, 0x00, 0x00, 0x00, 0x00, 0x00, 0x00,
    0x00, 0x00, 0x00, 0x00, 0x00, 0x00, 0x00, 0x00, 0x00, 0x00, 0x00, 0x00,
    0x00, 0x00, 0x00, 0x00, 0x00, 0x00, 0x00, 0x00, 0x00, 0x00, 0x00, 0x00,
    0x00, 0x00, 0x00, 0x00, 0x00, 0x00, 0x00, 0x00, 0x00, 0x00, 0x00, 0x00,
    0x00, 0x00, 0x00, 0x00, 0x00, 0x00, 0x00, 0x00, 0x00, 0x00, 0x00, 0x00,
    0x00, 0x00, 0x00, 0x00, 0x00, 0x00, 0x00, 0x00, 0x00, 0x00, 0x00, 0x00,
    0x00, 0x00, 0x00, 0x00, 0x00, 0x00, 0x00, 0x00, 0x00, 0x00, 0x00, 0x00,
    0x00, 0x00, 0x00, 0x00, 0x00, 0x00, 0x00, 0x00, 0x00, 0x00, 0x00, 0x00,
    0x00, 0x00, 0x00, 0x00, 0x00, 0x00, 0x00, 0x00, 0x00, 0x00, 0x00, 0x00,
    0x00, 0x00, 0x00, 0x00, 0x00, 0x00, 0x00, 0x00, 0x00, 0x00, 0x00, 0x00,
    0x00, 0x00, 0x00, 0x00, 0x00, 0x00, 0x00, 0x00, 0x00, 0x00, 0x00, 0x00,
    0x00, 0x00, 0x00, 0x00, 0x00, 0x00, 0x00, 0x00, 0x00, 0x00, 0x00, 0x00,
    0x00, 0x00, 0x00, 0x00, 0x00, 0x00, 0x00, 0x00, 0x00, 0x00, 0x00, 0x00,
    0x00, 0x00, 0x00, 0x00, 0x00, 0x00, 0x00, 0x00, 0x00, 0x00, 0x00, 0x00,
    0x00, 0x00, 0x00, 0x00, 0x00, 0x00, 0x00, 0x00, 0x00, 0x00, 0x00, 0x00,
    0x00, 0x00, 0x00, 0x00, 0x00, 0x00, 0x00, 0x00, 0x00, 0x00, 0x00, 0x00,
    0x00, 0x00, 0x00, 0x00, 0x00, 0x00, 0x00, 0x00, 0x00, 0x00, 0x00, 0x00,
    0x00, 0x00, 0x00, 0x00, 0x00, 0x00, 0x00, 0x00, 0x00, 0x00, 0x00, 0x00,
    0x00, 0x00, 0x00, 0x00, 0x00, 0x00, 0x00, 0x00, 0x00, 0x00, 0x00, 0x00,
    0x00, 0x00, 0x00, 0x00, 0x00, 0x00, 0x00, 0x00, 0x00, 0x00, 0x00, 0x00,
    0x00, 0x00, 0x00, 0x00, 0x00, 0x00, 0x00, 0x00, 0x00, 0x00, 0x00, 0x00,
    0x00, 0x00, 0x00, 0x00, 0x00, 0x00, 0x00, 0x00, 0x00, 0x00, 0x00, 0x00,
    0x00, 0x00, 0x00, 0x00, 0x00, 0x00, 0x00, 0x00, 0x00, 0x00, 0x00, 0x00,
    0x00, 0x00, 0x00, 0x00, 0x00, 0x00, 0x00, 0x00, 0x00, 0x00, 0x00, 0x00,
    0x00, 0x00, 0x00, 0x00, 0x00, 0x00, 0x00, 0x00, 0x00, 0x00, 0x00, 0x00,
    0x00, 0x00, 0x00, 0x00, 0x00, 0x00, 0x00, 0x00, 0x00, 0x00, 0x00, 0x00,
    0x00, 0x00, 0x00, 0x00, 0x00, 0x00, 0x00, 0x00, 0x00, 0x00, 0x00, 0x00,
    0x00, 0x00, 0x00, 0x00, 0x00, 0x00, 0x00, 0x00, 0x00, 0x00, 0x00, 0x00,
    0x00, 0x00, 0x00, 0x00, 0x00, 0x00, 0x00, 0x00, 0x00, 0x00, 0x00, 0x00,
    0x00, 0x00, 0x00, 0x00, 0x00, 0x00, 0x00, 0x00, 0x00, 0x00, 0x00, 0x00,
    0x00, 0x00, 0x00, 0x00, 0x00, 0x00, 0x00, 0x00, 0x00, 0x00, 0x00, 0x00,
    0x00, 0x00, 0x00, 0x00, 0x00, 0x00, 0x00, 0x00, 0x00, 0x00, 0x00, 0x00,
    0x00, 0x00, 0x00, 0x00, 0x00, 0x00, 0x00, 0x00, 0x00, 0x00, 0x00, 0x00,
    0x00, 0x00, 0x00, 0x00, 0x00, 0x00, 0x00, 0x00, 0x00, 0x00, 0x00, 0x00,
    0x00, 0x00, 0x00, 0x00, 0x00, 0x00, 0x00, 0x00, 0x00, 0x00, 0x00, 0x00,
    0x00, 0x00, 0x00, 0x00, 0x00, 0x00, 0x00, 0x00, 0x00, 0x00, 0x00, 0x00,
    0x00, 0x00, 0x00, 0x00, 0x00, 0x00, 0x00, 0x00, 0x00, 0x00, 0x00, 0x00,
    0x00, 0x00, 0x00, 0x00, 0x00, 0x00, 0x00, 0x00, 0x00, 0x00, 0x00, 0x00,
    0x00, 0x00, 0x00, 0x00, 0x00, 0x00, 0x00, 0x00, 0x00, 0x00, 0x00, 0x00,
    0x00, 0x00, 0x00, 0x00, 0x00, 0x00, 0x00, 0x00, 0x00, 0x00, 0x00, 0x00,
    0x00, 0x00, 0x00, 0x00, 0x00, 0x00, 0x00, 0x00, 0x00, 0x00, 0x00, 0x00,
    0x00, 0x00, 0x00, 0x00, 0x00, 0x00, 0x00, 0x00, 0x00, 0x00, 0x00, 0x00,
    0x00, 0x00, 0x00, 0x00, 0x00, 0x00, 0x00, 0x00, 0x00, 0x00, 0x00, 0x00,
    0x00, 0x00, 0x00, 0x00, 0x00, 0x00, 0x00, 0x00, 0x00, 0x00, 0x00, 0x00,
    0x00, 0x00, 0x00, 0x00, 0x00, 0x00, 0x00, 0x00, 0x00, 0x00, 0x00, 0x00,
    0x00, 0x00, 0x00, 0x00, 0x00, 0x00, 0x00, 0x00, 0x00, 0x00, 0x00, 0x00,
    0x00, 0x00, 0x00, 0x00, 0x00, 0x00, 0x00, 0x00, 0x00, 0x00, 0x00, 0x00,
    0x00, 0x00, 0x00, 0x00, 0x00, 0x00, 0x00, 0x00, 0x00, 0x00, 0x00, 0x00,
    0x00, 0x00, 0x00, 0x00, 0x00, 0x00, 0x00, 0x00, 0x00, 0x00, 0x00, 0x00,
    0x00, 0x00, 0x00, 0x00, 0x00, 0x00, 0x00, 0x00, 0x00, 0x00, 0x00, 0x00,
    0x00, 0x00, 0x00, 0x00, 0x00, 0x00, 0x00, 0x00, 0x00, 0x00, 0x00, 0x00,
    0x00, 0x00, 0x00, 0x00, 0x00, 0x00, 0x00, 0x00, 0x00, 0x00, 0x00, 0x00,
    0x00, 0x00, 0x00, 0x00, 0x00, 0x00, 0x00, 0x00, 0x00, 0x00, 0x00, 0x00,
    0x00, 0x00, 0x00, 0x00, 0x00, 0x00, 0x00, 0x00, 0x00, 0x00, 0x00, 0x00,
    0x00, 0x00, 0x00, 0x00, 0x00, 0x00, 0x00, 0x00, 0x00, 0x00, 0x00, 0x00,
    0x00, 0x00, 0x00, 0x00, 0x00, 0x00, 0x00, 0x00, 0x00, 0x00, 0x00, 0x00,
    0x00, 0x00, 0x00, 0x00, 0x00, 0x00, 0x00, 0x00, 0x00, 0x00, 0x00, 0x00,
    0x00, 0x00, 0x00, 0x00, 0x00, 0x00, 0x00, 0x00, 0x00, 0x00, 0x00, 0x00,
    0x00, 0x00, 0x00, 0x00, 0x00, 0x00, 0x00, 0x00, 0x00, 0x00, 0x00, 0x00,
    0x00, 0x00, 0x00, 0x00, 0x00, 0x00, 0x00, 0x00, 0x00, 0x00, 0x00, 0x00,
    0x00, 0x00, 0x00, 0x00, 0x00, 0x00, 0x00, 0x00, 0x00, 0x00, 0x00, 0x00,
    0x00, 0x00, 0x00, 0x00, 0x00, 0x00, 0x00, 0x00, 0x00, 0x00, 0x00, 0x00,
    0x00, 0x00, 0x00, 0x00, 0x00, 0x00, 0x00, 0x00, 0x00, 0x00, 0x00, 0x00,
    0x00, 0x00, 0x00, 0x00, 0x00, 0x00, 0x00, 0x00, 0x00, 0x00, 0x00, 0x00,
    0x00, 0x00, 0x00, 0x00, 0x00, 0x00, 0x00, 0x00, 0x00, 0x00, 0x00, 0x00,
    0x00, 0x00, 0x00, 0x00, 0x00, 0x00, 0x00, 0x00, 0x00, 0x00, 0x00, 0x00,
    0x00, 0x00, 0x00, 0x00, 0x00, 0x00, 0x00, 0x00, 0x00, 0x00, 0x00, 0x00,
    0x00, 0x00, 0x00, 0x00, 0x00, 0x00, 0x00, 0x00, 0x00, 0x00, 0x00, 0x00,
    0x00, 0x00, 0x00, 0x00, 0x00, 0x00, 0x00, 0x00, 0x00, 0x00, 0x00, 0x00,
    0x00, 0x00, 0x00, 0x00, 0x00, 0x00, 0x00, 0x00, 0x00, 0x00, 0x00, 0x00,
    0x00, 0x00, 0x00, 0x00, 0x00, 0x00, 0x00, 0x00, 0x00, 0x00, 0x00, 0x00,
    0x00, 0x00, 0x00, 0x00, 0x00, 0x00, 0x00, 0x00, 0x00, 0x00, 0x00, 0x00,
    0x00, 0x00, 0x00, 0x00, 0x00, 0x00, 0x00, 0x00, 0x00, 0x00, 0x00, 0x00,
    0x00, 0x00, 0x00, 0x00, 0x00, 0x00, 0x00, 0x00, 0x00, 0x00, 0x00, 0x00,
    0x00, 0x00, 0x00, 0x00, 0x00, 0x00, 0x00, 0x00, 0x00, 0x00, 0x00, 0x00,
    0x00, 0x00, 0x00, 0x00, 0x00, 0x00, 0x00, 0x00, 0x00, 0x00, 0x00, 0x00,
    0x00, 0x00, 0x00, 0x00, 0x00, 0x00, 0x00, 0x00, 0x00, 0x00, 0x00, 0x00,
    0x00, 0x00, 0x00, 0x00, 0x00, 0x00, 0x00, 0x00, 0x00, 0x00, 0x00, 0x00,
    0x00, 0x00, 0x00, 0x00, 0x00, 0x00, 0x00, 0x00, 0x00, 0x00, 0x00, 0x00,
    0x00, 0x00, 0x00, 0x00, 0x00, 0x00, 0x00, 0x00, 0x00, 0x00, 0x00, 0x00,
    0x00, 0x00, 0x00, 0x00, 0x00, 0x00, 0x00, 0x00, 0x00, 0x00, 0x00, 0x00,
    0x00, 0x00, 0x00, 0x00, 0x00, 0x00, 0x00, 0x00, 0x00, 0x00, 0x00, 0x00,
    0x00, 0x00, 0x00, 0x00, 0x00, 0x00, 0x00, 0x00, 0x00, 0x00, 0x00, 0x00,
    0x00, 0x00, 0x00, 0x00, 0x00, 0x00, 0x00, 0x00, 0x00, 0x00, 0x00, 0x00,
    0x00, 0x00, 0x00, 0x00, 0x00, 0x00, 0x00, 0x00, 0x00, 0x00, 0x00, 0x00,
    0x00, 0x00, 0x00, 0x00, 0x00, 0x00, 0x00, 0x00, 0x00, 0x00, 0x00, 0x00,
    0x00, 0x00, 0x00, 0x00, 0x00, 0x00, 0x00, 0x00, 0x00, 0x00, 0x00, 0x00,
    0x00, 0x00, 0x00, 0x00, 0x00, 0x00, 0x00, 0x00, 0x00, 0x00, 0x00, 0x00,
    0x00, 0x00, 0x00, 0x00, 0x00, 0x00, 0x00, 0x00, 0x00, 0x00, 0x00, 0x00,
    0x00, 0x00, 0x00, 0x00, 0x00, 0x00, 0x00, 0x00, 0x00, 0x00, 0x00, 0x00,
    0x00, 0x00, 0x00, 0x00, 0x00, 0x00, 0x00, 0x00, 0x00, 0x00, 0x00, 0x00,
    0x00, 0x00, 0x00, 0x00, 0x00, 0x00, 0x00, 0x00, 0x00, 0x00, 0x00, 0x00,
    0x00, 0x00, 0x00, 0x00, 0x00, 0x00, 0x00, 0x00, 0x00, 0x00, 0x00, 0x00,
    0x00, 0x00, 0x00, 0x00, 0x00, 0x00, 0x00, 0x00, 0x00, 0x00, 0x00, 0x00,
    0x00, 0x00, 0x00, 0x00, 0x00, 0x00, 0x00, 0x00, 0x00, 0x00, 0x00, 0x00,
    0x00, 0x00, 0x00, 0x00, 0x00, 0x00, 0x00, 0x00, 0x00, 0x00, 0x00, 0x00,
    0x00, 0x00, 0x00, 0x00, 0x00, 0x00, 0x00, 0x00, 0x00, 0x00, 0x00, 0x00,
    0x00, 0x00, 0x00, 0x00, 0x00, 0x00, 0x00, 0x00, 0x00, 0x00, 0x00, 0x00,
    0x00, 0x00, 0x00, 0x00, 0x00, 0x00, 0x00, 0x00, 0x00, 0x00, 0x00, 0x00,
    0x00, 0x00, 0x00, 0x00, 0x00, 0x00, 0x00, 0x00, 0x00, 0x00, 0x00, 0x00,
    0x00, 0x00, 0x00, 0x00, 0x00, 0x00, 0x00, 0x00, 0x00, 0x00, 0x00, 0x00,
    0x00, 0x00, 0x00, 0x00, 0x00, 0x00, 0x00, 0x00, 0x00, 0x00, 0x00, 0x00,
    0x00, 0x00, 0x00, 0x00, 0x00, 0x00, 0x00, 0x00, 0x00, 0x00, 0x00, 0x00,
    0x00, 0x00, 0x00, 0x00, 0x00, 0x00, 0x00, 0x00, 0x00, 0x00, 0x00, 0x00,
    0x00, 0x00, 0x00, 0x00, 0x00, 0x00, 0x00, 0x00, 0x00, 0x00, 0x00, 0x00,
    0x00, 0x00, 0x00, 0x00, 0x00, 0x00, 0x00, 0x00, 0x00, 0x00, 0x00, 0x00,
    0x00, 0x00, 0x00, 0x00, 0x00, 0x00, 0x00, 0x00, 0x00, 0x00, 0x00, 0x00,
    0x00, 0x00, 0x00, 0x00, 0x00, 0x00, 0x00, 0x00, 0x00, 0x00, 0x00, 0x00,
    0x00, 0x00, 0x00, 0x00, 0x00, 0x00, 0x00, 0x00, 0x00, 0x00, 0x00, 0x00,
    0x00, 0x00, 0x00, 0x00, 0x00, 0x00, 0x00, 0x00, 0x00, 0x00, 0x00, 0x00,
    0x00, 0x00, 0x00, 0x00, 0x00, 0x00, 0x00, 0x00, 0x00, 0x00, 0x00, 0x00,
    0x00, 0x00, 0x00, 0x00, 0x00, 0x00, 0x00, 0x00, 0x00, 0x00, 0x00, 0x00,
    0x00, 0x00, 0x00, 0x00, 0x00, 0x00, 0x00, 0x00, 0x00, 0x00, 0x00, 0x00,
    0x00, 0x00, 0x00, 0x00, 0x00, 0x00, 0x00, 0x00, 0x00, 0x00, 0x00, 0x00,
    0x00, 0x00, 0x00, 0x00, 0x00, 0x00, 0x00, 0x00, 0x00, 0x00, 0x00, 0x00,
    0x00, 0x00, 0x00, 0x00, 0x00, 0x00, 0x00, 0x00, 0x00, 0x00, 0x00, 0x00,
    0x00, 0x00, 0x00, 0x00, 0x00, 0x00, 0x00, 0x00, 0x00, 0x00, 0x00, 0x00,
    0x00, 0x00, 0x00, 0x00, 0x00, 0x00, 0x00, 0x00, 0x00, 0x00, 0x00, 0x00,
    0x00, 0x00, 0x00, 0x00, 0x00, 0x00, 0x00, 0x00, 0x00, 0x00, 0x00, 0x00,
    0x00, 0x00, 0x00, 0x00, 0x00, 0x00, 0x00, 0x00, 0x00, 0x00, 0x00, 0x00,
    0x00, 0x00, 0x00, 0x00, 0x00, 0x00, 0x00, 0x00, 0x00, 0x00, 0x00, 0x00,
    0x00, 0x00, 0x00, 0x00, 0x00, 0x00, 0x00, 0x00, 0x00, 0x00, 0x00, 0x00,
    0x00, 0x00, 0x00, 0x00, 0x00, 0x00, 0x00, 0x00, 0x00, 0x00, 0x00, 0x00,
    0x00, 0x00, 0x00, 0x00, 0x00, 0x00, 0x00, 0x00, 0x00, 0x00, 0x00, 0x00,
    0x00, 0x00, 0x00, 0x00, 0x00, 0x00, 0x00, 0x00, 0x00, 0x00, 0x00, 0x00,
    0x00, 0x00, 0x00, 0x00, 0x00, 0x00, 0x00, 0x00, 0x00, 0x00, 0x00, 0x00,
    0x00, 0x00, 0x00, 0x00, 0x00, 0x00, 0x00, 0x00, 0x00, 0x00, 0x00, 0x00,
    0x00, 0x00, 0x00, 0x00, 0x00, 0x00, 0x00, 0x00, 0x00, 0x00, 0x00, 0x00,
    0x00, 0x00, 0x00, 0x00, 0x00, 0x00, 0x00, 0x00, 0x00, 0x00, 0x00, 0x00,
    0x00, 0x00, 0x00, 0x00, 0x00, 0x00, 0x00, 0x00, 0x00, 0x00, 0x00, 0x00,
    0x00, 0x00, 0x00, 0x00, 0x00, 0x00, 0x00, 0x00, 0x00, 0x00, 0x00, 0x00,
    0x00, 0x00, 0x00, 0x00, 0x00, 0x00, 0x00, 0x00, 0x00, 0x00, 0x00, 0x00,
    0x00, 0x00, 0x00, 0x00, 0x00, 0x00, 0x00, 0x00, 0x00, 0x00, 0x00, 0x00,
    0x00, 0x00, 0x00, 0x00, 0x00, 0x00, 0x00, 0x00, 0x00, 0x00, 0x00, 0x00,
    0x00, 0x00, 0x00, 0x00, 0x00, 0x00, 0x00, 0x00, 0x00, 0x00, 0x00, 0x00,
    0x00, 0x00, 0x00, 0x00, 0x48, 0x83, 0xe4, 0xf0, 0x48, 0x83, 0xec, 0x08,
    0xe8, 0x13, 0x00, 0x00, 0x00, 0x48, 0xc7, 0xc7, 0x00, 0x00, 0x00, 0x00,
    0x48, 0xc7, 0xc0, 0x00, 0x00, 0x00, 0x00, 0x0f, 0x05, 0xeb, 0xfe, 0xcc,
    0x55, 0x48, 0x89, 0xe5, 0x41, 0x57, 0x41, 0x56, 0x41, 0x54, 0x53, 0x85,
    0xff, 0x0f, 0x9e, 0xc0, 0x48, 0x85, 0xf6, 0x0f, 0x94, 0xc1, 0x08, 0xc1,
    0x0f, 0x85, 0x87, 0x00, 0x00, 0x00, 0x48, 0x8b, 0x1e, 0x48, 0x85, 0xdb,
    0x0f, 0x84, 0x7b, 0x00, 0x00, 0x00, 0x48, 0x8d, 0x43, 0x01, 0xeb, 0x06,
    0x48, 0x89, 0xc3, 0x48, 0xff, 0xc0, 0x0f, 0xb6, 0x48, 0xff, 0x83, 0xf9,
    0x2f, 0x74, 0xf1, 0x85, 0xc9, 0x75, 0xf0, 0x41, 0x89, 0xff, 0x49, 0x89,
    0xf6, 0xbe, 0xed, 0x18, 0x42, 0x00, 0x41, 0xbc, 0xc0, 0xdf, 0x41, 0x00,
    0x66, 0x66, 0x66, 0x2e, 0x0f, 0x1f, 0x84, 0x00, 0x00, 0x00, 0x00, 0x00,
    0x48, 0x89, 0xdf, 0xe8, 0xf8, 0x9c, 0x01, 0x00, 0x85, 0xc0, 0x74, 0x5e,
    0x49, 0x8b, 0x34, 0x24, 0x49, 0x83, 0xc4, 0x10, 0x48, 0x85, 0xf6, 0x75,
    0xe7, 0x48, 0x8b, 0x05, 0xa8, 0x2a, 0x02, 0x00, 0x48, 0x8b, 0x78, 0x18,
    0xbe, 0xeb, 0x09, 0x42, 0x00, 0x48, 0x89, 0xda, 0x31, 0xc0, 0xe8, 0xfd,
    0x8b, 0x01, 0x00, 0x48, 0x8b, 0x05, 0x8e, 0x2a, 0x02, 0x00, 0x48, 0x8b,
    0x78, 0x18, 0xbe, 0x49, 0x17, 0x42, 0x00, 0xeb, 0x10, 0x48, 0x8b, 0x05,
    0x7c, 0x2a, 0x02, 0x00, 0x48, 0x8b, 0x78, 0x18, 0xbe, 0x72, 0x06, 0x42,
    0x00, 0x31, 0xc0, 0xe8, 0xd4, 0x8b, 0x01, 0x00, 0xb8, 0x01, 0x00, 0x00,
    0x00, 0x5b, 0x41, 0x5c, 0x41, 0x5e, 0x41, 0x5f, 0x5d, 0xc3, 0x44, 0x89,
    0xff, 0x4c, 0x89, 0xf6, 0x4c, 0x89, 0xe0, 0x5b, 0x41, 0x5c, 0x41, 0x5e,
    0x41, 0x5f, 0x5d, 0xff, 0x60, 0xf8, 0x66, 0x90, 0x55, 0x48, 0x89, 0xe5,
    0x41, 0x57, 0x41, 0x56, 0x41, 0x55, 0x41, 0x54, 0x53, 0x50, 0x48, 0x89,
    0xf3, 0x41, 0x89, 0xfe, 0x83, 0xff, 0x02, 0x7c, 0x29, 0x48, 0x8b, 0x7b,
    0x08, 0xbe, 0xff, 0x0d, 0x42, 0x00, 0xe8, 0x59, 0x9c, 0x01, 0x00, 0x31,
    0xc9, 0x85, 0xc0, 0x0f, 0x95, 0xc1, 0xb8, 0x02, 0x00, 0x00, 0x00, 0x89,
    0x4d, 0xd4, 0x29, 0xc8, 0x44, 0x39, 0xf0, 0x7c, 0x18, 0xe9, 0x3a, 0x01,
    0x00, 0x00, 0xb8, 0x01, 0x00, 0x00, 0x00, 0xb1, 0x01, 0x89, 0x4d, 0xd4,
    0x44, 0x39, 0xf0, 0x0f, 0x8d, 0x27, 0x01, 0x00, 0x00, 0x41, 0x89, 0xc4,
    0x45, 0x89, 0xf6, 0x4d, 0x89, 0xe5, 0xeb, 0x0c, 0x49, 0xff, 0xc5, 0x4d,
    0x39, 0xf5, 0x0f, 0x84, 0x10, 0x01, 0x00, 0x00, 0x4d, 0x39, 0xe5, 0x76,
    0x0a, 0xbf, 0x20, 0x00, 0x00, 0x00, 0xe8, 0xf5, 0x55, 0x01, 0x00, 0x4a,
    0x8b, 0x04, 0xeb, 0xeb, 0x1a, 0xbf, 0x5c, 0x00, 0x00, 0x00, 0xe8, 0xe5,
    0x55, 0x01, 0x00, 0x41, 0x0f, 0xbe, 0x3f, 0x90, 0xe8, 0xdb, 0x55, 0x01,
    0x00, 0x49, 0xff, 0xc7, 0x4c, 0x89, 0xf8, 0x0f, 0xb6, 0x08, 0x83, 0xf9,
    0x5c, 0x74, 0x0d, 0x85, 0xc9, 0x74, 0xb9, 0x0f, 0xbe, 0xf9, 0x49, 0x89,
    0xc7, 0xeb, 0xe1, 0x90, 0x4c, 0x8d, 0x78, 0x01, 0x0f, 0xb6, 0x50, 0x01,
    0x8d, 0x72, 0xd0, 0x83, 0xfe, 0x46, 0x77, 0x51, 0xff, 0x24, 0xf5, 0x00,
    0xd0, 0x41, 0x00, 0x0f, 0xb6, 0x48, 0x02, 0x89, 0xca, 0x80, 0xe2, 0xf8,
    0x31, 0xff, 0x80, 0xfa, 0x30, 0x75, 0xb9, 0x80, 0xc1, 0xd0, 0x0f, 0xb6,
    0xf9, 0x0f, 0xb6, 0x48, 0x03, 0x89, 0xca, 0x80, 0xe2, 0xf8, 0x80, 0xfa,
    0x30, 0x75, 0x7f, 0x80, 0xc1, 0xd0, 0x0f, 0xb6, 0xc9, 0x8d, 0x3c, 0xf9,
    0x0f, 0xb6, 0x48, 0x04, 0x89, 0xca, 0x80, 0xe2, 0xf8, 0x80, 0xfa, 0x30,
    0x75, 0x71, 0x48, 0x83, 0xc0, 0x04, 0x80, 0xc1, 0xd0, 0x0f, 0xb6, 0xc9,
    0x8d, 0x3c, 0xf9, 0xeb, 0x99, 0x85, 0xd2, 0x74, 0x92, 0xe9, 0x67, 0xff,
    0xff, 0xff, 0xbf, 0x0d, 0x00, 0x00, 0x00, 0xe9, 0x6c, 0xff, 0xff, 0xff,
    0xbf, 0x09, 0x00, 0x00, 0x00, 0xe9, 0x62, 0xff, 0xff, 0xff, 0xbf, 0x08,
    0x00, 0x00, 0x00, 0xe9, 0x58, 0xff, 0xff, 0xff, 0xbf, 0x0b, 0x00, 0x00,
    0x00, 0xe9, 0x4e, 0xff, 0xff, 0xff, 0xbf, 0x07, 0x00, 0x00, 0x00, 0xe9,
    0x44, 0xff, 0xff, 0xff, 0xbf, 0x0c, 0x00, 0x00, 0x00, 0xe9, 0x3a, 0xff,
    0xff, 0xff, 0xbf, 0x5c, 0x00, 0x00, 0x00, 0xe9, 0x30, 0xff, 0xff, 0xff,
    0xbf, 0x0a, 0x00, 0x00, 0x00, 0xe9, 0x26, 0xff, 0xff, 0xff, 0x48, 0x83,
    0xc0, 0x02, 0xe9, 0x37, 0xff, 0xff, 0xff, 0x48, 0x83, 0xc0, 0x03, 0xe9,
    0x2e, 0xff, 0xff, 0xff, 0x80, 0x7d, 0xd4, 0x00, 0x74, 0x0a, 0xbf, 0x0a,
    0x00, 0x00, 0x00, 0xe8, 0xe4, 0x54, 0x01, 0x00, 0x48, 0x8b, 0x05, 0xb5,
    0x28, 0x02, 0x00, 0x48, 0x8b, 0x78, 0x10, 0xe8, 0x84, 0x5d, 0x01, 0x00,
    0x31, 0xc0, 0x48, 0x83, 0xc4, 0x08, 0x5b, 0x41, 0x5c, 0x41, 0x5d, 0x41,
    0x5e, 0x41, 0x5f, 0x5d, 0xc3, 0x0f, 0x1f, 0x00, 0x55, 0x48, 0x89, 0xe5,
    0x53, 0x48, 0x81, 0xec, 0x08, 0x10, 0x00, 0x00, 0x48, 0x8d, 0xbd, 0xf0,
    0xef, 0xff, 0xff, 0xbe, 0x00, 0x10, 0x00, 0x00, 0xe8, 0x73, 0x82, 0x00,
    0x00, 0x48, 0x85, 0xc0, 0x74, 0x27, 0x31, 0xdb, 0x48, 0x8d, 0xb5, 0xf0,
    0xef, 0xff, 0xff, 0xbf, 0x45, 0x08, 0x42, 0x00, 0x31, 0xc0, 0xe8, 0x89,
    0xce, 0x00, 0x00, 0x48, 0x8b, 0x05, 0x5a, 0x28, 0x02, 0x00, 0x48, 0x8b,
    0x78, 0x10, 0xe8, 0x29, 0x5d, 0x01, 0x00, 0xeb, 0x0f, 0xbf, 0xc2, 0x0b,
    0x42, 0x00, 0xe8, 0xcd, 0xc7, 0x00, 0x00, 0xbb, 0x01, 0x00, 0x00, 0x00,
    0x89, 0xd8, 0x48, 0x81, 0xc4, 0x08, 0x10, 0x00, 0x00, 0x5b, 0x5d, 0xc3,
    0x66, 0x66, 0x66, 0x2e, 0x0f, 0x1f, 0x84, 0x00, 0x00, 0x00, 0x00, 0x00,
    0x55, 0x48, 0x89, 0xe5, 0x31, 0xc0, 0x5d, 0xc3, 0x0f, 0x1f, 0x84, 0x00,
    0x00, 0x00, 0x00, 0x00, 0x55, 0x48, 0x89, 0xe5, 0xb8, 0x01, 0x00, 0x00,
    0x00, 0x5d, 0xc3, 0x0f, 0x1f, 0x44, 0x00, 0x00, 0x55, 0x48, 0x89, 0xe5,
    0x41, 0x57, 0x41, 0x56, 0x41, 0x54, 0x53, 0x83, 0xff, 0x01, 0x7f, 0x22,
    0x48, 0x8b, 0x05, 0xf1, 0x27, 0x02, 0x00, 0x48, 0x8b, 0x78, 0x18, 0xbe,
    0xb1, 0x0e, 0x42, 0x00, 0x31, 0xc0, 0xe8, 0x49, 0x89, 0x01, 0x00, 0x41,
    0xbe, 0x01, 0x00, 0x00, 0x00, 0xe9, 0xd7, 0x00, 0x00, 0x00, 0x48, 0x8b,
    0x5e, 0x08, 0x80, 0x3b, 0x00, 0x0f, 0x84, 0xbb, 0x00, 0x00, 0x00, 0x41,
    0x89, 0xfe, 0x49, 0x89, 0xf7, 0x48, 0x89, 0xdf, 0xe8, 0x53, 0x9d, 0x01,
    0x00, 0x48, 0x83, 0xf8, 0x02, 0x72, 0x22, 0x66, 0x66, 0x66, 0x66, 0x2e,
    0x0f, 0x1f, 0x84, 0x00, 0x00, 0x00, 0x00, 0x00, 0x80, 0x7c, 0x03, 0xff,
    0x2f, 0x75, 0x0e, 0xc6, 0x44, 0x03, 0xff, 0x00, 0x48, 0xff, 0xc8, 0x48,
    0x83, 0xf8, 0x01, 0x77, 0xeb, 0x48, 0x8d, 0x4b, 0x01, 0x4c, 0x89, 0xf8,
    0xeb, 0x0c, 0x66, 0x90, 0x80, 0x39, 0x00, 0x48, 0x0f, 0x45, 0xd9, 0x48,
    0xff, 0xc1, 0x0f, 0xb6, 0x51, 0xff, 0x83, 0xfa, 0x2f, 0x74, 0xed, 0x85,
    0xd2, 0x75, 0xf0, 0x41, 0x83, 0xfe, 0x02, 0x74, 0x39, 0x4c, 0x8b, 0x70,
    0x10, 0x4c, 0x89, 0xf7, 0xe8, 0xf7, 0x9c, 0x01, 0x00, 0x49, 0x89, 0xc7,
    0x48, 0x89, 0xdf, 0xe8, 0xec, 0x9c, 0x01, 0x00, 0x49, 0x89, 0xc4, 0x4d,
    0x29, 0xfc, 0x76, 0x1a, 0x48, 0x01, 0xd8, 0x4c, 0x29, 0xf8, 0x48, 0x89,
    0xc7, 0x4c, 0x89, 0xf6, 0xe8, 0x73, 0x99, 0x01, 0x00, 0x85, 0xc0, 0x75,
    0x05, 0x42, 0xc6, 0x04, 0x23, 0x00, 0x45, 0x31, 0xf6, 0xbf, 0x45, 0x08,
    0x42, 0x00, 0x48, 0x89, 0xde, 0x31, 0xc0, 0xe8, 0x48, 0xcd, 0x00, 0x00,
    0x48, 0x8b, 0x05, 0x19, 0x27, 0x02, 0x00, 0x48, 0x8b, 0x78, 0x10, 0xe8,
    0xe8, 0x5b, 0x01, 0x00, 0xeb, 0x0f, 0x45, 0x31, 0xf6, 0xbf, 0x5e, 0x12,
    0x42, 0x00, 0x31, 0xc0, 0xe8, 0x27, 0xcd, 0x00, 0x00, 0x44, 0x89, 0xf0,
    0x5b, 0x41, 0x5c, 0x41, 0x5e, 0x41, 0x5f, 0x5d, 0xc3, 0x66, 0x66, 0x2e,
    0x0f, 0x1f, 0x84, 0x00, 0x00, 0x00, 0x00, 0x00, 0x55, 0x48, 0x89, 0xe5,
    0x41, 0x57, 0x41, 0x56, 0x41, 0x55, 0x41, 0x54, 0x53, 0x50, 0x83, 0xff,
    0x02, 0x7d, 0x21, 0x48, 0x8b, 0x05, 0xce, 0x26, 0x02, 0x00, 0x48, 0x8b,
    0x78, 0x18, 0xbe, 0xbb, 0x10, 0x42, 0x00, 0x31, 0xc0, 0xe8, 0x26, 0x88,
    0x01, 0x00, 0xb8, 0x01, 0x00, 0x00, 0x00, 0xe9, 0x0f, 0x01, 0x00, 0x00,
    0x48, 0x89, 0xf3, 0x41, 0x89, 0xff, 0x41, 0xbc, 0x01, 0x00, 0x00, 0x00,
    0xeb, 0x2e, 0x66, 0x66, 0x66, 0x66, 0x66, 0x2e, 0x0f, 0x1f, 0x84, 0x00,
    0x00, 0x00, 0x00, 0x00, 0xbf, 0x45, 0x08, 0x42, 0x00, 0x4c, 0x89, 0xf6,
    0x31, 0xc0, 0xe8, 0xb1, 0xcc, 0x00, 0x00, 0x41, 0xc6, 0x45, 0x00, 0x2f,
    0x49, 0xff, 0xc4, 0x4d, 0x39, 0xfc, 0x0f, 0x84, 0xc1, 0x00, 0x00, 0x00,
    0x4e, 0x8b, 0x34, 0xe3, 0x4c, 0x89, 0xf7, 0xe8, 0x04, 0x9c, 0x01, 0x00,
    0x48, 0x83, 0xf8, 0x02, 0x72, 0x25, 0x66, 0x66, 0x66, 0x66, 0x66, 0x2e,
    0x0f, 0x1f, 0x84, 0x00, 0x00, 0x00, 0x00, 0x00, 0x41, 0x80, 0x7c, 0x06,
    0xff, 0x2f, 0x75, 0x0f, 0x41, 0xc6, 0x44, 0x06, 0xff, 0x00, 0x48, 0xff,
    0xc8, 0x48, 0x83, 0xf8, 0x01, 0x77, 0xe9, 0x45, 0x31, 0xed, 0x4c, 0x89,
    0xf0, 0xeb, 0x07, 0x90, 0x49, 0x89, 0xc5, 0x48, 0xff, 0xc0, 0x0f, 0xb6,
    0x08, 0x83, 0xf9, 0x2f, 0x74, 0xf2, 0x85, 0xc9, 0x75, 0xf1, 0x4d, 0x85,
    0xed, 0x74, 0x49, 0x4d, 0x39, 0xf5, 0x74, 0x54, 0x41, 0xc6, 0x45, 0x00,
    0x00, 0x4c, 0x89, 0xf7, 0xe8, 0xa7, 0x9b, 0x01, 0x00, 0x48, 0x83, 0xf8,
    0x02, 0x0f, 0x82, 0x6d, 0xff, 0xff, 0xff, 0x66, 0x66, 0x66, 0x66, 0x2e,
    0x0f, 0x1f, 0x84, 0x00, 0x00, 0x00, 0x00, 0x00, 0x41, 0x80, 0x7c, 0x06,
    0xff, 0x2f, 0x0f, 0x85, 0x54, 0xff, 0xff, 0xff, 0x41, 0xc6, 0x44, 0x06,
    0xff, 0x00, 0x48, 0xff, 0xc8, 0x48, 0x83, 0xf8, 0x01, 0x77, 0xe5, 0xe9,
    0x40, 0xff, 0xff, 0xff, 0xbf, 0x02, 0x0e, 0x42, 0x00, 0xeb, 0x0e, 0x66,
    0x0f, 0x1f, 0x84, 0x00, 0x00, 0x00, 0x00, 0x00, 0xbf, 0x34, 0x04, 0x42,
    0x00, 0x31, 0xc0, 0xe8, 0xe4, 0xcb, 0x00, 0x00, 0xe9, 0x33, 0xff, 0xff,
    0xff, 0x48, 0x8b, 0x05, 0xb0, 0x25, 0x02, 0x00, 0x48, 0x8b, 0x78, 0x10,
    0xe8, 0x7f, 0x5a, 0x01, 0x00, 0x31, 0xc0, 0x48, 0x83, 0xc4, 0x08, 0x5b,
    0x41, 0x5c, 0x41, 0x5d, 0x41, 0x5e, 0x41, 0x5f, 0x5d, 0xc3, 0x66, 0x66,
    0x66, 0x66, 0x66, 0x2e, 0x0f, 0x1f, 0x84, 0x00, 0x00, 0x00, 0x00, 0x00,
    0x55, 0x48, 0x89, 0xe5, 0x53, 0x50, 0xbb, 0xa3, 0x15, 0x42, 0x00, 0x83,
    0xff, 0x02, 0x7c, 0x10, 0x48, 0x8b, 0x5e, 0x08, 0x66, 0x66, 0x66, 0x2e,
    0x0f, 0x1f, 0x84, 0x00, 0x00, 0x00, 0x00, 0x00, 0xbf, 0x45, 0x08, 0x42,
    0x00, 0x48, 0x89, 0xde, 0x31, 0xc0, 0xe8, 0x81, 0xcb, 0x00, 0x00, 0x48,
    0x8b, 0x05, 0x52, 0x25, 0x02, 0x00, 0x48, 0x8b, 0x78, 0x10, 0xe8, 0x21,
    0x5a, 0x01, 0x00, 0xeb, 0xdf, 0x66, 0x66, 0x66, 0x66, 0x66, 0x66, 0x2e,
    0x0f, 0x1f, 0x84, 0x00, 0x00, 0x00, 0x00, 0x00, 0x55, 0x48, 0x89, 0xe5,
    0x41, 0x57, 0x41, 0x56, 0x41, 0x55, 0x41, 0x54, 0x53, 0x48, 0x83, 0xec,
    0x18, 0x83, 0xff, 0x02, 0x7d, 0x21, 0x48, 0x8b, 0x05, 0x1b, 0x25, 0x02,
    0x00, 0x48, 0x8b, 0x78, 0x18, 0xbe, 0xa3, 0x04, 0x42, 0x00, 0x31, 0xc0,
    0xe8, 0x73, 0x86, 0x01, 0x00, 0xbb, 0x01, 0x00, 0x00, 0x00, 0xe9, 0xd5,
    0x00, 0x00, 0x00, 0x48, 0x89, 0xf3, 0x41, 0x89, 0xfd, 0x45, 0x31, 0xe4,
    0x41, 0xbe, 0x01, 0x00, 0x00, 0x00, 0xeb, 0x1f, 0x0f, 0x1f, 0x84, 0x00,
    0x00, 0x00, 0x00, 0x00, 0x48, 0x6b, 0xc0, 0x3c, 0x48, 0x6b, 0xc0, 0x3c,
    0x41, 0x01, 0xc4, 0x49, 0xff, 0xc6, 0x4d, 0x39, 0xf5, 0x0f, 0x84, 0x80,
    0x00, 0x00, 0x00, 0x4e, 0x8b, 0x3c, 0xf3, 0x4c, 0x89, 0xff, 0x48, 0x8d,
    0x75, 0xc8, 0xba, 0x0a, 0x00, 0x00, 0x00, 0xe8, 0xa4, 0x4e, 0x01, 0x00,
    0x48, 0x8b, 0x4d, 0xc8, 0x4c, 0x39, 0xf9, 0x74, 0x41, 0x0f, 0xb6, 0x09,
    0x8d, 0x51, 0x9c, 0x83, 0xfa, 0x0f, 0x77, 0x11, 0xff, 0x24, 0xd5, 0x38,
    0xd2, 0x41, 0x00, 0x48, 0xc1, 0xe0, 0x03, 0x48, 0x8d, 0x04, 0x40, 0xeb,
    0xaf, 0x85, 0xc9, 0x74, 0xb3, 0x0f, 0xbe, 0xd1, 0x48, 0x8b, 0x05, 0x89,
    0x24, 0x02, 0x00, 0x48, 0x8b, 0x78, 0x18, 0xbe, 0x9b, 0x06, 0x42, 0x00,
    0x31, 0xc0, 0xe8, 0xe1, 0x85, 0x01, 0x00, 0xbb, 0x01, 0x00, 0x00, 0x00,
    0xeb, 0x46, 0x48, 0x8b, 0x05, 0x6b, 0x24, 0x02, 0x00, 0x48, 0x8b, 0x78,
    0x18, 0xbe, 0xd8, 0x10, 0x42, 0x00, 0x4c, 0x89, 0xfa, 0x31, 0xc0, 0xe8,
    0xc0, 0x85, 0x01, 0x00, 0xbb, 0x01, 0x00, 0x00, 0x00, 0xeb, 0x25, 0x45,
    0x85, 0xe4, 0x74, 0x1e, 0x44, 0x89, 0xe0, 0x48, 0x89, 0x45, 0xc8, 0x48,
    0xc7, 0x45, 0xd0, 0x00, 0x00, 0x00, 0x00, 0x31, 0xdb, 0x48, 0x8d, 0x7d,
    0xc8, 0x31, 0xf6, 0xe8, 0xf8, 0x86, 0x00, 0x00, 0xeb, 0x02, 0x31, 0xdb,
    0x89, 0xd8, 0x48, 0x83, 0xc4, 0x18, 0x5b, 0x41, 0x5c, 0x41, 0x5d, 0x41,
    0x5e, 0x41, 0x5f, 0x5d, 0xc3, 0x0f, 0x1f, 0x00, 0x55, 0x48, 0x89, 0xe5,
    0x53, 0x50, 0x48, 0x89, 0xf0, 0xbe, 0xae, 0x12, 0x42, 0x00, 0x83, 0xff,
    0x02, 0x0f, 0x8c, 0xa7, 0x01, 0x00, 0x00, 0x89, 0xf9, 0x31, 0xdb, 0xba,
    0x01, 0x00, 0x00, 0x00, 0x48, 0x8b, 0x3c, 0xd0, 0x80, 0x3f, 0x2d, 0x74,
    0x17, 0xe9, 0xa3, 0x00, 0x00, 0x00, 0x83, 0xcb, 0x10, 0x66, 0x66, 0x66,
    0x66, 0x66, 0x66, 0x2e, 0x0f, 0x1f, 0x84, 0x00, 0x00, 0x00, 0x00, 0x00,
    0x48, 0xff, 0xc7, 0x44, 0x0f, 0xb6, 0x07, 0x45, 0x8d, 0x48, 0x9f, 0x41,
    0x83, 0xf9, 0x15, 0x77, 0x2f, 0x42, 0xff, 0x24, 0xcd, 0xb8, 0xd2, 0x41,
    0x00, 0x83, 0xcb, 0x08, 0xeb, 0xe2, 0x83, 0xcb, 0x20, 0xeb, 0xdd, 0x83,
    0xcb, 0x04, 0xeb, 0xd8, 0x83, 0xcb, 0x01, 0xeb, 0xd3, 0x83, 0xcb, 0x02,
    0xeb, 0xce, 0xbb, 0x3f, 0x00, 0x00, 0x00, 0xeb, 0xc7, 0x0f, 0x1f, 0x80,
    0x00, 0x00, 0x00, 0x00, 0x45, 0x85, 0xc0, 0x75, 0x4c, 0x48, 0xff, 0xc2,
    0x48, 0x39, 0xca, 0x75, 0x93, 0x85, 0xdb, 0x0f, 0x84, 0x29, 0x01, 0x00,
    0x00, 0xf6, 0xc3, 0x08, 0x75, 0x58, 0xf6, 0xc3, 0x02, 0x0f, 0x85, 0x8e,
    0x00, 0x00, 0x00, 0xf6, 0xc3, 0x04, 0x0f, 0x85, 0xa7, 0x00, 0x00, 0x00,
    0xf6, 0xc3, 0x10, 0x0f, 0x85, 0xc0, 0x00, 0x00, 0x00, 0xf6, 0xc3, 0x01,
    0x0f, 0x85, 0xd9, 0x00, 0x00, 0x00, 0xbe, 0xd2, 0x0e, 0x42, 0x00, 0xf6,
    0xc3, 0x20, 0x0f, 0x85, 0xf2, 0x00, 0x00, 0x00, 0xe9, 0xf9, 0x00, 0x00,
    0x00, 0x48, 0x8b, 0x05, 0x40, 0x23, 0x02, 0x00, 0x48, 0x8b, 0x78, 0x18,
    0xbe, 0x5d, 0x14, 0x42, 0x00, 0x31, 0xc0, 0xe8, 0x98, 0x84, 0x01, 0x00,
    0xbb, 0x01, 0x00, 0x00, 0x00, 0xe9, 0xf6, 0x00, 0x00, 0x00, 0xbf, 0xf6,
    0x0c, 0x42, 0x00, 0xbe, 0xae, 0x12, 0x42, 0x00, 0x31, 0xc0, 0xe8, 0x3d,
    0xc9, 0x00, 0x00, 0xf6, 0xc3, 0x02, 0x75, 0x1d, 0xf6, 0xc3, 0x04, 0x75,
    0x3a, 0xf6, 0xc3, 0x10, 0x75, 0x57, 0xf6, 0xc3, 0x01, 0x75, 0x74, 0xf6,
    0xc3, 0x20, 0x0f, 0x85, 0x8d, 0x00, 0x00, 0x00, 0xe9, 0xa5, 0x00, 0x00,
    0x00, 0xbf, 0x71, 0x05, 0x42, 0x00, 0x31, 0xc0, 0xe8, 0x0f, 0xc9, 0x00,
    0x00, 0xbf, 0xf6, 0x0c, 0x42, 0x00, 0xbe, 0xae, 0x12, 0x42, 0x00, 0x31,
    0xc0, 0xe8, 0xfe, 0xc8, 0x00, 0x00, 0xf6, 0xc3, 0x04, 0x74, 0xc6, 0xbf,
    0x71, 0x05, 0x42, 0x00, 0x31, 0xc0, 0xe8, 0xed, 0xc8, 0x00, 0x00, 0xbf,
    0xf6, 0x0c, 0x42, 0x00, 0xbe, 0xb5, 0x06, 0x42, 0x00, 0x31, 0xc0, 0xe8,
    0xdc, 0xc8, 0x00, 0x00, 0xf6, 0xc3, 0x10, 0x74, 0xa9, 0xbf, 0x71, 0x05,
    0x42, 0x00, 0x31, 0xc0, 0xe8, 0xcb, 0xc8, 0x00, 0x00, 0xbf, 0xf6, 0x0c,
    0x42, 0x00, 0xbe, 0x0b, 0x10, 0x42, 0x00, 0x31, 0xc0, 0xe8, 0xba, 0xc8,
    0x00, 0x00, 0xf6, 0xc3, 0x01, 0x74, 0x8c, 0xbf, 0x71, 0x05, 0x42, 0x00,
    0x31, 0xc0, 0xe8, 0xa9, 0xc8, 0x00, 0x00, 0xbf, 0xf6, 0x0c, 0x42, 0x00,
    0xbe, 0xd2, 0x0e, 0x42, 0x00, 0x31, 0xc0, 0xe8, 0x98, 0xc8, 0x00, 0x00,
    0xf6, 0xc3, 0x20, 0x74, 0x1d, 0xbf, 0x71, 0x05, 0x42, 0x00, 0x31, 0xc0,
    0xe8, 0x87, 0xc8, 0x00, 0x00, 0xbe, 0xd2, 0x0e, 0x42, 0x00, 0xbf, 0xf6,
    0x0c, 0x42, 0x00, 0x31, 0xc0, 0xe8, 0x76, 0xc8, 0x00, 0x00, 0x31, 0xdb,
    0xbf, 0x5e, 0x12, 0x42, 0x00, 0x31, 0xc0, 0xe8, 0x68, 0xc8, 0x00, 0x00,
    0x48, 0x8b, 0x05, 0x39, 0x22, 0x02, 0x00, 0x48, 0x8b, 0x78, 0x10, 0xe8,
    0x08, 0x57, 0x01, 0x00, 0x89, 0xd8, 0x48, 0x83, 0xc4, 0x08, 0x5b, 0x5d,
    0xc3, 0x66, 0x66, 0x66, 0x66, 0x66, 0x66, 0x2e, 0x0f, 0x1f, 0x84, 0x00,
    0x00, 0x00, 0x00, 0x00, 0x55, 0x48, 0x89, 0xe5, 0x41, 0x57, 0x41, 0x56,
    0x41, 0x55, 0x41, 0x54, 0x53, 0x48, 0x81, 0xec, 0x08, 0x10, 0x00, 0x00,
    0x83, 0xff, 0x02, 0x7d, 0x4e, 0x31, 0xdb, 0x48, 0x8d, 0xb5, 0xd0, 0xef,
    0xff, 0xff, 0xba, 0x00, 0x10, 0x00, 0x00, 0x31, 0xff, 0xe8, 0x72, 0x79,
    0x00, 0x00, 0x85, 0xc0, 0x0f, 0x8e, 0xf7, 0x00, 0x00, 0x00, 0x4c, 0x8d,
    0xb5, 0xd0, 0xef, 0xff, 0xff, 0x0f, 0x1f, 0x00, 0x89, 0xc2, 0xbf, 0x01,
    0x00, 0x00, 0x00, 0x4c, 0x89, 0xf6, 0xe8, 0x61, 0x79, 0x00, 0x00, 0xba,
    0x00, 0x10, 0x00, 0x00, 0x31, 0xff, 0x4c, 0x89, 0xf6, 0xe8, 0x42, 0x79,
    0x00, 0x00, 0x85, 0xc0, 0x7f, 0xde, 0xe9, 0xc6, 0x00, 0x00, 0x00, 0x49,
    0x89, 0xf6, 0x89, 0xf8, 0x48, 0x89, 0x45, 0xd0, 0x41, 0xbd, 0x01, 0x00,
    0x00, 0x00, 0x4c, 0x8d, 0xbd, 0xd0, 0xef, 0xff, 0xff, 0x31, 0xdb, 0xeb,
    0x4d, 0x66, 0x66, 0x66, 0x66, 0x66, 0x66, 0x2e, 0x0f, 0x1f, 0x84, 0x00,
    0x00, 0x00, 0x00, 0x00, 0x48, 0x8b, 0x05, 0x81, 0x21, 0x02, 0x00, 0x48,
    0x8b, 0x58, 0x18, 0x4f, 0x8b, 0x24, 0xee, 0xe8, 0x3c, 0xbf, 0x01, 0x00,
    0x8b, 0x38, 0xe8, 0xc5, 0x96, 0x01, 0x00, 0xbe, 0xad, 0x11, 0x42, 0x00,
    0x48, 0x89, 0xdf, 0x4c, 0x89, 0xe2, 0x48, 0x89, 0xc1, 0x31, 0xc0, 0xe8,
    0xc0, 0x82, 0x01, 0x00, 0xbb, 0x01, 0x00, 0x00, 0x00, 0x49, 0xff, 0xc5,
    0x4c, 0x3b, 0x6d, 0xd0, 0x74, 0x4f, 0x4b, 0x8b, 0x3c, 0xee, 0x31, 0xf6,
    0x31, 0xc0, 0xe8, 0xe5, 0x78, 0x00, 0x00, 0x85, 0xc0, 0x78, 0xb1, 0x41,
    0x89, 0xc4, 0xeb, 0x1b, 0x66, 0x66, 0x66, 0x2e, 0x0f, 0x1f, 0x84, 0x00,
    0x00, 0x00, 0x00, 0x00, 0x89, 0xc2, 0xbf, 0x01, 0x00, 0x00, 0x00, 0x4c,
    0x89, 0xfe, 0xe8, 0xb1, 0x78, 0x00, 0x00, 0xba, 0x00, 0x10, 0x00, 0x00,
    0x44, 0x89, 0xe7, 0x4c, 0x89, 0xfe, 0xe8, 0x91, 0x78, 0x00, 0x00, 0x85,
    0xc0, 0x7f, 0xdd, 0x44, 0x89, 0xe7, 0xe8, 0xe5, 0x78, 0x00, 0x00, 0xeb,
    0xa8, 0x48, 0x8b, 0x05, 0xf4, 0x20, 0x02, 0x00, 0x48, 0x8b, 0x78, 0x10,
    0xe8, 0xc3, 0x55, 0x01, 0x00, 0x89, 0xd8, 0x48, 0x81, 0xc4, 0x08, 0x10,
    0x00, 0x00, 0x5b, 0x41, 0x5c, 0x41, 0x5d, 0x41, 0x5e, 0x41, 0x5f, 0x5d,
    0xc3, 0x66, 0x66, 0x66, 0x66, 0x66, 0x66, 0x2e, 0x0f, 0x1f, 0x84, 0x00,
    0x00, 0x00, 0x00, 0x00, 0x55, 0x48, 0x89, 0xe5, 0x41, 0x57, 0x41, 0x56,
    0x53, 0x48, 0x81, 0xec, 0x08, 0x13, 0x00, 0x00, 0x41, 0xbe, 0x3f, 0x09,
    0x42, 0x00, 0x83, 0xff, 0x02, 0x7c, 0x04, 0x4c, 0x8b, 0x76, 0x08, 0x4c,
    0x89, 0xf7, 0x31, 0xf6, 0x31, 0xc0, 0xe8, 0x45, 0x78, 0x00, 0x00, 0x85,
    0xc0, 0x78, 0x60, 0x89, 0xc3, 0x4c, 0x8d, 0xbd, 0xe0, 0xec, 0xff, 0xff,
    0x89, 0xc7, 0x4c, 0x89, 0xfe, 0xba, 0x40, 0x00, 0x00, 0x00, 0xe8, 0xc9,
    0x86, 0x00, 0x00, 0x85, 0xc0, 0x0f, 0x88, 0x95, 0x00, 0x00, 0x00, 0x0f,
    0x84, 0x7a, 0x00, 0x00, 0x00, 0x41, 0x89, 0xc6, 0xeb, 0x19, 0x66, 0x0f,
    0x1f, 0x44, 0x00, 0x00, 0x4c, 0x89, 0xfe, 0x31, 0xc0, 0xe8, 0x86, 0xc6,
    0x00, 0x00, 0x49, 0x83, 0xc7, 0x4c, 0x49, 0xff, 0xce, 0x74, 0x50, 0x41,
    0x83, 0x7f, 0x40, 0x00, 0x74, 0xf0, 0x41, 0x0f, 0xb7, 0x47, 0x48, 0xbf,
    0xb9, 0x12, 0x42, 0x00, 0xa8, 0x01, 0x74, 0xd8, 0xbf, 0xb3, 0x12, 0x42,
    0x00, 0xeb, 0xd1, 0x48, 0x8b, 0x05, 0x32, 0x20, 0x02, 0x00, 0x48, 0x8b,
    0x58, 0x18, 0xe8, 0xf1, 0xbd, 0x01, 0x00, 0x8b, 0x38, 0xe8, 0x7a, 0x95,
    0x01, 0x00, 0xbe, 0xd0, 0x07, 0x42, 0x00, 0x48, 0x89, 0xdf, 0x4c, 0x89,
    0xf2, 0x48, 0x89, 0xc1, 0x31, 0xc0, 0xe8, 0x75, 0x81, 0x01, 0x00, 0x41,
    0xbe, 0x01, 0x00, 0x00, 0x00, 0xeb, 0x48, 0xbf, 0x5e, 0x12, 0x42, 0x00,
    0x31, 0xc0, 0xe8, 0x21, 0xc6, 0x00, 0x00, 0x48, 0x8b, 0x05, 0xf2, 0x1f,
    0x02, 0x00, 0x48, 0x8b, 0x78, 0x10, 0xe8, 0xc1, 0x54, 0x01, 0x00, 0x45,
    0x31, 0xf6, 0xeb, 0x20, 0x48, 0x8b, 0x05, 0xdd, 0x1f, 0x02, 0x00, 0x48,
    0x8b, 0x78, 0x18, 0xbe, 0x28, 0x15, 0x42, 0x00, 0x4c, 0x89, 0xf2, 0x31,
    0xc0, 0xe8, 0x32, 0x81, 0x01, 0x00, 0x41, 0xbe, 0x01, 0x00, 0x00, 0x00,
    0x89, 0xdf, 0xe8, 0xa5, 0x77, 0x00, 0x00, 0x44, 0x89, 0xf0, 0x48, 0x81,
    0xc4, 0x08, 0x13, 0x00, 0x00, 0x5b, 0x41, 0x5e, 0x41, 0x5f, 0x5d, 0xc3,
    0x0f, 0x1f, 0x40, 0x00, 0x55, 0x48, 0x89, 0xe5, 0x53, 0x50, 0x83, 0xff,
    0x02, 0x7c, 0x1f, 0x48, 0x8b, 0x7e, 0x08, 0xe8, 0xbc, 0x81, 0x00, 0x00,
    0x48, 0x85, 0xc0, 0x74, 0x68, 0xbf, 0x45, 0x08, 0x42, 0x00, 0x48, 0x89,
    0xc6, 0x31, 0xc0, 0xe8, 0xa8, 0xc5, 0x00, 0x00, 0xeb, 0x3e, 0x48, 0x8b,
    0x1d, 0x37, 0x14, 0x02, 0x00, 0x48, 0x85, 0xdb, 0x74, 0x32, 0x48, 0x8b,
    0x33, 0x48, 0x85, 0xf6, 0x74, 0x2a, 0x48, 0x83, 0xc3, 0x08, 0x66, 0x66,
    0x66, 0x66, 0x66, 0x2e, 0x0f, 0x1f, 0x84, 0x00, 0x00, 0x00, 0x00, 0x00,
    0xbf, 0x45, 0x08, 0x42, 0x00, 0x31, 0xc0, 0xe8, 0x74, 0xc5, 0x00, 0x00,
    0x48, 0x8b, 0x33, 0x48, 0x83, 0xc3, 0x08, 0x48, 0x85, 0xf6, 0x75, 0xe8,
    0x48, 0x8b, 0x05, 0x39, 0x1f, 0x02, 0x00, 0x48, 0x8b, 0x78, 0x10, 0xe8,
    0x08, 0x54, 0x01, 0x00, 0x31, 0xc0, 0x48, 0x83, 0xc4, 0x08, 0x5b, 0x5d,
    0xc3, 0xb8, 0x01, 0x00, 0x00, 0x00, 0xeb, 0xf2, 0x0f, 0x1f, 0x84, 0x00,
    0x00, 0x00, 0x00, 0x00, 0x55, 0x48, 0x89, 0xe5, 0x48, 0x81, 0xec, 0x00,
    0x01, 0x00, 0x00, 0x83, 0xff, 0x02, 0x7c, 0x1e, 0x48, 0x8b, 0x05, 0x01,
    0x1f, 0x02, 0x00, 0x48, 0x8b, 0x78, 0x18, 0xbe, 0xc2, 0x04, 0x42, 0x00,
    0x31, 0xc0, 0xe8, 0x59, 0x80, 0x01, 0x00, 0xb8, 0x01, 0x00, 0x00, 0x00,
    0xeb, 0x48, 0x48, 0x8d, 0xbd, 0x00, 0xff, 0xff, 0xff, 0xbe, 0x00, 0x01,
    0x00, 0x00, 0xe8, 0x11, 0x82, 0x00, 0x00, 0x85, 0xc0, 0x74, 0x0e, 0xbf,
    0xba, 0x11, 0x42, 0x00, 0x31, 0xc0, 0xe8, 0xf1, 0xc4, 0x00, 0x00, 0xeb,
    0x13, 0x48, 0x8d, 0xb5, 0x00, 0xff, 0xff, 0xff, 0xbf, 0x45, 0x08, 0x42,
    0x00, 0x31, 0xc0, 0xe8, 0xdc, 0xc4, 0x00, 0x00, 0x48, 0x8b, 0x05, 0xad,
    0x1e, 0x02, 0x00, 0x48, 0x8b, 0x78, 0x10, 0xe8, 0x7c, 0x53, 0x01, 0x00,
    0x31, 0xc0, 0x48, 0x81, 0xc4, 0x00, 0x01, 0x00, 0x00, 0x5d, 0xc3, 0x90,
    0x55, 0x48, 0x89, 0xe5, 0xe8, 0x97, 0x80, 0x00, 0x00, 0x48, 0x85, 0xc0,
    0x74, 0x11, 0xbf, 0x45, 0x08, 0x42, 0x00, 0x48, 0x89, 0xc6, 0x31, 0xc0,
    0xe8, 0xa3, 0xc4, 0x00, 0x00, 0xeb, 0x0c, 0xbf, 0x1a, 0x0b, 0x42, 0x00,
    0x31, 0xc0, 0xe8, 0x95, 0xc4, 0x00, 0x00, 0x48, 0x8b, 0x05, 0x66, 0x1e,
    0x02, 0x00, 0x48, 0x8b, 0x78, 0x10, 0xe8, 0x35, 0x53, 0x01, 0x00, 0x31,
    0xc0, 0x5d, 0xc3, 0x90, 0x55, 0x48, 0x89, 0xe5, 0x53, 0x50, 0xe8, 0xb5,
    0x78, 0x00, 0x00, 0x89, 0xc3, 0xe8, 0xce, 0x78, 0x00, 0x00, 0x0f, 0xb7,
    0xf3, 0x0f, 0xb7, 0xd0, 0xbf, 0x41, 0x15, 0x42, 0x00, 0x31, 0xc0, 0xe8,
    0x5c, 0xc4, 0x00, 0x00, 0x48, 0x8b, 0x05, 0x2d, 0x1e, 0x02, 0x00, 0x48,
    0x8b, 0x78, 0x10, 0xe8, 0xfc, 0x52, 0x01, 0x00, 0x31, 0xc0, 0x48, 0x83,
    0xc4, 0x08, 0x5b, 0x5d, 0xc3, 0x0f, 0x1f, 0x00, 0x55, 0x48, 0x89, 0xe5,
    0x41, 0x57, 0x41, 0x56, 0x53, 0x48, 0x83, 0xec, 0x48, 0x48, 0x8d, 0x5d,
    0xe0, 0x48, 0x89, 0xdf, 0xe8, 0x17, 0xb4, 0x01, 0x00, 0x48, 0x89, 0xdf,
    0xe8, 0x8f, 0xb1, 0x01, 0x00, 0x48, 0x85, 0xc0, 0x74, 0x66, 0x48, 0x63,
    0x48, 0x18, 0x48, 0x8b, 0x0c, 0xcd, 0xc0, 0xe3, 0x41, 0x00, 0x48, 0x63,
    0x50, 0x10, 0x4c, 0x8b, 0x04, 0xd5, 0x00, 0xe4, 0x41, 0x00, 0x44, 0x8b,
    0x48, 0x0c, 0x44, 0x8b, 0x50, 0x08, 0x44, 0x8b, 0x18, 0x44, 0x8b, 0x70,
    0x04, 0x41, 0xbf, 0x6c, 0x07, 0x00, 0x00, 0x44, 0x03, 0x78, 0x14, 0x48,
    0x8d, 0x5d, 0xa0, 0xbe, 0x40, 0x00, 0x00, 0x00, 0xba, 0xa5, 0x15, 0x42,
    0x00, 0x48, 0x89, 0xdf, 0x31, 0xc0, 0x41, 0x57, 0x41, 0x53, 0x41, 0x56,
    0x41, 0x52, 0xe8, 0xf9, 0x53, 0x01, 0x00, 0x48, 0x83, 0xc4, 0x20, 0xbf,
    0xf6, 0x0c, 0x42, 0x00, 0x48, 0x89, 0xde, 0x31, 0xc0, 0xe8, 0xb6, 0xc3,
    0x00, 0x00, 0xeb, 0x0c, 0xbf, 0xbf, 0x12, 0x42, 0x00, 0x31, 0xc0, 0xe8,
    0xa8, 0xc3, 0x00, 0x00, 0x48, 0x8b, 0x05, 0x79, 0x1d, 0x02, 0x00, 0x48,
    0x8b, 0x78, 0x10, 0xe8, 0x48, 0x52, 0x01, 0x00, 0x31, 0xc0, 0x48, 0x83,
    0xc4, 0x48, 0x5b, 0x41, 0x5e, 0x41, 0x5f, 0x5d, 0xc3, 0x66, 0x66, 0x2e,
    0x0f, 0x1f, 0x84, 0x00, 0x00, 0x00, 0x00, 0x00, 0x55, 0x48, 0x89, 0xe5,
    0x41, 0x57, 0x41, 0x56, 0x41, 0x55, 0x41, 0x54, 0x53, 0x48, 0x83, 0xec,
    0x18, 0x49, 0x89, 0xf6, 0x41, 0x89, 0xff, 0x83, 0xff, 0x02, 0x0f, 0x8c,
    0xab, 0x00, 0x00, 0x00, 0xbb, 0x5e, 0x12, 0x42, 0x00, 0x41, 0xbd, 0x01,
    0x00, 0x00, 0x00, 0x48, 0xc7, 0x45, 0xd0, 0x00, 0x00, 0x00, 0x00, 0xeb,
    0x25, 0x66, 0x66, 0x2e, 0x0f, 0x1f, 0x84, 0x00, 0x00, 0x00, 0x00, 0x00,
    0x4b, 0x8b, 0x3c, 0xe6, 0xbe, 0xb9, 0x06, 0x42, 0x00, 0xe8, 0x42, 0x8f,
    0x01, 0x00, 0x41, 0xff, 0xc5, 0x45, 0x39, 0xfd, 0x0f, 0x8d, 0x84, 0x00,
    0x00, 0x00, 0x4d, 0x63, 0xe5, 0x4b, 0x8b, 0x3c, 0xe6, 0x80, 0x3f, 0x2d,
    0x75, 0x78, 0x0f, 0xb6, 0x47, 0x01, 0x84, 0xc0, 0x74, 0x70, 0x04, 0xc6,
    0x3c, 0xf5, 0x77, 0x6a, 0xbe, 0xdd, 0x12, 0x42, 0x00, 0xe8, 0x12, 0x8f,
    0x01, 0x00, 0x85, 0xc0, 0x75, 0x1e, 0x41, 0x8d, 0x45, 0x01, 0x44, 0x39,
    0xf8, 0x7d, 0x15, 0x48, 0x63, 0xc8, 0x49, 0x8b, 0x1c, 0xce, 0x41, 0x89,
    0xc5, 0xeb, 0xb7, 0x66, 0x0f, 0x1f, 0x84, 0x00, 0x00, 0x00, 0x00, 0x00,
    0x4b, 0x8b, 0x3c, 0xe6, 0xbe, 0xf5, 0x04, 0x42, 0x00, 0xe8, 0xe2, 0x8e,
    0x01, 0x00, 0x85, 0xc0, 0x75, 0x8e, 0x41, 0x8d, 0x45, 0x01, 0x44, 0x39,
    0xf8, 0x7d, 0x85, 0x48, 0x63, 0xc8, 0x49, 0x8b, 0x0c, 0xce, 0x48, 0x89,
    0x4d, 0xd0, 0x41, 0x89, 0xc5, 0xeb, 0x83, 0x41, 0xbd, 0x01, 0x00, 0x00,
    0x00, 0xbb, 0x5e, 0x12, 0x42, 0x00, 0x48, 0xc7, 0x45, 0xd0, 0x00, 0x00,
    0x00, 0x00, 0x45, 0x29, 0xef, 0x41, 0x8d, 0x47, 0xfc, 0x83, 0xf8, 0xfc,
    0x77, 0x21, 0x48, 0x8b, 0x05, 0x67, 0x1c, 0x02, 0x00, 0x48, 0x8b, 0x78,
    0x18, 0xbe, 0x20, 0x0b, 0x42, 0x00, 0x31, 0xc0, 0xe8, 0xbf, 0x7d, 0x01,
    0x00, 0xb8, 0x01, 0x00, 0x00, 0x00, 0xe9, 0xa9, 0x01, 0x00, 0x00, 0x4d,
    0x63, 0xe5, 0x4b, 0x8b, 0x3c, 0xe6, 0xe8, 0x49, 0x8b, 0x00, 0x00, 0xf2,
    0x0f, 0x10, 0x0d, 0x91, 0xf4, 0x01, 0x00, 0x41, 0x83, 0xff, 0x01, 0x74,
    0x28, 0xf2, 0x0f, 0x11, 0x45, 0xc8, 0x41, 0x83, 0xff, 0x02, 0x0f, 0x85,
    0x9a, 0x00, 0x00, 0x00, 0x4b, 0x8b, 0x7c, 0xe6, 0x08, 0xe8, 0x22, 0x8b,
    0x00, 0x00, 0xf2, 0x0f, 0x10, 0x0d, 0x6a, 0xf4, 0x01, 0x00, 0xf2, 0x0f,
    0x10, 0x55, 0xc8, 0xeb, 0x04, 0x66, 0x0f, 0x28, 0xd1, 0xf2, 0x0f, 0x58,
    0x05, 0x7f, 0xf4, 0x01, 0x00, 0x66, 0x0f, 0x2e, 0xc2, 0x0f, 0x82, 0x3f,
    0x01, 0x00, 0x00, 0x48, 0x8b, 0x45, 0xd0, 0x48, 0x85, 0xc0, 0x41, 0xbe,
    0x60, 0x0f, 0x42, 0x00, 0x4c, 0x0f, 0x45, 0xf0, 0x4c, 0x89, 0xf7, 0xf2,
    0x0f, 0x11, 0x45, 0xc8, 0x66, 0x0f, 0x28, 0xc2, 0xb0, 0x01, 0xf2, 0x0f,
    0x11, 0x4d, 0xc0, 0xf2, 0x0f, 0x11, 0x55, 0xd0, 0x0f, 0x1f, 0x40, 0x00,
    0xe8, 0xeb, 0xc1, 0x00, 0x00, 0xf2, 0x0f, 0x10, 0x4d, 0xd0, 0xf2, 0x0f,
    0x58, 0x4d, 0xc0, 0xf2, 0x0f, 0x10, 0x45, 0xc8, 0x66, 0x0f, 0x2e, 0xc1,
    0x0f, 0x82, 0xe8, 0x00, 0x00, 0x00, 0xf2, 0x0f, 0x11, 0x4d, 0xd0, 0xbf,
    0xf6, 0x0c, 0x42, 0x00, 0x48, 0x89, 0xde, 0x31, 0xc0, 0xe8, 0xbe, 0xc1,
    0x00, 0x00, 0x4c, 0x89, 0xf7, 0xf2, 0x0f, 0x10, 0x45, 0xd0, 0xb0, 0x01,
    0xeb, 0xc2, 0x4b, 0x8b, 0x7c, 0xe6, 0x08, 0xe8, 0x88, 0x8a, 0x00, 0x00,
    0xf2, 0x0f, 0x11, 0x45, 0xc0, 0x4b, 0x8b, 0x7c, 0xe6, 0x10, 0xe8, 0x79,
    0x8a, 0x00, 0x00, 0xf2, 0x0f, 0x10, 0x4d, 0xc0, 0x66, 0x0f, 0x28, 0xd8,
    0x66, 0x0f, 0x57, 0xc0, 0x66, 0x0f, 0x2e, 0xc8, 0x75, 0x17, 0x7a, 0x15,
    0x48, 0x8b, 0x05, 0x55, 0x1b, 0x02, 0x00, 0x48, 0x8b, 0x78, 0x18, 0xbe,
    0xbc, 0x06, 0x42, 0x00, 0xe9, 0xe9, 0xfe, 0xff, 0xff, 0x76, 0x0e, 0xf2,
    0x0f, 0x10, 0x55, 0xc8, 0x66, 0x0f, 0x28, 0xc3, 0xe9, 0x30, 0xff, 0xff,
    0xff, 0xf2, 0x0f, 0x58, 0x1d, 0xd7, 0xf3, 0x01, 0x00, 0xf2, 0x0f, 0x10,
    0x45, 0xc8, 0x66, 0x0f, 0x2e, 0xc3, 0x72, 0x6e, 0x48, 0x8b, 0x45, 0xd0,
    0x48, 0x85, 0xc0, 0x41, 0xbe, 0x60, 0x0f, 0x42, 0x00, 0x4c, 0x0f, 0x45,
    0xf0, 0x4c, 0x89, 0xf7, 0xf2, 0x0f, 0x10, 0x45, 0xc8, 0xb0, 0x01, 0xf2,
    0x0f, 0x11, 0x5d, 0xd0, 0x66, 0x66, 0x66, 0x2e, 0x0f, 0x1f, 0x84, 0x00,
    0x00, 0x00, 0x00, 0x00, 0xe8, 0x1b, 0xc1, 0x00, 0x00, 0xf2, 0x0f, 0x10,
    0x45, 0xc8, 0xf2, 0x0f, 0x58, 0x45, 0xc0, 0x66, 0x0f, 0x2e, 0x45, 0xd0,
    0x72, 0x20, 0xf2, 0x0f, 0x11, 0x45, 0xc8, 0xbf, 0xf6, 0x0c, 0x42, 0x00,
    0x48, 0x89, 0xde, 0x31, 0xc0, 0xe8, 0xf6, 0xc0, 0x00, 0x00, 0x4c, 0x89,
    0xf7, 0xf2, 0x0f, 0x10, 0x45, 0xc8, 0xb0, 0x01, 0xeb, 0xca, 0xbf, 0x5e,
    0x12, 0x42, 0x00, 0x31, 0xc0, 0xe8, 0xde, 0xc0, 0x00, 0x00, 0x48, 0x8b,
    0x05, 0xaf, 0x1a, 0x02, 0x00, 0x48, 0x8b, 0x78, 0x10, 0xe8, 0x7e, 0x4f,
    0x01, 0x00, 0x31, 0xc0, 0x48, 0x83, 0xc4, 0x18, 0x5b, 0x41, 0x5c, 0x41,
    0x5d, 0x41, 0x5e, 0x41, 0x5f, 0x5d, 0xc3, 0x66, 0x66, 0x66, 0x66, 0x2e,
    0x0f, 0x1f, 0x84, 0x00, 0x00, 0x00, 0x00, 0x00, 0x55, 0x48, 0x89, 0xe5,
    0x41, 0x57, 0x41, 0x56, 0x41, 0x55, 0x41, 0x54, 0x53, 0x48, 0x81, 0xec,
    0x48, 0x10, 0x00, 0x00, 0x49, 0x89, 0xf6, 0x89, 0xfb, 0x83, 0xff, 0x02,
    0x7c, 0x4b, 0x41, 0x89, 0xdd, 0x45, 0x31, 0xff, 0x41, 0xbc, 0x01, 0x00,
    0x00, 0x00, 0xeb, 0x12, 0x0f, 0x1f, 0x40, 0x00, 0x41, 0xbf, 0x01, 0x00,
    0x00, 0x00, 0x49, 0xff, 0xc4, 0x4d, 0x39, 0xe5, 0x74, 0x39, 0x4b, 0x8b,
    0x3c, 0xe6, 0x80, 0x3f, 0x2d, 0x75, 0x33, 0xbe, 0xd9, 0x0e, 0x42, 0x00,
    0xe8, 0x6f, 0x8c, 0x01, 0x00, 0x85, 0xc0, 0x74, 0xdb, 0x4b, 0x8b, 0x3c,
    0xe6, 0xbe, 0xfd, 0x0c, 0x42, 0x00, 0xe8, 0x5d, 0x8c, 0x01, 0x00, 0x85,
    0xc0, 0x74, 0xcf, 0xeb, 0x11, 0x41, 0xbf, 0x01, 0x06, 0x00, 0x00, 0x41,
    0xbc, 0x01, 0x00, 0x00, 0x00, 0xeb, 0x15, 0x45, 0x89, 0xec, 0x45, 0x85,
    0xff, 0xb8, 0x01, 0x06, 0x00, 0x00, 0x41, 0xbf, 0x09, 0x02, 0x00, 0x00,
    0x44, 0x0f, 0x44, 0xf8, 0x45, 0x31, 0xed, 0x41, 0x39, 0xdc, 0x7d, 0x78,
    0x44, 0x89, 0xe0, 0x4d, 0x8d, 0x34, 0xc6, 0x41, 0xff, 0xc4, 0x45, 0x31,
    0xed, 0x66, 0x66, 0x66, 0x66, 0x66, 0x66, 0x2e, 0x0f, 0x1f, 0x84, 0x00,
    0x00, 0x00, 0x00, 0x00, 0x49, 0x8b, 0x3e, 0x44, 0x89, 0xfe, 0xba, 0xa4,
    0x01, 0x00, 0x00, 0x31, 0xc0, 0xe8, 0x6e, 0x71, 0x00, 0x00, 0x85, 0xc0,
    0x78, 0x1a, 0x49, 0x63, 0xcd, 0x41, 0xff, 0xc5, 0x89, 0x44, 0x8d, 0x90,
    0x44, 0x39, 0xe3, 0x7f, 0x2a, 0xeb, 0x35, 0x66, 0x0f, 0x1f, 0x84, 0x00,
    0x00, 0x00, 0x00, 0x00, 0x48, 0x8b, 0x05, 0xa1, 0x19, 0x02, 0x00, 0x48,
    0x8b, 0x78, 0x18, 0x49, 0x8b, 0x16, 0xbe, 0x20, 0x16, 0x42, 0x00, 0x31,
    0xc0, 0xe8, 0xf6, 0x7a, 0x01, 0x00, 0x44, 0x39, 0xe3, 0x7e, 0x0d, 0x49,
    0x83, 0xc6, 0x08, 0x41, 0xff, 0xc4, 0x41, 0x83, 0xfd, 0x10, 0x7c, 0xa4,
    0x48, 0x8d, 0xb5, 0x90, 0xef, 0xff, 0xff, 0xba, 0x00, 0x10, 0x00, 0x00,
    0x31, 0xff, 0xe8, 0xf1, 0x70, 0x00, 0x00, 0x45, 0x89, 0xef, 0x85, 0xc0,
    0x7e, 0x54, 0x48, 0x8d, 0x9d, 0x90, 0xef, 0xff, 0xff, 0xeb, 0x14, 0x90,
    0xba, 0x00, 0x10, 0x00, 0x00, 0x31, 0xff, 0x48, 0x89, 0xde, 0xe8, 0xd1,
    0x70, 0x00, 0x00, 0x85, 0xc0, 0x7e, 0x37, 0x41, 0x89, 0xc6, 0xbf, 0x01,
    0x00, 0x00, 0x00, 0x48, 0x89, 0xde, 0x4c, 0x89, 0xf2, 0xe8, 0xca, 0x70,
    0x00, 0x00, 0x45, 0x85, 0xed, 0x7e, 0xd5, 0x45, 0x31, 0xe4, 0x66, 0x90,
    0x42, 0x8b, 0x7c, 0xa5, 0x90, 0x48, 0x89, 0xde, 0x4c, 0x89, 0xf2, 0xe8,
    0xb0, 0x70, 0x00, 0x00, 0x49, 0xff, 0xc4, 0x4d, 0x39, 0xe7, 0x75, 0xe8,
    0xeb, 0xb6, 0x45, 0x85, 0xed, 0x7e, 0x22, 0x31, 0xdb, 0x66, 0x66, 0x66,
    0x66, 0x66, 0x66, 0x2e, 0x0f, 0x1f, 0x84, 0x00, 0x00, 0x00, 0x00, 0x00,
    0x8b, 0x7c, 0x9d, 0x90, 0xe8, 0xd7, 0x70, 0x00, 0x00, 0x48, 0xff, 0xc3,
    0x49, 0x39, 0xdf, 0x75, 0xef, 0x31, 0xc0, 0x48, 0x81, 0xc4, 0x48, 0x10,
    0x00, 0x00, 0x5b, 0x41, 0x5c, 0x41, 0x5d, 0x41, 0x5e, 0x41, 0x5f, 0x5d,
    0xc3, 0x66, 0x66, 0x2e, 0x0f, 0x1f, 0x84, 0x00, 0x00, 0x00, 0x00, 0x00,
    0x55, 0x48, 0x89, 0xe5, 0x41, 0x57, 0x41, 0x56, 0x53, 0x48, 0x81, 0xec,
    0xc8, 0x00, 0x00, 0x00, 0x89, 0xfb, 0x48, 0x8b, 0x06, 0x48, 0x8d, 0x48,
    0x01, 0xeb, 0x0b, 0x0f, 0x1f, 0x44, 0x00, 0x00, 0x48, 0x89, 0xc8, 0x48,
    0xff, 0xc1, 0x0f, 0xb6, 0x51, 0xff, 0x83, 0xfa, 0x2f, 0x74, 0xf1, 0x85,
    0xd2, 0x75, 0xf0, 0x80, 0x38, 0x5b, 0x75, 0x43, 0x83, 0xfb, 0x02, 0x7c,
    0x18, 0x89, 0xd8, 0x48, 0x8b, 0x7c, 0xc6, 0xf8, 0x49, 0x89, 0xf6, 0xbe,
    0xc8, 0x11, 0x42, 0x00, 0xe8, 0xaf, 0x8a, 0x01, 0x00, 0x85, 0xc0, 0x74,
    0x19, 0x48, 0x8b, 0x05, 0x6c, 0x18, 0x02, 0x00, 0x48, 0x8b, 0x78, 0x18,
    0xbe, 0xf8, 0x04, 0x42, 0x00, 0x31, 0xc0, 0xe8, 0xc4, 0x79, 0x01, 0x00,
    0xeb, 0x2a, 0x4c, 0x89, 0xf6, 0xff, 0xcb, 0x49, 0xc7, 0x04, 0xde, 0x00,
    0x00, 0x00, 0x00, 0x8d, 0x43, 0xff, 0x83, 0xf8, 0x03, 0x77, 0x15, 0xff,
    0x24, 0xc5, 0x68, 0xd3, 0x41, 0x00, 0x48, 0x8b, 0x46, 0x08, 0x31, 0xdb,
    0x80, 0x38, 0x00, 0x0f, 0x94, 0xc3, 0xeb, 0x05, 0xbb, 0x02, 0x00, 0x00,
    0x00, 0x89, 0xd8, 0x48, 0x81, 0xc4, 0xc8, 0x00, 0x00, 0x00, 0x5b, 0x41,
    0x5e, 0x41, 0x5f, 0x5d, 0xc3, 0x48, 0x8b, 0x5e, 0x08, 0x49, 0x89, 0xf7,
    0x4c, 0x8b, 0x76, 0x10, 0xbe, 0xdb, 0x16, 0x42, 0x00, 0x48, 0x89, 0xdf,
    0xe8, 0x3b, 0x8a, 0x01, 0x00, 0x85, 0xc0, 0x0f, 0x84, 0x2c, 0x02, 0x00,
    0x00, 0xbe, 0xff, 0x0d, 0x42, 0x00, 0x48, 0x89, 0xdf, 0xe8, 0x26, 0x8a,
    0x01, 0x00, 0x85, 0xc0, 0x0f, 0x84, 0x25, 0x02, 0x00, 0x00, 0xbe, 0xf5,
    0x04, 0x42, 0x00, 0x48, 0x89, 0xdf, 0xe8, 0x11, 0x8a, 0x01, 0x00, 0x85,
    0xc0, 0x0f, 0x84, 0x1e, 0x02, 0x00, 0x00, 0xbe, 0xca, 0x0b, 0x42, 0x00,
    0x48, 0x89, 0xdf, 0xe8, 0xfc, 0x89, 0x01, 0x00, 0x85, 0xc0, 0x0f, 0x84,
    0x54, 0x02, 0x00, 0x00, 0xbe, 0xe0, 0x12, 0x42, 0x00, 0x48, 0x89, 0xdf,
    0xe8, 0xe7, 0x89, 0x01, 0x00, 0x85, 0xc0, 0x0f, 0x84, 0x2e, 0x02, 0x00,
    0x00, 0xbe, 0x36, 0x16, 0x42, 0x00, 0x48, 0x89, 0xdf, 0xe8, 0xd2, 0x89,
    0x01, 0x00, 0x85, 0xc0, 0x0f, 0x84, 0x19, 0x02, 0x00, 0x00, 0xbe, 0xb9,
    0x06, 0x42, 0x00, 0x48, 0x89, 0xdf, 0xe8, 0xbd, 0x89, 0x01, 0x00, 0x85,
    0xc0, 0x0f, 0x84, 0x04, 0x02, 0x00, 0x00, 0xbe, 0xdd, 0x12, 0x42, 0x00,
    0x48, 0x89, 0xdf, 0xe8, 0xa8, 0x89, 0x01, 0x00, 0x85, 0xc0, 0x0f, 0x84,
    0xad, 0x02, 0x00, 0x00, 0xbe, 0x52, 0x0b, 0x42, 0x00, 0x48, 0x89, 0xdf,
    0xe8, 0x93, 0x89, 0x01, 0x00, 0xbb, 0x02, 0x00, 0x00, 0x00, 0x85, 0xc0,
    0x0f, 0x85, 0x23, 0xff, 0xff, 0xff, 0x4c, 0x89, 0xfe, 0x48, 0x83, 0xc6,
    0x08, 0xbf, 0x02, 0x00, 0x00, 0x00, 0xe8, 0x75, 0xfe, 0xff, 0xff, 0xe9,
    0xb3, 0x01, 0x00, 0x00, 0x4c, 0x8b, 0x7e, 0x08, 0x48, 0x8b, 0x5e, 0x10,
    0x4c, 0x8b, 0x76, 0x18, 0xbe, 0x60, 0x12, 0x42, 0x00, 0x48, 0x89, 0xdf,
    0xe8, 0x57, 0x89, 0x01, 0x00, 0x85, 0xc0, 0x0f, 0x84, 0x31, 0x01, 0x00,
    0x00, 0xbe, 0x7b, 0x05, 0x42, 0x00, 0x48, 0x89, 0xdf, 0xe8, 0x42, 0x89,
    0x01, 0x00, 0x85, 0xc0, 0x0f, 0x84, 0x1c, 0x01, 0x00, 0x00, 0xbe, 0x00,
    0x0d, 0x42, 0x00, 0x48, 0x89, 0xdf, 0xe8, 0x2d, 0x89, 0x01, 0x00, 0x85,
    0xc0, 0x0f, 0x84, 0x5d, 0x01, 0x00, 0x00, 0xbe, 0x63, 0x0f, 0x42, 0x00,
    0x48, 0x89, 0xdf, 0xe8, 0x18, 0x89, 0x01, 0x00, 0x85, 0xc0, 0x0f, 0x84,
    0x9d, 0x01, 0x00, 0x00, 0xbe, 0x00, 0x19, 0x42, 0x00, 0x48, 0x89, 0xdf,
    0xe8, 0x03, 0x89, 0x01, 0x00, 0x85, 0xc0, 0x0f, 0x84, 0xa8, 0x01, 0x00,
    0x00, 0xbe, 0x0e, 0x0c, 0x42, 0x00, 0x48, 0x89, 0xdf, 0xe8, 0xee, 0x88,
    0x01, 0x00, 0x85, 0xc0, 0x0f, 0x84, 0xb3, 0x01, 0x00, 0x00, 0xbe, 0xca,
    0x11, 0x42, 0x00, 0x48, 0x89, 0xdf, 0xe8, 0xd9, 0x88, 0x01, 0x00, 0x85,
    0xc0, 0x0f, 0x84, 0xbe, 0x01, 0x00, 0x00, 0xbe, 0x7e, 0x05, 0x42, 0x00,
    0x48, 0x89, 0xdf, 0xe8, 0xc4, 0x88, 0x01, 0x00, 0x85, 0xc0, 0x0f, 0x84,
    0xf2, 0x01, 0x00, 0x00, 0xbe, 0x67, 0x0f, 0x42, 0x00, 0x48, 0x89, 0xdf,
    0xe8, 0xaf, 0x88, 0x01, 0x00, 0x85, 0xc0, 0x0f, 0x84, 0xfd, 0x01, 0x00,
    0x00, 0xbe, 0xd9, 0x0e, 0x42, 0x00, 0x48, 0x89, 0xdf, 0xe8, 0x9a, 0x88,
    0x01, 0x00, 0x85, 0xc0, 0x0f, 0x84, 0x08, 0x02, 0x00, 0x00, 0xbe, 0x7a,
    0x19, 0x42, 0x00, 0x48, 0x89, 0xdf, 0xe8, 0x85, 0x88, 0x01, 0x00, 0xbb,
    0x02, 0x00, 0x00, 0x00, 0x85, 0xc0, 0x0f, 0x85, 0x15, 0xfe, 0xff, 0xff,
    0x48, 0xc7, 0x45, 0xb8, 0x45, 0x09, 0x42, 0x00, 0x4c, 0x89, 0x7d, 0xc0,
    0x48, 0xc7, 0x45, 0xc8, 0x00, 0x00, 0x00, 0x00, 0x48, 0x8d, 0x75, 0xb8,
    0xbf, 0x02, 0x00, 0x00, 0x00, 0xe8, 0x56, 0xfd, 0xff, 0xff, 0x89, 0xc3,
    0x48, 0xc7, 0x45, 0xd0, 0x45, 0x09, 0x42, 0x00, 0x4c, 0x89, 0x75, 0xd8,
    0x48, 0xc7, 0x45, 0xe0, 0x00, 0x00, 0x00, 0x00, 0x48, 0x8d, 0x75, 0xd0,
    0xbf, 0x02, 0x00, 0x00, 0x00, 0xe8, 0x32, 0xfd, 0xff, 0xff, 0x85, 0xdb,
    0x0f, 0x95, 0xc1, 0x85, 0xc0, 0x0f, 0x95, 0xc0, 0x20, 0xc8, 0x0f, 0xb6,
    0xd8, 0xe9, 0xbb, 0xfd, 0xff, 0xff, 0x4c, 0x89, 0xff, 0x4c, 0x89, 0xf6,
    0xe8, 0x13, 0x88, 0x01, 0x00, 0x31, 0xdb, 0x85, 0xc0, 0x0f, 0x95, 0xc3,
    0xe9, 0xa4, 0xfd, 0xff, 0xff, 0x31, 0xdb, 0x41, 0x80, 0x3e, 0x00, 0x0f,
    0x95, 0xc3, 0xe9, 0x96, 0xfd, 0xff, 0xff, 0x31, 0xdb, 0x41, 0x80, 0x3e,
    0x00, 0x0f, 0x94, 0xc3, 0xe9, 0x88, 0xfd, 0xff, 0xff, 0x48, 0x8d, 0xb5,
    0x20, 0xff, 0xff, 0xff, 0x4c, 0x89, 0xf7, 0xe8, 0xdc, 0x6d, 0x00, 0x00,
    0x8b, 0x8d, 0x24, 0xff, 0xff, 0xff, 0x81, 0xe1, 0x00, 0xf0, 0x00, 0x00,
    0x81, 0xf1, 0x00, 0x80, 0x00, 0x00, 0xeb, 0x49, 0x4c, 0x89, 0xff, 0x4c,
    0x89, 0xf6, 0xe8, 0xbd, 0x87, 0x01, 0x00, 0x31, 0xdb, 0x85, 0xc0, 0x0f,
    0x94, 0xc3, 0xe9, 0x4e, 0xfd, 0xff, 0xff, 0x48, 0x8d, 0xb5, 0x20, 0xff,
    0xff, 0xff, 0x4c, 0x89, 0xf7, 0xe8, 0xa2, 0x6d, 0x00, 0x00, 0xeb, 0x8d,
    0x48, 0x8d, 0xb5, 0x20, 0xff, 0xff, 0xff, 0x4c, 0x89, 0xf7, 0xe8, 0x91,
    0x6d, 0x00, 0x00, 0x8b, 0x8d, 0x24, 0xff, 0xff, 0xff, 0x81, 0xe1, 0x00,
    0xf0, 0x00, 0x00, 0x81, 0xf1, 0x00, 0x40, 0x00, 0x00, 0x31, 0xdb, 0x09,
    0xc1, 0x0f, 0x95, 0xc3, 0xe9, 0x10, 0xfd, 0xff, 0xff, 0x4c, 0x89, 0xff,
    0xe8, 0x4b, 0x84, 0x00, 0x00, 0x41, 0x89, 0xc7, 0x4c, 0x89, 0xf7, 0xe8,
    0x40, 0x84, 0x00, 0x00, 0x31, 0xdb, 0x41, 0x39, 0xc7, 0x0f, 0x95, 0xc3,
    0xe9, 0xf0, 0xfc, 0xff, 0xff, 0x4c, 0x89, 0xff, 0xe8, 0x2b, 0x84, 0x00,
    0x00, 0x41, 0x89, 0xc7, 0x4c, 0x89, 0xf7, 0xe8, 0x20, 0x84, 0x00, 0x00,
    0x31, 0xdb, 0x41, 0x39, 0xc7, 0x0f, 0x94, 0xc3, 0xe9, 0xd0, 0xfc, 0xff,
    0xff, 0x4c, 0x89, 0xff, 0xe8, 0x0b, 0x84, 0x00, 0x00, 0x41, 0x89, 0xc7,
    0x4c, 0x89, 0xf7, 0xe8, 0x00, 0x84, 0x00, 0x00, 0x31, 0xdb, 0x41, 0x39,
    0xc7, 0x0f, 0x9d, 0xc3, 0xe9, 0xb0, 0xfc, 0xff, 0xff, 0x4c, 0x89, 0xff,
    0xe8, 0xeb, 0x83, 0x00, 0x00, 0x41, 0x89, 0xc7, 0x4c, 0x89, 0xf7, 0xe8,
    0xe0, 0x83, 0x00, 0x00, 0x31, 0xdb, 0x41, 0x39, 0xc7, 0x0f, 0x9f, 0xc3,
    0xe9, 0x90, 0xfc, 0xff, 0xff, 0x48, 0x8d, 0xb5, 0x20, 0xff, 0xff, 0xff,
    0x4c, 0x89, 0xf7, 0xe8, 0xe4, 0x6c, 0x00, 0x00, 0x85, 0xc0, 0x0f, 0x95,
    0xc0, 0x48, 0x83, 0xbd, 0x30, 0xff, 0xff, 0xff, 0x00, 0x0f, 0x9e, 0xc1,
    0x08, 0xc1, 0x0f, 0xb6, 0xd9, 0xe9, 0x67, 0xfc, 0xff, 0xff, 0x4c, 0x89,
    0xff, 0xe8, 0xa2, 0x83, 0x00, 0x00, 0x41, 0x89, 0xc7, 0x4c, 0x89, 0xf7,
    0xe8, 0x97, 0x83, 0x00, 0x00, 0x31, 0xdb, 0x41, 0x39, 0xc7, 0x0f, 0x9e,
    0xc3, 0xe9, 0x47, 0xfc, 0xff, 0xff, 0x4c, 0x89, 0xff, 0xe8, 0x82, 0x83,
    0x00, 0x00, 0x41, 0x89, 0xc7, 0x4c, 0x89, 0xf7, 0xe8, 0x77, 0x83, 0x00,
    0x00, 0x31, 0xdb, 0x41, 0x39, 0xc7, 0x0f, 0x9c, 0xc3, 0xe9, 0x27, 0xfc,
    0xff, 0xff, 0x48, 0xc7, 0x45, 0x88, 0x45, 0x09, 0x42, 0x00, 0x4c, 0x89,
    0x7d, 0x90, 0x48, 0xc7, 0x45, 0x98, 0x00, 0x00, 0x00, 0x00, 0x48, 0x8d,
    0x75, 0x88, 0xbf, 0x02, 0x00, 0x00, 0x00, 0xe8, 0x68, 0xfb, 0xff, 0xff,
    0x41, 0x89, 0xc7, 0x48, 0xc7, 0x45, 0xa0, 0x45, 0x09, 0x42, 0x00, 0x4c,
    0x89, 0x75, 0xa8, 0x48, 0xc7, 0x45, 0xb0, 0x00, 0x00, 0x00, 0x00, 0x48,
    0x8d, 0x75, 0xa0, 0xbf, 0x02, 0x00, 0x00, 0x00, 0xe8, 0x43, 0xfb, 0xff,
    0xff, 0x31, 0xdb, 0x44, 0x09, 0xf8, 0x0f, 0x95, 0xc3, 0xe9, 0xd3, 0xfb,
    0xff, 0xff, 0x66, 0x0f, 0x1f, 0x44, 0x00, 0x00, 0x83, 0xff, 0x02, 0x0f,
    0x8c, 0x82, 0x02, 0x00, 0x00, 0x55, 0x48, 0x89, 0xe5, 0x41, 0x57, 0x41,
    0x56, 0x41, 0x55, 0x41, 0x54, 0x53, 0x48, 0x83, 0xec, 0x48, 0x48, 0x89,
    0xf3, 0x41, 0x89, 0xfe, 0x4c, 0x8b, 0x6e, 0x08, 0x41, 0xbc, 0x02, 0x00,
    0x00, 0x00, 0xeb, 0x07, 0x0f, 0x1f, 0x40, 0x00, 0x4d, 0x89, 0xfd, 0x41,
    0x0f, 0xb6, 0x45, 0x00, 0x83, 0xf8, 0x25, 0x74, 0x33, 0x83, 0xf8, 0x5c,
    0x0f, 0x85, 0x96, 0x00, 0x00, 0x00, 0x4d, 0x8d, 0x7d, 0x01, 0x41, 0x0f,
    0xb6, 0x45, 0x01, 0x8d, 0x48, 0xa4, 0x83, 0xf9, 0x18, 0x77, 0x33, 0xff,
    0x24, 0xcd, 0x28, 0xd5, 0x41, 0x00, 0xbf, 0x5c, 0x00, 0x00, 0x00, 0xeb,
    0x5b, 0x66, 0x66, 0x2e, 0x0f, 0x1f, 0x84, 0x00, 0x00, 0x00, 0x00, 0x00,
    0x41, 0x0f, 0xb6, 0x45, 0x01, 0x83, 0xf8, 0x25, 0x75, 0x7a, 0xbf, 0x25,
    0x00, 0x00, 0x00, 0xe8, 0x9c, 0x3f, 0x01, 0x00, 0x49, 0x83, 0xc5, 0x02,
    0xeb, 0xa9, 0x83, 0xf8, 0x30, 0x75, 0x04, 0x31, 0xff, 0xeb, 0x2d, 0xbf,
    0x5c, 0x00, 0x00, 0x00, 0xe8, 0x83, 0x3f, 0x01, 0x00, 0x41, 0x0f, 0xbe,
    0x3f, 0xeb, 0x1d, 0xbf, 0x0d, 0x00, 0x00, 0x00, 0xeb, 0x16, 0xbf, 0x09,
    0x00, 0x00, 0x00, 0xeb, 0x0f, 0xbf, 0x0a, 0x00, 0x00, 0x00, 0x66, 0x2e,
    0x0f, 0x1f, 0x84, 0x00, 0x00, 0x00, 0x00, 0x00, 0xe8, 0x5b, 0x3f, 0x01,
    0x00, 0x41, 0x80, 0x7d, 0x01, 0x00, 0x0f, 0x84, 0x60, 0xff, 0xff, 0xff,
    0x49, 0x83, 0xc5, 0x02, 0x4d, 0x89, 0xef, 0xe9, 0x54, 0xff, 0xff, 0xff,
    0x85, 0xc0, 0x0f, 0x84, 0x89, 0x01, 0x00, 0x00, 0x0f, 0xbe, 0xf8, 0xe8,
    0x34, 0x3f, 0x01, 0x00, 0x49, 0xff, 0xc5, 0xe9, 0x3f, 0xff, 0xff, 0xff,
    0x85, 0xc0, 0x0f, 0x84, 0x71, 0x01, 0x00, 0x00, 0xc6, 0x45, 0x90, 0x25,
    0x41, 0xbf, 0x01, 0x00, 0x00, 0x00, 0x66, 0x2e, 0x0f, 0x1f, 0x84, 0x00,
    0x00, 0x00, 0x00, 0x00, 0x0f, 0xbe, 0xf0, 0xbf, 0x82, 0x05, 0x42, 0x00,
    0xe8, 0x83, 0x82, 0x01, 0x00, 0x48, 0x85, 0xc0, 0x74, 0x29, 0x43, 0x0f,
    0xb6, 0x44, 0x3d, 0x00, 0x49, 0x8d, 0x4f, 0x01, 0x42, 0x88, 0x44, 0x3d,
    0x90, 0x43, 0x0f, 0xb6, 0x44, 0x3d, 0x01, 0x49, 0x89, 0xcf, 0x84, 0xc0,
    0x75, 0xd2, 0x49, 0x01, 0xcd, 0x31, 0xc0, 0x41, 0x89, 0xcf, 0xe9, 0x7d,
    0x00, 0x00, 0x00, 0x43, 0x0f, 0xb6, 0x44, 0x3d, 0x00, 0x8d, 0x48, 0xd0,
    0x80, 0xf9, 0x09, 0x77, 0x1d, 0x0f, 0x1f, 0x80, 0x00, 0x00, 0x00, 0x00,
    0x42, 0x88, 0x44, 0x3d, 0x90, 0x43, 0x0f, 0xb6, 0x44, 0x3d, 0x01, 0x49,
    0xff, 0xc7, 0x8d, 0x48, 0xd0, 0x80, 0xf9, 0x0a, 0x72, 0xea, 0x4d, 0x01,
    0xfd, 0x3c, 0x2e, 0x75, 0x4b, 0x44, 0x89, 0xf8, 0xc6, 0x44, 0x05, 0x90,
    0x2e, 0x41, 0xff, 0xc7, 0x41, 0x0f, 0xb6, 0x45, 0x01, 0x49, 0xff, 0xc5,
    0x8d, 0x48, 0xd0, 0x80, 0xf9, 0x09, 0x77, 0x30, 0x44, 0x89, 0xf9, 0x48,
    0x01, 0xe9, 0x48, 0x83, 0xc1, 0x90, 0x66, 0x66, 0x66, 0x66, 0x66, 0x2e,
    0x0f, 0x1f, 0x84, 0x00, 0x00, 0x00, 0x00, 0x00, 0x88, 0x01, 0x41, 0x0f,
    0xb6, 0x45, 0x01, 0x49, 0xff, 0xc5, 0x8d, 0x50, 0xd0, 0x48, 0xff, 0xc1,
    0x41, 0xff, 0xc7, 0x80, 0xfa, 0x0a, 0x72, 0xe8, 0x49, 0x63, 0xcf, 0x88,
    0x44, 0x0d, 0x90, 0xc6, 0x44, 0x0d, 0x91, 0x00, 0x41, 0x80, 0x7d, 0x00,
    0x01, 0x49, 0x83, 0xdd, 0xff, 0xbe, 0x45, 0x09, 0x42, 0x00, 0x45, 0x39,
    0xf4, 0x7d, 0x0a, 0x49, 0x63, 0xcc, 0x41, 0xff, 0xc4, 0x48, 0x8b, 0x34,
    0xcb, 0x0f, 0xb6, 0xc0, 0x83, 0xc0, 0xbb, 0x83, 0xf8, 0x33, 0x77, 0x5c,
    0xff, 0x24, 0xc5, 0x88, 0xd3, 0x41, 0x00, 0x48, 0x89, 0xf7, 0xe8, 0xf5,
    0x80, 0x00, 0x00, 0x48, 0x8d, 0x7d, 0x90, 0xb0, 0x01, 0xe8, 0x0a, 0xb8,
    0x00, 0x00, 0xe9, 0x18, 0xfe, 0xff, 0xff, 0x48, 0x89, 0xf7, 0x31, 0xf6,
    0x31, 0xd2, 0xe8, 0x89, 0x3d, 0x01, 0x00, 0x48, 0x8d, 0x7d, 0x90, 0x89,
    0xc6, 0xeb, 0x17, 0x48, 0x89, 0xf7, 0xe8, 0xd9, 0x80, 0x00, 0x00, 0x48,
    0x8d, 0x7d, 0x90, 0x89, 0xc6, 0xeb, 0x07, 0x0f, 0xbe, 0x36, 0x48, 0x8d,
    0x7d, 0x90, 0x31, 0xc0, 0xe8, 0xd3, 0xb7, 0x00, 0x00, 0xe9, 0xe1, 0xfd,
    0xff, 0xff, 0x48, 0x8d, 0x7d, 0x90, 0xeb, 0x09, 0xbf, 0xf6, 0x0c, 0x42,
    0x00, 0x48, 0x8d, 0x75, 0x90, 0x31, 0xc0, 0xe8, 0xb8, 0xb7, 0x00, 0x00,
    0xe9, 0xc6, 0xfd, 0xff, 0xff, 0x48, 0x8b, 0x05, 0x84, 0x11, 0x02, 0x00,
    0x48, 0x8b, 0x78, 0x10, 0xe8, 0x53, 0x46, 0x01, 0x00, 0x48, 0x83, 0xc4,
    0x48, 0x5b, 0x41, 0x5c, 0x41, 0x5d, 0x41, 0x5e, 0x41, 0x5f, 0x5d, 0x31,
    0xc0, 0xc3, 0x66, 0x90, 0x55, 0x48, 0x89, 0xe5, 0x41, 0x57, 0x41, 0x56,
    0x41, 0x55, 0x41, 0x54, 0x53, 0x50, 0x83, 0xff, 0x01, 0x7f, 0x22, 0x48,
    0x8b, 0x05, 0x4e, 0x11, 0x02, 0x00, 0x48, 0x8b, 0x78, 0x18, 0xbe, 0x12,
    0x0c, 0x42, 0x00, 0x31, 0xc0, 0xe8, 0xa6, 0x72, 0x01, 0x00, 0x41, 0xbf,
    0x01, 0x00, 0x00, 0x00, 0xe9, 0x85, 0x01, 0x00, 0x00, 0x48, 0x89, 0xf3,
    0x48, 0x8b, 0x46, 0x08, 0x41, 0xbc, 0x01, 0x00, 0x00, 0x00, 0x41, 0xbe,
    0x0f, 0x00, 0x00, 0x00, 0x80, 0x38, 0x2d, 0x0f, 0x85, 0xe5, 0x00, 0x00,
    0x00, 0x41, 0x89, 0xff, 0xbe, 0x9a, 0x0a, 0x42, 0x00, 0x48, 0x89, 0xc7,
    0xe8, 0x3f, 0x83, 0x01, 0x00, 0x85, 0xc0, 0x0f, 0x84, 0x32, 0x01, 0x00,
    0x00, 0x48, 0x8b, 0x7b, 0x08, 0xbe, 0xfa, 0x10, 0x42, 0x00, 0xe8, 0x29,
    0x83, 0x01, 0x00, 0x41, 0xbc, 0x02, 0x00, 0x00, 0x00, 0x85, 0xc0, 0x0f,
    0x84, 0xa8, 0x00, 0x00, 0x00, 0x48, 0x8b, 0x7b, 0x08, 0xbe, 0x39, 0x16,
    0x42, 0x00, 0xe8, 0x0d, 0x83, 0x01, 0x00, 0x85, 0xc0, 0x0f, 0x84, 0x92,
    0x00, 0x00, 0x00, 0x48, 0x8b, 0x7b, 0x08, 0xbe, 0xe3, 0x12, 0x42, 0x00,
    0xe8, 0xf7, 0x82, 0x01, 0x00, 0x85, 0xc0, 0x0f, 0x84, 0x82, 0x00, 0x00,
    0x00, 0x48, 0x8b, 0x7b, 0x08, 0xbe, 0xd1, 0x06, 0x42, 0x00, 0xe8, 0xe1,
    0x82, 0x01, 0x00, 0x85, 0xc0, 0x44, 0x89, 0xff, 0x74, 0x70, 0x48, 0x8b,
    0x7b, 0x08, 0xbe, 0x31, 0x0c, 0x42, 0x00, 0xe8, 0xcc, 0x82, 0x01, 0x00,
    0x85, 0xc0, 0x0f, 0x84, 0xf0, 0x00, 0x00, 0x00, 0x48, 0x8b, 0x7b, 0x08,
    0xbe, 0xfd, 0x10, 0x42, 0x00, 0xe8, 0xb6, 0x82, 0x01, 0x00, 0x85, 0xc0,
    0x0f, 0x84, 0xda, 0x00, 0x00, 0x00, 0x48, 0x8b, 0x7b, 0x08, 0xbe, 0x88,
    0x05, 0x42, 0x00, 0xe8, 0xa0, 0x82, 0x01, 0x00, 0x41, 0xbe, 0x01, 0x00,
    0x00, 0x00, 0x85, 0xc0, 0x74, 0x29, 0x48, 0x8b, 0x7b, 0x08, 0xbe, 0xd7,
    0x06, 0x42, 0x00, 0xe8, 0x88, 0x82, 0x01, 0x00, 0x85, 0xc0, 0x74, 0x17,
    0x48, 0x8b, 0x7b, 0x08, 0x48, 0xff, 0xc7, 0xe8, 0x58, 0x7f, 0x00, 0x00,
    0x41, 0x89, 0xc6, 0xeb, 0x06, 0x41, 0xbe, 0x09, 0x00, 0x00, 0x00, 0x44,
    0x89, 0xff, 0x45, 0x31, 0xff, 0x41, 0x39, 0xfc, 0x0f, 0x83, 0x78, 0x00,
    0x00, 0x00, 0x45, 0x89, 0xe4, 0x41, 0x89, 0xfd, 0x45, 0x31, 0xff, 0xeb,
    0x2c, 0x0f, 0x1f, 0x00, 0xbe, 0x8b, 0x05, 0x42, 0x00, 0x48, 0x8b, 0x05,
    0x0c, 0x10, 0x02, 0x00, 0x48, 0x8b, 0x78, 0x18, 0x4a, 0x8b, 0x14, 0xe3,
    0x31, 0xc0, 0xe8, 0x65, 0x71, 0x01, 0x00, 0x41, 0xbf, 0x01, 0x00, 0x00,
    0x00, 0x49, 0xff, 0xc4, 0x4d, 0x39, 0xe5, 0x74, 0x41, 0x4a, 0x8b, 0x3c,
    0xe3, 0xe8, 0xfe, 0x7e, 0x00, 0x00, 0x85, 0xc0, 0x7e, 0xca, 0x89, 0xc7,
    0x44, 0x89, 0xf6, 0xe8, 0x40, 0x69, 0x00, 0x00, 0x85, 0xc0, 0x79, 0xdd,
    0xbe, 0x62, 0x12, 0x42, 0x00, 0xeb, 0xba, 0x45, 0x31, 0xff, 0xbf, 0x03,
    0x0d, 0x42, 0x00, 0x31, 0xc0, 0xe8, 0xe6, 0xb5, 0x00, 0x00, 0x48, 0x8b,
    0x05, 0xb7, 0x0f, 0x02, 0x00, 0x48, 0x8b, 0x78, 0x10, 0xe8, 0x86, 0x44,
    0x01, 0x00, 0x44, 0x89, 0xf8, 0x48, 0x83, 0xc4, 0x08, 0x5b, 0x41, 0x5c,
    0x41, 0x5d, 0x41, 0x5e, 0x41, 0x5f, 0x5d, 0xc3, 0x41, 0xbe, 0x02, 0x00,
    0x00, 0x00, 0xe9, 0x5c, 0xff, 0xff, 0xff, 0x66, 0x0f, 0x1f, 0x84, 0x00,
    0x00, 0x00, 0x00, 0x00, 0x55, 0x48, 0x89, 0xe5, 0x41, 0x57, 0x41, 0x56,
    0x41, 0x55, 0x41, 0x54, 0x53, 0x48, 0x81, 0xec, 0x28, 0x10, 0x00, 0x00,
    0x83, 0xff, 0x02, 0x0f, 0x8d, 0x41, 0x01, 0x00, 0x00, 0x45, 0x31, 0xe4,
    0x48, 0x8d, 0xb5, 0xb0, 0xef, 0xff, 0xff, 0xba, 0x00, 0x10, 0x00, 0x00,
    0x31, 0xff, 0xe8, 0xdd, 0x66, 0x00, 0x00, 0x41, 0xbe, 0x00, 0x00, 0x00,
    0x00, 0xbb, 0x00, 0x00, 0x00, 0x00, 0x85, 0xc0, 0x0f, 0x8e, 0x5d, 0x02,
    0x00, 0x00, 0x31, 0xd2, 0x49, 0xbd, 0x00, 0x26, 0x00, 0x00, 0x01, 0x00,
    0x00, 0x00, 0x31, 0xdb, 0x45, 0x31, 0xf6, 0x45, 0x31, 0xe4, 0xeb, 0x34,
    0x83, 0xfa, 0x01, 0x41, 0x83, 0xd6, 0x00, 0x41, 0xbf, 0x01, 0x00, 0x00,
    0x00, 0x0f, 0x1f, 0x80, 0x00, 0x00, 0x00, 0x00, 0x01, 0xcb, 0xba, 0x00,
    0x10, 0x00, 0x00, 0x31, 0xff, 0x48, 0x8d, 0xb5, 0xb0, 0xef, 0xff, 0xff,
    0xe8, 0x8b, 0x66, 0x00, 0x00, 0x44, 0x89, 0xfa, 0x85, 0xc0, 0x0f, 0x8e,
    0x13, 0x02, 0x00, 0x00, 0x89, 0xc1, 0x83, 0xf8, 0x01, 0x75, 0x39, 0x31,
    0xc0, 0x41, 0x89, 0xd7, 0xf6, 0xc1, 0x01, 0x74, 0xcf, 0x0f, 0xb6, 0x84,
    0x05, 0xb0, 0xef, 0xff, 0xff, 0x31, 0xf6, 0x48, 0x83, 0xf8, 0x0a, 0x40,
    0x0f, 0x94, 0xc6, 0x41, 0x01, 0xf4, 0x48, 0x83, 0xf8, 0x20, 0x77, 0xa0,
    0x45, 0x31, 0xff, 0x49, 0x0f, 0xa3, 0xc5, 0x72, 0xab, 0xeb, 0x95, 0x66,
    0x0f, 0x1f, 0x84, 0x00, 0x00, 0x00, 0x00, 0x00, 0x89, 0xce, 0x81, 0xe6,
    0xfe, 0xff, 0xff, 0x7f, 0x31, 0xc0, 0x44, 0x89, 0xe7, 0xeb, 0x29, 0x45,
    0x01, 0xd6, 0xba, 0x01, 0x00, 0x00, 0x00, 0x66, 0x0f, 0x1f, 0x84, 0x00,
    0x00, 0x00, 0x00, 0x00, 0x45, 0x88, 0xc8, 0x44, 0x01, 0xc7, 0x45, 0x88,
    0xdc, 0x41, 0x01, 0xfc, 0x48, 0x83, 0xc0, 0x02, 0x44, 0x89, 0xe7, 0x48,
    0x39, 0xc6, 0x74, 0x91, 0x44, 0x0f, 0xb6, 0x9c, 0x05, 0xb0, 0xef, 0xff,
    0xff, 0x45, 0x31, 0xc0, 0x49, 0x83, 0xfb, 0x0a, 0x41, 0x0f, 0x94, 0xc1,
    0x49, 0x83, 0xfb, 0x20, 0x77, 0x30, 0x41, 0xba, 0x01, 0x00, 0x00, 0x00,
    0x4d, 0x0f, 0xa3, 0xdd, 0x73, 0x24, 0x44, 0x0f, 0xb6, 0xbc, 0x05, 0xb1,
    0xef, 0xff, 0xff, 0x45, 0x31, 0xe4, 0x49, 0x83, 0xff, 0x0a, 0x41, 0x0f,
    0x94, 0xc3, 0x49, 0x83, 0xff, 0x20, 0x77, 0x97, 0x31, 0xd2, 0x4d, 0x0f,
    0xa3, 0xfd, 0x72, 0xa0, 0xeb, 0x8d, 0x83, 0xfa, 0x01, 0x41, 0x83, 0xd6,
    0x00, 0x45, 0x31, 0xd2, 0xeb, 0xd0, 0x49, 0x89, 0xf6, 0x89, 0x7d, 0xd0,
    0x89, 0xf8, 0x48, 0x89, 0x45, 0xb8, 0xbb, 0x01, 0x00, 0x00, 0x00, 0xc7,
    0x45, 0xd4, 0x00, 0x00, 0x00, 0x00, 0x45, 0x31, 0xe4, 0x45, 0x31, 0xff,
    0x48, 0x89, 0x75, 0xc0, 0xeb, 0x63, 0x66, 0x66, 0x66, 0x66, 0x66, 0x2e,
    0x0f, 0x1f, 0x84, 0x00, 0x00, 0x00, 0x00, 0x00, 0x45, 0x31, 0xed, 0x45,
    0x31, 0xe4, 0x45, 0x31, 0xff, 0x48, 0x89, 0xdf, 0xe8, 0x8f, 0x40, 0x01,
    0x00, 0x4c, 0x8b, 0x75, 0xc0, 0x48, 0x8b, 0x5d, 0xb0, 0x4d, 0x8b, 0x04,
    0xde, 0xbf, 0x7d, 0x19, 0x42, 0x00, 0x44, 0x89, 0xee, 0x44, 0x89, 0xe2,
    0x44, 0x89, 0xf9, 0x31, 0xc0, 0xe8, 0xee, 0xb3, 0x00, 0x00, 0x44, 0x01,
    0x6d, 0xd4, 0x8b, 0x45, 0xc8, 0x44, 0x01, 0xe0, 0x41, 0x89, 0xc4, 0x8b,
    0x45, 0xcc, 0x44, 0x01, 0xf8, 0x41, 0x89, 0xc7, 0x48, 0xff, 0xc3, 0x48,
    0x3b, 0x5d, 0xb8, 0x0f, 0x84, 0xcd, 0x00, 0x00, 0x00, 0x49, 0x8b, 0x3c,
    0xde, 0xbe, 0x86, 0x13, 0x42, 0x00, 0xe8, 0x9d, 0x6d, 0x01, 0x00, 0x49,
    0x89, 0xdd, 0x48, 0x85, 0xc0, 0x0f, 0x84, 0x81, 0x00, 0x00, 0x00, 0x48,
    0x89, 0xc3, 0x4c, 0x89, 0x6d, 0xb0, 0x44, 0x89, 0x7d, 0xcc, 0x44, 0x89,
    0x65, 0xc8, 0x48, 0x89, 0xc7, 0xe8, 0xda, 0x65, 0x01, 0x00, 0x83, 0xf8,
    0xff, 0x0f, 0x84, 0x71, 0xff, 0xff, 0xff, 0x45, 0x31, 0xf6, 0x45, 0x31,
    0xff, 0x45, 0x31, 0xe4, 0x45, 0x31, 0xed, 0xeb, 0x2c, 0x41, 0x83, 0xfe,
    0x01, 0x41, 0x83, 0xd4, 0x00, 0x41, 0xbe, 0x01, 0x00, 0x00, 0x00, 0x0f,
    0x1f, 0x44, 0x00, 0x00, 0x88, 0xd1, 0x41, 0x01, 0xcd, 0x48, 0x89, 0xdf,
    0xe8, 0xa3, 0x65, 0x01, 0x00, 0x41, 0xff, 0xc7, 0x83, 0xf8, 0xff, 0x0f,
    0x84, 0x40, 0xff, 0xff, 0xff, 0x31, 0xc9, 0x83, 0xf8, 0x0a, 0x0f, 0x94,
    0xc2, 0x83, 0xf8, 0x20, 0x77, 0xc7, 0x89, 0xc0, 0x48, 0xbe, 0x00, 0x26,
    0x00, 0x00, 0x01, 0x00, 0x00, 0x00, 0x48, 0x0f, 0xa3, 0xc6, 0x73, 0xb5,
    0x45, 0x31, 0xf6, 0xeb, 0xc3, 0x0f, 0x1f, 0x00, 0x48, 0x8b, 0x05, 0x01,
    0x0d, 0x02, 0x00, 0x48, 0x8b, 0x78, 0x18, 0x4b, 0x8b, 0x14, 0xee, 0xbe,
    0xe1, 0x13, 0x42, 0x00, 0x31, 0xc0, 0xe8, 0x55, 0x6e, 0x01, 0x00, 0x4c,
    0x89, 0xeb, 0xe9, 0x35, 0xff, 0xff, 0xff, 0xbf, 0xb5, 0x08, 0x42, 0x00,
    0x44, 0x89, 0xe6, 0x44, 0x89, 0xf2, 0x89, 0xd9, 0xeb, 0x14, 0x83, 0x7d,
    0xd0, 0x02, 0x74, 0x15, 0xbf, 0xe7, 0x12, 0x42, 0x00, 0x8b, 0x75, 0xd4,
    0x44, 0x89, 0xe2, 0x44, 0x89, 0xf9, 0x31, 0xc0, 0xe8, 0xe3, 0xb2, 0x00,
    0x00, 0x48, 0x8b, 0x05, 0xb4, 0x0c, 0x02, 0x00, 0x48, 0x8b, 0x78, 0x10,
    0xe8, 0x83, 0x41, 0x01, 0x00, 0x31, 0xc0, 0x48, 0x81, 0xc4, 0x28, 0x10,
    0x00, 0x00, 0x5b, 0x41, 0x5c, 0x41, 0x5d, 0x41, 0x5e, 0x41, 0x5f, 0x5d,
    0xc3, 0x66, 0x66, 0x66, 0x66, 0x66, 0x66, 0x2e, 0x0f, 0x1f, 0x84, 0x00,
    0x00, 0x00, 0x00, 0x00, 0x55, 0x48, 0x89, 0xe5, 0x41, 0x57, 0x41, 0x56,
    0x41, 0x55, 0x41, 0x54, 0x53, 0x48, 0x83, 0xec, 0x18, 0x49, 0x89, 0xf5,
    0x41, 0x89, 0xff, 0xbb, 0x0a, 0x00, 0x00, 0x00, 0x41, 0xbe, 0x01, 0x00,
    0x00, 0x00, 0x83, 0xff, 0x02, 0x7c, 0x49, 0x49, 0x8b, 0x7d, 0x08, 0xbe,
    0xff, 0x0d, 0x42, 0x00, 0xe8, 0x8b, 0x7e, 0x01, 0x00, 0x41, 0x83, 0xff,
    0x02, 0x74, 0x17, 0x85, 0xc0, 0x75, 0x13, 0x49, 0x8b, 0x7d, 0x10, 0x41,
    0xbe, 0x03, 0x00, 0x00, 0x00, 0xe8, 0x52, 0x7b, 0x00, 0x00, 0x89, 0xc3,
    0xeb, 0x1e, 0x49, 0x8b, 0x7d, 0x08, 0x80, 0x3f, 0x2d, 0x75, 0x15, 0x0f,
    0xb6, 0x47, 0x01, 0x04, 0xd0, 0x3c, 0x09, 0x77, 0x0b, 0x48, 0xff, 0xc7,
    0x41, 0xbe, 0x02, 0x00, 0x00, 0x00, 0xeb, 0xd9, 0x45, 0x39, 0xfe, 0x0f,
    0x8d, 0xac, 0x00, 0x00, 0x00, 0x45, 0x89, 0xf6, 0x44, 0x89, 0x7d, 0xd4,
    0x44, 0x89, 0xf8, 0x48, 0x89, 0x45, 0xc0, 0x4c, 0x89, 0x6d, 0xc8, 0xeb,
    0x18, 0x0f, 0x1f, 0x00, 0x4c, 0x89, 0xe7, 0xe8, 0x98, 0x3e, 0x01, 0x00,
    0x4c, 0x8b, 0x6d, 0xc8, 0x49, 0xff, 0xc6, 0x4c, 0x3b, 0x75, 0xc0, 0x74,
    0x7c, 0x4b, 0x8b, 0x7c, 0xf5, 0x00, 0xbe, 0x86, 0x13, 0x42, 0x00, 0xe8,
    0xdc, 0x6b, 0x01, 0x00, 0x48, 0x85, 0xc0, 0x74, 0x47, 0x49, 0x89, 0xc4,
    0x85, 0xdb, 0x7e, 0xd0, 0x45, 0x31, 0xff, 0x66, 0x66, 0x66, 0x66, 0x2e,
    0x0f, 0x1f, 0x84, 0x00, 0x00, 0x00, 0x00, 0x00, 0x4c, 0x89, 0xe7, 0xe8,
    0x18, 0x64, 0x01, 0x00, 0x83, 0xf8, 0xff, 0x74, 0xb3, 0x41, 0x89, 0xc5,
    0x89, 0xc7, 0xe8, 0xc9, 0x37, 0x01, 0x00, 0x31, 0xc0, 0x41, 0x83, 0xfd,
    0x0a, 0x0f, 0x94, 0xc0, 0x41, 0x01, 0xc7, 0x41, 0x39, 0xdf, 0x7c, 0xd8,
    0xeb, 0x96, 0x66, 0x0f, 0x1f, 0x44, 0x00, 0x00, 0x48, 0x8b, 0x05, 0x81,
    0x0b, 0x02, 0x00, 0x48, 0x8b, 0x78, 0x18, 0x4b, 0x8b, 0x54, 0xf5, 0x00,
    0xbe, 0x34, 0x0c, 0x42, 0x00, 0x31, 0xc0, 0xe8, 0xd4, 0x6c, 0x01, 0x00,
    0xe9, 0x7b, 0xff, 0xff, 0xff, 0x44, 0x8b, 0x75, 0xd4, 0x41, 0x83, 0xfe,
    0x01, 0x75, 0x3a, 0x85, 0xdb, 0x7e, 0x36, 0x45, 0x31, 0xff, 0x66, 0x66,
    0x66, 0x66, 0x66, 0x2e, 0x0f, 0x1f, 0x84, 0x00, 0x00, 0x00, 0x00, 0x00,
    0xe8, 0x9b, 0xa8, 0x00, 0x00, 0x83, 0xf8, 0xff, 0x74, 0x1b, 0x41, 0x89,
    0xc6, 0x89, 0xc7, 0xe8, 0x5c, 0x37, 0x01, 0x00, 0x31, 0xc0, 0x41, 0x83,
    0xfe, 0x0a, 0x0f, 0x94, 0xc0, 0x41, 0x01, 0xc7, 0x41, 0x39, 0xdf, 0x7c,
    0xdb, 0x48, 0x8b, 0x05, 0x1c, 0x0b, 0x02, 0x00, 0x48, 0x8b, 0x78, 0x10,
    0xe8, 0xeb, 0x3f, 0x01, 0x00, 0x31, 0xc0, 0x48, 0x83, 0xc4, 0x18, 0x5b,
    0x41, 0x5c, 0x41, 0x5d, 0x41, 0x5e, 0x41, 0x5f, 0x5d, 0xc3, 0x66, 0x2e,
    0x0f, 0x1f, 0x84, 0x00, 0x00, 0x00, 0x00, 0x00, 0x55, 0x48, 0x89, 0xe5,
    0x41, 0x57, 0x41, 0x56, 0x41, 0x55, 0x41, 0x54, 0x53, 0x48, 0x81, 0xec,
    0x28, 0x10, 0x00, 0x00, 0x49, 0x89, 0xf4, 0x41, 0xbe, 0x0a, 0x00, 0x00,
    0x00, 0x41, 0xbd, 0x01, 0x00, 0x00, 0x00, 0x83, 0xff, 0x02, 0x89, 0x7d,
    0xc4, 0x7c, 0x54, 0x89, 0xfb, 0x49, 0x8b, 0x7c, 0x24, 0x08, 0xbe, 0xff,
    0x0d, 0x42, 0x00, 0xe8, 0xf4, 0x7c, 0x01, 0x00, 0x83, 0xfb, 0x02, 0x74,
    0x19, 0x85, 0xc0, 0x75, 0x15, 0x49, 0x8b, 0x7c, 0x24, 0x10, 0x41, 0xbf,
    0x03, 0x00, 0x00, 0x00, 0xe8, 0xbb, 0x79, 0x00, 0x00, 0x41, 0x89, 0xc6,
    0xeb, 0x2b, 0x49, 0x8b, 0x7c, 0x24, 0x08, 0x80, 0x3f, 0x2d, 0x75, 0x1b,
    0x0f, 0xb6, 0x47, 0x01, 0x04, 0xd0, 0x41, 0xbf, 0x01, 0x00, 0x00, 0x00,
    0x3c, 0x09, 0x77, 0x11, 0x48, 0xff, 0xc7, 0x41, 0xbf, 0x02, 0x00, 0x00,
    0x00, 0xeb, 0xd1, 0x41, 0xbf, 0x01, 0x00, 0x00, 0x00, 0x4c, 0x89, 0xe3,
    0x45, 0x8d, 0x66, 0x01, 0x49, 0x63, 0xfc, 0x48, 0xc1, 0xe7, 0x03, 0xe8,
    0x08, 0x95, 0x00, 0x00, 0x48, 0x85, 0xc0, 0x0f, 0x84, 0x4f, 0x02, 0x00,
    0x00, 0x4c, 0x89, 0xf1, 0x49, 0x89, 0xc6, 0x44, 0x89, 0xe6, 0x48, 0x89,
    0x4d, 0xc8, 0x85, 0xc9, 0x44, 0x89, 0xe7, 0x49, 0x89, 0xdc, 0x44, 0x8b,
    0x4d, 0xc4, 0x78, 0x54, 0x83, 0xff, 0x04, 0x73, 0x04, 0x31, 0xc0, 0xeb,
    0x3b, 0x89, 0xf0, 0x83, 0xe0, 0xfc, 0x48, 0x8d, 0x0c, 0xf5, 0x00, 0x00,
    0x00, 0x00, 0x48, 0x83, 0xe1, 0xe0, 0x31, 0xd2, 0x0f, 0x57, 0xc0, 0x0f,
    0x1f, 0x44, 0x00, 0x00, 0x41, 0x0f, 0x11, 0x04, 0x16, 0x41, 0x0f, 0x11,
    0x44, 0x16, 0x10, 0x48, 0x83, 0xc2, 0x20, 0x48, 0x39, 0xd1, 0x75, 0xec,
    0x39, 0xf0, 0x74, 0x18, 0x0f, 0x1f, 0x84, 0x00, 0x00, 0x00, 0x00, 0x00,
    0x49, 0xc7, 0x04, 0xc6, 0x00, 0x00, 0x00, 0x00, 0x48, 0xff, 0xc0, 0x48,
    0x39, 0xc6, 0x75, 0xf0, 0x89, 0x7d, 0xd4, 0x48, 0x89, 0x75, 0xb8, 0x45,
    0x31, 0xed, 0x45, 0x39, 0xcf, 0x7d, 0x47, 0x44, 0x89, 0xfb, 0x49, 0x8b,
    0x3c, 0xdc, 0xbe, 0x86, 0x13, 0x42, 0x00, 0xe8, 0xd0, 0x69, 0x01, 0x00,
    0x49, 0x89, 0xc7, 0x48, 0x85, 0xc0, 0x75, 0x31, 0x48, 0x8b, 0x05, 0xb9,
    0x09, 0x02, 0x00, 0x48, 0x8b, 0x78, 0x18, 0x49, 0x8b, 0x14, 0xdc, 0xbe,
    0x4b, 0x0c, 0x42, 0x00, 0x31, 0xc0, 0xe8, 0x0d, 0x6b, 0x01, 0x00, 0x4c,
    0x89, 0xf7, 0xe8, 0x65, 0x94, 0x00, 0x00, 0x41, 0xbd, 0x01, 0x00, 0x00,
    0x00, 0xe9, 0x8a, 0x01, 0x00, 0x00, 0x45, 0x31, 0xff, 0x31, 0xdb, 0x45,
    0x31, 0xe4, 0xeb, 0x05, 0x83, 0xf8, 0x0a, 0x74, 0x4b, 0x4d, 0x85, 0xff,
    0x74, 0x16, 0x4c, 0x89, 0xff, 0xe8, 0xde, 0x61, 0x01, 0x00, 0x83, 0xf8,
    0xff, 0x75, 0x13, 0xeb, 0x7f, 0x0f, 0x1f, 0x80, 0x00, 0x00, 0x00, 0x00,
    0xe8, 0xbb, 0xa6, 0x00, 0x00, 0x83, 0xf8, 0xff, 0x74, 0x6e, 0x41, 0x81,
    0xfc, 0xfe, 0x0f, 0x00, 0x00, 0x7f, 0xcd, 0x49, 0x63, 0xcc, 0x41, 0xff,
    0xc4, 0x88, 0x84, 0x0d, 0xb0, 0xef, 0xff, 0xff, 0xeb, 0xbe, 0x66, 0x66,
    0x66, 0x66, 0x66, 0x2e, 0x0f, 0x1f, 0x84, 0x00, 0x00, 0x00, 0x00, 0x00,
    0x49, 0x63, 0xc4, 0xc6, 0x84, 0x05, 0xb0, 0xef, 0xff, 0xff, 0x00, 0x4d,
    0x63, 0xed, 0x4b, 0x8b, 0x3c, 0xee, 0x48, 0x85, 0xff, 0x74, 0x05, 0xe8,
    0xe4, 0x93, 0x00, 0x00, 0x48, 0x8d, 0xbd, 0xb0, 0xef, 0xff, 0xff, 0xe8,
    0xd8, 0x7b, 0x01, 0x00, 0x4b, 0x89, 0x04, 0xee, 0x41, 0xff, 0xc5, 0x44,
    0x89, 0xe8, 0x99, 0xf7, 0x7d, 0xd4, 0x41, 0x89, 0xd5, 0x31, 0xc0, 0x3b,
    0x5d, 0xc8, 0x0f, 0x9c, 0xc0, 0x01, 0xc3, 0xe9, 0x63, 0xff, 0xff, 0xff,
    0x45, 0x85, 0xe4, 0x7e, 0x47, 0x44, 0x89, 0xe0, 0xc6, 0x84, 0x05, 0xb0,
    0xef, 0xff, 0xff, 0x00, 0x4d, 0x63, 0xe5, 0x4b, 0x8b, 0x3c, 0xe6, 0x48,
    0x85, 0xff, 0x74, 0x05, 0xe8, 0x97, 0x93, 0x00, 0x00, 0x48, 0x8d, 0xbd,
    0xb0, 0xef, 0xff, 0xff, 0xe8, 0x8b, 0x7b, 0x01, 0x00, 0x4b, 0x89, 0x04,
    0xe6, 0x41, 0xff, 0xc5, 0x44, 0x89, 0xe8, 0x99, 0x8b, 0x4d, 0xd4, 0xf7,
    0xf9, 0x31, 0xc0, 0x3b, 0x5d, 0xc8, 0x0f, 0x9c, 0xc0, 0x01, 0xc3, 0x41,
    0x89, 0xd5, 0xeb, 0x03, 0x8b, 0x4d, 0xd4, 0x41, 0x01, 0xcd, 0x41, 0x29,
    0xdd, 0x44, 0x89, 0xe8, 0x99, 0xf7, 0xf9, 0x85, 0xdb, 0x4c, 0x8b, 0x6d,
    0xb8, 0x7e, 0x2d, 0x41, 0x89, 0xd4, 0xeb, 0x07, 0x41, 0xff, 0xc4, 0xff,
    0xcb, 0x74, 0x21, 0x44, 0x89, 0xe0, 0x99, 0xf7, 0x7d, 0xd4, 0x48, 0x63,
    0xc2, 0x49, 0x8b, 0x34, 0xc6, 0x48, 0x85, 0xf6, 0x74, 0xe6, 0xbf, 0xf6,
    0x0c, 0x42, 0x00, 0x31, 0xc0, 0xe8, 0x8a, 0xae, 0x00, 0x00, 0xeb, 0xd8,
    0x83, 0x7d, 0xc8, 0x00, 0x78, 0x2a, 0x31, 0xdb, 0xeb, 0x16, 0x66, 0x66,
    0x66, 0x66, 0x66, 0x2e, 0x0f, 0x1f, 0x84, 0x00, 0x00, 0x00, 0x00, 0x00,
    0x48, 0xff, 0xc3, 0x49, 0x39, 0xdd, 0x74, 0x10, 0x49, 0x8b, 0x3c, 0xde,
    0x48, 0x85, 0xff, 0x74, 0xef, 0xe8, 0xfa, 0x92, 0x00, 0x00, 0xeb, 0xe8,
    0x4c, 0x89, 0xf7, 0xe8, 0xf0, 0x92, 0x00, 0x00, 0x4d, 0x85, 0xff, 0x74,
    0x08, 0x4c, 0x89, 0xff, 0xe8, 0xc3, 0x3a, 0x01, 0x00, 0x48, 0x8b, 0x05,
    0x14, 0x08, 0x02, 0x00, 0x48, 0x8b, 0x78, 0x10, 0xe8, 0xe3, 0x3c, 0x01,
    0x00, 0x45, 0x31, 0xed, 0x44, 0x89, 0xe8, 0x48, 0x81, 0xc4, 0x28, 0x10,
    0x00, 0x00, 0x5b, 0x41, 0x5c, 0x41, 0x5d, 0x41, 0x5e, 0x41, 0x5f, 0x5d,
    0xc3, 0x66, 0x66, 0x2e, 0x0f, 0x1f, 0x84, 0x00, 0x00, 0x00, 0x00, 0x00,
    0x55, 0x48, 0x89, 0xe5, 0x41, 0x57, 0x41, 0x56, 0x41, 0x55, 0x41, 0x54,
    0x53, 0x48, 0x81, 0xec, 0x18, 0x10, 0x00, 0x00, 0x45, 0x31, 0xe4, 0x83,
    0xff, 0x02, 0x7c, 0x39, 0x49, 0x89, 0xf7, 0x89, 0xfb, 0x45, 0x31, 0xe4,
    0x41, 0xbd, 0x01, 0x00, 0x00, 0x00, 0x41, 0xbe, 0x01, 0x00, 0x00, 0x00,
    0x4b, 0x8b, 0x3c, 0xef, 0x80, 0x3f, 0x2d, 0x0f, 0x85, 0x8c, 0x01, 0x00,
    0x00, 0xbe, 0x36, 0x16, 0x42, 0x00, 0xe8, 0xd9, 0x79, 0x01, 0x00, 0x85,
    0xc0, 0x45, 0x0f, 0x44, 0xe6, 0x49, 0xff, 0xc5, 0x4c, 0x39, 0xeb, 0x75,
    0xdb, 0xbf, 0x00, 0x02, 0x00, 0x00, 0xe8, 0x31, 0x92, 0x00, 0x00, 0x48,
    0x85, 0xc0, 0x0f, 0x84, 0xb1, 0x01, 0x00, 0x00, 0x48, 0x89, 0xc3, 0x45,
    0x31, 0xf6, 0xc7, 0x45, 0xd4, 0x40, 0x00, 0x00, 0x00, 0x45, 0x31, 0xed,
    0x45, 0x31, 0xff, 0xeb, 0x08, 0x0f, 0x1f, 0x00, 0x83, 0xf8, 0x0a, 0x74,
    0x4b, 0x4d, 0x85, 0xf6, 0x74, 0x16, 0x4c, 0x89, 0xf7, 0xe8, 0xbe, 0x5f,
    0x01, 0x00, 0x83, 0xf8, 0xff, 0x75, 0x13, 0xeb, 0x7c, 0x0f, 0x1f, 0x80,
    0x00, 0x00, 0x00, 0x00, 0xe8, 0x9b, 0xa4, 0x00, 0x00, 0x83, 0xf8, 0xff,
    0x74, 0x6b, 0x41, 0x81, 0xff, 0xfe, 0x0f, 0x00, 0x00, 0x7f, 0xcd, 0x49,
    0x63, 0xcf, 0x41, 0xff, 0xc7, 0x88, 0x84, 0x0d, 0xc0, 0xef, 0xff, 0xff,
    0xeb, 0xbe, 0x66, 0x66, 0x66, 0x66, 0x66, 0x2e, 0x0f, 0x1f, 0x84, 0x00,
    0x00, 0x00, 0x00, 0x00, 0x49, 0x63, 0xc7, 0xc6, 0x84, 0x05, 0xc0, 0xef,
    0xff, 0xff, 0x00, 0x8b, 0x45, 0xd4, 0x41, 0x39, 0xc5, 0x7c, 0x17, 0x01,
    0xc0, 0x89, 0x45, 0xd4, 0x48, 0x63, 0xf0, 0x48, 0xc1, 0xe6, 0x03, 0x48,
    0x89, 0xdf, 0xe8, 0x19, 0xa4, 0x00, 0x00, 0x48, 0x89, 0xc3, 0x48, 0x8d,
    0xbd, 0xc0, 0xef, 0xff, 0xff, 0xe8, 0xaa, 0x79, 0x01, 0x00, 0x44, 0x89,
    0xe9, 0x41, 0xff, 0xc5, 0x48, 0x89, 0x04, 0xcb, 0xe9, 0x63, 0xff, 0xff,
    0xff, 0x45, 0x85, 0xff, 0x4c, 0x89, 0x75, 0xc8, 0x7e, 0x21, 0x44, 0x89,
    0xf8, 0xc6, 0x84, 0x05, 0xc0, 0xef, 0xff, 0xff, 0x00, 0x48, 0x8d, 0xbd,
    0xc0, 0xef, 0xff, 0xff, 0xe8, 0x7b, 0x79, 0x01, 0x00, 0x44, 0x89, 0xe9,
    0x41, 0xff, 0xc5, 0x48, 0x89, 0x04, 0xcb, 0x4d, 0x63, 0xfd, 0xba, 0x08,
    0x00, 0x00, 0x00, 0xb9, 0x70, 0x7b, 0x40, 0x00, 0x48, 0x89, 0xdf, 0x4c,
    0x89, 0xfe, 0xe8, 0x29, 0x76, 0x00, 0x00, 0x45, 0x85, 0xff, 0x49, 0x89,
    0xde, 0x7e, 0x40, 0x45, 0x89, 0xef, 0x41, 0xff, 0xcd, 0x31, 0xdb, 0x66,
    0x0f, 0x1f, 0x84, 0x00, 0x00, 0x00, 0x00, 0x00, 0x45, 0x85, 0xe4, 0x89,
    0xd8, 0x41, 0x0f, 0x45, 0xc5, 0x48, 0x98, 0x49, 0x8b, 0x34, 0xc6, 0xbf,
    0xf6, 0x0c, 0x42, 0x00, 0x31, 0xc0, 0xe8, 0x85, 0xac, 0x00, 0x00, 0x49,
    0x8b, 0x3c, 0xde, 0xe8, 0x1c, 0x91, 0x00, 0x00, 0x48, 0xff, 0xc3, 0x41,
    0xff, 0xcd, 0x49, 0x39, 0xdf, 0x75, 0xd1, 0x4c, 0x89, 0xf7, 0xe8, 0x09,
    0x91, 0x00, 0x00, 0x48, 0x8b, 0x7d, 0xc8, 0x48, 0x85, 0xff, 0x74, 0x05,
    0xe8, 0xdb, 0x38, 0x01, 0x00, 0x48, 0x8b, 0x05, 0x2c, 0x06, 0x02, 0x00,
    0x48, 0x8b, 0x78, 0x10, 0xe8, 0xfb, 0x3a, 0x01, 0x00, 0x31, 0xc0, 0xeb,
    0x55, 0xbf, 0x00, 0x02, 0x00, 0x00, 0xe8, 0xbd, 0x90, 0x00, 0x00, 0x48,
    0x85, 0xc0, 0x74, 0x41, 0x48, 0x89, 0xc3, 0x4b, 0x8b, 0x3c, 0xef, 0xbe,
    0x86, 0x13, 0x42, 0x00, 0xe8, 0x07, 0x66, 0x01, 0x00, 0x48, 0x85, 0xc0,
    0x74, 0x08, 0x49, 0x89, 0xc6, 0xe9, 0x78, 0xfe, 0xff, 0xff, 0x48, 0x8b,
    0x05, 0xeb, 0x05, 0x02, 0x00, 0x48, 0x8b, 0x78, 0x18, 0x4b, 0x8b, 0x14,
    0xef, 0xbe, 0x48, 0x0d, 0x42, 0x00, 0x31, 0xc0, 0xe8, 0x3f, 0x67, 0x01,
    0x00, 0x48, 0x89, 0xdf, 0xe8, 0x97, 0x90, 0x00, 0x00, 0xb8, 0x01, 0x00,
    0x00, 0x00, 0x48, 0x81, 0xc4, 0x18, 0x10, 0x00, 0x00, 0x5b, 0x41, 0x5c,
    0x41, 0x5d, 0x41, 0x5e, 0x41, 0x5f, 0x5d, 0xc3, 0x55, 0x48, 0x89, 0xe5,
    0x41, 0x57, 0x41, 0x56, 0x41, 0x55, 0x41, 0x54, 0x53, 0x50, 0x83, 0xff,
    0x02, 0x7f, 0x21, 0x48, 0x8b, 0x05, 0x9e, 0x05, 0x02, 0x00, 0x48, 0x8b,
    0x78, 0x18, 0xbe, 0x46, 0x09, 0x42, 0x00, 0x31, 0xc0, 0xe8, 0xf6, 0x66,
    0x01, 0x00, 0xb8, 0x01, 0x00, 0x00, 0x00, 0xe9, 0x88, 0x00, 0x00, 0x00,
    0x48, 0x8b, 0x5e, 0x08, 0x4c, 0x8b, 0x76, 0x10, 0x4c, 0x89, 0xf7, 0xe8,
    0x0c, 0x7b, 0x01, 0x00, 0x49, 0x89, 0xc7, 0xe8, 0xc4, 0xa2, 0x00, 0x00,
    0x83, 0xf8, 0xff, 0x74, 0x59, 0x41, 0x89, 0xc4, 0x41, 0x8d, 0x47, 0xff,
    0x48, 0x89, 0x45, 0xd0, 0xeb, 0x1e, 0x66, 0x90, 0x48, 0x98, 0x45, 0x0f,
    0xbe, 0x24, 0x06, 0x44, 0x89, 0xe7, 0xe8, 0x71, 0x31, 0x01, 0x00, 0xe8,
    0x9c, 0xa2, 0x00, 0x00, 0x41, 0x89, 0xc4, 0x83, 0xf8, 0xff, 0x74, 0x2e,
    0x45, 0x85, 0xff, 0x41, 0x0f, 0x9f, 0xc5, 0x48, 0x89, 0xdf, 0x44, 0x89,
    0xe6, 0xe8, 0xd2, 0x74, 0x01, 0x00, 0x48, 0x85, 0xc0, 0x0f, 0x95, 0xc1,
    0x44, 0x20, 0xe9, 0x80, 0xf9, 0x01, 0x75, 0xcb, 0x48, 0x29, 0xd8, 0x44,
    0x39, 0xf8, 0x7c, 0xbc, 0x48, 0x8b, 0x45, 0xd0, 0xeb, 0xb8, 0x48, 0x8b,
    0x05, 0x07, 0x05, 0x02, 0x00, 0x48, 0x8b, 0x78, 0x10, 0xe8, 0xd6, 0x39,
    0x01, 0x00, 0x31, 0xc0, 0x48, 0x83, 0xc4, 0x08, 0x5b, 0x41, 0x5c, 0x41,
    0x5d, 0x41, 0x5e, 0x41, 0x5f, 0x5d, 0xc3, 0x0f, 0x1f, 0x44, 0x00, 0x00,
    0x55, 0x48, 0x89, 0xe5, 0x41, 0x57, 0x41, 0x56, 0x41, 0x54, 0x53, 0x48,
    0x81, 0xec, 0x00, 0x20, 0x00, 0x00, 0x48, 0x8d, 0xbd, 0xe0, 0xdf, 0xff,
    0xff, 0x45, 0x31, 0xff, 0xba, 0x00, 0x10, 0x00, 0x00, 0x31, 0xf6, 0xe8,
    0x78, 0xa0, 0x01, 0x00, 0xe8, 0x13, 0xa2, 0x00, 0x00, 0x83, 0xf8, 0xff,
    0x0f, 0x84, 0xd7, 0x00, 0x00, 0x00, 0x48, 0x8d, 0x9d, 0xe0, 0xef, 0xff,
    0xff, 0x4c, 0x8d, 0xb5, 0xe0, 0xdf, 0xff, 0xff, 0x45, 0x31, 0xe4, 0xeb,
    0x40, 0x0f, 0x1f, 0x80, 0x00, 0x00, 0x00, 0x00, 0x45, 0x31, 0xe4, 0xbf,
    0xf6, 0x0c, 0x42, 0x00, 0x48, 0x89, 0xde, 0x31, 0xc0, 0xe8, 0xae, 0xaa,
    0x00, 0x00, 0xba, 0xff, 0x0f, 0x00, 0x00, 0x4c, 0x89, 0xf7, 0x48, 0x89,
    0xde, 0xe8, 0xce, 0x7b, 0x01, 0x00, 0xc6, 0x85, 0xdf, 0xef, 0xff, 0xff,
    0x00, 0x41, 0xbf, 0x01, 0x00, 0x00, 0x00, 0xe8, 0xbc, 0xa1, 0x00, 0x00,
    0x83, 0xf8, 0xff, 0x74, 0x45, 0x41, 0x81, 0xfc, 0xfe, 0x0f, 0x00, 0x00,
    0x7f, 0x0d, 0x49, 0x63, 0xcc, 0x41, 0xff, 0xc4, 0x88, 0x84, 0x0d, 0xe0,
    0xef, 0xff, 0xff, 0x83, 0xf8, 0x0a, 0x75, 0xdb, 0x49, 0x63, 0xc4, 0xc6,
    0x84, 0x05, 0xe0, 0xef, 0xff, 0xff, 0x00, 0x45, 0x85, 0xff, 0x74, 0x9c,
    0x48, 0x89, 0xdf, 0x4c, 0x89, 0xf6, 0xe8, 0x61, 0x76, 0x01, 0x00, 0x85,
    0xc0, 0x75, 0x8d, 0x41, 0xbf, 0x01, 0x00, 0x00, 0x00, 0x45, 0x31, 0xe4,
    0xeb, 0xb1, 0x45, 0x85, 0xe4, 0x7e, 0x3a, 0x44, 0x89, 0xe0, 0xc6, 0x84,
    0x05, 0xe0, 0xef, 0xff, 0xff, 0x00, 0x45, 0x85, 0xff, 0x74, 0x17, 0x48,
    0x8d, 0xbd, 0xe0, 0xef, 0xff, 0xff, 0x48, 0x8d, 0xb5, 0xe0, 0xdf, 0xff,
    0xff, 0xe8, 0x2a, 0x76, 0x01, 0x00, 0x85, 0xc0, 0x74, 0x13, 0x48, 0x8d,
    0xb5, 0xe0, 0xef, 0xff, 0xff, 0xbf, 0xf6, 0x0c, 0x42, 0x00, 0x31, 0xc0,
    0xe8, 0x03, 0xaa, 0x00, 0x00, 0x48, 0x8b, 0x05, 0xd4, 0x03, 0x02, 0x00,
    0x48, 0x8b, 0x78, 0x10, 0xe8, 0xa3, 0x38, 0x01, 0x00, 0x31, 0xc0, 0x48,
    0x81, 0xc4, 0x00, 0x20, 0x00, 0x00, 0x5b, 0x41, 0x5c, 0x41, 0x5e, 0x41,
    0x5f, 0x5d, 0xc3, 0x90, 0x55, 0x48, 0x89, 0xe5, 0x41, 0x57, 0x41, 0x56,
    0x41, 0x55, 0x41, 0x54, 0x53, 0x48, 0x81, 0xec, 0x28, 0x11, 0x00, 0x00,
    0x89, 0x7d, 0xc8, 0x83, 0xff, 0x02, 0x0f, 0x8c, 0x53, 0x01, 0x00, 0x00,
    0x49, 0x89, 0xf6, 0x31, 0xdb, 0x41, 0xbc, 0x01, 0x00, 0x00, 0x00, 0xc6,
    0x45, 0xd4, 0x09, 0xc7, 0x45, 0xd0, 0x00, 0x00, 0x00, 0x00, 0xeb, 0x25,
    0x48, 0x63, 0xc8, 0x49, 0x8b, 0x0c, 0xce, 0x0f, 0xb6, 0x09, 0x88, 0x4d,
    0xd4, 0x41, 0x89, 0xc4, 0x0f, 0x1f, 0x84, 0x00, 0x00, 0x00, 0x00, 0x00,
    0x41, 0xff, 0xc4, 0x44, 0x3b, 0x65, 0xc8, 0x0f, 0x8d, 0x23, 0x01, 0x00,
    0x00, 0x4d, 0x63, 0xfc, 0x4b, 0x8b, 0x3c, 0xfe, 0xbe, 0xca, 0x0b, 0x42,
    0x00, 0xe8, 0x82, 0x75, 0x01, 0x00, 0x85, 0xc0, 0x75, 0x0a, 0x41, 0x8d,
    0x44, 0x24, 0x01, 0x3b, 0x45, 0xc8, 0x7c, 0xbc, 0x4b, 0x8b, 0x3c, 0xfe,
    0xbe, 0xde, 0x16, 0x42, 0x00, 0xe8, 0x66, 0x75, 0x01, 0x00, 0x85, 0xc0,
    0x75, 0x42, 0x45, 0x8d, 0x6c, 0x24, 0x01, 0x44, 0x3b, 0x6d, 0xc8, 0x7d,
    0x37, 0xc7, 0x85, 0xb0, 0xfe, 0xff, 0xff, 0x01, 0x00, 0x00, 0x00, 0x49,
    0x63, 0xc5, 0x49, 0x8b, 0x3c, 0xc6, 0xe8, 0x21, 0x72, 0x00, 0x00, 0x89,
    0x85, 0xb4, 0xfe, 0xff, 0xff, 0xbb, 0x02, 0x00, 0x00, 0x00, 0xc7, 0x45,
    0xd0, 0x01, 0x00, 0x00, 0x00, 0x45, 0x89, 0xec, 0xeb, 0x8a, 0x66, 0x2e,
    0x0f, 0x1f, 0x84, 0x00, 0x00, 0x00, 0x00, 0x00, 0x4b, 0x8b, 0x3c, 0xfe,
    0xbe, 0xf5, 0x04, 0x42, 0x00, 0xe8, 0x12, 0x75, 0x01, 0x00, 0x85, 0xc0,
    0x0f, 0x85, 0x9f, 0x00, 0x00, 0x00, 0x41, 0xff, 0xc4, 0x44, 0x3b, 0x65,
    0xc8, 0x0f, 0x8d, 0x92, 0x00, 0x00, 0x00, 0x49, 0x63, 0xc4, 0x4d, 0x8b,
    0x3c, 0xc6, 0x41, 0x80, 0x3f, 0x00, 0x0f, 0x84, 0x4c, 0xff, 0xff, 0xff,
    0x83, 0xfb, 0x3f, 0x0f, 0x8f, 0x43, 0xff, 0xff, 0xff, 0x4c, 0x63, 0xeb,
    0x4c, 0x89, 0xff, 0xe8, 0xb8, 0x71, 0x00, 0x00, 0xff, 0xc8, 0x49, 0x8d,
    0x5d, 0x01, 0x42, 0x89, 0x84, 0xad, 0xb0, 0xfe, 0xff, 0xff, 0x66, 0x2e,
    0x0f, 0x1f, 0x84, 0x00, 0x00, 0x00, 0x00, 0x00, 0x41, 0x0f, 0xb6, 0x07,
    0x85, 0xc0, 0x74, 0x18, 0x83, 0xf8, 0x2c, 0x74, 0x13, 0x49, 0xff, 0xc7,
    0xeb, 0xee, 0x66, 0x66, 0x66, 0x66, 0x66, 0x2e, 0x0f, 0x1f, 0x84, 0x00,
    0x00, 0x00, 0x00, 0x00, 0x31, 0xc9, 0x3c, 0x2c, 0x0f, 0x94, 0xc1, 0x41,
    0x80, 0x3c, 0x0f, 0x00, 0x0f, 0x84, 0xee, 0xfe, 0xff, 0xff, 0x49, 0x01,
    0xcf, 0x49, 0x83, 0xfd, 0x3f, 0x49, 0x89, 0xdd, 0x7c, 0xa2, 0xe9, 0xdd,
    0xfe, 0xff, 0xff, 0xc6, 0x45, 0xd4, 0x09, 0xc7, 0x45, 0xd0, 0x00, 0x00,
    0x00, 0x00, 0x31, 0xdb, 0x45, 0x31, 0xe4, 0xeb, 0x1a, 0x4b, 0x8b, 0x3c,
    0xfe, 0xbe, 0x86, 0x13, 0x42, 0x00, 0xe8, 0x2d, 0x62, 0x01, 0x00, 0x49,
    0x89, 0xc4, 0x48, 0x85, 0xc0, 0x0f, 0x84, 0xda, 0x01, 0x00, 0x00, 0x0f,
    0xbe, 0x45, 0xd4, 0x89, 0x45, 0xd4, 0x8d, 0x43, 0xff, 0x48, 0x98, 0x48,
    0x89, 0x45, 0xc8, 0x41, 0x89, 0xde, 0x31, 0xdb, 0x4c, 0x89, 0x65, 0xb8,
    0xeb, 0x16, 0x66, 0x0f, 0x1f, 0x44, 0x00, 0x00, 0xbf, 0x0a, 0x00, 0x00,
    0x00, 0xe8, 0x16, 0x2e, 0x01, 0x00, 0x31, 0xdb, 0x4c, 0x8b, 0x65, 0xb8,
    0x4d, 0x85, 0xe4, 0x74, 0x1b, 0x4c, 0x89, 0xe7, 0xe8, 0x43, 0x5a, 0x01,
    0x00, 0x83, 0xf8, 0xff, 0x75, 0x1c, 0xe9, 0x66, 0x01, 0x00, 0x00, 0x66,
    0x0f, 0x1f, 0x84, 0x00, 0x00, 0x00, 0x00, 0x00, 0xe8, 0x1b, 0x9f, 0x00,
    0x00, 0x83, 0xf8, 0xff, 0x0f, 0x84, 0x57, 0x01, 0x00, 0x00, 0x81, 0xfb,
    0xfe, 0x0f, 0x00, 0x00, 0x7e, 0x0a, 0x83, 0xf8, 0x0a, 0x75, 0xc5, 0xeb,
    0x14, 0x0f, 0x1f, 0x00, 0x48, 0x63, 0xcb, 0xff, 0xc3, 0x88, 0x84, 0x0d,
    0xb0, 0xee, 0xff, 0xff, 0x83, 0xf8, 0x0a, 0x75, 0xaf, 0x48, 0x63, 0xc3,
    0xc6, 0x84, 0x05, 0xb0, 0xee, 0xff, 0xff, 0x00, 0x83, 0x7d, 0xd0, 0x00,
    0x74, 0x72, 0x44, 0x8b, 0xa5, 0xb0, 0xfe, 0xff, 0xff, 0x8b, 0x85, 0xb4,
    0xfe, 0xff, 0xff, 0x45, 0x8d, 0x7c, 0x24, 0xff, 0x8d, 0x58, 0xff, 0x83,
    0xf8, 0x02, 0x41, 0x0f, 0x4c, 0xdf, 0x48, 0x8d, 0xbd, 0xb0, 0xee, 0xff,
    0xff, 0xe8, 0xf6, 0x76, 0x01, 0x00, 0x41, 0x39, 0xdf, 0x0f, 0x9e, 0xc1,
    0x41, 0x39, 0xc4, 0x0f, 0x9e, 0xc2, 0x20, 0xca, 0x80, 0xfa, 0x01, 0x0f,
    0x85, 0x4f, 0xff, 0xff, 0xff, 0x4d, 0x63, 0xff, 0x4c, 0x63, 0xe0, 0x48,
    0x63, 0xdb, 0x66, 0x0f, 0x1f, 0x44, 0x00, 0x00, 0x42, 0x0f, 0xbe, 0xbc,
    0x3d, 0xb0, 0xee, 0xff, 0xff, 0xe8, 0x52, 0x2d, 0x01, 0x00, 0x49, 0x39,
    0xdf, 0x0f, 0x8d, 0x29, 0xff, 0xff, 0xff, 0x49, 0xff, 0xc7, 0x4d, 0x39,
    0xe7, 0x7c, 0xe1, 0xe9, 0x1c, 0xff, 0xff, 0xff, 0x31, 0xdb, 0x4c, 0x8d,
    0xa5, 0xb0, 0xee, 0xff, 0xff, 0xeb, 0x14, 0x90, 0xff, 0xc3, 0x48, 0x8b,
    0x45, 0xc0, 0x4c, 0x8d, 0x60, 0x01, 0x80, 0x38, 0x00, 0x0f, 0x84, 0xfd,
    0xfe, 0xff, 0xff, 0x41, 0x80, 0x3c, 0x24, 0x00, 0x0f, 0x84, 0xf2, 0xfe,
    0xff, 0xff, 0x4c, 0x89, 0xe7, 0x8b, 0x75, 0xd4, 0xe8, 0x87, 0x70, 0x01,
    0x00, 0x48, 0x89, 0x45, 0xc0, 0x48, 0x85, 0xc0, 0x74, 0x0e, 0x45, 0x85,
    0xf6, 0x7f, 0x1d, 0xeb, 0xc7, 0x0f, 0x1f, 0x80, 0x00, 0x00, 0x00, 0x00,
    0x4c, 0x89, 0xe7, 0xe8, 0x58, 0x76, 0x01, 0x00, 0x4c, 0x01, 0xe0, 0x48,
    0x89, 0x45, 0xc0, 0x45, 0x85, 0xf6, 0x7e, 0xac, 0x4c, 0x8b, 0x6d, 0xc0,
    0x4d, 0x29, 0xe5, 0x45, 0x31, 0xff, 0xeb, 0x08, 0x49, 0xff, 0xc7, 0x4d,
    0x39, 0xfe, 0x74, 0x98, 0x42, 0x3b, 0x9c, 0xbd, 0xb0, 0xfe, 0xff, 0xff,
    0x75, 0xee, 0x48, 0x8b, 0x05, 0x8f, 0x00, 0x02, 0x00, 0x48, 0x8b, 0x48,
    0x10, 0xbe, 0x01, 0x00, 0x00, 0x00, 0x4c, 0x89, 0xe7, 0x4c, 0x89, 0xea,
    0xe8, 0x63, 0x98, 0x00, 0x00, 0x4c, 0x3b, 0x7d, 0xc8, 0x7d, 0xcd, 0x8b,
    0x7d, 0xd4, 0xe8, 0x95, 0x2c, 0x01, 0x00, 0xeb, 0xc3, 0x4c, 0x89, 0xe7,
    0xe8, 0x0b, 0x33, 0x01, 0x00, 0x48, 0x8b, 0x05, 0x5c, 0x00, 0x02, 0x00,
    0x48, 0x8b, 0x78, 0x10, 0xe8, 0x2b, 0x35, 0x01, 0x00, 0x31, 0xc0, 0x48,
    0x81, 0xc4, 0x28, 0x11, 0x00, 0x00, 0x5b, 0x41, 0x5c, 0x41, 0x5d, 0x41,
    0x5e, 0x41, 0x5f, 0x5d, 0xc3, 0x48, 0x8b, 0x05, 0x38, 0x00, 0x02, 0x00,
    0x48, 0x8b, 0x78, 0x18, 0x4b, 0x8b, 0x14, 0xfe, 0xbe, 0x8d, 0x19, 0x42,
    0x00, 0x31, 0xc0, 0xe8, 0x8c, 0x61, 0x01, 0x00, 0xb8, 0x01, 0x00, 0x00,
    0x00, 0xeb, 0xcc, 0x0f, 0x1f, 0x44, 0x00, 0x00, 0x55, 0x48, 0x89, 0xe5,
    0x41, 0x57, 0x41, 0x56, 0x41, 0x55, 0x41, 0x54, 0x53, 0x48, 0x81, 0xec,
    0x88, 0x02, 0x00, 0x00, 0x48, 0x89, 0x75, 0xc0, 0x83, 0xff, 0x01, 0x7f,
    0x21, 0x48, 0x8b, 0x05, 0xf4, 0xff, 0x01, 0x00, 0x48, 0x8b, 0x78, 0x18,
    0xbe, 0x9d, 0x0a, 0x42, 0x00, 0x31, 0xc0, 0xe8, 0x4c, 0x61, 0x01, 0x00,
    0xb8, 0x01, 0x00, 0x00, 0x00, 0xe9, 0x49, 0x01, 0x00, 0x00, 0x41, 0x89,
    0xfe, 0xbf, 0x05, 0x0e, 0x42, 0x00, 0xe8, 0xf5, 0x61, 0x00, 0x00, 0x48,
    0x85, 0xc0, 0xb9, 0xa3, 0x19, 0x42, 0x00, 0x48, 0x0f, 0x45, 0xc8, 0x48,
    0x89, 0x4d, 0xc8, 0x44, 0x89, 0xf0, 0x48, 0x89, 0x45, 0xb8, 0xbb, 0x01,
    0x00, 0x00, 0x00, 0x4c, 0x8d, 0xb5, 0x50, 0xfd, 0xff, 0xff, 0xc7, 0x45,
    0xd4, 0x00, 0x00, 0x00, 0x00, 0xeb, 0x31, 0x66, 0x0f, 0x1f, 0x84, 0x00,
    0x00, 0x00, 0x00, 0x00, 0x48, 0x8b, 0x45, 0xc0, 0x48, 0x8b, 0x34, 0xd8,
    0xbf, 0x1c, 0x10, 0x42, 0x00, 0x31, 0xc0, 0xe8, 0xac, 0xa5, 0x00, 0x00,
    0xc7, 0x45, 0xd4, 0x01, 0x00, 0x00, 0x00, 0x48, 0xff, 0xc3, 0x48, 0x3b,
    0x5d, 0xb8, 0x0f, 0x84, 0xcc, 0x00, 0x00, 0x00, 0x48, 0x8b, 0x45, 0xc8,
    0x80, 0x38, 0x00, 0x74, 0xcf, 0x4c, 0x8b, 0x6d, 0xc8, 0xeb, 0x22, 0x66,
    0x0f, 0x1f, 0x84, 0x00, 0x00, 0x00, 0x00, 0x00, 0x49, 0x8d, 0x44, 0x24,
    0x01, 0x49, 0x63, 0xcf, 0x49, 0x01, 0xcd, 0x4d, 0x85, 0xe4, 0x4c, 0x0f,
    0x45, 0xe8, 0x41, 0x80, 0x7d, 0x00, 0x00, 0x74, 0xa7, 0x4c, 0x89, 0xef,
    0xbe, 0x3a, 0x00, 0x00, 0x00, 0xe8, 0xda, 0x6e, 0x01, 0x00, 0x49, 0x89,
    0xc4, 0x48, 0x85, 0xc0, 0x74, 0x12, 0x4d, 0x89, 0xe7, 0x4d, 0x29, 0xef,
    0x45, 0x85, 0xff, 0x7f, 0x17, 0xeb, 0xc5, 0x0f, 0x1f, 0x44, 0x00, 0x00,
    0x4c, 0x89, 0xef, 0xe8, 0xa8, 0x74, 0x01, 0x00, 0x49, 0x89, 0xc7, 0x45,
    0x85, 0xff, 0x7e, 0xb0, 0x48, 0x8b, 0x45, 0xc0, 0x4c, 0x8b, 0x0c, 0xd8,
    0xbe, 0x00, 0x02, 0x00, 0x00, 0xba, 0x18, 0x0a, 0x42, 0x00, 0x4c, 0x89,
    0xf7, 0x44, 0x89, 0xf9, 0x4d, 0x89, 0xe8, 0x31, 0xc0, 0xe8, 0x3e, 0x35,
    0x01, 0x00, 0x4c, 0x89, 0xf7, 0x48, 0x8d, 0xb5, 0x50, 0xff, 0xff, 0xff,
    0xe8, 0x0f, 0x57, 0x00, 0x00, 0x85, 0xc0, 0x74, 0x1b, 0x49, 0x8d, 0x44,
    0x24, 0x01, 0x41, 0x81, 0xe7, 0xff, 0xff, 0xff, 0x7f, 0x4d, 0x01, 0xfd,
    0xe9, 0x72, 0xff, 0xff, 0xff, 0x0f, 0x1f, 0x80, 0x00, 0x00, 0x00, 0x00,
    0xbf, 0x45, 0x08, 0x42, 0x00, 0x4c, 0x89, 0xf6, 0x31, 0xc0, 0xe8, 0xd1,
    0xa4, 0x00, 0x00, 0xe9, 0x27, 0xff, 0xff, 0xff, 0x48, 0x8b, 0x05, 0x9d,
    0xfe, 0x01, 0x00, 0x48, 0x8b, 0x78, 0x10, 0xe8, 0x6c, 0x33, 0x01, 0x00,
    0x8b, 0x45, 0xd4, 0x48, 0x81, 0xc4, 0x88, 0x02, 0x00, 0x00, 0x5b, 0x41,
    0x5c, 0x41, 0x5d, 0x41, 0x5e, 0x41, 0x5f, 0x5d, 0xc3, 0x0f, 0x1f, 0x80,
    0x00, 0x00, 0x00, 0x00, 0x55, 0x48, 0x89, 0xe5, 0x41, 0x57, 0x41, 0x56,
    0x41, 0x54, 0x53, 0x83, 0xff, 0x02, 0x7d, 0x29, 0x48, 0x8b, 0x05, 0x61,
    0xfe, 0x01, 0x00, 0x48, 0x8b, 0x78, 0x18, 0xbe, 0xf6, 0x13, 0x42, 0x00,
    0x31, 0xc0, 0xe8, 0xb9, 0x5f, 0x01, 0x00, 0x41, 0xbe, 0x01, 0x00, 0x00,
    0x00, 0x44, 0x89, 0xf0, 0x5b, 0x41, 0x5c, 0x41, 0x5e, 0x41, 0x5f, 0x5d,
    0xc3, 0x48, 0x89, 0xf3, 0x41, 0x89, 0xff, 0x41, 0xbc, 0x01, 0x00, 0x00,
    0x00, 0x45, 0x31, 0xf6, 0xeb, 0x15, 0x66, 0x0f, 0x1f, 0x44, 0x00, 0x00,
    0x89, 0xc7, 0xe8, 0x09, 0x56, 0x00, 0x00, 0x49, 0xff, 0xc4, 0x4d, 0x39,
    0xe7, 0x74, 0xce, 0x4a, 0x8b, 0x3c, 0xe3, 0xbe, 0x01, 0x02, 0x00, 0x00,
    0xba, 0xa4, 0x01, 0x00, 0x00, 0x31, 0xc0, 0xe8, 0xac, 0x55, 0x00, 0x00,
    0x85, 0xc0, 0x79, 0xd8, 0x48, 0x8b, 0x05, 0xf9, 0xfd, 0x01, 0x00, 0x48,
    0x8b, 0x78, 0x18, 0x4a, 0x8b, 0x14, 0xe3, 0xbe, 0x6b, 0x0f, 0x42, 0x00,
    0x31, 0xc0, 0xe8, 0x4d, 0x5f, 0x01, 0x00, 0x41, 0xbe, 0x01, 0x00, 0x00,
    0x00, 0xeb, 0xbc, 0x0f, 0x1f, 0x44, 0x00, 0x00, 0x55, 0x48, 0x89, 0xe5,
    0x41, 0x57, 0x41, 0x56, 0x41, 0x54, 0x53, 0x83, 0xff, 0x02, 0x7d, 0x29,
    0x48, 0x8b, 0x05, 0xc1, 0xfd, 0x01, 0x00, 0x48, 0x8b, 0x78, 0x18, 0xbe,
    0x5f, 0x0d, 0x42, 0x00, 0x31, 0xc0, 0xe8, 0x19, 0x5f, 0x01, 0x00, 0x41,
    0xbe, 0x01, 0x00, 0x00, 0x00, 0x44, 0x89, 0xf0, 0x5b, 0x41, 0x5c, 0x41,
    0x5e, 0x41, 0x5f, 0x5d, 0xc3, 0x48, 0x89, 0xf3, 0x41, 0x89, 0xff, 0x41,
    0xbc, 0x01, 0x00, 0x00, 0x00, 0x45, 0x31, 0xf6, 0xeb, 0x0e, 0x66, 0x0f,
    0x1f, 0x44, 0x00, 0x00, 0x49, 0xff, 0xc4, 0x4d, 0x39, 0xe7, 0x74, 0xd5,
    0x4a, 0x8b, 0x3c, 0xe3, 0xbe, 0xed, 0x01, 0x00, 0x00, 0xe8, 0x9a, 0x57,
    0x00, 0x00, 0x85, 0xc0, 0x79, 0xe6, 0x48, 0x8b, 0x05, 0x67, 0xfd, 0x01,
    0x00, 0x48, 0x8b, 0x78, 0x18, 0x4a, 0x8b, 0x14, 0xe3, 0xbe, 0x7b, 0x14,
    0x42, 0x00, 0x31, 0xc0, 0xe8, 0xbb, 0x5e, 0x01, 0x00, 0x41, 0xbe, 0x01,
    0x00, 0x00, 0x00, 0xeb, 0xc3, 0x0f, 0x1f, 0x00, 0x55, 0x48, 0x89, 0xe5,
    0x41, 0x57, 0x41, 0x56, 0x41, 0x55, 0x41, 0x54, 0x53, 0x50, 0x49, 0x89,
    0xf7, 0x89, 0xfb, 0x45, 0x31, 0xf6, 0x83, 0xff, 0x02, 0x7c, 0x50, 0x41,
    0x89, 0xde, 0x45, 0x31, 0xed, 0x41, 0xbc, 0x01, 0x00, 0x00, 0x00, 0x66,
    0x0f, 0x1f, 0x84, 0x00, 0x00, 0x00, 0x00, 0x00, 0x4b, 0x8b, 0x3c, 0xe7,
    0x80, 0x3f, 0x2d, 0x75, 0x21, 0xbe, 0x66, 0x00, 0x00, 0x00, 0xe8, 0xad,
    0x6c, 0x01, 0x00, 0x48, 0x85, 0xc0, 0xb8, 0x01, 0x00, 0x00, 0x00, 0x44,
    0x0f, 0x45, 0xe8, 0x49, 0xff, 0xc4, 0x4d, 0x39, 0xe6, 0x75, 0xd9, 0x45,
    0x89, 0xf4, 0x45, 0x85, 0xed, 0x41, 0x0f, 0x95, 0xc5, 0x45, 0x31, 0xf6,
    0x41, 0x39, 0xdc, 0x7c, 0x10, 0xeb, 0x67, 0x41, 0xbc, 0x01, 0x00, 0x00,
    0x00, 0x45, 0x31, 0xed, 0x41, 0x39, 0xdc, 0x7d, 0x59, 0x44, 0x89, 0xe0,
    0x4d, 0x8d, 0x3c, 0xc7, 0x45, 0x31, 0xf6, 0xeb, 0x17, 0x66, 0x66, 0x2e,
    0x0f, 0x1f, 0x84, 0x00, 0x00, 0x00, 0x00, 0x00, 0x49, 0x83, 0xc7, 0x08,
    0x41, 0xff, 0xc4, 0x44, 0x39, 0xe3, 0x7e, 0x36, 0x49, 0x8b, 0x3f, 0xe8,
    0x5c, 0x55, 0x00, 0x00, 0x85, 0xc0, 0x0f, 0x99, 0xc0, 0x44, 0x08, 0xe8,
    0xa8, 0x01, 0x75, 0xe0, 0x48, 0x8b, 0x05, 0x91, 0xfc, 0x01, 0x00, 0x48,
    0x8b, 0x78, 0x18, 0x49, 0x8b, 0x17, 0xbe, 0x65, 0x15, 0x42, 0x00, 0x31,
    0xc0, 0xe8, 0xe6, 0x5d, 0x01, 0x00, 0x41, 0xbe, 0x01, 0x00, 0x00, 0x00,
    0xeb, 0xbe, 0x44, 0x89, 0xf0, 0x48, 0x83, 0xc4, 0x08, 0x5b, 0x41, 0x5c,
    0x41, 0x5d, 0x41, 0x5e, 0x41, 0x5f, 0x5d, 0xc3, 0x66, 0x66, 0x66, 0x2e,
    0x0f, 0x1f, 0x84, 0x00, 0x00, 0x00, 0x00, 0x00, 0x55, 0x48, 0x89, 0xe5,
    0x41, 0x57, 0x41, 0x56, 0x41, 0x54, 0x53, 0x48, 0x81, 0xec, 0x00, 0x10,
    0x00, 0x00, 0x83, 0xff, 0x02, 0x7f, 0x21, 0x48, 0x8b, 0x05, 0x3a, 0xfc,
    0x01, 0x00, 0x48, 0x8b, 0x78, 0x18, 0xbe, 0xfa, 0x12, 0x42, 0x00, 0x31,
    0xc0, 0xe8, 0x92, 0x5d, 0x01, 0x00, 0xb8, 0x01, 0x00, 0x00, 0x00, 0xe9,
    0xef, 0x00, 0x00, 0x00, 0x49, 0x89, 0xf7, 0x48, 0x8b, 0x7e, 0x08, 0x31,
    0xf6, 0x31, 0xc0, 0xe8, 0xb8, 0x53, 0x00, 0x00, 0x85, 0xc0, 0x78, 0x7b,
    0x89, 0xc3, 0x49, 0x8b, 0x7f, 0x10, 0xbe, 0x01, 0x06, 0x00, 0x00, 0xba,
    0xa4, 0x01, 0x00, 0x00, 0x31, 0xc0, 0xe8, 0x9d, 0x53, 0x00, 0x00, 0x85,
    0xc0, 0x0f, 0x88, 0x7e, 0x00, 0x00, 0x00, 0x41, 0x89, 0xc6, 0x4c, 0x8d,
    0xbd, 0xe0, 0xef, 0xff, 0xff, 0x66, 0x66, 0x2e, 0x0f, 0x1f, 0x84, 0x00,
    0x00, 0x00, 0x00, 0x00, 0xba, 0x00, 0x10, 0x00, 0x00, 0x89, 0xdf, 0x4c,
    0x89, 0xfe, 0xe8, 0x51, 0x53, 0x00, 0x00, 0x85, 0xc0, 0x7e, 0x7f, 0x41,
    0x89, 0xc4, 0x89, 0xc2, 0x44, 0x89, 0xf7, 0x4c, 0x89, 0xfe, 0xe8, 0x4d,
    0x53, 0x00, 0x00, 0x44, 0x39, 0xe0, 0x74, 0xd8, 0x48, 0x8b, 0x05, 0xa9,
    0xfb, 0x01, 0x00, 0x48, 0x8b, 0x78, 0x18, 0xbe, 0xdc, 0x06, 0x42, 0x00,
    0x31, 0xc0, 0xe8, 0x01, 0x5d, 0x01, 0x00, 0x41, 0xbf, 0x01, 0x00, 0x00,
    0x00, 0xeb, 0x4e, 0x48, 0x8b, 0x05, 0x8a, 0xfb, 0x01, 0x00, 0x48, 0x8b,
    0x78, 0x18, 0x49, 0x8b, 0x57, 0x08, 0xbe, 0x61, 0x09, 0x42, 0x00, 0x31,
    0xc0, 0xe8, 0xde, 0x5c, 0x01, 0x00, 0xb8, 0x01, 0x00, 0x00, 0x00, 0xeb,
    0x3e, 0x48, 0x8b, 0x05, 0x68, 0xfb, 0x01, 0x00, 0x48, 0x8b, 0x78, 0x18,
    0x49, 0x8b, 0x57, 0x10, 0xbe, 0x54, 0x0b, 0x42, 0x00, 0x31, 0xc0, 0xe8,
    0xbc, 0x5c, 0x01, 0x00, 0x89, 0xdf, 0xe8, 0x35, 0x53, 0x00, 0x00, 0xb8,
    0x01, 0x00, 0x00, 0x00, 0xeb, 0x15, 0x45, 0x31, 0xff, 0x89, 0xdf, 0xe8,
    0x24, 0x53, 0x00, 0x00, 0x44, 0x89, 0xf7, 0xe8, 0x1c, 0x53, 0x00, 0x00,
    0x44, 0x89, 0xf8, 0x48, 0x81, 0xc4, 0x00, 0x10, 0x00, 0x00, 0x5b, 0x41,
    0x5c, 0x41, 0x5e, 0x41, 0x5f, 0x5d, 0xc3, 0x66, 0x0f, 0x1f, 0x84, 0x00,
    0x00, 0x00, 0x00, 0x00, 0x55, 0x48, 0x89, 0xe5, 0x53, 0x48, 0x83, 0xec,
    0x28, 0x83, 0xff, 0x02, 0x7f, 0x1e, 0x48, 0x8b, 0x05, 0x03, 0xfb, 0x01,
    0x00, 0x48, 0x8b, 0x78, 0x18, 0xbe, 0x0d, 0x13, 0x42, 0x00, 0x31, 0xc0,
    0xe8, 0x5b, 0x5c, 0x01, 0x00, 0xb8, 0x01, 0x00, 0x00, 0x00, 0xeb, 0x54,
    0x48, 0x89, 0xf3, 0x48, 0x8b, 0x7e, 0x08, 0x48, 0x8b, 0x76, 0x10, 0xe8,
    0x14, 0x54, 0x00, 0x00, 0x89, 0xc1, 0x31, 0xc0, 0x85, 0xc9, 0x74, 0x3c,
    0x48, 0xc7, 0x45, 0xd8, 0x25, 0x15, 0x42, 0x00, 0x0f, 0x10, 0x43, 0x08,
    0x0f, 0x11, 0x45, 0xe0, 0x48, 0xc7, 0x45, 0xf0, 0x00, 0x00, 0x00, 0x00,
    0x48, 0x8d, 0x75, 0xd8, 0xbf, 0x03, 0x00, 0x00, 0x00, 0xe8, 0x56, 0xfe,
    0xff, 0xff, 0x89, 0xc1, 0xb8, 0x01, 0x00, 0x00, 0x00, 0x85, 0xc9, 0x75,
    0x0b, 0x48, 0x8b, 0x7b, 0x08, 0xe8, 0x52, 0x53, 0x00, 0x00, 0x31, 0xc0,
    0x48, 0x83, 0xc4, 0x28, 0x5b, 0x5d, 0xc3, 0x66, 0x0f, 0x1f, 0x84, 0x00,
    0x00, 0x00, 0x00, 0x00, 0x55, 0x48, 0x89, 0xe5, 0x41, 0x57, 0x41, 0x56,
    0x41, 0x55, 0x41, 0x54, 0x53, 0x48, 0x81, 0xec, 0x18, 0x21, 0x00, 0x00,
    0x89, 0x7d, 0xc8, 0x83, 0xff, 0x02, 0x0f, 0x8c, 0xa0, 0x00, 0x00, 0x00,
    0x8b, 0x45, 0xc8, 0xb9, 0x01, 0x00, 0x00, 0x00, 0x48, 0x29, 0xc1, 0x48,
    0x89, 0x4d, 0xd0, 0x45, 0x31, 0xff, 0x41, 0xbd, 0x02, 0x00, 0x00, 0x00,
    0x41, 0xbe, 0x01, 0x00, 0x00, 0x00, 0x45, 0x31, 0xe4, 0xc7, 0x45, 0xcc,
    0x00, 0x00, 0x00, 0x00, 0x0f, 0x1f, 0x84, 0x00, 0x00, 0x00, 0x00, 0x00,
    0x4a, 0x8b, 0x7c, 0xee, 0xf8, 0x80, 0x3f, 0x2d, 0x0f, 0x85, 0x85, 0x00,
    0x00, 0x00, 0x80, 0x7f, 0x01, 0x00, 0x74, 0x7f, 0x48, 0x89, 0xf3, 0xbe,
    0x69, 0x00, 0x00, 0x00, 0xe8, 0xbf, 0x69, 0x01, 0x00, 0x48, 0x85, 0xc0,
    0x45, 0x0f, 0x45, 0xfe, 0x4a, 0x8b, 0x7c, 0xeb, 0xf8, 0xbe, 0x76, 0x00,
    0x00, 0x00, 0xe8, 0xa9, 0x69, 0x01, 0x00, 0x48, 0x85, 0xc0, 0x45, 0x0f,
    0x45, 0xe6, 0x4a, 0x8b, 0x7c, 0xeb, 0xf8, 0xbe, 0x6e, 0x00, 0x00, 0x00,
    0xe8, 0x93, 0x69, 0x01, 0x00, 0x48, 0x89, 0xde, 0x48, 0x85, 0xc0, 0x8b,
    0x45, 0xcc, 0x41, 0x0f, 0x45, 0xc6, 0x89, 0x45, 0xcc, 0x48, 0x8b, 0x45,
    0xd0, 0x4c, 0x01, 0xe8, 0x48, 0xff, 0xc0, 0x49, 0xff, 0xc5, 0x48, 0x83,
    0xf8, 0x02, 0x75, 0x90, 0x48, 0x8b, 0x05, 0xc1, 0xf9, 0x01, 0x00, 0x48,
    0x8b, 0x78, 0x18, 0xbe, 0x62, 0x0c, 0x42, 0x00, 0x31, 0xc0, 0xe8, 0x19,
    0x5b, 0x01, 0x00, 0xc7, 0x45, 0xd0, 0x02, 0x00, 0x00, 0x00, 0xe9, 0x24,
    0x02, 0x00, 0x00, 0x4a, 0x8b, 0x5c, 0xee, 0xf8, 0x45, 0x31, 0xf6, 0x44,
    0x3b, 0x6d, 0xc8, 0x7d, 0x42, 0x4a, 0x8b, 0x3c, 0xee, 0x48, 0x89, 0x75,
    0xd0, 0xbe, 0x86, 0x13, 0x42, 0x00, 0xe8, 0x8d, 0x59, 0x01, 0x00, 0x48,
    0x85, 0xc0, 0x75, 0x2d, 0x48, 0x8b, 0x05, 0x79, 0xf9, 0x01, 0x00, 0x48,
    0x8b, 0x78, 0x18, 0x48, 0x8b, 0x45, 0xd0, 0x4a, 0x8b, 0x14, 0xe8, 0xbe,
    0xdc, 0x0e, 0x42, 0x00, 0x31, 0xc0, 0xe8, 0xc9, 0x5a, 0x01, 0x00, 0xc7,
    0x45, 0xd0, 0x02, 0x00, 0x00, 0x00, 0xe9, 0xd4, 0x01, 0x00, 0x00, 0x31,
    0xc0, 0x45, 0x89, 0xfd, 0xc7, 0x45, 0xd0, 0x01, 0x00, 0x00, 0x00, 0x49,
    0x89, 0xc7, 0xeb, 0x40, 0x66, 0x66, 0x66, 0x2e, 0x0f, 0x1f, 0x84, 0x00,
    0x00, 0x00, 0x00, 0x00, 0x31, 0xd2, 0xc6, 0x84, 0x15, 0xc0, 0xfe, 0xff,
    0xff, 0x00, 0x48, 0x8d, 0xbd, 0xc0, 0xde, 0xff, 0xff, 0x48, 0x8d, 0xb5,
    0xc0, 0xfe, 0xff, 0xff, 0xe8, 0x53, 0x7a, 0x01, 0x00, 0x41, 0xff, 0xc6,
    0x31, 0xc9, 0x48, 0x85, 0xc0, 0x0f, 0x95, 0xc1, 0x41, 0x39, 0xcc, 0x4c,
    0x89, 0xf8, 0x0f, 0x85, 0x1e, 0x01, 0x00, 0x00, 0x48, 0x85, 0xc0, 0x74,
    0x27, 0x48, 0x8d, 0xbd, 0xc0, 0xee, 0xff, 0xff, 0xbe, 0x00, 0x10, 0x00,
    0x00, 0x48, 0x89, 0xc2, 0xe8, 0xb3, 0x52, 0x01, 0x00, 0x48, 0x85, 0xc0,
    0x75, 0x33, 0xe9, 0x48, 0x01, 0x00, 0x00, 0x66, 0x0f, 0x1f, 0x84, 0x00,
    0x00, 0x00, 0x00, 0x00, 0x48, 0x8b, 0x05, 0xd1, 0xf8, 0x01, 0x00, 0x48,
    0x8b, 0x50, 0x08, 0x48, 0x8d, 0xbd, 0xc0, 0xee, 0xff, 0xff, 0xbe, 0x00,
    0x10, 0x00, 0x00, 0xe8, 0x84, 0x52, 0x01, 0x00, 0x48, 0x85, 0xc0, 0x0f,
    0x84, 0x22, 0x01, 0x00, 0x00, 0x45, 0x85, 0xed, 0x74, 0x56, 0x0f, 0xb6,
    0x8d, 0xc0, 0xee, 0xff, 0xff, 0x84, 0xc9, 0x74, 0x5b, 0x31, 0xc0, 0x66,
    0x0f, 0x1f, 0x84, 0x00, 0x00, 0x00, 0x00, 0x00, 0x0f, 0xb6, 0xd1, 0x0f,
    0xb6, 0xb2, 0xe1, 0xed, 0x41, 0x00, 0x40, 0x80, 0xe6, 0x03, 0x40, 0x80,
    0xfe, 0x01, 0x75, 0x06, 0x80, 0xc1, 0x20, 0x0f, 0xb6, 0xd1, 0x88, 0x94,
    0x05, 0xc0, 0xde, 0xff, 0xff, 0x48, 0x8d, 0x50, 0x01, 0x0f, 0xb6, 0x8c,
    0x05, 0xc1, 0xee, 0xff, 0xff, 0x84, 0xc9, 0x74, 0x21, 0x48, 0x3d, 0xfe,
    0x0f, 0x00, 0x00, 0x48, 0x89, 0xd0, 0x72, 0xc4, 0xeb, 0x14, 0x66, 0x90,
    0x48, 0x8d, 0xbd, 0xc0, 0xee, 0xff, 0xff, 0x48, 0x89, 0xde, 0xe9, 0x29,
    0xff, 0xff, 0xff, 0x90, 0x31, 0xd2, 0xc6, 0x84, 0x15, 0xc0, 0xde, 0xff,
    0xff, 0x00, 0x0f, 0xb6, 0x0b, 0x84, 0xc9, 0x0f, 0x84, 0xfb, 0xfe, 0xff,
    0xff, 0x31, 0xc0, 0x66, 0x0f, 0x1f, 0x84, 0x00, 0x00, 0x00, 0x00, 0x00,
    0x0f, 0xb6, 0xd1, 0x0f, 0xb6, 0xb2, 0xe1, 0xed, 0x41, 0x00, 0x40, 0x80,
    0xe6, 0x03, 0x40, 0x80, 0xfe, 0x01, 0x75, 0x06, 0x80, 0xc1, 0x20, 0x0f,
    0xb6, 0xd1, 0x88, 0x94, 0x05, 0xc0, 0xfe, 0xff, 0xff, 0x48, 0x8d, 0x50,
    0x01, 0x0f, 0xb6, 0x4c, 0x03, 0x01, 0x84, 0xc9, 0x0f, 0x84, 0xc0, 0xfe,
    0xff, 0xff, 0x48, 0x3d, 0xfe, 0x00, 0x00, 0x00, 0x48, 0x89, 0xd0, 0x72,
    0xc3, 0xe9, 0xb0, 0xfe, 0xff, 0xff, 0x83, 0x7d, 0xcc, 0x00, 0x74, 0x25,
    0xc7, 0x45, 0xd0, 0x00, 0x00, 0x00, 0x00, 0xbf, 0xce, 0x11, 0x42, 0x00,
    0x44, 0x89, 0xf6, 0x48, 0x8d, 0x95, 0xc0, 0xee, 0xff, 0xff, 0x31, 0xc0,
    0xe8, 0xeb, 0x9d, 0x00, 0x00, 0x4c, 0x89, 0xf8, 0xe9, 0xb7, 0xfe, 0xff,
    0xff, 0xc7, 0x45, 0xd0, 0x00, 0x00, 0x00, 0x00, 0xbf, 0xf6, 0x0c, 0x42,
    0x00, 0x48, 0x8d, 0xb5, 0xc0, 0xee, 0xff, 0xff, 0x31, 0xc0, 0xe8, 0xc9,
    0x9d, 0x00, 0x00, 0x4c, 0x89, 0xf8, 0xe9, 0x95, 0xfe, 0xff, 0xff, 0x4c,
    0x89, 0xff, 0xe8, 0x39, 0x2a, 0x01, 0x00, 0x48, 0x8b, 0x05, 0x8a, 0xf7,
    0x01, 0x00, 0x48, 0x8b, 0x78, 0x10, 0xe8, 0x59, 0x2c, 0x01, 0x00, 0x8b,
    0x45, 0xd0, 0x48, 0x81, 0xc4, 0x18, 0x21, 0x00, 0x00, 0x5b, 0x41, 0x5c,
    0x41, 0x5d, 0x41, 0x5e, 0x41, 0x5f, 0x5d, 0xc3, 0x0f, 0x1f, 0x40, 0x00,
    0x55, 0x48, 0x89, 0xe5, 0x41, 0x57, 0x41, 0x56, 0x41, 0x55, 0x41, 0x54,
    0x53, 0x48, 0x81, 0xec, 0x08, 0x12, 0x00, 0x00, 0x83, 0xff, 0x01, 0x7f,
    0x21, 0x48, 0x8b, 0x05, 0x48, 0xf7, 0x01, 0x00, 0x48, 0x8b, 0x78, 0x18,
    0xbe, 0x2a, 0x10, 0x42, 0x00, 0x31, 0xc0, 0xe8, 0xa0, 0x58, 0x01, 0x00,
    0xbb, 0x01, 0x00, 0x00, 0x00, 0xe9, 0xd3, 0x01, 0x00, 0x00, 0x45, 0x31,
    0xf6, 0x83, 0xff, 0x02, 0x0f, 0x84, 0x9a, 0x00, 0x00, 0x00, 0x83, 0xc7,
    0xfd, 0x83, 0xff, 0x3b, 0x41, 0xbe, 0x3b, 0x00, 0x00, 0x00, 0x44, 0x0f,
    0x42, 0xf7, 0x41, 0xff, 0xc6, 0x83, 0xff, 0x03, 0x73, 0x09, 0xb9, 0x02,
    0x00, 0x00, 0x00, 0x31, 0xc0, 0xeb, 0x41, 0x44, 0x89, 0xf0, 0x83, 0xe0,
    0x7c, 0x48, 0x8d, 0x48, 0x02, 0x31, 0xd2, 0x66, 0x66, 0x66, 0x66, 0x2e,
    0x0f, 0x1f, 0x84, 0x00, 0x00, 0x00, 0x00, 0x00, 0x0f, 0x10, 0x44, 0xd6,
    0x10, 0x0f, 0x10, 0x4c, 0xd6, 0x20, 0x0f, 0x29, 0x84, 0xd5, 0xd0, 0xfd,
    0xff, 0xff, 0x0f, 0x29, 0x8c, 0xd5, 0xe0, 0xfd, 0xff, 0xff, 0x48, 0x83,
    0xc2, 0x04, 0x48, 0x39, 0xd0, 0x75, 0xdd, 0x44, 0x39, 0xf0, 0x74, 0x38,
    0x48, 0x8d, 0x0c, 0xce, 0x89, 0xff, 0x48, 0x83, 0xff, 0x3b, 0xba, 0x3b,
    0x00, 0x00, 0x00, 0x48, 0x0f, 0x42, 0xd7, 0x48, 0x8d, 0x3c, 0xc5, 0xd0,
    0xfd, 0xff, 0xff, 0x48, 0x01, 0xef, 0x48, 0x29, 0xc2, 0x48, 0xff, 0xc2,
    0x31, 0xc0, 0x66, 0x90, 0x4c, 0x8b, 0x04, 0xc1, 0x4c, 0x89, 0x04, 0xc7,
    0x48, 0xff, 0xc0, 0x48, 0x39, 0xc2, 0x75, 0xf0, 0x48, 0x8b, 0x5e, 0x08,
    0xe8, 0xd7, 0x93, 0x00, 0x00, 0x45, 0x31, 0xff, 0x83, 0xf8, 0xff, 0x75,
    0x19, 0xeb, 0x32, 0x66, 0x66, 0x66, 0x66, 0x2e, 0x0f, 0x1f, 0x84, 0x00,
    0x00, 0x00, 0x00, 0x00, 0xe8, 0xbb, 0x93, 0x00, 0x00, 0x83, 0xf8, 0xff,
    0x74, 0x18, 0x41, 0x81, 0xff, 0xfe, 0x0f, 0x00, 0x00, 0x7f, 0xed, 0x49,
    0x63, 0xcf, 0x41, 0xff, 0xc7, 0x88, 0x84, 0x0d, 0xd0, 0xed, 0xff, 0xff,
    0xeb, 0xde, 0x4d, 0x63, 0xff, 0x42, 0xc6, 0x84, 0x3d, 0xd0, 0xed, 0xff,
    0xff, 0x00, 0x0f, 0xb6, 0x85, 0xd0, 0xed, 0xff, 0xff, 0x84, 0xc0, 0x0f,
    0x84, 0xa9, 0x00, 0x00, 0x00, 0x45, 0x89, 0xf7, 0x4c, 0x8d, 0xad, 0xd0,
    0xed, 0xff, 0xff, 0x4d, 0x89, 0xec, 0x66, 0x0f, 0x1f, 0x44, 0x00, 0x00,
    0x0f, 0xbe, 0xf0, 0xbf, 0x88, 0x13, 0x42, 0x00, 0xe8, 0xb3, 0x65, 0x01,
    0x00, 0x48, 0x85, 0xc0, 0x74, 0x1e, 0x41, 0x0f, 0xb6, 0x44, 0x24, 0x01,
    0x49, 0xff, 0xc4, 0x84, 0xc0, 0x75, 0xe1, 0xeb, 0x72, 0x66, 0x66, 0x66,
    0x66, 0x66, 0x66, 0x2e, 0x0f, 0x1f, 0x84, 0x00, 0x00, 0x00, 0x00, 0x00,
    0x41, 0x0f, 0xb6, 0x04, 0x24, 0x84, 0xc0, 0x74, 0x5a, 0x4d, 0x89, 0xe5,
    0x0f, 0x1f, 0x40, 0x00, 0x0f, 0xbe, 0xf0, 0xbf, 0x88, 0x13, 0x42, 0x00,
    0xe8, 0x73, 0x65, 0x01, 0x00, 0x48, 0x85, 0xc0, 0x75, 0x0e, 0x41, 0x0f,
    0xb6, 0x45, 0x01, 0x49, 0xff, 0xc5, 0x84, 0xc0, 0x75, 0xe2, 0xeb, 0x0f,
    0x41, 0x80, 0x7d, 0x00, 0x00, 0x74, 0x08, 0x41, 0xc6, 0x45, 0x00, 0x00,
    0x49, 0xff, 0xc5, 0x41, 0xff, 0xc6, 0x4e, 0x89, 0xa4, 0xfd, 0xd0, 0xfd,
    0xff, 0xff, 0x41, 0x0f, 0xb6, 0x45, 0x00, 0x84, 0xc0, 0x74, 0x13, 0x49,
    0x83, 0xff, 0x3d, 0x4d, 0x8d, 0x7f, 0x01, 0x0f, 0x82, 0x66, 0xff, 0xff,
    0xff, 0xeb, 0x03, 0x45, 0x89, 0xfe, 0x44, 0x89, 0xf0, 0x48, 0xc7, 0x84,
    0xc5, 0xd0, 0xfd, 0xff, 0xff, 0x00, 0x00, 0x00, 0x00, 0xe8, 0x56, 0x4e,
    0x00, 0x00, 0x85, 0xc0, 0x74, 0x23, 0x48, 0x8d, 0x75, 0xd4, 0x31, 0xdb,
    0x89, 0xc7, 0x31, 0xd2, 0xe8, 0xd3, 0x53, 0x00, 0x00, 0x89, 0xd8, 0x48,
    0x81, 0xc4, 0x08, 0x12, 0x00, 0x00, 0x5b, 0x41, 0x5c, 0x41, 0x5d, 0x41,
    0x5e, 0x41, 0x5f, 0x5d, 0xc3, 0x48, 0x8d, 0xb5, 0xd0, 0xfd, 0xff, 0xff,
    0x48, 0x89, 0xdf, 0xe8, 0x50, 0x4e, 0x00, 0x00, 0x48, 0x8b, 0x05, 0x31,
    0xf5, 0x01, 0x00, 0x48, 0x8b, 0x78, 0x18, 0xbe, 0x75, 0x0d, 0x42, 0x00,
    0x48, 0x89, 0xda, 0x31, 0xc0, 0xe8, 0x86, 0x56, 0x01, 0x00, 0xbf, 0x7f,
    0x00, 0x00, 0x00, 0xe8, 0x4c, 0x45, 0x00, 0x00, 0x66, 0x66, 0x66, 0x2e,
    0x0f, 0x1f, 0x84, 0x00, 0x00, 0x00, 0x00, 0x00, 0x55, 0x48, 0x89, 0xe5,
    0x41, 0x57, 0x41, 0x56, 0x41, 0x54, 0x53, 0x83, 0xff, 0x01, 0x7f, 0x15,
    0x48, 0x8b, 0x05, 0xf1, 0xf4, 0x01, 0x00, 0x48, 0x8b, 0x78, 0x18, 0xbe,
    0xf3, 0x0e, 0x42, 0x00, 0xe9, 0x57, 0x01, 0x00, 0x00, 0x83, 0xff, 0x02,
    0x0f, 0x84, 0x5c, 0x01, 0x00, 0x00, 0x83, 0xff, 0x04, 0x0f, 0x85, 0x35,
    0x01, 0x00, 0x00, 0x48, 0x8b, 0x7e, 0x08, 0x48, 0x89, 0xf3, 0xe8, 0x1d,
    0x64, 0x00, 0x00, 0x49, 0x89, 0xc6, 0x4c, 0x8b, 0x7b, 0x10, 0x49, 0x89,
    0xdc, 0x48, 0x8b, 0x7b, 0x18, 0xe8, 0x0a, 0x64, 0x00, 0x00, 0x48, 0x89,
    0xc3, 0xbe, 0xed, 0x06, 0x42, 0x00, 0x4c, 0x89, 0xff, 0xe8, 0xda, 0x66,
    0x01, 0x00, 0x85, 0xc0, 0x0f, 0x84, 0x27, 0x01, 0x00, 0x00, 0xbe, 0x95,
    0x14, 0x42, 0x00, 0x4c, 0x89, 0xff, 0xe8, 0xc5, 0x66, 0x01, 0x00, 0x85,
    0xc0, 0x0f, 0x84, 0x17, 0x01, 0x00, 0x00, 0xbe, 0x8d, 0x13, 0x42, 0x00,
    0x4c, 0x89, 0xff, 0xe8, 0xb0, 0x66, 0x01, 0x00, 0x85, 0xc0, 0x0f, 0x84,
    0x0f, 0x01, 0x00, 0x00, 0xbe, 0xc2, 0x08, 0x42, 0x00, 0x4c, 0x89, 0xff,
    0xe8, 0x9b, 0x66, 0x01, 0x00, 0x85, 0xc0, 0x0f, 0x84, 0x28, 0x01, 0x00,
    0x00, 0xbe, 0xef, 0x06, 0x42, 0x00, 0x4c, 0x89, 0xff, 0xe8, 0x86, 0x66,
    0x01, 0x00, 0x85, 0xc0, 0x0f, 0x84, 0x5f, 0x01, 0x00, 0x00, 0xbe, 0x60,
    0x12, 0x42, 0x00, 0x4c, 0x89, 0xff, 0xe8, 0x71, 0x66, 0x01, 0x00, 0x85,
    0xc0, 0x0f, 0x84, 0x19, 0x01, 0x00, 0x00, 0xbe, 0x7b, 0x05, 0x42, 0x00,
    0x4c, 0x89, 0xff, 0xe8, 0x5c, 0x66, 0x01, 0x00, 0x85, 0xc0, 0x0f, 0x84,
    0x04, 0x01, 0x00, 0x00, 0xbe, 0x00, 0x0d, 0x42, 0x00, 0x4c, 0x89, 0xff,
    0xe8, 0x47, 0x66, 0x01, 0x00, 0x85, 0xc0, 0x0f, 0x84, 0x64, 0x01, 0x00,
    0x00, 0xbe, 0x89, 0x0c, 0x42, 0x00, 0x4c, 0x89, 0xff, 0xe8, 0x32, 0x66,
    0x01, 0x00, 0x85, 0xc0, 0x0f, 0x84, 0x75, 0x01, 0x00, 0x00, 0xbe, 0x3f,
    0x16, 0x42, 0x00, 0x4c, 0x89, 0xff, 0xe8, 0x1d, 0x66, 0x01, 0x00, 0x85,
    0xc0, 0x0f, 0x84, 0x75, 0x01, 0x00, 0x00, 0xbe, 0x7a, 0x09, 0x42, 0x00,
    0x4c, 0x89, 0xff, 0xe8, 0x08, 0x66, 0x01, 0x00, 0x85, 0xc0, 0x0f, 0x84,
    0x75, 0x01, 0x00, 0x00, 0xbe, 0x7c, 0x15, 0x42, 0x00, 0x4c, 0x89, 0xff,
    0xe8, 0xf3, 0x65, 0x01, 0x00, 0x85, 0xc0, 0x0f, 0x84, 0x75, 0x01, 0x00,
    0x00, 0x49, 0x8b, 0x7c, 0x24, 0x10, 0xbe, 0x85, 0x0f, 0x42, 0x00, 0xe8,
    0xdc, 0x65, 0x01, 0x00, 0x85, 0xc0, 0x0f, 0x84, 0x73, 0x01, 0x00, 0x00,
    0x48, 0x8b, 0x05, 0x95, 0xf3, 0x01, 0x00, 0x48, 0x8b, 0x78, 0x18, 0xbe,
    0xd4, 0x11, 0x42, 0x00, 0x31, 0xc0, 0xe8, 0xed, 0x54, 0x01, 0x00, 0xb8,
    0x02, 0x00, 0x00, 0x00, 0xeb, 0x42, 0x48, 0x8b, 0x76, 0x08, 0xbf, 0x45,
    0x08, 0x42, 0x00, 0xeb, 0x1e, 0x4c, 0x01, 0xf3, 0xeb, 0x11, 0x49, 0x29,
    0xde, 0xbf, 0xb7, 0x0a, 0x42, 0x00, 0x4c, 0x89, 0xf6, 0xeb, 0x0c, 0x49,
    0x0f, 0xaf, 0xde, 0xbf, 0xb7, 0x0a, 0x42, 0x00, 0x48, 0x89, 0xde, 0x31,
    0xc0, 0xe8, 0x76, 0x99, 0x00, 0x00, 0x48, 0x8b, 0x05, 0x47, 0xf3, 0x01,
    0x00, 0x48, 0x8b, 0x78, 0x10, 0xe8, 0x16, 0x28, 0x01, 0x00, 0x31, 0xc0,
    0x5b, 0x41, 0x5c, 0x41, 0x5e, 0x41, 0x5f, 0x5d, 0xc3, 0x48, 0x85, 0xdb,
    0x74, 0x62, 0x4c, 0x89, 0xf0, 0x48, 0x09, 0xd8, 0x48, 0xc1, 0xe8, 0x20,
    0x74, 0x6b, 0x4c, 0x89, 0xf0, 0x48, 0x99, 0x48, 0xf7, 0xfb, 0xeb, 0x68,
    0x45, 0x31, 0xff, 0x31, 0xf6, 0x49, 0x39, 0xde, 0x41, 0x0f, 0x95, 0xc7,
    0x40, 0x0f, 0x94, 0xc6, 0xbf, 0x76, 0x09, 0x42, 0x00, 0x31, 0xc0, 0xe8,
    0x24, 0x99, 0x00, 0x00, 0x48, 0x8b, 0x05, 0xf5, 0xf2, 0x01, 0x00, 0x48,
    0x8b, 0x78, 0x10, 0xe8, 0xc4, 0x27, 0x01, 0x00, 0x44, 0x89, 0xf8, 0xeb,
    0xab, 0x48, 0x85, 0xdb, 0x74, 0x16, 0x4c, 0x89, 0xf0, 0x48, 0x09, 0xd8,
    0x48, 0xc1, 0xe8, 0x20, 0x74, 0x45, 0x4c, 0x89, 0xf0, 0x48, 0x99, 0x48,
    0xf7, 0xfb, 0xeb, 0x42, 0x48, 0x8b, 0x05, 0xc5, 0xf2, 0x01, 0x00, 0x48,
    0x8b, 0x78, 0x18, 0xbe, 0x02, 0x11, 0x42, 0x00, 0xe9, 0x2b, 0xff, 0xff,
    0xff, 0x44, 0x89, 0xf0, 0x31, 0xd2, 0xf7, 0xf3, 0xbf, 0xb7, 0x0a, 0x42,
    0x00, 0x48, 0x89, 0xc6, 0xe9, 0x4e, 0xff, 0xff, 0xff, 0x45, 0x31, 0xff,
    0x31, 0xf6, 0x49, 0x39, 0xde, 0x41, 0x0f, 0x94, 0xc7, 0x40, 0x0f, 0x95,
    0xc6, 0xeb, 0x89, 0x44, 0x89, 0xf0, 0x31, 0xd2, 0xf7, 0xf3, 0xbf, 0xb7,
    0x0a, 0x42, 0x00, 0x48, 0x89, 0xd6, 0xe9, 0x28, 0xff, 0xff, 0xff, 0x45,
    0x31, 0xff, 0x31, 0xf6, 0x49, 0x39, 0xde, 0x41, 0x0f, 0x9d, 0xc7, 0x40,
    0x0f, 0x9c, 0xc6, 0xe9, 0x60, 0xff, 0xff, 0xff, 0x45, 0x31, 0xff, 0x31,
    0xf6, 0x49, 0x39, 0xde, 0x41, 0x0f, 0x9f, 0xc7, 0x40, 0x0f, 0x9e, 0xc6,
    0xe9, 0x4b, 0xff, 0xff, 0xff, 0x45, 0x31, 0xff, 0x31, 0xf6, 0x49, 0x39,
    0xde, 0x41, 0x0f, 0x9e, 0xc7, 0x40, 0x0f, 0x9f, 0xc6, 0xe9, 0x36, 0xff,
    0xff, 0xff, 0x45, 0x31, 0xff, 0x31, 0xf6, 0x49, 0x39, 0xde, 0x41, 0x0f,
    0x9c, 0xc7, 0x40, 0x0f, 0x9d, 0xc6, 0xe9, 0x21, 0xff, 0xff, 0xff, 0x4c,
    0x89, 0xe2, 0x49, 0x8b, 0x44, 0x24, 0x18, 0x0f, 0xb6, 0x08, 0xbe, 0x00,
    0x00, 0x00, 0x00, 0x84, 0xc9, 0x74, 0x1b, 0x48, 0x8b, 0x52, 0x08, 0x31,
    0xf6, 0x31, 0xff, 0x38, 0x0c, 0x3a, 0x75, 0x0e, 0x0f, 0xb6, 0x4c, 0x38,
    0x01, 0x48, 0xff, 0xc7, 0x84, 0xc9, 0x75, 0xef, 0x89, 0xfe, 0xbf, 0x76,
    0x09, 0x42, 0x00, 0x31, 0xc0, 0xe8, 0x16, 0x98, 0x00, 0x00, 0xe9, 0x9b,
    0xfe, 0xff, 0xff, 0x90, 0x55, 0x48, 0x89, 0xe5, 0x41, 0x57, 0x41, 0x56,
    0x41, 0x55, 0x41, 0x54, 0x53, 0x48, 0x83, 0xec, 0x18, 0x48, 0x89, 0xf3,
    0x41, 0x89, 0xfe, 0x83, 0xff, 0x02, 0x7c, 0x5b, 0x45, 0x89, 0xf5, 0x45,
    0x31, 0xe4, 0x41, 0xbf, 0x01, 0x00, 0x00, 0x00, 0x0f, 0x1f, 0x84, 0x00,
    0x00, 0x00, 0x00, 0x00, 0x4a, 0x8b, 0x3c, 0xfb, 0x80, 0x3f, 0x2d, 0x75,
    0x35, 0x80, 0x7f, 0x01, 0x00, 0x74, 0x2f, 0xbe, 0x52, 0x00, 0x00, 0x00,
    0xe8, 0x47, 0x61, 0x01, 0x00, 0x4a, 0x8b, 0x3c, 0xfb, 0xbe, 0x76, 0x00,
    0x00, 0x00, 0xe8, 0x39, 0x61, 0x01, 0x00, 0x48, 0x85, 0xc0, 0xb8, 0x01,
    0x00, 0x00, 0x00, 0x44, 0x0f, 0x45, 0xe0, 0x49, 0xff, 0xc7, 0x4d, 0x39,
    0xfd, 0x75, 0xc5, 0x45, 0x89, 0xef, 0x45, 0x85, 0xe4, 0x0f, 0x94, 0x45,
    0xd7, 0xeb, 0x0a, 0x41, 0xbf, 0x01, 0x00, 0x00, 0x00, 0xc6, 0x45, 0xd7,
    0x01, 0x41, 0x8d, 0x47, 0x01, 0x44, 0x39, 0xf0, 0x7d, 0x28, 0x45, 0x89,
    0xfd, 0x4e, 0x8b, 0x3c, 0xeb, 0x41, 0x0f, 0xb6, 0x07, 0x24, 0xf8, 0x3c,
    0x30, 0x75, 0x39, 0x4c, 0x89, 0xff, 0x31, 0xf6, 0xba, 0x08, 0x00, 0x00,
    0x00, 0xe8, 0x26, 0x1b, 0x01, 0x00, 0x49, 0x89, 0xc7, 0xe9, 0xde, 0x00,
    0x00, 0x00, 0x48, 0x8b, 0x05, 0x2f, 0xf1, 0x01, 0x00, 0x48, 0x8b, 0x78,
    0x18, 0xbe, 0xa2, 0x05, 0x42, 0x00, 0x31, 0xc0, 0xe8, 0x87, 0x52, 0x01,
    0x00, 0x41, 0xbc, 0x01, 0x00, 0x00, 0x00, 0xe9, 0x37, 0x01, 0x00, 0x00,
    0x4c, 0x89, 0xff, 0xbe, 0x78, 0x00, 0x00, 0x00, 0xe8, 0xaf, 0x60, 0x01,
    0x00, 0x49, 0x89, 0xc4, 0xbe, 0xc4, 0x08, 0x42, 0x00, 0x4c, 0x89, 0xff,
    0xe8, 0x2f, 0x72, 0x01, 0x00, 0x48, 0x85, 0xc0, 0x75, 0x24, 0x4d, 0x85,
    0xe4, 0xb8, 0xa4, 0x01, 0x00, 0x00, 0x41, 0xbc, 0xed, 0x01, 0x00, 0x00,
    0x44, 0x0f, 0x44, 0xe0, 0xbe, 0x6b, 0x0b, 0x42, 0x00, 0x4c, 0x89, 0xff,
    0xe8, 0x0b, 0x72, 0x01, 0x00, 0x48, 0x85, 0xc0, 0x74, 0x06, 0x41, 0xbc,
    0xff, 0x01, 0x00, 0x00, 0xbe, 0xe1, 0x16, 0x42, 0x00, 0x4c, 0x89, 0xff,
    0xe8, 0xf3, 0x71, 0x01, 0x00, 0x48, 0x85, 0xc0, 0x44, 0x89, 0xe0, 0x41,
    0xbc, 0xed, 0x01, 0x00, 0x00, 0x44, 0x0f, 0x44, 0xe0, 0xbe, 0x9b, 0x18,
    0x42, 0x00, 0x4c, 0x89, 0xff, 0xe8, 0xd6, 0x71, 0x01, 0x00, 0x48, 0x85,
    0xc0, 0x4c, 0x89, 0xff, 0x4c, 0x89, 0x7d, 0xc8, 0x41, 0xbf, 0xa4, 0x01,
    0x00, 0x00, 0x45, 0x0f, 0x44, 0xfc, 0xbe, 0x04, 0x19, 0x42, 0x00, 0xe8,
    0xb8, 0x71, 0x01, 0x00, 0x48, 0x85, 0xc0, 0x41, 0xbc, 0x80, 0x01, 0x00,
    0x00, 0x45, 0x0f, 0x44, 0xe7, 0xbe, 0xc8, 0x08, 0x42, 0x00, 0x48, 0x8b,
    0x7d, 0xc8, 0xe8, 0x9d, 0x71, 0x01, 0x00, 0x48, 0x85, 0xc0, 0x41, 0xbf,
    0x24, 0x01, 0x00, 0x00, 0x45, 0x0f, 0x44, 0xfc, 0x45, 0x31, 0xe4, 0xeb,
    0x39, 0x66, 0x66, 0x2e, 0x0f, 0x1f, 0x84, 0x00, 0x00, 0x00, 0x00, 0x00,
    0x48, 0x8b, 0x05, 0x41, 0xf0, 0x01, 0x00, 0x48, 0x8b, 0x78, 0x18, 0x4a,
    0x8b, 0x54, 0xeb, 0x08, 0xbe, 0x1a, 0x11, 0x42, 0x00, 0x31, 0xc0, 0xe8,
    0x94, 0x51, 0x01, 0x00, 0x41, 0xbc, 0x01, 0x00, 0x00, 0x00, 0x49, 0xff,
    0xc5, 0x41, 0x8d, 0x45, 0x01, 0x41, 0x39, 0xc6, 0x7e, 0x2d, 0x4a, 0x8b,
    0x7c, 0xeb, 0x08, 0x44, 0x89, 0xfe, 0xe8, 0xd5, 0x51, 0x00, 0x00, 0x85,
    0xc0, 0x78, 0xc1, 0x80, 0x7d, 0xd7, 0x00, 0x75, 0xdd, 0x4a, 0x8b, 0x74,
    0xeb, 0x08, 0xbf, 0x20, 0x0a, 0x42, 0x00, 0x44, 0x89, 0xfa, 0x31, 0xc0,
    0xe8, 0x17, 0x96, 0x00, 0x00, 0xeb, 0xc7, 0x48, 0x8b, 0x05, 0xe6, 0xef,
    0x01, 0x00, 0x48, 0x8b, 0x78, 0x10, 0xe8, 0xb5, 0x24, 0x01, 0x00, 0x44,
    0x89, 0xe0, 0x48, 0x83, 0xc4, 0x18, 0x5b, 0x41, 0x5c, 0x41, 0x5d, 0x41,
    0x5e, 0x41, 0x5f, 0x5d, 0xc3, 0x0f, 0x1f, 0x00, 0x55, 0x48, 0x89, 0xe5,
    0x41, 0x57, 0x41, 0x56, 0x41, 0x55, 0x41, 0x54, 0x53, 0x48, 0x81, 0xec,
    0x28, 0x02, 0x00, 0x00, 0x48, 0x89, 0xf3, 0x83, 0xff, 0x02, 0x7c, 0x7a,
    0x48, 0x89, 0x7d, 0xc0, 0x89, 0xf8, 0x48, 0x89, 0x45, 0xc8, 0x45, 0x31,
    0xf6, 0x41, 0xbc, 0x01, 0x00, 0x00, 0x00, 0x41, 0xbf, 0x01, 0x00, 0x00,
    0x00, 0x45, 0x31, 0xed, 0x0f, 0x1f, 0x84, 0x00, 0x00, 0x00, 0x00, 0x00,
    0x4a, 0x8b, 0x3c, 0xe3, 0x80, 0x3f, 0x2d, 0x75, 0x39, 0x80, 0x7f, 0x01,
    0x00, 0x74, 0x33, 0xbe, 0x73, 0x00, 0x00, 0x00, 0xe8, 0x17, 0x5f, 0x01,
    0x00, 0x48, 0x85, 0xc0, 0x45, 0x0f, 0x45, 0xf7, 0x4a, 0x8b, 0x3c, 0xe3,
    0xbe, 0x66, 0x00, 0x00, 0x00, 0xe8, 0x02, 0x5f, 0x01, 0x00, 0x48, 0x85,
    0xc0, 0x45, 0x0f, 0x45, 0xef, 0x49, 0xff, 0xc4, 0x4c, 0x39, 0x65, 0xc8,
    0x75, 0xc2, 0x4c, 0x8b, 0x65, 0xc8, 0x45, 0x85, 0xed, 0x0f, 0x94, 0x45,
    0xc8, 0x45, 0x85, 0xf6, 0x0f, 0x94, 0x45, 0xd7, 0x48, 0x8b, 0x7d, 0xc0,
    0xeb, 0x0e, 0xc6, 0x45, 0xc8, 0x01, 0x41, 0xbc, 0x01, 0x00, 0x00, 0x00,
    0xc6, 0x45, 0xd7, 0x01, 0x41, 0x8d, 0x44, 0x24, 0x01, 0x39, 0xf8, 0x0f,
    0x8d, 0xfb, 0x00, 0x00, 0x00, 0x8d, 0x47, 0xff, 0x89, 0x45, 0xc0, 0x48,
    0x63, 0xc7, 0x48, 0x8b, 0x44, 0xc3, 0xf8, 0x48, 0x89, 0x45, 0xb8, 0x45,
    0x89, 0xe6, 0x41, 0x29, 0xfc, 0x4c, 0x8d, 0xbd, 0xb0, 0xfd, 0xff, 0xff,
    0xc7, 0x45, 0xd0, 0x00, 0x00, 0x00, 0x00, 0xeb, 0x14, 0x0f, 0x1f, 0x80,
    0x00, 0x00, 0x00, 0x00, 0x49, 0xff, 0xc6, 0x44, 0x39, 0x75, 0xc0, 0x0f,
    0x8e, 0xdd, 0x00, 0x00, 0x00, 0x4e, 0x8b, 0x2c, 0xf3, 0x41, 0x83, 0xfc,
    0xfd, 0x7f, 0x59, 0x49, 0x8d, 0x45, 0x01, 0x4d, 0x89, 0xe8, 0xeb, 0x06,
    0x49, 0x89, 0xc0, 0x48, 0xff, 0xc0, 0x0f, 0xb6, 0x48, 0xff, 0x83, 0xf9,
    0x2f, 0x74, 0xf1, 0x85, 0xc9, 0x75, 0xf0, 0xbe, 0x00, 0x02, 0x00, 0x00,
    0xba, 0xdc, 0x07, 0x42, 0x00, 0x4c, 0x89, 0xff, 0x48, 0x8b, 0x4d, 0xb8,
    0x31, 0xc0, 0xe8, 0xf5, 0x24, 0x01, 0x00, 0x80, 0x7d, 0xc8, 0x00, 0x75,
    0x08, 0x4c, 0x89, 0xff, 0xe8, 0x47, 0x47, 0x00, 0x00, 0x80, 0x7d, 0xd7,
    0x00, 0x74, 0x31, 0x4c, 0x89, 0xef, 0x4c, 0x89, 0xfe, 0xe8, 0xa6, 0x4f,
    0x00, 0x00, 0x85, 0xc0, 0x79, 0x92, 0xeb, 0x33, 0xbe, 0x00, 0x02, 0x00,
    0x00, 0xba, 0xf6, 0x0c, 0x42, 0x00, 0x4c, 0x89, 0xff, 0x48, 0x8b, 0x4d,
    0xb8, 0x31, 0xc0, 0xe8, 0xb8, 0x24, 0x01, 0x00, 0x80, 0x7d, 0xc8, 0x00,
    0x74, 0xc3, 0xeb, 0xc9, 0x4c, 0x89, 0xef, 0x4c, 0x89, 0xfe, 0xe8, 0x85,
    0x4f, 0x00, 0x00, 0x85, 0xc0, 0x0f, 0x89, 0x5d, 0xff, 0xff, 0xff, 0x48,
    0x8b, 0x05, 0x3e, 0xee, 0x01, 0x00, 0x48, 0x8b, 0x78, 0x18, 0xbe, 0xc4,
    0x05, 0x42, 0x00, 0x4c, 0x89, 0xea, 0x4c, 0x89, 0xf9, 0x31, 0xc0, 0xe8,
    0x90, 0x4f, 0x01, 0x00, 0xc7, 0x45, 0xd0, 0x01, 0x00, 0x00, 0x00, 0xe9,
    0x34, 0xff, 0xff, 0xff, 0x48, 0x8b, 0x05, 0x15, 0xee, 0x01, 0x00, 0x48,
    0x8b, 0x78, 0x18, 0xbe, 0x97, 0x14, 0x42, 0x00, 0x31, 0xc0, 0xe8, 0x6d,
    0x4f, 0x01, 0x00, 0xc7, 0x45, 0xd0, 0x01, 0x00, 0x00, 0x00, 0x8b, 0x45,
    0xd0, 0x48, 0x81, 0xc4, 0x28, 0x02, 0x00, 0x00, 0x5b, 0x41, 0x5c, 0x41,
    0x5d, 0x41, 0x5e, 0x41, 0x5f, 0x5d, 0xc3, 0x90, 0x55, 0x48, 0x89, 0xe5,
    0x41, 0x57, 0x41, 0x56, 0x41, 0x54, 0x53, 0x83, 0xff, 0x02, 0x7d, 0x29,
    0x48, 0x8b, 0x05, 0xd1, 0xed, 0x01, 0x00, 0x48, 0x8b, 0x78, 0x18, 0xbe,
    0xcc, 0x08, 0x42, 0x00, 0x31, 0xc0, 0xe8, 0x29, 0x4f, 0x01, 0x00, 0x41,
    0xbe, 0x01, 0x00, 0x00, 0x00, 0x44, 0x89, 0xf0, 0x5b, 0x41, 0x5c, 0x41,
    0x5e, 0x41, 0x5f, 0x5d, 0xc3, 0x48, 0x89, 0xf3, 0x41, 0x89, 0xff, 0x41,
    0xbc, 0x01, 0x00, 0x00, 0x00, 0x45, 0x31, 0xf6, 0xeb, 0x0e, 0x66, 0x0f,
    0x1f, 0x44, 0x00, 0x00, 0x49, 0xff, 0xc4, 0x4d, 0x39, 0xe7, 0x74, 0xd5,
    0x4a, 0x8b, 0x3c, 0xe3, 0xe8, 0xff, 0x4e, 0x00, 0x00, 0x85, 0xc0, 0x79,
    0xeb, 0x48, 0x8b, 0x05, 0x7c, 0xed, 0x01, 0x00, 0x48, 0x8b, 0x78, 0x18,
    0x4a, 0x8b, 0x14, 0xe3, 0xbe, 0x42, 0x16, 0x42, 0x00, 0x31, 0xc0, 0xe8,
    0xd0, 0x4e, 0x01, 0x00, 0x41, 0xbe, 0x01, 0x00, 0x00, 0x00, 0xeb, 0xc8,
    0x0f, 0x1f, 0x84, 0x00, 0x00, 0x00, 0x00, 0x00, 0x55, 0x48, 0x89, 0xe5,
    0x41, 0x57, 0x41, 0x56, 0x41, 0x55, 0x41, 0x54, 0x53, 0x48, 0x83, 0xec,
    0x38, 0x83, 0xff, 0x02, 0x0f, 0x8c, 0xcd, 0x01, 0x00, 0x00, 0x49, 0x89,
    0xf5, 0x89, 0xf8, 0x48, 0x89, 0x45, 0xa8, 0x48, 0xc7, 0x45, 0xb8, 0x00,
    0x00, 0x00, 0x00, 0xc7, 0x45, 0xcc, 0xff, 0xff, 0xff, 0xff, 0x41, 0xbe,
    0x01, 0x00, 0x00, 0x00, 0x48, 0xc7, 0x45, 0xc0, 0x00, 0x00, 0x00, 0x00,
    0xc7, 0x45, 0xd0, 0x00, 0x02, 0x00, 0x00, 0x45, 0x31, 0xe4, 0xc7, 0x45,
    0xd4, 0x00, 0x00, 0x00, 0x00, 0xc7, 0x45, 0xb4, 0x00, 0x00, 0x00, 0x00,
    0x45, 0x31, 0xff, 0xeb, 0x18, 0x0f, 0x1f, 0x00, 0x48, 0x83, 0xc3, 0x03,
    0x48, 0x89, 0x5d, 0xb8, 0x49, 0xff, 0xc6, 0x4c, 0x39, 0x75, 0xa8, 0x0f,
    0x84, 0x9b, 0x01, 0x00, 0x00, 0x4b, 0x8b, 0x5c, 0xf5, 0x00, 0xbe, 0x49,
    0x08, 0x42, 0x00, 0xba, 0x03, 0x00, 0x00, 0x00, 0x48, 0x89, 0xdf, 0xe8,
    0x64, 0x63, 0x01, 0x00, 0x85, 0xc0, 0x74, 0xd0, 0xbe, 0x8d, 0x0d, 0x42,
    0x00, 0xba, 0x03, 0x00, 0x00, 0x00, 0x48, 0x89, 0xdf, 0xe8, 0x4e, 0x63,
    0x01, 0x00, 0x85, 0xc0, 0x0f, 0x84, 0xd6, 0x00, 0x00, 0x00, 0xbe, 0x0a,
    0x0e, 0x42, 0x00, 0xba, 0x03, 0x00, 0x00, 0x00, 0x48, 0x89, 0xdf, 0xe8,
    0x34, 0x63, 0x01, 0x00, 0x85, 0xc0, 0x0f, 0x84, 0xc9, 0x00, 0x00, 0x00,
    0xbe, 0x5c, 0x16, 0x42, 0x00, 0xba, 0x06, 0x00, 0x00, 0x00, 0x48, 0x89,
    0xdf, 0xe8, 0x1a, 0x63, 0x01, 0x00, 0x85, 0xc0, 0x0f, 0x84, 0xcd, 0x00,
    0x00, 0x00, 0xbe, 0xf2, 0x11, 0x42, 0x00, 0xba, 0x05, 0x00, 0x00, 0x00,
    0x48, 0x89, 0xdf, 0xe8, 0x00, 0x63, 0x01, 0x00, 0x85, 0xc0, 0x0f, 0x84,
    0xc7, 0x00, 0x00, 0x00, 0xbe, 0xe2, 0x08, 0x42, 0x00, 0xba, 0x05, 0x00,
    0x00, 0x00, 0x48, 0x89, 0xdf, 0xe8, 0xe6, 0x62, 0x01, 0x00, 0x85, 0xc0,
    0x0f, 0x84, 0xc1, 0x00, 0x00, 0x00, 0xbe, 0xe2, 0x07, 0x42, 0x00, 0xba,
    0x05, 0x00, 0x00, 0x00, 0x48, 0x89, 0xdf, 0xe8, 0xcc, 0x62, 0x01, 0x00,
    0x85, 0xc0, 0x0f, 0x85, 0x3c, 0xff, 0xff, 0xff, 0x48, 0x83, 0xc3, 0x05,
    0xbe, 0x7f, 0x15, 0x42, 0x00, 0x48, 0x89, 0xdf, 0xe8, 0x53, 0x6d, 0x01,
    0x00, 0x48, 0x85, 0xc0, 0xb9, 0x01, 0x00, 0x00, 0x00, 0x8b, 0x45, 0xb4,
    0x0f, 0x45, 0xc1, 0x89, 0x45, 0xb4, 0xbe, 0x39, 0x11, 0x42, 0x00, 0x48,
    0x89, 0xdf, 0xe8, 0x35, 0x6d, 0x01, 0x00, 0x48, 0x85, 0xc0, 0x8b, 0x45,
    0xd4, 0xb9, 0x01, 0x00, 0x00, 0x00, 0x0f, 0x45, 0xc1, 0x89, 0x45, 0xd4,
    0xe9, 0xf7, 0xfe, 0xff, 0xff, 0x66, 0x66, 0x66, 0x66, 0x66, 0x66, 0x2e,
    0x0f, 0x1f, 0x84, 0x00, 0x00, 0x00, 0x00, 0x00, 0x48, 0x83, 0xc3, 0x03,
    0x48, 0x89, 0x5d, 0xc0, 0xe9, 0xdb, 0xfe, 0xff, 0xff, 0x48, 0x83, 0xc3,
    0x03, 0x48, 0x89, 0xdf, 0xe8, 0xd7, 0x5a, 0x00, 0x00, 0x85, 0xc0, 0xb9,
    0x00, 0x02, 0x00, 0x00, 0x0f, 0x4e, 0xc1, 0x89, 0x45, 0xd0, 0xe9, 0xbd,
    0xfe, 0xff, 0xff, 0x48, 0x83, 0xc3, 0x06, 0x48, 0x89, 0xdf, 0xe8, 0xb9,
    0x5a, 0x00, 0x00, 0x89, 0x45, 0xcc, 0xe9, 0xa9, 0xfe, 0xff, 0xff, 0x48,
    0x83, 0xc3, 0x05, 0x48, 0x89, 0xdf, 0xe8, 0xa5, 0x5a, 0x00, 0x00, 0x41,
    0x89, 0xc4, 0xe9, 0x95, 0xfe, 0xff, 0xff, 0x48, 0x83, 0xc3, 0x05, 0x48,
    0x89, 0xdf, 0xe8, 0x91, 0x5a, 0x00, 0x00, 0x41, 0x89, 0xc7, 0xe9, 0x81,
    0xfe, 0xff, 0xff, 0xbb, 0x01, 0x00, 0x00, 0x00, 0xb8, 0x00, 0x02, 0x00,
    0x00, 0x41, 0xbf, 0xff, 0xff, 0xff, 0xff, 0xc6, 0x45, 0xd4, 0x01, 0x45,
    0x31, 0xed, 0xc7, 0x45, 0xa8, 0x00, 0x00, 0x00, 0x00, 0x89, 0x45, 0xd0,
    0x4c, 0x63, 0xe0, 0xe9, 0x2e, 0x01, 0x00, 0x00, 0x83, 0x7d, 0xb4, 0x00,
    0x0f, 0x95, 0xc0, 0x89, 0x45, 0xa8, 0x83, 0x7d, 0xd4, 0x00, 0x0f, 0x94,
    0x45, 0xd4, 0x48, 0x8b, 0x5d, 0xb8, 0x48, 0x85, 0xdb, 0x74, 0x70, 0x48,
    0x89, 0xdf, 0x31, 0xf6, 0x31, 0xc0, 0xe8, 0xc9, 0x42, 0x00, 0x00, 0x41,
    0x89, 0xc5, 0x85, 0xc0, 0x4c, 0x8b, 0x75, 0xc0, 0x0f, 0x88, 0xd3, 0x01,
    0x00, 0x00, 0x4d, 0x85, 0xf6, 0x74, 0x5c, 0x4c, 0x89, 0xf7, 0xbe, 0x01,
    0x06, 0x00, 0x00, 0xba, 0xa4, 0x01, 0x00, 0x00, 0x31, 0xc0, 0xe8, 0xa1,
    0x42, 0x00, 0x00, 0x89, 0xc3, 0x85, 0xc0, 0x79, 0x47, 0x48, 0x8b, 0x05,
    0xec, 0xea, 0x01, 0x00, 0x48, 0x8b, 0x78, 0x18, 0xbe, 0x7c, 0x09, 0x42,
    0x00, 0x4c, 0x89, 0xf2, 0x31, 0xc0, 0xe8, 0x41, 0x4c, 0x01, 0x00, 0xbb,
    0x01, 0x00, 0x00, 0x00, 0x41, 0x83, 0xfd, 0x03, 0x0f, 0x82, 0x09, 0x02,
    0x00, 0x00, 0x44, 0x89, 0xef, 0xe8, 0xaa, 0x42, 0x00, 0x00, 0xe9, 0xfc,
    0x01, 0x00, 0x00, 0x45, 0x31, 0xed, 0x4c, 0x8b, 0x75, 0xc0, 0x4d, 0x85,
    0xf6, 0x75, 0xa4, 0xbb, 0x01, 0x00, 0x00, 0x00, 0x45, 0x85, 0xe4, 0x7e,
    0x49, 0x89, 0x5d, 0xb8, 0x44, 0x89, 0xeb, 0x4c, 0x63, 0x75, 0xd0, 0x4c,
    0x89, 0xf7, 0xe8, 0x3d, 0x75, 0x00, 0x00, 0x49, 0x89, 0xc5, 0x41, 0xff,
    0xcc, 0x0f, 0x1f, 0x80, 0x00, 0x00, 0x00, 0x00, 0x89, 0xdf, 0x4c, 0x89,
    0xee, 0x4c, 0x89, 0xf2, 0xe8, 0x03, 0x42, 0x00, 0x00, 0x41, 0x83, 0xec,
    0x01, 0x0f, 0x92, 0xc1, 0x85, 0xc0, 0x7e, 0x04, 0x84, 0xc9, 0x74, 0xe4,
    0x4c, 0x89, 0xef, 0xe8, 0x2c, 0x75, 0x00, 0x00, 0x41, 0x89, 0xdd, 0x8b,
    0x5d, 0xb8, 0x45, 0x85, 0xff, 0x0f, 0x8e, 0x37, 0x01, 0x00, 0x00, 0x4c,
    0x63, 0x65, 0xd0, 0x4c, 0x89, 0xe7, 0xe8, 0xf1, 0x74, 0x00, 0x00, 0x49,
    0x89, 0xc6, 0x48, 0x89, 0xc7, 0x31, 0xf6, 0x4c, 0x89, 0xe2, 0xe8, 0xf1,
    0x85, 0x01, 0x00, 0x90, 0x89, 0xdf, 0x4c, 0x89, 0xf6, 0x4c, 0x89, 0xe2,
    0xe8, 0xc3, 0x41, 0x00, 0x00, 0x41, 0xff, 0xcf, 0x75, 0xee, 0x4c, 0x89,
    0xf7, 0xe8, 0xe6, 0x74, 0x00, 0x00, 0x44, 0x8b, 0x7d, 0xcc, 0x4c, 0x89,
    0xe7, 0xe8, 0xba, 0x74, 0x00, 0x00, 0x48, 0x85, 0xc0, 0x0f, 0x84, 0xc3,
    0x00, 0x00, 0x00, 0x49, 0x89, 0xc6, 0x41, 0x83, 0xff, 0xff, 0x0f, 0x95,
    0xc0, 0x44, 0x89, 0x7d, 0xcc, 0x45, 0x85, 0xff, 0x0f, 0x9e, 0xc1, 0xc7,
    0x45, 0xc0, 0x00, 0x00, 0x00, 0x00, 0x41, 0xbf, 0x00, 0x00, 0x00, 0x00,
    0x84, 0xc8, 0x0f, 0x85, 0xd8, 0x00, 0x00, 0x00, 0xc7, 0x45, 0xc0, 0x00,
    0x00, 0x00, 0x00, 0x44, 0x89, 0x6d, 0xb8, 0x66, 0x66, 0x66, 0x66, 0x2e,
    0x0f, 0x1f, 0x84, 0x00, 0x00, 0x00, 0x00, 0x00, 0x44, 0x89, 0xef, 0x4c,
    0x89, 0xf6, 0x4c, 0x89, 0xe2, 0xe8, 0x42, 0x41, 0x00, 0x00, 0x45, 0x31,
    0xff, 0x85, 0xc0, 0x0f, 0x8e, 0xa7, 0x00, 0x00, 0x00, 0x4c, 0x63, 0xe8,
    0x3b, 0x45, 0xd0, 0x0f, 0x9c, 0xc0, 0x22, 0x45, 0xa8, 0x3c, 0x01, 0x75,
    0x17, 0x4b, 0x8d, 0x3c, 0x2e, 0x4c, 0x89, 0xe2, 0x4c, 0x29, 0xea, 0x31,
    0xf6, 0xe8, 0x46, 0x85, 0x01, 0x00, 0x4d, 0x89, 0xe5, 0x45, 0x31, 0xff,
    0x89, 0xdf, 0x4c, 0x89, 0xf6, 0x4c, 0x89, 0xea, 0xe8, 0x13, 0x41, 0x00,
    0x00, 0x85, 0xc0, 0x79, 0x0c, 0x80, 0x7d, 0xd4, 0x00, 0x44, 0x8b, 0x6d,
    0xb8, 0x74, 0xa5, 0xeb, 0x63, 0x4d, 0x39, 0xe5, 0x7c, 0x54, 0x8b, 0x4d,
    0xcc, 0x83, 0xf9, 0xff, 0x0f, 0x94, 0xc0, 0x8b, 0x55, 0xc0, 0xff, 0xc2,
    0x89, 0x55, 0xc0, 0x39, 0xca, 0x0f, 0x9c, 0xc1, 0x08, 0xc1, 0x44, 0x8b,
    0x6d, 0xb8, 0x75, 0x80, 0xeb, 0x3e, 0xbb, 0x01, 0x00, 0x00, 0x00, 0xeb,
    0x7e, 0x48, 0x8b, 0x05, 0x38, 0xe9, 0x01, 0x00, 0x48, 0x8b, 0x78, 0x18,
    0xbe, 0x7c, 0x09, 0x42, 0x00, 0x48, 0x89, 0xda, 0x31, 0xc0, 0xe8, 0x8d,
    0x4a, 0x01, 0x00, 0xbb, 0x01, 0x00, 0x00, 0x00, 0xeb, 0x5d, 0x44, 0x8b,
    0x7d, 0xcc, 0x8b, 0x45, 0xd0, 0xe9, 0xbf, 0xfd, 0xff, 0xff, 0x41, 0xbf,
    0x01, 0x00, 0x00, 0x00, 0x44, 0x8b, 0x6d, 0xb8, 0x4c, 0x89, 0xf7, 0xe8,
    0xc8, 0x73, 0x00, 0x00, 0x41, 0x83, 0xfd, 0x03, 0x72, 0x08, 0x44, 0x89,
    0xef, 0xe8, 0xda, 0x40, 0x00, 0x00, 0x83, 0xfb, 0x03, 0x72, 0x07, 0x89,
    0xdf, 0xe8, 0xce, 0x40, 0x00, 0x00, 0x48, 0x8b, 0x05, 0xdf, 0xe8, 0x01,
    0x00, 0x48, 0x8b, 0x78, 0x18, 0x31, 0xdb, 0xbe, 0x4d, 0x08, 0x42, 0x00,
    0x8b, 0x55, 0xc0, 0x44, 0x89, 0xf9, 0x41, 0x89, 0xd0, 0x45, 0x89, 0xf9,
    0x31, 0xc0, 0xe8, 0x29, 0x4a, 0x01, 0x00, 0x89, 0xd8, 0x48, 0x83, 0xc4,
    0x38, 0x5b, 0x41, 0x5c, 0x41, 0x5d, 0x41, 0x5e, 0x41, 0x5f, 0x5d, 0xc3,
    0x0f, 0x1f, 0x84, 0x00, 0x00, 0x00, 0x00, 0x00, 0x55, 0x48, 0x89, 0xe5,
    0x41, 0x57, 0x41, 0x56, 0x41, 0x55, 0x41, 0x54, 0x53, 0x48, 0x83, 0xec,
    0x78, 0x48, 0x89, 0xf3, 0x41, 0x89, 0xfe, 0x41, 0xbf, 0x01, 0x00, 0x00,
    0x00, 0xb0, 0x01, 0x89, 0x45, 0xd4, 0x83, 0xff, 0x02, 0x7c, 0x30, 0x48,
    0x8b, 0x7b, 0x08, 0xbe, 0xf5, 0x04, 0x42, 0x00, 0xe8, 0xab, 0x5a, 0x01,
    0x00, 0x45, 0x31, 0xff, 0x41, 0x83, 0xfe, 0x02, 0x0f, 0x84, 0x28, 0x01,
    0x00, 0x00, 0x85, 0xc0, 0x0f, 0x85, 0x20, 0x01, 0x00, 0x00, 0x41, 0xbf,
    0x03, 0x00, 0x00, 0x00, 0xc7, 0x45, 0xd4, 0x00, 0x00, 0x00, 0x00, 0x45,
    0x39, 0xf7, 0x0f, 0x8d, 0x28, 0x01, 0x00, 0x00, 0x45, 0x89, 0xfd, 0x45,
    0x89, 0xf4, 0x4c, 0x8d, 0xb5, 0x68, 0xff, 0xff, 0xff, 0x45, 0x31, 0xff,
    0xeb, 0x3b, 0x66, 0x66, 0x66, 0x66, 0x66, 0x2e, 0x0f, 0x1f, 0x84, 0x00,
    0x00, 0x00, 0x00, 0x00, 0x48, 0x8b, 0x05, 0x21, 0xe8, 0x01, 0x00, 0x48,
    0x8b, 0x78, 0x18, 0x4a, 0x8b, 0x14, 0xeb, 0xbe, 0x0b, 0x0f, 0x42, 0x00,
    0x31, 0xc0, 0xe8, 0x75, 0x49, 0x01, 0x00, 0x41, 0xbf, 0x01, 0x00, 0x00,
    0x00, 0x49, 0xff, 0xc5, 0x4d, 0x39, 0xec, 0x0f, 0x84, 0xab, 0x00, 0x00,
    0x00, 0x4a, 0x8b, 0x3c, 0xeb, 0x4c, 0x89, 0xf6, 0xe8, 0x27, 0x40, 0x00,
    0x00, 0x85, 0xc0, 0x78, 0xc3, 0x80, 0x7d, 0xd4, 0x00, 0x74, 0x7d, 0x4a,
    0x8b, 0x34, 0xeb, 0xbf, 0x8b, 0x0c, 0x42, 0x00, 0x31, 0xc0, 0xe8, 0xfd,
    0x8d, 0x00, 0x00, 0x48, 0x8b, 0xb5, 0x78, 0xff, 0xff, 0xff, 0xbf, 0xbc,
    0x0a, 0x42, 0x00, 0x31, 0xc0, 0xe8, 0xea, 0x8d, 0x00, 0x00, 0x8b, 0xb5,
    0x6c, 0xff, 0xff, 0xff, 0xbf, 0xda, 0x05, 0x42, 0x00, 0x31, 0xc0, 0xe8,
    0xd8, 0x8d, 0x00, 0x00, 0x0f, 0xb7, 0xb5, 0x6a, 0xff, 0xff, 0xff, 0x0f,
    0xb7, 0x95, 0x70, 0xff, 0xff, 0xff, 0xbf, 0x8f, 0x13, 0x42, 0x00, 0x31,
    0xc0, 0xe8, 0xbe, 0x8d, 0x00, 0x00, 0x0f, 0xb7, 0xb5, 0x72, 0xff, 0xff,
    0xff, 0x0f, 0xb7, 0x95, 0x74, 0xff, 0xff, 0xff, 0xbf, 0xa6, 0x13, 0x42,
    0x00, 0x31, 0xc0, 0xe8, 0xa4, 0x8d, 0x00, 0x00, 0xe9, 0x70, 0xff, 0xff,
    0xff, 0x66, 0x66, 0x66, 0x66, 0x66, 0x66, 0x2e, 0x0f, 0x1f, 0x84, 0x00,
    0x00, 0x00, 0x00, 0x00, 0x48, 0x8b, 0xb5, 0x78, 0xff, 0xff, 0xff, 0xbf,
    0x08, 0x19, 0x42, 0x00, 0x31, 0xc0, 0xe8, 0x7d, 0x8d, 0x00, 0x00, 0xe9,
    0x49, 0xff, 0xff, 0xff, 0x48, 0x8b, 0x05, 0x49, 0xe7, 0x01, 0x00, 0x48,
    0x8b, 0x78, 0x10, 0xe8, 0x18, 0x1c, 0x01, 0x00, 0xeb, 0x3b, 0x48, 0x8b,
    0x7b, 0x08, 0xbe, 0x9a, 0x0a, 0x42, 0x00, 0xe8, 0x68, 0x59, 0x01, 0x00,
    0x83, 0xf8, 0x01, 0x41, 0x83, 0xd7, 0x01, 0x45, 0x39, 0xf7, 0x0f, 0x8c,
    0xd8, 0xfe, 0xff, 0xff, 0x48, 0x8b, 0x05, 0x19, 0xe7, 0x01, 0x00, 0x48,
    0x8b, 0x78, 0x18, 0xbe, 0x87, 0x0f, 0x42, 0x00, 0x31, 0xc0, 0xe8, 0x71,
    0x48, 0x01, 0x00, 0x41, 0xbf, 0x01, 0x00, 0x00, 0x00, 0x44, 0x89, 0xf8,
    0x48, 0x83, 0xc4, 0x78, 0x5b, 0x41, 0x5c, 0x41, 0x5d, 0x41, 0x5e, 0x41,
    0x5f, 0x5d, 0xc3, 0x66, 0x0f, 0x1f, 0x84, 0x00, 0x00, 0x00, 0x00, 0x00,
    0x55, 0x48, 0x89, 0xe5, 0x53, 0x48, 0x81, 0xec, 0x08, 0x10, 0x00, 0x00,
    0x83, 0xff, 0x01, 0x7f, 0x19, 0x48, 0x8b, 0x05, 0xd0, 0xe6, 0x01, 0x00,
    0x48, 0x8b, 0x78, 0x18, 0xbe, 0xf1, 0x06, 0x42, 0x00, 0x31, 0xc0, 0xe8,
    0x28, 0x48, 0x01, 0x00, 0xeb, 0x67, 0x48, 0x89, 0xf3, 0x48, 0x8b, 0x7e,
    0x08, 0x48, 0x8d, 0xb5, 0xf0, 0xef, 0xff, 0xff, 0xba, 0xff, 0x0f, 0x00,
    0x00, 0xe8, 0xfe, 0x47, 0x00, 0x00, 0x48, 0x85, 0xc0, 0x78, 0x2f, 0xc6,
    0x84, 0x05, 0xf0, 0xef, 0xff, 0xff, 0x00, 0x48, 0x8d, 0xb5, 0xf0, 0xef,
    0xff, 0xff, 0xbf, 0x45, 0x08, 0x42, 0x00, 0x31, 0xc0, 0xe8, 0xae, 0x8c,
    0x00, 0x00, 0x48, 0x8b, 0x05, 0x7f, 0xe6, 0x01, 0x00, 0x48, 0x8b, 0x78,
    0x10, 0xe8, 0x4e, 0x1b, 0x01, 0x00, 0x31, 0xc0, 0xeb, 0x20, 0x48, 0x8b,
    0x05, 0x6b, 0xe6, 0x01, 0x00, 0x48, 0x8b, 0x78, 0x18, 0x48, 0x8b, 0x53,
    0x08, 0xbe, 0x71, 0x0b, 0x42, 0x00, 0x31, 0xc0, 0xe8, 0xbf, 0x47, 0x01,
    0x00, 0xb8, 0x01, 0x00, 0x00, 0x00, 0x48, 0x81, 0xc4, 0x08, 0x10, 0x00,
    0x00, 0x5b, 0x5d, 0xc3, 0x55, 0x48, 0x89, 0xe5, 0x41, 0x57, 0x41, 0x56,
    0x41, 0x55, 0x41, 0x54, 0x53, 0x48, 0x83, 0xec, 0x18, 0x83, 0xff, 0x02,
    0x7d, 0x55, 0xe8, 0x85, 0x83, 0x00, 0x00, 0x48, 0xc7, 0x45, 0xd0, 0x00,
    0x00, 0x00, 0x00, 0x83, 0xf8, 0xff, 0x0f, 0x84, 0x1d, 0x01, 0x00, 0x00,
    0x31, 0xc9, 0x45, 0x31, 0xf6, 0x49, 0x89, 0xcf, 0x66, 0x66, 0x66, 0x2e,
    0x0f, 0x1f, 0x84, 0x00, 0x00, 0x00, 0x00, 0x00, 0x49, 0xc1, 0xe7, 0x08,
    0x48, 0xc1, 0xe9, 0x18, 0x0f, 0xb6, 0xc0, 0x48, 0x31, 0xc8, 0x4c, 0x33,
    0x3c, 0xc5, 0x60, 0xe4, 0x41, 0x00, 0x49, 0xff, 0xc6, 0xe8, 0x42, 0x83,
    0x00, 0x00, 0x4c, 0x89, 0xf9, 0x83, 0xf8, 0xff, 0x75, 0xda, 0xe9, 0xe4,
    0x00, 0x00, 0x00, 0x49, 0x89, 0xf6, 0x89, 0xf8, 0x48, 0x89, 0x45, 0xc8,
    0xbb, 0x01, 0x00, 0x00, 0x00, 0x48, 0xc7, 0x45, 0xd0, 0x00, 0x00, 0x00,
    0x00, 0xeb, 0x3e, 0x66, 0x66, 0x66, 0x66, 0x2e, 0x0f, 0x1f, 0x84, 0x00,
    0x00, 0x00, 0x00, 0x00, 0x48, 0x8b, 0x05, 0xb1, 0xe5, 0x01, 0x00, 0x48,
    0x8b, 0x78, 0x18, 0x49, 0x8b, 0x14, 0xde, 0xbe, 0x4a, 0x10, 0x42, 0x00,
    0x31, 0xc0, 0xe8, 0x05, 0x47, 0x01, 0x00, 0xb8, 0x01, 0x00, 0x00, 0x00,
    0x48, 0x89, 0x45, 0xd0, 0x48, 0xff, 0xc3, 0x48, 0x3b, 0x5d, 0xc8, 0x0f,
    0x84, 0xa0, 0x00, 0x00, 0x00, 0x49, 0x8b, 0x3c, 0xde, 0xbe, 0x86, 0x13,
    0x42, 0x00, 0xe8, 0x81, 0x45, 0x01, 0x00, 0x48, 0x85, 0xc0, 0x74, 0xbc,
    0x49, 0x89, 0xc7, 0x48, 0x89, 0xc7, 0xe8, 0xd1, 0x3d, 0x01, 0x00, 0x83,
    0xf8, 0xff, 0x74, 0x3c, 0x45, 0x31, 0xe4, 0x31, 0xc9, 0x49, 0x89, 0xcd,
    0x0f, 0x1f, 0x40, 0x00, 0x49, 0xc1, 0xe5, 0x08, 0x48, 0xc1, 0xe9, 0x18,
    0x0f, 0xb6, 0xc0, 0x48, 0x31, 0xc8, 0x4c, 0x33, 0x2c, 0xc5, 0x60, 0xe4,
    0x41, 0x00, 0x49, 0xff, 0xc4, 0x4c, 0x89, 0xff, 0xe8, 0x9f, 0x3d, 0x01,
    0x00, 0x4c, 0x89, 0xe9, 0x83, 0xf8, 0xff, 0x75, 0xd7, 0xeb, 0x0b, 0x0f,
    0x1f, 0x44, 0x00, 0x00, 0x45, 0x31, 0xed, 0x45, 0x31, 0xe4, 0x4c, 0x89,
    0xff, 0xe8, 0xc2, 0x17, 0x01, 0x00, 0x49, 0x8b, 0x0c, 0xde, 0xbf, 0x09,
    0x05, 0x42, 0x00, 0x4c, 0x89, 0xee, 0x4c, 0x89, 0xe2, 0x31, 0xc0, 0xe8,
    0x2c, 0x8b, 0x00, 0x00, 0xe9, 0x6b, 0xff, 0xff, 0xff, 0x45, 0x31, 0xf6,
    0x45, 0x31, 0xff, 0xbf, 0xe4, 0x05, 0x42, 0x00, 0x4c, 0x89, 0xfe, 0x4c,
    0x89, 0xf2, 0x31, 0xc0, 0xe8, 0x0f, 0x8b, 0x00, 0x00, 0x48, 0x8b, 0x05,
    0xe0, 0xe4, 0x01, 0x00, 0x48, 0x8b, 0x78, 0x10, 0xe8, 0xaf, 0x19, 0x01,
    0x00, 0x48, 0x8b, 0x45, 0xd0, 0x48, 0x83, 0xc4, 0x18, 0x5b, 0x41, 0x5c,
    0x41, 0x5d, 0x41, 0x5e, 0x41, 0x5f, 0x5d, 0xc3, 0x66, 0x66, 0x66, 0x2e,
    0x0f, 0x1f, 0x84, 0x00, 0x00, 0x00, 0x00, 0x00, 0x55, 0x48, 0x89, 0xe5,
    0x41, 0x57, 0x41, 0x56, 0x41, 0x55, 0x41, 0x54, 0x53, 0x48, 0x83, 0xec,
    0x68, 0x83, 0xff, 0x02, 0x7c, 0x4a, 0x48, 0x89, 0xf3, 0x41, 0x89, 0xff,
    0x45, 0x31, 0xf6, 0x41, 0xbc, 0x01, 0x00, 0x00, 0x00, 0x41, 0xbd, 0x01,
    0x00, 0x00, 0x00, 0x0f, 0x1f, 0x44, 0x00, 0x00, 0x4a, 0x8b, 0x3c, 0xe3,
    0x80, 0x3f, 0x2d, 0x75, 0x1e, 0xbe, 0x68, 0x00, 0x00, 0x00, 0xe8, 0x1d,
    0x54, 0x01, 0x00, 0x48, 0x85, 0xc0, 0x45, 0x0f, 0x45, 0xf5, 0x49, 0xff,
    0xc4, 0x4d, 0x39, 0xe7, 0x75, 0xde, 0xbf, 0x3f, 0x09, 0x42, 0x00, 0x45,
    0x85, 0xf6, 0x41, 0x0f, 0x94, 0xc6, 0xeb, 0x08, 0xbf, 0x3f, 0x09, 0x42,
    0x00, 0x41, 0xb6, 0x01, 0x48, 0x8d, 0xb5, 0x70, 0xff, 0xff, 0xff, 0x48,
    0x89, 0xfb, 0xe8, 0x79, 0x3c, 0x00, 0x00, 0x85, 0xc0, 0x78, 0x29, 0x48,
    0x8b, 0x4d, 0x80, 0x48, 0x8d, 0x81, 0xff, 0x01, 0x00, 0x00, 0x48, 0x8d,
    0xb1, 0xfe, 0x03, 0x00, 0x00, 0x48, 0x85, 0xc0, 0x48, 0x0f, 0x49, 0xf0,
    0x48, 0xc1, 0xfe, 0x09, 0x45, 0x84, 0xf6, 0x74, 0x28, 0xbf, 0xf8, 0x11,
    0x42, 0x00, 0xeb, 0x4c, 0x48, 0x8b, 0x05, 0x0d, 0xe4, 0x01, 0x00, 0x48,
    0x8b, 0x78, 0x18, 0xbe, 0xed, 0x05, 0x42, 0x00, 0x48, 0x89, 0xda, 0x31,
    0xc0, 0xe8, 0x62, 0x45, 0x01, 0x00, 0xb8, 0x01, 0x00, 0x00, 0x00, 0xeb,
    0x47, 0x48, 0x81, 0xf9, 0x00, 0xfe, 0x0f, 0x00, 0x7f, 0x19, 0x48, 0x8d,
    0xb0, 0xff, 0x03, 0x00, 0x00, 0x48, 0x85, 0xc0, 0x48, 0x0f, 0x49, 0xf0,
    0x48, 0xc1, 0xfe, 0x0a, 0xbf, 0x62, 0x10, 0x42, 0x00, 0xeb, 0x09, 0x48,
    0xc1, 0xee, 0x0b, 0xbf, 0x41, 0x11, 0x42, 0x00, 0x48, 0x89, 0xda, 0x31,
    0xc0, 0xe8, 0xe6, 0x89, 0x00, 0x00, 0x48, 0x8b, 0x05, 0xb7, 0xe3, 0x01,
    0x00, 0x48, 0x8b, 0x78, 0x10, 0xe8, 0x86, 0x18, 0x01, 0x00, 0x31, 0xc0,
    0x48, 0x83, 0xc4, 0x68, 0x5b, 0x41, 0x5c, 0x41, 0x5d, 0x41, 0x5e, 0x41,
    0x5f, 0x5d, 0xc3, 0x0f, 0x1f, 0x44, 0x00, 0x00, 0x55, 0x48, 0x89, 0xe5,
    0x41, 0x57, 0x41, 0x56, 0x41, 0x54, 0x53, 0x83, 0xff, 0x02, 0x7d, 0x29,
    0x48, 0x8b, 0x05, 0x81, 0xe3, 0x01, 0x00, 0x48, 0x8b, 0x78, 0x18, 0xbe,
    0x00, 0x06, 0x42, 0x00, 0x31, 0xc0, 0xe8, 0xd9, 0x44, 0x01, 0x00, 0x41,
    0xbe, 0x01, 0x00, 0x00, 0x00, 0x44, 0x89, 0xf0, 0x5b, 0x41, 0x5c, 0x41,
    0x5e, 0x41, 0x5f, 0x5d, 0xc3, 0x48, 0x89, 0xf3, 0x41, 0x89, 0xff, 0x41,
    0xbc, 0x01, 0x00, 0x00, 0x00, 0x45, 0x31, 0xf6, 0xeb, 0x0e, 0x66, 0x0f,
    0x1f, 0x44, 0x00, 0x00, 0x49, 0xff, 0xc4, 0x4d, 0x39, 0xe7, 0x74, 0xd5,
    0x4a, 0x8b, 0x3c, 0xe3, 0xbe, 0xa4, 0x01, 0x00, 0x00, 0xe8, 0xca, 0x44,
    0x00, 0x00, 0x85, 0xc0, 0x79, 0xe6, 0x48, 0x8b, 0x05, 0x27, 0xe3, 0x01,
    0x00, 0x48, 0x8b, 0x78, 0x18, 0x4a, 0x8b, 0x14, 0xe3, 0xbe, 0x20, 0x0f,
    0x42, 0x00, 0x31, 0xc0, 0xe8, 0x7b, 0x44, 0x01, 0x00, 0x41, 0xbe, 0x01,
    0x00, 0x00, 0x00, 0xeb, 0xc3, 0x0f, 0x1f, 0x00, 0x55, 0x48, 0x89, 0xe5,
    0x41, 0x57, 0x41, 0x56, 0x41, 0x55, 0x41, 0x54, 0x53, 0x50, 0x83, 0xff,
    0x02, 0x7f, 0x30, 0x48, 0x8b, 0x05, 0xee, 0xe2, 0x01, 0x00, 0x48, 0x8b,
    0x78, 0x18, 0xbe, 0x0e, 0x0e, 0x42, 0x00, 0x31, 0xc0, 0xe8, 0x46, 0x44,
    0x01, 0x00, 0xc7, 0x45, 0xd4, 0x01, 0x00, 0x00, 0x00, 0x8b, 0x45, 0xd4,
    0x48, 0x83, 0xc4, 0x08, 0x5b, 0x41, 0x5c, 0x41, 0x5d, 0x41, 0x5e, 0x41,
    0x5f, 0x5d, 0xc3, 0x48, 0x89, 0xf3, 0x41, 0x89, 0xfe, 0x4c, 0x8b, 0x66,
    0x08, 0xbe, 0x01, 0x12, 0x42, 0x00, 0x4c, 0x89, 0xe7, 0xe8, 0xe6, 0x54,
    0x01, 0x00, 0x85, 0xc0, 0x74, 0x3b, 0xbe, 0x0d, 0x14, 0x42, 0x00, 0x4c,
    0x89, 0xe7, 0xe8, 0xd5, 0x54, 0x01, 0x00, 0x85, 0xc0, 0x74, 0x2a, 0x4c,
    0x89, 0xe7, 0xe8, 0xa9, 0x51, 0x00, 0x00, 0x41, 0x89, 0xc7, 0x4c, 0x89,
    0xe7, 0xbe, 0x3a, 0x00, 0x00, 0x00, 0xe8, 0x29, 0x52, 0x01, 0x00, 0x48,
    0x85, 0xc0, 0x74, 0x10, 0x48, 0xff, 0xc0, 0x48, 0x89, 0xc7, 0xe8, 0x89,
    0x51, 0x00, 0x00, 0xeb, 0x05, 0x45, 0x31, 0xff, 0x31, 0xc0, 0x45, 0x89,
    0xf5, 0x41, 0xbc, 0x02, 0x00, 0x00, 0x00, 0x45, 0x0f, 0xb7, 0xf7, 0x44,
    0x0f, 0xb7, 0xf8, 0xc7, 0x45, 0xd4, 0x00, 0x00, 0x00, 0x00, 0xeb, 0x14,
    0x0f, 0x1f, 0x84, 0x00, 0x00, 0x00, 0x00, 0x00, 0x49, 0xff, 0xc4, 0x4d,
    0x39, 0xe5, 0x0f, 0x84, 0x65, 0xff, 0xff, 0xff, 0x4a, 0x8b, 0x3c, 0xe3,
    0x44, 0x89, 0xf6, 0x44, 0x89, 0xfa, 0xe8, 0xe5, 0x43, 0x00, 0x00, 0x85,
    0xc0, 0x79, 0xe1, 0x48, 0x8b, 0x05, 0x22, 0xe2, 0x01, 0x00, 0x48, 0x8b,
    0x78, 0x18, 0x4a, 0x8b, 0x14, 0xe3, 0xbe, 0x0f, 0x14, 0x42, 0x00, 0x31,
    0xc0, 0xe8, 0x76, 0x43, 0x01, 0x00, 0xc7, 0x45, 0xd4, 0x01, 0x00, 0x00,
    0x00, 0xeb, 0xbd, 0x66, 0x66, 0x66, 0x66, 0x2e, 0x0f, 0x1f, 0x84, 0x00,
    0x00, 0x00, 0x00, 0x00, 0x55, 0x48, 0x89, 0xe5, 0x41, 0x57, 0x41, 0x56,
    0x41, 0x55, 0x41, 0x54, 0x53, 0x48, 0x81, 0xec, 0x28, 0x32, 0x00, 0x00,
    0x83, 0xff, 0x01, 0x7f, 0x21, 0x48, 0x8b, 0x05, 0xd8, 0xe1, 0x01, 0x00,
    0x48, 0x8b, 0x78, 0x18, 0xbe, 0x06, 0x12, 0x42, 0x00, 0x31, 0xc0, 0xe8,
    0x30, 0x43, 0x01, 0x00, 0xb8, 0x01, 0x00, 0x00, 0x00, 0xe9, 0x21, 0x05,
    0x00, 0x00, 0x49, 0x89, 0xf6, 0x41, 0x89, 0xfc, 0x48, 0x8b, 0x5e, 0x08,
    0xbe, 0xff, 0x0d, 0x42, 0x00, 0x48, 0x89, 0xdf, 0xe8, 0xdf, 0x53, 0x01,
    0x00, 0x89, 0x45, 0xc8, 0x85, 0xc0, 0x74, 0x2f, 0x49, 0x8b, 0x7e, 0x08,
    0xbe, 0xe0, 0x12, 0x42, 0x00, 0xe8, 0xca, 0x53, 0x01, 0x00, 0xb9, 0x02,
    0x00, 0x00, 0x00, 0x85, 0xc0, 0x75, 0x39, 0x41, 0x83, 0xfc, 0x02, 0x75,
    0x2a, 0x48, 0x8b, 0x05, 0x7c, 0xe1, 0x01, 0x00, 0x48, 0x8b, 0x78, 0x18,
    0xbe, 0x6c, 0x10, 0x42, 0x00, 0xeb, 0xa2, 0x41, 0x83, 0xfc, 0x02, 0x75,
    0x12, 0x48, 0x8b, 0x05, 0x64, 0xe1, 0x01, 0x00, 0x48, 0x8b, 0x78, 0x18,
    0xbe, 0x71, 0x08, 0x42, 0x00, 0xeb, 0x8a, 0x49, 0x8b, 0x5e, 0x10, 0xb9,
    0x03, 0x00, 0x00, 0x00, 0x0f, 0x57, 0xc0, 0x0f, 0x29, 0x85, 0xa0, 0xfe,
    0xff, 0xff, 0x0f, 0x29, 0x85, 0x90, 0xfe, 0xff, 0xff, 0x0f, 0x29, 0x85,
    0x80, 0xfe, 0xff, 0xff, 0x0f, 0x29, 0x85, 0x70, 0xfe, 0xff, 0xff, 0x0f,
    0x29, 0x85, 0x60, 0xfe, 0xff, 0xff, 0x0f, 0x29, 0x85, 0x50, 0xfe, 0xff,
    0xff, 0x0f, 0x29, 0x85, 0x40, 0xfe, 0xff, 0xff, 0x0f, 0x29, 0x85, 0x30,
    0xfe, 0xff, 0xff, 0x0f, 0x29, 0x85, 0x20, 0xfe, 0xff, 0xff, 0x0f, 0x29,
    0x85, 0x10, 0xfe, 0xff, 0xff, 0x0f, 0x29, 0x85, 0x00, 0xfe, 0xff, 0xff,
    0x0f, 0x29, 0x85, 0xf0, 0xfd, 0xff, 0xff, 0x0f, 0x29, 0x85, 0xe0, 0xfd,
    0xff, 0xff, 0x0f, 0x29, 0x85, 0xd0, 0xfd, 0xff, 0xff, 0x0f, 0x29, 0x85,
    0xc0, 0xfd, 0xff, 0xff, 0x0f, 0x29, 0x85, 0xb0, 0xfd, 0xff, 0xff, 0x0f,
    0x29, 0x45, 0xa0, 0x0f, 0x29, 0x45, 0x90, 0x0f, 0x29, 0x45, 0x80, 0x0f,
    0x29, 0x85, 0x70, 0xff, 0xff, 0xff, 0x0f, 0x29, 0x85, 0x60, 0xff, 0xff,
    0xff, 0x0f, 0x29, 0x85, 0x50, 0xff, 0xff, 0xff, 0x0f, 0x29, 0x85, 0x40,
    0xff, 0xff, 0xff, 0x0f, 0x29, 0x85, 0x30, 0xff, 0xff, 0xff, 0x0f, 0x29,
    0x85, 0x20, 0xff, 0xff, 0xff, 0x0f, 0x29, 0x85, 0x10, 0xff, 0xff, 0xff,
    0x0f, 0x29, 0x85, 0x00, 0xff, 0xff, 0xff, 0x0f, 0x29, 0x85, 0xf0, 0xfe,
    0xff, 0xff, 0x0f, 0x29, 0x85, 0xe0, 0xfe, 0xff, 0xff, 0x0f, 0x29, 0x85,
    0xd0, 0xfe, 0xff, 0xff, 0x0f, 0x29, 0x85, 0xc0, 0xfe, 0xff, 0xff, 0x0f,
    0x29, 0x85, 0xb0, 0xfe, 0xff, 0xff, 0x44, 0x0f, 0xb6, 0x3b, 0x41, 0x83,
    0xff, 0x73, 0x75, 0x53, 0x0f, 0xb6, 0x43, 0x01, 0x0f, 0xb6, 0x7b, 0x02,
    0x48, 0x8d, 0x53, 0x02, 0x31, 0xf6, 0x40, 0x84, 0xff, 0x0f, 0x84, 0x8e,
    0x00, 0x00, 0x00, 0x66, 0x66, 0x66, 0x66, 0x2e, 0x0f, 0x1f, 0x84, 0x00,
    0x00, 0x00, 0x00, 0x00, 0x40, 0x38, 0xc7, 0x74, 0x77, 0x48, 0x81, 0xfe,
    0xfe, 0x00, 0x00, 0x00, 0x77, 0x6e, 0x4c, 0x8d, 0x46, 0x01, 0x40, 0x88,
    0xbc, 0x35, 0xb0, 0xfd, 0xff, 0xff, 0x0f, 0xb6, 0x7c, 0x33, 0x03, 0x4c,
    0x89, 0xc6, 0x40, 0x84, 0xff, 0x75, 0xd9, 0x4c, 0x01, 0xc2, 0x44, 0x89,
    0xc6, 0xeb, 0x50, 0x41, 0x83, 0xff, 0x64, 0x74, 0x16, 0x41, 0x83, 0xff,
    0x70, 0x75, 0x1d, 0xc6, 0x45, 0xd7, 0x01, 0xc7, 0x45, 0xcc, 0x00, 0x00,
    0x00, 0x00, 0xe9, 0xf1, 0x00, 0x00, 0x00, 0xc6, 0x45, 0xd7, 0x01, 0xc7,
    0x45, 0xd0, 0x00, 0x00, 0x00, 0x00, 0xeb, 0x09, 0xc6, 0x45, 0xd7, 0x01,
    0xb0, 0x01, 0x89, 0x45, 0xd0, 0xb0, 0x01, 0x89, 0x45, 0xcc, 0x44, 0x39,
    0xe1, 0x0f, 0x8c, 0xdb, 0x00, 0x00, 0x00, 0x48, 0xc7, 0x45, 0xc0, 0x00,
    0x00, 0x00, 0x00, 0xe9, 0xeb, 0x00, 0x00, 0x00, 0x48, 0x01, 0xf2, 0x89,
    0xf6, 0xc6, 0x84, 0x35, 0xb0, 0xfd, 0xff, 0xff, 0x00, 0x31, 0xff, 0x38,
    0x02, 0x40, 0x0f, 0x94, 0xc7, 0x48, 0x8d, 0x34, 0x3a, 0x44, 0x0f, 0xb6,
    0x04, 0x3a, 0x31, 0xd2, 0x31, 0xff, 0x45, 0x84, 0xc0, 0x74, 0x42, 0x66,
    0x66, 0x66, 0x66, 0x2e, 0x0f, 0x1f, 0x84, 0x00, 0x00, 0x00, 0x00, 0x00,
    0x41, 0x38, 0xc0, 0x74, 0x2b, 0x48, 0x81, 0xff, 0xfe, 0x00, 0x00, 0x00,
    0x77, 0x22, 0x4c, 0x8d, 0x4f, 0x01, 0x44, 0x88, 0x84, 0x3d, 0xb0, 0xfe,
    0xff, 0xff, 0x44, 0x0f, 0xb6, 0x44, 0x3e, 0x01, 0x4c, 0x89, 0xcf, 0x45,
    0x84, 0xc0, 0x75, 0xd8, 0x4c, 0x01, 0xce, 0x44, 0x89, 0xcf, 0xeb, 0x03,
    0x48, 0x01, 0xfe, 0x89, 0xff, 0xc6, 0x84, 0x3d, 0xb0, 0xfe, 0xff, 0xff,
    0x00, 0x31, 0xff, 0x38, 0x06, 0x40, 0x0f, 0x94, 0xc7, 0x48, 0x01, 0xf7,
    0xb8, 0x01, 0x00, 0x00, 0x00, 0x31, 0xf6, 0xeb, 0x1e, 0x66, 0x66, 0x66,
    0x66, 0x66, 0x66, 0x2e, 0x0f, 0x1f, 0x84, 0x00, 0x00, 0x00, 0x00, 0x00,
    0xba, 0x01, 0x00, 0x00, 0x00, 0x41, 0x80, 0xf8, 0x70, 0x0f, 0x44, 0xf0,
    0x48, 0xff, 0xc7, 0x44, 0x0f, 0xb6, 0x07, 0x41, 0x83, 0xf8, 0x67, 0x74,
    0xe7, 0x45, 0x85, 0xc0, 0x75, 0xe7, 0x85, 0xf6, 0x0f, 0x94, 0xc0, 0x89,
    0x45, 0xcc, 0x85, 0xd2, 0x0f, 0x94, 0x45, 0xd7, 0xb0, 0x01, 0x89, 0x45,
    0xd0, 0x44, 0x39, 0xe1, 0x0f, 0x8d, 0x25, 0xff, 0xff, 0xff, 0x89, 0xcb,
    0x49, 0x8b, 0x3c, 0xde, 0xbe, 0x86, 0x13, 0x42, 0x00, 0xe8, 0xf6, 0x3e,
    0x01, 0x00, 0x48, 0x89, 0x45, 0xc0, 0x48, 0x85, 0xc0, 0x0f, 0x84, 0x56,
    0x02, 0x00, 0x00, 0x4c, 0x8d, 0xad, 0xb0, 0xed, 0xff, 0xff, 0x4c, 0x8d,
    0xa5, 0xb0, 0xfd, 0xff, 0xff, 0x8b, 0x5d, 0xd0, 0x4c, 0x8b, 0x75, 0xc0,
    0x44, 0x89, 0x7d, 0xbc, 0xeb, 0x13, 0xbf, 0xf6, 0x0c, 0x42, 0x00, 0x48,
    0x8d, 0xb5, 0xb0, 0xcd, 0xff, 0xff, 0x31, 0xc0, 0xe8, 0xdb, 0x84, 0x00,
    0x00, 0x4d, 0x85, 0xf6, 0x74, 0x26, 0x4c, 0x89, 0xef, 0xbe, 0x00, 0x10,
    0x00, 0x00, 0x4c, 0x89, 0xf2, 0xe8, 0x66, 0x38, 0x01, 0x00, 0x48, 0x85,
    0xc0, 0x75, 0x32, 0xe9, 0xdd, 0x01, 0x00, 0x00, 0x66, 0x66, 0x66, 0x2e,
    0x0f, 0x1f, 0x84, 0x00, 0x00, 0x00, 0x00, 0x00, 0x48, 0x8b, 0x05, 0x81,
    0xde, 0x01, 0x00, 0x48, 0x8b, 0x50, 0x08, 0x4c, 0x89, 0xef, 0xbe, 0x00,
    0x10, 0x00, 0x00, 0xe8, 0x38, 0x38, 0x01, 0x00, 0x48, 0x85, 0xc0, 0x0f,
    0x84, 0xb8, 0x01, 0x00, 0x00, 0x41, 0x83, 0xff, 0x73, 0x0f, 0x85, 0x15,
    0x01, 0x00, 0x00, 0x4c, 0x89, 0xe7, 0xe8, 0xed, 0x53, 0x01, 0x00, 0x49,
    0x89, 0xc5, 0x0f, 0xb6, 0x85, 0xb0, 0xed, 0xff, 0xff, 0x84, 0xc0, 0x0f,
    0x84, 0x4b, 0x01, 0x00, 0x00, 0x44, 0x89, 0xeb, 0x81, 0xe3, 0xff, 0xff,
    0xff, 0x7f, 0x45, 0x31, 0xff, 0x4c, 0x8d, 0xb5, 0xb0, 0xed, 0xff, 0xff,
    0x0f, 0x1f, 0x84, 0x00, 0x00, 0x00, 0x00, 0x00, 0x45, 0x85, 0xed, 0x7e,
    0x16, 0x4c, 0x89, 0xf7, 0x4c, 0x89, 0xe6, 0x48, 0x89, 0xda, 0xe8, 0xad,
    0x54, 0x01, 0x00, 0x85, 0xc0, 0x74, 0x39, 0x41, 0x0f, 0xb6, 0x06, 0x49,
    0xff, 0xc6, 0x49, 0x63, 0xcf, 0x41, 0xff, 0xc7, 0x88, 0x84, 0x0d, 0xb0,
    0xcd, 0xff, 0xff, 0x41, 0x0f, 0xb6, 0x06, 0x84, 0xc0, 0x0f, 0x84, 0xe9,
    0x00, 0x00, 0x00, 0x41, 0x81, 0xff, 0xff, 0x1f, 0x00, 0x00, 0x7c, 0xc0,
    0xe9, 0xdb, 0x00, 0x00, 0x00, 0x66, 0x66, 0x2e, 0x0f, 0x1f, 0x84, 0x00,
    0x00, 0x00, 0x00, 0x00, 0x0f, 0xb6, 0x85, 0xb0, 0xfe, 0xff, 0xff, 0x84,
    0xc0, 0x74, 0x36, 0x49, 0x63, 0xd7, 0x48, 0x8d, 0x8d, 0xb1, 0xfe, 0xff,
    0xff, 0x66, 0x66, 0x2e, 0x0f, 0x1f, 0x84, 0x00, 0x00, 0x00, 0x00, 0x00,
    0x88, 0x84, 0x15, 0xb0, 0xcd, 0xff, 0xff, 0x0f, 0xb6, 0x01, 0x41, 0xff,
    0xc7, 0x84, 0xc0, 0x74, 0x10, 0x48, 0xff, 0xc1, 0x48, 0x81, 0xfa, 0xfe,
    0x1f, 0x00, 0x00, 0x48, 0x8d, 0x52, 0x01, 0x7c, 0xdf, 0x49, 0x01, 0xde,
    0x80, 0x7d, 0xd7, 0x00, 0x74, 0x91, 0x41, 0x0f, 0xb6, 0x06, 0x84, 0xc0,
    0x74, 0x89, 0x41, 0x81, 0xff, 0xfe, 0x1f, 0x00, 0x00, 0x7f, 0x80, 0x49,
    0x63, 0xcf, 0x66, 0x90, 0x88, 0x84, 0x0d, 0xb0, 0xcd, 0xff, 0xff, 0x41,
    0x0f, 0xb6, 0x46, 0x01, 0x49, 0xff, 0xc6, 0x41, 0xff, 0xc7, 0x84, 0xc0,
    0x0f, 0x84, 0x61, 0xff, 0xff, 0xff, 0x48, 0x81, 0xf9, 0xfe, 0x1f, 0x00,
    0x00, 0x48, 0x8d, 0x49, 0x01, 0x7c, 0xd9, 0xe9, 0x4f, 0xff, 0xff, 0xff,
    0x0f, 0x1f, 0x40, 0x00, 0x84, 0xdb, 0x0f, 0x84, 0x8d, 0xfe, 0xff, 0xff,
    0x83, 0x7d, 0xc8, 0x00, 0x74, 0x0f, 0xbf, 0xf6, 0x0c, 0x42, 0x00, 0x4c,
    0x89, 0xee, 0x31, 0xc0, 0xe8, 0x53, 0x83, 0x00, 0x00, 0x80, 0x7d, 0xcc,
    0x00, 0x0f, 0x85, 0x6e, 0xfe, 0xff, 0xff, 0xbf, 0xf6, 0x0c, 0x42, 0x00,
    0x4c, 0x89, 0xee, 0xe9, 0x5a, 0xfe, 0xff, 0xff, 0x66, 0x66, 0x66, 0x2e,
    0x0f, 0x1f, 0x84, 0x00, 0x00, 0x00, 0x00, 0x00, 0x49, 0x63, 0xc7, 0x44,
    0x8b, 0x7d, 0xbc, 0x8b, 0x5d, 0xd0, 0x4c, 0x8b, 0x75, 0xc0, 0xeb, 0x02,
    0x31, 0xc0, 0xc6, 0x84, 0x05, 0xb0, 0xcd, 0xff, 0xff, 0x00, 0x84, 0xdb,
    0x4c, 0x8d, 0xad, 0xb0, 0xed, 0xff, 0xff, 0x0f, 0x84, 0x2c, 0xfe, 0xff,
    0xff, 0x83, 0x7d, 0xc8, 0x00, 0x74, 0x13, 0xbf, 0xf6, 0x0c, 0x42, 0x00,
    0x48, 0x8d, 0xb5, 0xb0, 0xcd, 0xff, 0xff, 0x31, 0xc0, 0xe8, 0xee, 0x82,
    0x00, 0x00, 0x80, 0x7d, 0xcc, 0x00, 0x0f, 0x85, 0x09, 0xfe, 0xff, 0xff,
    0xe9, 0xf1, 0xfd, 0xff, 0xff, 0x4c, 0x89, 0xf7, 0xe8, 0x57, 0x0f, 0x01,
    0x00, 0x48, 0x8b, 0x05, 0xa8, 0xdc, 0x01, 0x00, 0x48, 0x8b, 0x78, 0x10,
    0xe8, 0x77, 0x11, 0x01, 0x00, 0x31, 0xc0, 0x48, 0x81, 0xc4, 0x28, 0x32,
    0x00, 0x00, 0x5b, 0x41, 0x5c, 0x41, 0x5d, 0x41, 0x5e, 0x41, 0x5f, 0x5d,
    0xc3, 0x48, 0x8b, 0x05, 0x84, 0xdc, 0x01, 0x00, 0x48, 0x8b, 0x78, 0x18,
    0x49, 0x8b, 0x14, 0xde, 0xbe, 0x07, 0x07, 0x42, 0x00, 0x31, 0xc0, 0xe8,
    0xd8, 0x3d, 0x01, 0x00, 0xb8, 0x01, 0x00, 0x00, 0x00, 0xeb, 0xcc, 0x90,
    0x55, 0x48, 0x89, 0xe5, 0x41, 0x57, 0x41, 0x56, 0x41, 0x55, 0x41, 0x54,
    0x53, 0x48, 0x81, 0xec, 0x18, 0x10, 0x00, 0x00, 0x89, 0x7d, 0xd0, 0x83,
    0xff, 0x02, 0x0f, 0x8c, 0x89, 0x00, 0x00, 0x00, 0x48, 0x89, 0xf3, 0x8b,
    0x4d, 0xd0, 0x89, 0xc8, 0x48, 0x89, 0x45, 0xc8, 0x48, 0x63, 0xc1, 0x4c,
    0x8d, 0x34, 0xc5, 0xf8, 0xff, 0xff, 0xff, 0x41, 0xb4, 0x09, 0x45, 0x31,
    0xff, 0x41, 0xbd, 0x01, 0x00, 0x00, 0x00, 0xeb, 0x1e, 0x66, 0x66, 0x2e,
    0x0f, 0x1f, 0x84, 0x00, 0x00, 0x00, 0x00, 0x00, 0x41, 0xbf, 0x01, 0x00,
    0x00, 0x00, 0x49, 0xff, 0xc5, 0x49, 0x83, 0xc6, 0xf8, 0x4c, 0x39, 0x6d,
    0xc8, 0x74, 0x46, 0x4a, 0x8b, 0x3c, 0xeb, 0x80, 0x3f, 0x2d, 0x0f, 0x85,
    0xc0, 0x00, 0x00, 0x00, 0xbe, 0xdd, 0x12, 0x42, 0x00, 0xe8, 0x26, 0x4e,
    0x01, 0x00, 0x85, 0xc0, 0x74, 0xd2, 0x4a, 0x8b, 0x3c, 0xeb, 0xbe, 0xca,
    0x0b, 0x42, 0x00, 0xba, 0x02, 0x00, 0x00, 0x00, 0xe8, 0x6f, 0x52, 0x01,
    0x00, 0x85, 0xc0, 0x75, 0xc1, 0x4a, 0x8b, 0x04, 0xeb, 0x0f, 0xb6, 0x40,
    0x02, 0x84, 0xc0, 0x45, 0x0f, 0xb6, 0xe4, 0x44, 0x0f, 0x45, 0xe0, 0xeb,
    0xad, 0x48, 0x8b, 0x05, 0xb8, 0xdb, 0x01, 0x00, 0x48, 0x8b, 0x50, 0x08,
    0x48, 0x8d, 0xbd, 0xc0, 0xef, 0xff, 0xff, 0xbe, 0x00, 0x10, 0x00, 0x00,
    0xe8, 0x6b, 0x35, 0x01, 0x00, 0x48, 0x85, 0xc0, 0x74, 0x42, 0x48, 0x8d,
    0x9d, 0xc0, 0xef, 0xff, 0xff, 0x66, 0x66, 0x66, 0x66, 0x66, 0x66, 0x2e,
    0x0f, 0x1f, 0x84, 0x00, 0x00, 0x00, 0x00, 0x00, 0xbf, 0xf6, 0x0c, 0x42,
    0x00, 0x48, 0x89, 0xde, 0x31, 0xc0, 0xe8, 0xa1, 0x81, 0x00, 0x00, 0x48,
    0x8b, 0x05, 0x72, 0xdb, 0x01, 0x00, 0x48, 0x8b, 0x50, 0x08, 0x48, 0x89,
    0xdf, 0xbe, 0x00, 0x10, 0x00, 0x00, 0xe8, 0x29, 0x35, 0x01, 0x00, 0x48,
    0x85, 0xc0, 0x75, 0xd4, 0x48, 0x8b, 0x05, 0x55, 0xdb, 0x01, 0x00, 0x48,
    0x8b, 0x78, 0x10, 0xe8, 0x24, 0x10, 0x01, 0x00, 0x31, 0xc0, 0x48, 0x81,
    0xc4, 0x18, 0x10, 0x00, 0x00, 0x5b, 0x41, 0x5c, 0x41, 0x5d, 0x41, 0x5e,
    0x41, 0x5f, 0x5d, 0xc3, 0x45, 0x85, 0xff, 0x0f, 0x84, 0x17, 0x01, 0x00,
    0x00, 0x44, 0x39, 0x6d, 0xd0, 0x7e, 0xcd, 0x45, 0x0f, 0xbe, 0xf4, 0x4c,
    0x8d, 0xbd, 0xc0, 0xef, 0xff, 0xff, 0xeb, 0x1f, 0x0f, 0x1f, 0x40, 0x00,
    0xbf, 0x0a, 0x00, 0x00, 0x00, 0xe8, 0x36, 0x07, 0x01, 0x00, 0x4c, 0x89,
    0xe7, 0xe8, 0xae, 0x0d, 0x01, 0x00, 0x49, 0xff, 0xc5, 0x4c, 0x3b, 0x6d,
    0xc8, 0x74, 0xa1, 0x4a, 0x8b, 0x3c, 0xeb, 0xbe, 0x86, 0x13, 0x42, 0x00,
    0xe8, 0xf7, 0x3a, 0x01, 0x00, 0x48, 0x85, 0xc0, 0x0f, 0x84, 0xae, 0x00,
    0x00, 0x00, 0x49, 0x89, 0xc4, 0x4c, 0x89, 0xff, 0xbe, 0x00, 0x10, 0x00,
    0x00, 0x48, 0x89, 0xc2, 0xe8, 0x9b, 0x34, 0x01, 0x00, 0x48, 0x85, 0xc0,
    0x74, 0xb6, 0x4c, 0x89, 0xff, 0xe8, 0x5e, 0x50, 0x01, 0x00, 0x85, 0xc0,
    0x7e, 0x32, 0xb9, 0xff, 0xff, 0xff, 0xff, 0x01, 0xc8, 0x80, 0xbc, 0x05,
    0xc0, 0xef, 0xff, 0xff, 0x0a, 0x75, 0x21, 0xc6, 0x84, 0x05, 0xc0, 0xef,
    0xff, 0xff, 0x00, 0xeb, 0x17, 0x66, 0x66, 0x66, 0x66, 0x66, 0x66, 0x2e,
    0x0f, 0x1f, 0x84, 0x00, 0x00, 0x00, 0x00, 0x00, 0x44, 0x89, 0xf7, 0xe8,
    0xb8, 0x06, 0x01, 0x00, 0xbf, 0xf6, 0x0c, 0x42, 0x00, 0x4c, 0x89, 0xfe,
    0x31, 0xc0, 0xe8, 0xa9, 0x80, 0x00, 0x00, 0x4c, 0x89, 0xff, 0xbe, 0x00,
    0x10, 0x00, 0x00, 0x4c, 0x89, 0xe2, 0xe8, 0x39, 0x34, 0x01, 0x00, 0x48,
    0x85, 0xc0, 0x0f, 0x84, 0x50, 0xff, 0xff, 0xff, 0x4c, 0x89, 0xff, 0xe8,
    0xf8, 0x4f, 0x01, 0x00, 0x85, 0xc0, 0x7e, 0xc4, 0xb9, 0xff, 0xff, 0xff,
    0xff, 0x01, 0xc8, 0x80, 0xbc, 0x05, 0xc0, 0xef, 0xff, 0xff, 0x0a, 0x75,
    0xb3, 0xc6, 0x84, 0x05, 0xc0, 0xef, 0xff, 0xff, 0x00, 0xeb, 0xa9, 0x66,
    0x0f, 0x1f, 0x84, 0x00, 0x00, 0x00, 0x00, 0x00, 0x48, 0x8b, 0x05, 0x31,
    0xda, 0x01, 0x00, 0x48, 0x8b, 0x78, 0x18, 0x4a, 0x8b, 0x14, 0xeb, 0xbe,
    0x63, 0x16, 0x42, 0x00, 0x31, 0xc0, 0xe8, 0x85, 0x3b, 0x01, 0x00, 0xe9,
    0x12, 0xff, 0xff, 0xff, 0x4c, 0x89, 0xf7, 0xe8, 0xb8, 0x64, 0x00, 0x00,
    0x49, 0x89, 0xc6, 0x45, 0x31, 0xff, 0x44, 0x39, 0x6d, 0xd0, 0x7e, 0x4f,
    0x45, 0x31, 0xff, 0xeb, 0x13, 0x0f, 0x1f, 0x80, 0x00, 0x00, 0x00, 0x00,
    0x41, 0xff, 0xc7, 0x49, 0xff, 0xc5, 0x4c, 0x39, 0x6d, 0xc8, 0x74, 0x37,
    0x4a, 0x8b, 0x3c, 0xeb, 0xbe, 0x86, 0x13, 0x42, 0x00, 0xe8, 0xe6, 0x39,
    0x01, 0x00, 0x49, 0x63, 0xcf, 0x49, 0x89, 0x04, 0xce, 0x48, 0x85, 0xc0,
    0x75, 0xda, 0x48, 0x8b, 0x05, 0xcb, 0xd9, 0x01, 0x00, 0x48, 0x8b, 0x78,
    0x18, 0x4a, 0x8b, 0x14, 0xeb, 0xbe, 0x63, 0x16, 0x42, 0x00, 0x31, 0xc0,
    0xe8, 0x1f, 0x3b, 0x01, 0x00, 0xeb, 0xc0, 0x45, 0x85, 0xff, 0x0f, 0x8e,
    0x2c, 0x01, 0x00, 0x00, 0x41, 0x0f, 0xbe, 0xdc, 0x45, 0x89, 0xfc, 0x4c,
    0x89, 0x65, 0xd0, 0x49, 0xf7, 0xdc, 0x41, 0xbf, 0x01, 0x00, 0x00, 0x00,
    0x45, 0x31, 0xed, 0x31, 0xc9, 0xeb, 0x28, 0x66, 0x0f, 0x1f, 0x84, 0x00,
    0x00, 0x00, 0x00, 0x00, 0xf6, 0x45, 0xc8, 0x01, 0x0f, 0x84, 0xd4, 0x00,
    0x00, 0x00, 0xbf, 0x0a, 0x00, 0x00, 0x00, 0xe8, 0x9c, 0x05, 0x01, 0x00,
    0x45, 0x31, 0xed, 0x31, 0xc9, 0x41, 0xbf, 0x01, 0x00, 0x00, 0x00, 0x48,
    0x89, 0x4d, 0xc8, 0x49, 0xff, 0xc5, 0xeb, 0x1b, 0x0f, 0x1f, 0x84, 0x00,
    0x00, 0x00, 0x00, 0x00, 0x4b, 0x8d, 0x0c, 0x2c, 0x48, 0xff, 0xc1, 0x49,
    0xff, 0xc5, 0x41, 0x89, 0xc7, 0x48, 0x83, 0xf9, 0x01, 0x74, 0xbd, 0x4b,
    0x8b, 0x54, 0xee, 0xf8, 0x48, 0x85, 0xd2, 0x74, 0x16, 0x48, 0x8d, 0xbd,
    0xc0, 0xef, 0xff, 0xff, 0xbe, 0x00, 0x10, 0x00, 0x00, 0xe8, 0xf2, 0x32,
    0x01, 0x00, 0x48, 0x85, 0xc0, 0x75, 0x1d, 0xb8, 0x01, 0x00, 0x00, 0x00,
    0x45, 0x85, 0xff, 0x75, 0xc3, 0x89, 0xdf, 0xe8, 0x3c, 0x05, 0x01, 0x00,
    0x31, 0xc0, 0xeb, 0xb8, 0x0f, 0x1f, 0x84, 0x00, 0x00, 0x00, 0x00, 0x00,
    0x48, 0x8d, 0xbd, 0xc0, 0xef, 0xff, 0xff, 0xe8, 0x94, 0x4e, 0x01, 0x00,
    0x85, 0xc0, 0x7e, 0x19, 0xb9, 0xff, 0xff, 0xff, 0xff, 0x01, 0xc8, 0x80,
    0xbc, 0x05, 0xc0, 0xef, 0xff, 0xff, 0x0a, 0x75, 0x08, 0xc6, 0x84, 0x05,
    0xc0, 0xef, 0xff, 0xff, 0x00, 0x45, 0x85, 0xff, 0x75, 0x07, 0x89, 0xdf,
    0xe8, 0xfb, 0x04, 0x01, 0x00, 0x45, 0x31, 0xff, 0xbf, 0xf6, 0x0c, 0x42,
    0x00, 0x48, 0x8d, 0xb5, 0xc0, 0xef, 0xff, 0xff, 0x31, 0xc0, 0xe8, 0xe5,
    0x7e, 0x00, 0x00, 0xb1, 0x01, 0x4c, 0x89, 0xe0, 0x4c, 0x01, 0xe8, 0x0f,
    0x85, 0x46, 0xff, 0xff, 0xff, 0xe9, 0x2c, 0xff, 0xff, 0xff, 0x31, 0xdb,
    0x4c, 0x8b, 0x7d, 0xd0, 0xeb, 0x12, 0x66, 0x2e, 0x0f, 0x1f, 0x84, 0x00,
    0x00, 0x00, 0x00, 0x00, 0x48, 0xff, 0xc3, 0x49, 0x39, 0xdf, 0x74, 0x10,
    0x49, 0x8b, 0x3c, 0xde, 0x48, 0x85, 0xff, 0x74, 0xef, 0xe8, 0x2a, 0x0b,
    0x01, 0x00, 0xeb, 0xe8, 0x4c, 0x89, 0xf7, 0xe8, 0x40, 0x63, 0x00, 0x00,
    0xe9, 0x17, 0xfd, 0xff, 0xff, 0x66, 0x66, 0x2e, 0x0f, 0x1f, 0x84, 0x00,
    0x00, 0x00, 0x00, 0x00, 0x55, 0x48, 0x89, 0xe5, 0x41, 0x57, 0x41, 0x56,
    0x41, 0x55, 0x41, 0x54, 0x53, 0x48, 0x83, 0xec, 0x18, 0x48, 0x89, 0x75,
    0xc8, 0x45, 0x31, 0xed, 0x89, 0x7d, 0xd0, 0x83, 0xff, 0x02, 0x7c, 0x7f,
    0xc7, 0x45, 0xd4, 0x50, 0x00, 0x00, 0x00, 0x41, 0xbc, 0x01, 0x00, 0x00,
    0x00, 0x45, 0x31, 0xf6, 0xeb, 0x2d, 0x66, 0x66, 0x66, 0x66, 0x66, 0x2e,
    0x0f, 0x1f, 0x84, 0x00, 0x00, 0x00, 0x00, 0x00, 0x48, 0x8b, 0x45, 0xc8,
    0x4a, 0x8b, 0x3c, 0xf8, 0xbe, 0x62, 0x00, 0x00, 0x00, 0xe8, 0xbe, 0x47,
    0x01, 0x00, 0x41, 0xff, 0xc4, 0x44, 0x3b, 0x65, 0xd0, 0x0f, 0x8d, 0x87,
    0x00, 0x00, 0x00, 0x4d, 0x63, 0xfc, 0x48, 0x8b, 0x45, 0xc8, 0x4a, 0x8b,
    0x3c, 0xf8, 0x80, 0x3f, 0x2d, 0x75, 0x3b, 0xbe, 0xb9, 0x06, 0x42, 0x00,
    0xe8, 0x27, 0x4a, 0x01, 0x00, 0x85, 0xc0, 0x75, 0xc3, 0x41, 0x8d, 0x5c,
    0x24, 0x01, 0x3b, 0x5d, 0xd0, 0x7d, 0xb9, 0x48, 0x63, 0xc3, 0x48, 0x8b,
    0x4d, 0xc8, 0x48, 0x8b, 0x3c, 0xc1, 0xe8, 0xe9, 0x46, 0x00, 0x00, 0x89,
    0x45, 0xd4, 0x41, 0x89, 0xdc, 0xeb, 0xb3, 0x41, 0xbc, 0x50, 0x00, 0x00,
    0x00, 0x45, 0x31, 0xf6, 0xeb, 0x53, 0xbe, 0x86, 0x13, 0x42, 0x00, 0xe8,
    0xbc, 0x37, 0x01, 0x00, 0x49, 0x89, 0xc6, 0x48, 0x85, 0xc0, 0x44, 0x8b,
    0x65, 0xd4, 0x75, 0x3d, 0x48, 0x8b, 0x05, 0xa1, 0xd7, 0x01, 0x00, 0x48,
    0x8b, 0x78, 0x18, 0x48, 0x8b, 0x45, 0xc8, 0x4a, 0x8b, 0x14, 0xf8, 0xbe,
    0xa9, 0x0f, 0x42, 0x00, 0x31, 0xc0, 0xe8, 0xf1, 0x38, 0x01, 0x00, 0xb8,
    0x01, 0x00, 0x00, 0x00, 0xeb, 0x7a, 0x44, 0x8b, 0x65, 0xd4, 0xeb, 0x11,
    0x0f, 0x1f, 0x40, 0x00, 0xbf, 0x0a, 0x00, 0x00, 0x00, 0xe8, 0x96, 0x03,
    0x01, 0x00, 0x45, 0x31, 0xed, 0x4c, 0x89, 0xf7, 0x4d, 0x85, 0xf6, 0x75,
    0x0b, 0x48, 0x8b, 0x05, 0x5c, 0xd7, 0x01, 0x00, 0x48, 0x8b, 0x78, 0x08,
    0xe8, 0xbb, 0x2f, 0x01, 0x00, 0x83, 0xf8, 0x0a, 0x74, 0xd6, 0x83, 0xf8,
    0xff, 0x74, 0x22, 0x45, 0x39, 0xe5, 0x7c, 0x11, 0xbf, 0x0a, 0x00, 0x00,
    0x00, 0x89, 0xc3, 0xe8, 0x60, 0x03, 0x01, 0x00, 0x89, 0xd8, 0x45, 0x31,
    0xed, 0x89, 0xc7, 0xe8, 0x54, 0x03, 0x01, 0x00, 0x41, 0xff, 0xc5, 0xeb,
    0xbc, 0x4d, 0x85, 0xf6, 0x74, 0x08, 0x4c, 0x89, 0xf7, 0xe8, 0xc2, 0x09,
    0x01, 0x00, 0x48, 0x8b, 0x05, 0x13, 0xd7, 0x01, 0x00, 0x48, 0x8b, 0x78,
    0x10, 0xe8, 0xe2, 0x0b, 0x01, 0x00, 0x31, 0xc0, 0x48, 0x83, 0xc4, 0x18,
    0x5b, 0x41, 0x5c, 0x41, 0x5d, 0x41, 0x5e, 0x41, 0x5f, 0x5d, 0xc3, 0x90,
    0x55, 0x48, 0x89, 0xe5, 0x41, 0x57, 0x41, 0x56, 0x41, 0x55, 0x41, 0x54,
    0x53, 0x48, 0x81, 0xec, 0x18, 0x20, 0x00, 0x00, 0x49, 0x89, 0xf7, 0x83,
    0xff, 0x02, 0x0f, 0x8c, 0x97, 0x00, 0x00, 0x00, 0x89, 0x7d, 0xc4, 0x89,
    0xf8, 0x48, 0x89, 0x45, 0xc8, 0x45, 0x31, 0xed, 0x41, 0xbe, 0x01, 0x00,
    0x00, 0x00, 0x31, 0xdb, 0x45, 0x31, 0xe4, 0x66, 0x0f, 0x1f, 0x84, 0x00,
    0x00, 0x00, 0x00, 0x00, 0x4b, 0x8b, 0x3c, 0xf7, 0x80, 0x3f, 0x2d, 0x75,
    0x56, 0xbe, 0x31, 0x00, 0x00, 0x00, 0xe8, 0x4d, 0x46, 0x01, 0x00, 0x48,
    0x85, 0xc0, 0xb8, 0x01, 0x00, 0x00, 0x00, 0x44, 0x0f, 0x45, 0xe8, 0x4b,
    0x8b, 0x3c, 0xf7, 0xbe, 0x32, 0x00, 0x00, 0x00, 0xe8, 0x33, 0x46, 0x01,
    0x00, 0x48, 0x85, 0xc0, 0xb8, 0x01, 0x00, 0x00, 0x00, 0x0f, 0x45, 0xd8,
    0x4b, 0x8b, 0x3c, 0xf7, 0xbe, 0x33, 0x00, 0x00, 0x00, 0xe8, 0x1a, 0x46,
    0x01, 0x00, 0x48, 0x85, 0xc0, 0xb8, 0x01, 0x00, 0x00, 0x00, 0x44, 0x0f,
    0x45, 0xe0, 0x49, 0xff, 0xc6, 0x4c, 0x39, 0x75, 0xc8, 0x75, 0xa5, 0x4c,
    0x8b, 0x75, 0xc8, 0x85, 0xdb, 0x0f, 0x94, 0x45, 0xd6, 0x45, 0x85, 0xed,
    0x0f, 0x94, 0x45, 0xd7, 0x45, 0x85, 0xe4, 0x0f, 0x94, 0xc0, 0x8b, 0x7d,
    0xc4, 0xeb, 0x10, 0x41, 0xbe, 0x01, 0x00, 0x00, 0x00, 0xb0, 0x01, 0xc6,
    0x45, 0xd6, 0x01, 0xc6, 0x45, 0xd7, 0x01, 0x45, 0x8d, 0x6e, 0x01, 0x41,
    0x39, 0xfd, 0x0f, 0x8d, 0x1d, 0x02, 0x00, 0x00, 0x88, 0x45, 0xc4, 0x45,
    0x89, 0xf4, 0x4b, 0x8b, 0x3c, 0xe7, 0xbe, 0x86, 0x13, 0x42, 0x00, 0xe8,
    0x18, 0x36, 0x01, 0x00, 0x49, 0x89, 0xc6, 0x45, 0x89, 0xed, 0x4b, 0x8b,
    0x3c, 0xef, 0xbe, 0x86, 0x13, 0x42, 0x00, 0xe8, 0x04, 0x36, 0x01, 0x00,
    0x4c, 0x89, 0x75, 0xc8, 0x4d, 0x85, 0xf6, 0x0f, 0x84, 0x01, 0x02, 0x00,
    0x00, 0x48, 0x89, 0xc3, 0x48, 0x85, 0xc0, 0x0f, 0x84, 0x12, 0x02, 0x00,
    0x00, 0x48, 0x8d, 0xbd, 0xc0, 0xef, 0xff, 0xff, 0xbe, 0x00, 0x10, 0x00,
    0x00, 0x48, 0x8b, 0x55, 0xc8, 0xe8, 0x96, 0x2f, 0x01, 0x00, 0x49, 0x89,
    0xc5, 0x48, 0x8d, 0xbd, 0xc0, 0xdf, 0xff, 0xff, 0xbe, 0x00, 0x10, 0x00,
    0x00, 0x48, 0x89, 0xda, 0xe8, 0x7f, 0x2f, 0x01, 0x00, 0x49, 0x89, 0xc7,
    0x4d, 0x85, 0xed, 0x0f, 0x95, 0xc1, 0x48, 0x85, 0xc0, 0x0f, 0x95, 0xc0,
    0x4c, 0x89, 0xea, 0x4c, 0x09, 0xfa, 0x44, 0x0f, 0xb6, 0x65, 0xd6, 0x44,
    0x0f, 0xb6, 0x75, 0xd7, 0x75, 0x5c, 0x48, 0x8b, 0x7d, 0xc8, 0xe8, 0x35,
    0x08, 0x01, 0x00, 0x48, 0x89, 0xdf, 0xe8, 0x2d, 0x08, 0x01, 0x00, 0x48,
    0x8b, 0x05, 0x7e, 0xd5, 0x01, 0x00, 0x48, 0x8b, 0x78, 0x10, 0xe8, 0x4d,
    0x0a, 0x01, 0x00, 0x31, 0xc0, 0xe9, 0xc6, 0x01, 0x00, 0x00, 0x66, 0x0f,
    0x1f, 0x44, 0x00, 0x00, 0x48, 0x8d, 0xbd, 0xc0, 0xdf, 0xff, 0xff, 0xbe,
    0x00, 0x10, 0x00, 0x00, 0x48, 0x89, 0xda, 0xe8, 0x1c, 0x2f, 0x01, 0x00,
    0x49, 0x89, 0xc7, 0x45, 0x31, 0xed, 0x4d, 0x85, 0xed, 0x0f, 0x95, 0xc1,
    0x4d, 0x85, 0xff, 0x0f, 0x95, 0xc0, 0x4c, 0x89, 0xea, 0x4c, 0x09, 0xfa,
    0x74, 0xa4, 0xf6, 0xc1, 0x01, 0x74, 0x5d, 0xa8, 0x01, 0x0f, 0x84, 0x85,
    0x00, 0x00, 0x00, 0x48, 0x8d, 0xbd, 0xc0, 0xef, 0xff, 0xff, 0x48, 0x8d,
    0xb5, 0xc0, 0xdf, 0xff, 0xff, 0xe8, 0x52, 0x47, 0x01, 0x00, 0x85, 0xc0,
    0x0f, 0x89, 0xa2, 0x00, 0x00, 0x00, 0x45, 0x84, 0xf6, 0x74, 0x13, 0xbf,
    0xf6, 0x0c, 0x42, 0x00, 0x48, 0x8d, 0xb5, 0xc0, 0xef, 0xff, 0xff, 0x31,
    0xc0, 0xe8, 0x22, 0x7b, 0x00, 0x00, 0x48, 0x8d, 0xbd, 0xc0, 0xef, 0xff,
    0xff, 0xbe, 0x00, 0x10, 0x00, 0x00, 0x48, 0x8b, 0x55, 0xc8, 0xe8, 0xad,
    0x2e, 0x01, 0x00, 0x49, 0x89, 0xc5, 0xeb, 0x92, 0x0f, 0x1f, 0x84, 0x00,
    0x00, 0x00, 0x00, 0x00, 0x45, 0x84, 0xe4, 0x0f, 0x84, 0x67, 0xff, 0xff,
    0xff, 0xbf, 0x3b, 0x04, 0x42, 0x00, 0x48, 0x8d, 0xb5, 0xc0, 0xdf, 0xff,
    0xff, 0x31, 0xc0, 0xe8, 0xe4, 0x7a, 0x00, 0x00, 0xe9, 0x4f, 0xff, 0xff,
    0xff, 0x66, 0x66, 0x66, 0x66, 0x66, 0x66, 0x2e, 0x0f, 0x1f, 0x84, 0x00,
    0x00, 0x00, 0x00, 0x00, 0x45, 0x84, 0xf6, 0x74, 0x13, 0xbf, 0xf6, 0x0c,
    0x42, 0x00, 0x48, 0x8d, 0xb5, 0xc0, 0xef, 0xff, 0xff, 0x31, 0xc0, 0xe8,
    0xb8, 0x7a, 0x00, 0x00, 0x48, 0x8d, 0xbd, 0xc0, 0xef, 0xff, 0xff, 0xbe,
    0x00, 0x10, 0x00, 0x00, 0x48, 0x8b, 0x55, 0xc8, 0xe8, 0x43, 0x2e, 0x01,
    0x00, 0x49, 0x89, 0xc5, 0x45, 0x31, 0xff, 0xe9, 0x22, 0xff, 0xff, 0xff,
    0x74, 0x1a, 0x45, 0x84, 0xe4, 0x74, 0x46, 0xbf, 0x3b, 0x04, 0x42, 0x00,
    0x48, 0x8d, 0xb5, 0xc0, 0xdf, 0xff, 0xff, 0x31, 0xc0, 0xe8, 0x7e, 0x7a,
    0x00, 0x00, 0xeb, 0x31, 0x80, 0x7d, 0xc4, 0x00, 0x74, 0x13, 0xbf, 0xb7,
    0x13, 0x42, 0x00, 0x48, 0x8d, 0xb5, 0xc0, 0xef, 0xff, 0xff, 0x31, 0xc0,
    0xe8, 0x63, 0x7a, 0x00, 0x00, 0x48, 0x8d, 0xbd, 0xc0, 0xef, 0xff, 0xff,
    0xbe, 0x00, 0x10, 0x00, 0x00, 0x48, 0x8b, 0x55, 0xc8, 0xe8, 0xee, 0x2d,
    0x01, 0x00, 0x49, 0x89, 0xc5, 0x48, 0x8d, 0xbd, 0xc0, 0xdf, 0xff, 0xff,
    0xbe, 0x00, 0x10, 0x00, 0x00, 0x48, 0x89, 0xda, 0xe8, 0xd7, 0x2d, 0x01,
    0x00, 0x49, 0x89, 0xc7, 0xe9, 0xb9, 0xfe, 0xff, 0xff, 0x48, 0x8b, 0x05,
    0x00, 0xd4, 0x01, 0x00, 0x48, 0x8b, 0x78, 0x18, 0xbe, 0x33, 0x0e, 0x42,
    0x00, 0x31, 0xc0, 0xe8, 0x58, 0x35, 0x01, 0x00, 0xeb, 0x41, 0x48, 0x8b,
    0x05, 0xe7, 0xd3, 0x01, 0x00, 0x48, 0x8b, 0x78, 0x18, 0x4b, 0x8b, 0x14,
    0xe7, 0xbe, 0x1d, 0x07, 0x42, 0x00, 0x31, 0xc0, 0xe8, 0x3b, 0x35, 0x01,
    0x00, 0xeb, 0x24, 0x48, 0x8b, 0x05, 0xca, 0xd3, 0x01, 0x00, 0x48, 0x8b,
    0x78, 0x18, 0x4b, 0x8b, 0x14, 0xef, 0xbe, 0x1d, 0x07, 0x42, 0x00, 0x31,
    0xc0, 0xe8, 0x1e, 0x35, 0x01, 0x00, 0x48, 0x8b, 0x7d, 0xc8, 0xe8, 0x55,
    0x06, 0x01, 0x00, 0xb8, 0x01, 0x00, 0x00, 0x00, 0x48, 0x81, 0xc4, 0x18,
    0x20, 0x00, 0x00, 0x5b, 0x41, 0x5c, 0x41, 0x5d, 0x41, 0x5e, 0x41, 0x5f,
    0x5d, 0xc3, 0x66, 0x66, 0x66, 0x66, 0x66, 0x2e, 0x0f, 0x1f, 0x84, 0x00,
    0x00, 0x00, 0x00, 0x00, 0x55, 0x48, 0x89, 0xe5, 0x41, 0x57, 0x41, 0x56,
    0x41, 0x54, 0x53, 0x48, 0x81, 0xec, 0x00, 0x10, 0x00, 0x00, 0x83, 0xff,
    0x02, 0x7c, 0x2c, 0x89, 0xf8, 0x41, 0xbe, 0x01, 0x00, 0x00, 0x00, 0x31,
    0xdb, 0x66, 0x66, 0x66, 0x66, 0x66, 0x66, 0x2e, 0x0f, 0x1f, 0x84, 0x00,
    0x00, 0x00, 0x00, 0x00, 0x4a, 0x8b, 0x3c, 0xf6, 0x80, 0x3f, 0x2d, 0x75,
    0x0e, 0x49, 0xff, 0xc6, 0x4c, 0x39, 0xf0, 0x75, 0xef, 0xeb, 0x1d, 0x31,
    0xdb, 0xeb, 0x19, 0x49, 0x89, 0xf7, 0xbe, 0x86, 0x13, 0x42, 0x00, 0xe8,
    0x3c, 0x33, 0x01, 0x00, 0x48, 0x89, 0xc3, 0x48, 0x85, 0xc0, 0x0f, 0x84,
    0x8f, 0x00, 0x00, 0x00, 0x41, 0xbf, 0x01, 0x00, 0x00, 0x00, 0x4c, 0x8d,
    0xb5, 0xe0, 0xef, 0xff, 0xff, 0xeb, 0x3c, 0x90, 0x48, 0x8b, 0x05, 0x11,
    0xd3, 0x01, 0x00, 0x48, 0x8b, 0x50, 0x08, 0x4c, 0x89, 0xf7, 0xbe, 0x00,
    0x10, 0x00, 0x00, 0xe8, 0xc8, 0x2c, 0x01, 0x00, 0x48, 0x85, 0xc0, 0x74,
    0x40, 0x45, 0x8d, 0x67, 0x01, 0xbf, 0x24, 0x12, 0x42, 0x00, 0xbe, 0x06,
    0x00, 0x00, 0x00, 0x44, 0x89, 0xfa, 0x4c, 0x89, 0xf1, 0x31, 0xc0, 0xe8,
    0x08, 0x79, 0x00, 0x00, 0x45, 0x89, 0xe7, 0x48, 0x85, 0xdb, 0x74, 0xc0,
    0x4c, 0x89, 0xf7, 0xbe, 0x00, 0x10, 0x00, 0x00, 0x48, 0x89, 0xda, 0xe8,
    0x90, 0x2c, 0x01, 0x00, 0x48, 0x85, 0xc0, 0x75, 0xc8, 0x48, 0x89, 0xdf,
    0xe8, 0x63, 0x05, 0x01, 0x00, 0x48, 0x8b, 0x05, 0xb4, 0xd2, 0x01, 0x00,
    0x48, 0x8b, 0x78, 0x10, 0xe8, 0x83, 0x07, 0x01, 0x00, 0x31, 0xc0, 0x48,
    0x81, 0xc4, 0x00, 0x10, 0x00, 0x00, 0x5b, 0x41, 0x5c, 0x41, 0x5e, 0x41,
    0x5f, 0x5d, 0xc3, 0x48, 0x8b, 0x05, 0x92, 0xd2, 0x01, 0x00, 0x48, 0x8b,
    0x78, 0x18, 0x4b, 0x8b, 0x14, 0xf7, 0xbe, 0x3f, 0x04, 0x42, 0x00, 0x31,
    0xc0, 0xe8, 0xe6, 0x33, 0x01, 0x00, 0xb8, 0x01, 0x00, 0x00, 0x00, 0xeb,
    0xce, 0x66, 0x66, 0x66, 0x66, 0x66, 0x66, 0x2e, 0x0f, 0x1f, 0x84, 0x00,
    0x00, 0x00, 0x00, 0x00, 0x55, 0x48, 0x89, 0xe5, 0x41, 0x57, 0x41, 0x56,
    0x41, 0x54, 0x53, 0x48, 0x81, 0xec, 0x00, 0x10, 0x00, 0x00, 0x83, 0xff,
    0x02, 0x7c, 0x2c, 0x89, 0xf8, 0x41, 0xbe, 0x01, 0x00, 0x00, 0x00, 0x31,
    0xdb, 0x66, 0x66, 0x66, 0x66, 0x66, 0x66, 0x2e, 0x0f, 0x1f, 0x84, 0x00,
    0x00, 0x00, 0x00, 0x00, 0x4a, 0x8b, 0x3c, 0xf6, 0x80, 0x3f, 0x2d, 0x75,
    0x0e, 0x49, 0xff, 0xc6, 0x4c, 0x39, 0xf0, 0x75, 0xef, 0xeb, 0x1d, 0x31,
    0xdb, 0xeb, 0x19, 0x49, 0x89, 0xf7, 0xbe, 0x86, 0x13, 0x42, 0x00, 0xe8,
    0x1c, 0x32, 0x01, 0x00, 0x48, 0x89, 0xc3, 0x48, 0x85, 0xc0, 0x0f, 0x84,
    0x16, 0x01, 0x00, 0x00, 0x41, 0xbc, 0xfe, 0xff, 0xff, 0xff, 0x4c, 0x8d,
    0xb5, 0xe0, 0xef, 0xff, 0xff, 0xeb, 0x0b, 0x90, 0xbf, 0x0a, 0x00, 0x00,
    0x00, 0xe8, 0x16, 0xfe, 0x00, 0x00, 0x48, 0x85, 0xdb, 0x74, 0x21, 0x4c,
    0x89, 0xf7, 0xbe, 0x00, 0x10, 0x00, 0x00, 0x48, 0x89, 0xda, 0xe8, 0xa1,
    0x2b, 0x01, 0x00, 0x48, 0x85, 0xc0, 0x75, 0x2d, 0xe9, 0xb3, 0x00, 0x00,
    0x00, 0x0f, 0x1f, 0x80, 0x00, 0x00, 0x00, 0x00, 0x48, 0x8b, 0x05, 0xc1,
    0xd1, 0x01, 0x00, 0x48, 0x8b, 0x50, 0x08, 0x4c, 0x89, 0xf7, 0xbe, 0x00,
    0x10, 0x00, 0x00, 0xe8, 0x78, 0x2b, 0x01, 0x00, 0x48, 0x85, 0xc0, 0x0f,
    0x84, 0x93, 0x00, 0x00, 0x00, 0x4c, 0x89, 0xf7, 0xe8, 0x37, 0x47, 0x01,
    0x00, 0x49, 0x89, 0xc7, 0x45, 0x85, 0xff, 0x7e, 0xa9, 0x43, 0x8d, 0x04,
    0x3c, 0xff, 0xc0, 0x80, 0xbc, 0x05, 0xe0, 0xef, 0xff, 0xff, 0x0a, 0x75,
    0x3f, 0xc6, 0x84, 0x05, 0xe0, 0xef, 0xff, 0xff, 0x00, 0x41, 0x83, 0xff,
    0x01, 0x74, 0x81, 0x45, 0x01, 0xe7, 0x66, 0x66, 0x66, 0x66, 0x66, 0x2e,
    0x0f, 0x1f, 0x84, 0x00, 0x00, 0x00, 0x00, 0x00, 0x42, 0x0f, 0xbe, 0xbc,
    0x3d, 0xe0, 0xef, 0xff, 0xff, 0xe8, 0x82, 0xfd, 0x00, 0x00, 0x49, 0x83,
    0xc7, 0xff, 0x72, 0xec, 0xe9, 0x57, 0xff, 0xff, 0xff, 0x0f, 0x1f, 0x80,
    0x00, 0x00, 0x00, 0x00, 0x41, 0x81, 0xe7, 0xff, 0xff, 0xff, 0x7f, 0x49,
    0xff, 0xc7, 0x66, 0x0f, 0x1f, 0x44, 0x00, 0x00, 0x42, 0x0f, 0xbe, 0xbc,
    0x3d, 0xde, 0xef, 0xff, 0xff, 0xe8, 0x52, 0xfd, 0x00, 0x00, 0x49, 0xff,
    0xcf, 0x49, 0x83, 0xff, 0x01, 0x77, 0xe9, 0xe9, 0x2e, 0xff, 0xff, 0xff,
    0x48, 0x89, 0xdf, 0xe8, 0xbc, 0x03, 0x01, 0x00, 0x48, 0x8b, 0x05, 0x0d,
    0xd1, 0x01, 0x00, 0x48, 0x8b, 0x78, 0x10, 0xe8, 0xdc, 0x05, 0x01, 0x00,
    0x31, 0xc0, 0x48, 0x81, 0xc4, 0x00, 0x10, 0x00, 0x00, 0x5b, 0x41, 0x5c,
    0x41, 0x5e, 0x41, 0x5f, 0x5d, 0xc3, 0x48, 0x8b, 0x05, 0xeb, 0xd0, 0x01,
    0x00, 0x48, 0x8b, 0x78, 0x18, 0x4b, 0x8b, 0x14, 0xf7, 0xbe, 0xcd, 0x0b,
    0x42, 0x00, 0x31, 0xc0, 0xe8, 0x3f, 0x32, 0x01, 0x00, 0xb8, 0x01, 0x00,
    0x00, 0x00, 0xeb, 0xce, 0x0f, 0x1f, 0x84, 0x00, 0x00, 0x00, 0x00, 0x00,
    0x55, 0x48, 0x89, 0xe5, 0x41, 0x57, 0x41, 0x56, 0x41, 0x55, 0x41, 0x54,
    0x53, 0x48, 0x83, 0xec, 0x18, 0x48, 0x89, 0x75, 0xc8, 0x31, 0xdb, 0x89,
    0x7d, 0xd4, 0x83, 0xff, 0x02, 0x7c, 0x6a, 0x41, 0xbc, 0x01, 0x00, 0x00,
    0x00, 0x45, 0x31, 0xf6, 0x41, 0xbf, 0x08, 0x00, 0x00, 0x00, 0xeb, 0x0d,
    0x41, 0xff, 0xc4, 0x44, 0x3b, 0x65, 0xd4, 0x0f, 0x8d, 0x9f, 0x00, 0x00,
    0x00, 0x4d, 0x63, 0xec, 0x48, 0x8b, 0x45, 0xc8, 0x4a, 0x8b, 0x3c, 0xe8,
    0x80, 0x3f, 0x2d, 0x75, 0x47, 0xbe, 0x7d, 0x12, 0x42, 0x00, 0xe8, 0xa9,
    0x42, 0x01, 0x00, 0x85, 0xc0, 0x75, 0xd5, 0x45, 0x8d, 0x6c, 0x24, 0x01,
    0x44, 0x3b, 0x6d, 0xd4, 0x7d, 0xca, 0x49, 0x63, 0xc5, 0x48, 0x8b, 0x4d,
    0xc8, 0x48, 0x8b, 0x3c, 0xc1, 0xe8, 0x6a, 0x3f, 0x00, 0x00, 0x41, 0x89,
    0xc7, 0x85, 0xc0, 0xb8, 0x08, 0x00, 0x00, 0x00, 0x44, 0x0f, 0x4e, 0xf8,
    0x45, 0x89, 0xec, 0xeb, 0xa7, 0x41, 0xbf, 0x08, 0x00, 0x00, 0x00, 0x45,
    0x31, 0xf6, 0xeb, 0x48, 0xbe, 0x86, 0x13, 0x42, 0x00, 0xe8, 0x32, 0x30,
    0x01, 0x00, 0x49, 0x89, 0xc6, 0x48, 0x85, 0xc0, 0x75, 0x36, 0x48, 0x8b,
    0x05, 0x1b, 0xd0, 0x01, 0x00, 0x48, 0x8b, 0x78, 0x18, 0x48, 0x8b, 0x45,
    0xc8, 0x4a, 0x8b, 0x14, 0xe8, 0xbe, 0x7b, 0x16, 0x42, 0x00, 0x31, 0xc0,
    0xe8, 0x6b, 0x31, 0x01, 0x00, 0xb8, 0x01, 0x00, 0x00, 0x00, 0xe9, 0x94,
    0x00, 0x00, 0x00, 0x90, 0xbf, 0x0a, 0x00, 0x00, 0x00, 0xe8, 0x16, 0xfc,
    0x00, 0x00, 0x31, 0xdb, 0x4c, 0x89, 0xf7, 0x4d, 0x85, 0xf6, 0x75, 0x0b,
    0x48, 0x8b, 0x05, 0xdd, 0xcf, 0x01, 0x00, 0x48, 0x8b, 0x78, 0x08, 0xe8,
    0x3c, 0x28, 0x01, 0x00, 0x83, 0xf8, 0x09, 0x74, 0x17, 0x83, 0xf8, 0x0a,
    0x74, 0xd2, 0x83, 0xf8, 0xff, 0x74, 0x41, 0x89, 0xc7, 0xe8, 0xe6, 0xfb,
    0x00, 0x00, 0xff, 0xc3, 0xeb, 0xce, 0x66, 0x90, 0x89, 0xd8, 0x99, 0x41,
    0xf7, 0xff, 0x45, 0x89, 0xfc, 0x41, 0x29, 0xd4, 0x45, 0x89, 0xe5, 0x7e,
    0x1e, 0x66, 0x66, 0x66, 0x66, 0x66, 0x66, 0x2e, 0x0f, 0x1f, 0x84, 0x00,
    0x00, 0x00, 0x00, 0x00, 0xbf, 0x20, 0x00, 0x00, 0x00, 0xe8, 0xb6, 0xfb,
    0x00, 0x00, 0x41, 0xff, 0xcd, 0x75, 0xf1, 0x44, 0x01, 0xe3, 0xeb, 0x98,
    0x4d, 0x85, 0xf6, 0x74, 0x08, 0x4c, 0x89, 0xf7, 0xe8, 0x1f, 0x02, 0x01,
    0x00, 0x48, 0x8b, 0x05, 0x70, 0xcf, 0x01, 0x00, 0x48, 0x8b, 0x78, 0x10,
    0xe8, 0x3f, 0x04, 0x01, 0x00, 0x31, 0xc0, 0x48, 0x83, 0xc4, 0x18, 0x5b,
    0x41, 0x5c, 0x41, 0x5d, 0x41, 0x5e, 0x41, 0x5f, 0x5d, 0xc3, 0x66, 0x66,
    0x66, 0x66, 0x66, 0x2e, 0x0f, 0x1f, 0x84, 0x00, 0x00, 0x00, 0x00, 0x00,
    0x55, 0x48, 0x89, 0xe5, 0x41, 0x57, 0x41, 0x56, 0x41, 0x55, 0x41, 0x54,
    0x53, 0x48, 0x83, 0xec, 0x18, 0x45, 0x31, 0xff, 0x89, 0x7d, 0xcc, 0x83,
    0xff, 0x02, 0x0f, 0x8c, 0x99, 0x00, 0x00, 0x00, 0x31, 0xdb, 0x41, 0xbc,
    0x01, 0x00, 0x00, 0x00, 0xc7, 0x45, 0xd4, 0x00, 0x00, 0x00, 0x00, 0xc7,
    0x45, 0xd0, 0x08, 0x00, 0x00, 0x00, 0xeb, 0x36, 0x0f, 0x1f, 0x84, 0x00,
    0x00, 0x00, 0x00, 0x00, 0x4c, 0x89, 0xf1, 0x4a, 0x8b, 0x3c, 0xe9, 0xbe,
    0x61, 0x00, 0x00, 0x00, 0xe8, 0x9f, 0x3e, 0x01, 0x00, 0x4c, 0x89, 0xf6,
    0x48, 0x85, 0xc0, 0x8b, 0x45, 0xd4, 0xb9, 0x01, 0x00, 0x00, 0x00, 0x0f,
    0x45, 0xc1, 0x89, 0x45, 0xd4, 0x41, 0xff, 0xc4, 0x44, 0x3b, 0x65, 0xcc,
    0x7d, 0x73, 0x4d, 0x63, 0xec, 0x49, 0x89, 0xf6, 0x4a, 0x8b, 0x3c, 0xee,
    0x80, 0x3f, 0x2d, 0x75, 0x4e, 0xbe, 0x7d, 0x12, 0x42, 0x00, 0xe8, 0xf9,
    0x40, 0x01, 0x00, 0x85, 0xc0, 0x75, 0xb5, 0x41, 0x8d, 0x44, 0x24, 0x01,
    0x3b, 0x45, 0xcc, 0x4c, 0x89, 0xf1, 0x7d, 0xab, 0x4c, 0x63, 0xe8, 0x4a,
    0x8b, 0x3c, 0xe9, 0x41, 0x89, 0xc4, 0xe8, 0xb9, 0x3d, 0x00, 0x00, 0x4c,
    0x89, 0xf1, 0x85, 0xc0, 0xba, 0x08, 0x00, 0x00, 0x00, 0x0f, 0x4e, 0xc2,
    0x89, 0x45, 0xd0, 0xeb, 0x8a, 0xc7, 0x45, 0xd0, 0x08, 0x00, 0x00, 0x00,
    0xc7, 0x45, 0xd4, 0x00, 0x00, 0x00, 0x00, 0x31, 0xdb, 0xeb, 0x16, 0xbe,
    0x86, 0x13, 0x42, 0x00, 0xe8, 0x7b, 0x2e, 0x01, 0x00, 0x48, 0x89, 0xc3,
    0x48, 0x85, 0xc0, 0x0f, 0x84, 0x72, 0x01, 0x00, 0x00, 0x31, 0xc9, 0x44,
    0x8b, 0x75, 0xd0, 0xeb, 0x17, 0x0f, 0x1f, 0x80, 0x00, 0x00, 0x00, 0x00,
    0xbf, 0x0a, 0x00, 0x00, 0x00, 0xe8, 0x76, 0xfa, 0x00, 0x00, 0x45, 0x31,
    0xff, 0x44, 0x89, 0xe9, 0x41, 0x89, 0xcd, 0x48, 0x89, 0xdf, 0x48, 0x85,
    0xdb, 0x75, 0x0b, 0x48, 0x8b, 0x05, 0x36, 0xce, 0x01, 0x00, 0x48, 0x8b,
    0x78, 0x08, 0xe8, 0x95, 0x26, 0x01, 0x00, 0x41, 0x89, 0xc4, 0x41, 0x8d,
    0x44, 0x24, 0x01, 0x83, 0xf8, 0x21, 0x0f, 0x87, 0xc4, 0x00, 0x00, 0x00,
    0xff, 0x24, 0xc5, 0xf0, 0xd5, 0x41, 0x00, 0x45, 0x85, 0xed, 0x7e, 0x1a,
    0x0f, 0x1f, 0x84, 0x00, 0x00, 0x00, 0x00, 0x00, 0xbf, 0x20, 0x00, 0x00,
    0x00, 0xe8, 0x26, 0xfa, 0x00, 0x00, 0x41, 0xff, 0xcd, 0x75, 0xf1, 0x45,
    0x31, 0xed, 0xbf, 0x09, 0x00, 0x00, 0x00, 0xe8, 0x14, 0xfa, 0x00, 0x00,
    0x44, 0x89, 0xf8, 0x99, 0x41, 0xf7, 0xfe, 0x41, 0x89, 0xc7, 0x41, 0xff,
    0xc7, 0x45, 0x0f, 0xaf, 0xfe, 0x44, 0x89, 0xe9, 0xeb, 0x8e, 0x66, 0x66,
    0x66, 0x66, 0x66, 0x2e, 0x0f, 0x1f, 0x84, 0x00, 0x00, 0x00, 0x00, 0x00,
    0x45, 0x85, 0xed, 0x0f, 0x8e, 0x67, 0xff, 0xff, 0xff, 0x0f, 0x1f, 0x80,
    0x00, 0x00, 0x00, 0x00, 0xbf, 0x20, 0x00, 0x00, 0x00, 0xe8, 0xd6, 0xf9,
    0x00, 0x00, 0x41, 0xff, 0xcd, 0x75, 0xf1, 0x45, 0x31, 0xed, 0xe9, 0x49,
    0xff, 0xff, 0xff, 0x66, 0x0f, 0x1f, 0x84, 0x00, 0x00, 0x00, 0x00, 0x00,
    0x41, 0x8d, 0x4d, 0x01, 0x41, 0xff, 0xc7, 0x83, 0x7d, 0xd4, 0x00, 0x0f,
    0x84, 0x3f, 0xff, 0xff, 0xff, 0x44, 0x89, 0xf8, 0x99, 0x41, 0xf7, 0xfe,
    0x85, 0xd2, 0x0f, 0x94, 0xc0, 0x45, 0x85, 0xed, 0x0f, 0x9f, 0xc2, 0x20,
    0xc2, 0x80, 0xfa, 0x01, 0x0f, 0x85, 0x22, 0xff, 0xff, 0xff, 0xbf, 0x09,
    0x00, 0x00, 0x00, 0xe8, 0x88, 0xf9, 0x00, 0x00, 0x31, 0xc9, 0xe9, 0x11,
    0xff, 0xff, 0xff, 0x90, 0x45, 0x85, 0xed, 0x7e, 0x1d, 0x66, 0x66, 0x2e,
    0x0f, 0x1f, 0x84, 0x00, 0x00, 0x00, 0x00, 0x00, 0xbf, 0x20, 0x00, 0x00,
    0x00, 0xe8, 0x66, 0xf9, 0x00, 0x00, 0x41, 0xff, 0xcd, 0x75, 0xf1, 0x45,
    0x31, 0xed, 0x44, 0x89, 0xe7, 0xe8, 0x56, 0xf9, 0x00, 0x00, 0x41, 0xff,
    0xc7, 0x44, 0x89, 0xe9, 0xe9, 0xdb, 0xfe, 0xff, 0xff, 0x48, 0x85, 0xdb,
    0x74, 0x08, 0x48, 0x89, 0xdf, 0xe8, 0xbe, 0xff, 0x00, 0x00, 0x48, 0x8b,
    0x05, 0x0f, 0xcd, 0x01, 0x00, 0x48, 0x8b, 0x78, 0x10, 0xe8, 0xde, 0x01,
    0x01, 0x00, 0x31, 0xc0, 0x48, 0x83, 0xc4, 0x18, 0x5b, 0x41, 0x5c, 0x41,
    0x5d, 0x41, 0x5e, 0x41, 0x5f, 0x5d, 0xc3, 0x48, 0x8b, 0x05, 0xee, 0xcc,
    0x01, 0x00, 0x48, 0x8b, 0x78, 0x18, 0x4b, 0x8b, 0x14, 0xee, 0xbe, 0x3f,
    0x0a, 0x42, 0x00, 0x31, 0xc0, 0xe8, 0x42, 0x2e, 0x01, 0x00, 0xb8, 0x01,
    0x00, 0x00, 0x00, 0xeb, 0xcf, 0x66, 0x66, 0x2e, 0x0f, 0x1f, 0x84, 0x00,
    0x00, 0x00, 0x00, 0x00, 0x55, 0x48, 0x89, 0xe5, 0x41, 0x57, 0x41, 0x56,
    0x41, 0x55, 0x41, 0x54, 0x53, 0x48, 0x81, 0xec, 0x08, 0x10, 0x00, 0x00,
    0x83, 0xff, 0x01, 0x7f, 0x21, 0x48, 0x8b, 0x05, 0xa8, 0xcc, 0x01, 0x00,
    0x48, 0x8b, 0x78, 0x18, 0xbe, 0x8e, 0x0b, 0x42, 0x00, 0x31, 0xc0, 0xe8,
    0x00, 0x2e, 0x01, 0x00, 0xb8, 0x01, 0x00, 0x00, 0x00, 0xe9, 0x0a, 0x01,
    0x00, 0x00, 0x41, 0x89, 0xff, 0x49, 0x89, 0xf4, 0x48, 0x8b, 0x7e, 0x08,
    0xe8, 0x97, 0x3b, 0x00, 0x00, 0x89, 0xc3, 0x41, 0x89, 0xc6, 0x41, 0x83,
    0xff, 0x02, 0x74, 0x0d, 0x49, 0x8b, 0x7c, 0x24, 0x10, 0xe8, 0x82, 0x3b,
    0x00, 0x00, 0x41, 0x89, 0xc6, 0x48, 0x8b, 0x05, 0x60, 0xcc, 0x01, 0x00,
    0x48, 0x8b, 0x50, 0x08, 0x48, 0x8d, 0xbd, 0xd0, 0xef, 0xff, 0xff, 0xbe,
    0x00, 0x10, 0x00, 0x00, 0xe8, 0x13, 0x26, 0x01, 0x00, 0x48, 0x85, 0xc0,
    0x0f, 0x84, 0xac, 0x00, 0x00, 0x00, 0x83, 0xfb, 0x02, 0x41, 0xbf, 0x01,
    0x00, 0x00, 0x00, 0x44, 0x0f, 0x4d, 0xfb, 0x41, 0xff, 0xcf, 0x4d, 0x63,
    0xf6, 0x48, 0x8d, 0x9d, 0xd0, 0xef, 0xff, 0xff, 0xeb, 0x35, 0x66, 0x66,
    0x66, 0x66, 0x66, 0x2e, 0x0f, 0x1f, 0x84, 0x00, 0x00, 0x00, 0x00, 0x00,
    0xbf, 0x0a, 0x00, 0x00, 0x00, 0xe8, 0x36, 0xf8, 0x00, 0x00, 0x48, 0x8b,
    0x05, 0x07, 0xcc, 0x01, 0x00, 0x48, 0x8b, 0x50, 0x08, 0x48, 0x89, 0xdf,
    0xbe, 0x00, 0x10, 0x00, 0x00, 0xe8, 0xbe, 0x25, 0x01, 0x00, 0x48, 0x85,
    0xc0, 0x74, 0x5b, 0x48, 0x89, 0xdf, 0xe8, 0x81, 0x41, 0x01, 0x00, 0x85,
    0xc0, 0x7e, 0xcd, 0x89, 0xc1, 0xff, 0xc9, 0x80, 0xbc, 0x0d, 0xd0, 0xef,
    0xff, 0xff, 0x0a, 0x75, 0x0c, 0xff, 0xc8, 0xc6, 0x84, 0x05, 0xd0, 0xef,
    0xff, 0xff, 0x00, 0x74, 0xb3, 0x41, 0x89, 0xc4, 0x45, 0x31, 0xed, 0xeb,
    0x21, 0x66, 0x66, 0x2e, 0x0f, 0x1f, 0x84, 0x00, 0x00, 0x00, 0x00, 0x00,
    0x42, 0x0f, 0xbe, 0xbc, 0x2d, 0xd0, 0xef, 0xff, 0xff, 0xe8, 0xd2, 0xf7,
    0x00, 0x00, 0x49, 0xff, 0xc5, 0x4d, 0x39, 0xec, 0x74, 0x8a, 0x4d, 0x39,
    0xfd, 0x72, 0xe5, 0x4d, 0x39, 0xf5, 0x7c, 0xee, 0xeb, 0xde, 0x48, 0x8b,
    0x05, 0x8f, 0xcb, 0x01, 0x00, 0x48, 0x8b, 0x78, 0x10, 0xe8, 0x5e, 0x00,
    0x01, 0x00, 0x31, 0xc0, 0x48, 0x81, 0xc4, 0x08, 0x10, 0x00, 0x00, 0x5b,
    0x41, 0x5c, 0x41, 0x5d, 0x41, 0x5e, 0x41, 0x5f, 0x5d, 0xc3, 0x66, 0x2e,
    0x0f, 0x1f, 0x84, 0x00, 0x00, 0x00, 0x00, 0x00, 0x55, 0x48, 0x89, 0xe5,
    0x41, 0x57, 0x41, 0x56, 0x41, 0x55, 0x41, 0x54, 0x53, 0x48, 0x81, 0xec,
    0x18, 0x11, 0x00, 0x00, 0x49, 0x89, 0xf6, 0x41, 0x89, 0xff, 0x83, 0xff,
    0x02, 0x7c, 0x60, 0xc7, 0x45, 0xd4, 0xe8, 0x03, 0x00, 0x00, 0xbb, 0x01,
    0x00, 0x00, 0x00, 0xeb, 0x19, 0x49, 0x63, 0xc5, 0x49, 0x8b, 0x3c, 0xc6,
    0xe8, 0x47, 0x3a, 0x00, 0x00, 0x89, 0x45, 0xd4, 0x44, 0x89, 0xeb, 0xff,
    0xc3, 0x44, 0x39, 0xfb, 0x7d, 0x45, 0x4c, 0x63, 0xe3, 0x4b, 0x8b, 0x3c,
    0xe6, 0x80, 0x3f, 0x2d, 0x75, 0x3d, 0xbe, 0x9a, 0x0a, 0x42, 0x00, 0xe8,
    0x44, 0x3d, 0x01, 0x00, 0x85, 0xc0, 0x75, 0x09, 0x44, 0x8d, 0x6b, 0x01,
    0x45, 0x39, 0xfd, 0x7c, 0xc4, 0x4b, 0x8b, 0x3c, 0xe6, 0x0f, 0xb6, 0x47,
    0x01, 0x04, 0xd0, 0x3c, 0x09, 0x77, 0xc8, 0x48, 0xff, 0xc7, 0x41, 0x89,
    0xdd, 0xeb, 0xb5, 0xbb, 0x01, 0x00, 0x00, 0x00, 0xc7, 0x45, 0xd4, 0xe8,
    0x03, 0x00, 0x00, 0x31, 0xff, 0xeb, 0x02, 0xff, 0xc3, 0xb8, 0xc0, 0x0f,
    0x42, 0x00, 0x48, 0x89, 0x45, 0xc8, 0x44, 0x39, 0xfb, 0x7d, 0x0b, 0x48,
    0x63, 0xc3, 0x49, 0x8b, 0x04, 0xc6, 0x48, 0x89, 0x45, 0xc8, 0x48, 0x85,
    0xff, 0x74, 0x2d, 0xbe, 0x86, 0x13, 0x42, 0x00, 0x49, 0x89, 0xfe, 0xe8,
    0xb4, 0x2a, 0x01, 0x00, 0x49, 0x89, 0xc7, 0x48, 0x85, 0xc0, 0x75, 0x1b,
    0x48, 0x8b, 0x05, 0x9d, 0xca, 0x01, 0x00, 0x48, 0x8b, 0x78, 0x18, 0xbe,
    0x20, 0x13, 0x42, 0x00, 0x4c, 0x89, 0xf2, 0xe9, 0x0d, 0x01, 0x00, 0x00,
    0x45, 0x31, 0xff, 0x4c, 0x8d, 0xa5, 0xc0, 0xee, 0xff, 0xff, 0x45, 0x31,
    0xf6, 0x31, 0xdb, 0x45, 0x31, 0xed, 0xeb, 0x15, 0xbe, 0xf6, 0x0c, 0x42,
    0x00, 0x4c, 0x89, 0xef, 0x4c, 0x89, 0xe2, 0x31, 0xc0, 0xe8, 0xce, 0x2b,
    0x01, 0x00, 0x41, 0xff, 0xc6, 0x4c, 0x89, 0xfa, 0x4d, 0x85, 0xff, 0x75,
    0x0b, 0x48, 0x8b, 0x05, 0x54, 0xca, 0x01, 0x00, 0x48, 0x8b, 0x50, 0x08,
    0x4c, 0x89, 0xe7, 0xbe, 0x00, 0x10, 0x00, 0x00, 0xe8, 0x0b, 0x24, 0x01,
    0x00, 0x48, 0x85, 0xc0, 0x0f, 0x84, 0x84, 0x00, 0x00, 0x00, 0x44, 0x89,
    0xf0, 0x99, 0xf7, 0x7d, 0xd4, 0x85, 0xd2, 0x75, 0xb7, 0x4d, 0x85, 0xed,
    0x74, 0x08, 0x4c, 0x89, 0xef, 0xe8, 0xca, 0xfc, 0x00, 0x00, 0x48, 0x63,
    0xc3, 0x48, 0x69, 0xc8, 0x4f, 0xec, 0xc4, 0x4e, 0x48, 0x89, 0xca, 0x48,
    0xc1, 0xea, 0x3f, 0x48, 0xc1, 0xf9, 0x23, 0x44, 0x8d, 0x04, 0x11, 0x41,
    0x83, 0xc0, 0x61, 0x01, 0xd1, 0x8d, 0x14, 0x89, 0x8d, 0x14, 0x92, 0x01,
    0xca, 0xf7, 0xda, 0x44, 0x8d, 0x0c, 0x10, 0x41, 0x83, 0xc1, 0x61, 0xbe,
    0x00, 0x01, 0x00, 0x00, 0xba, 0x15, 0x05, 0x42, 0x00, 0x4c, 0x8d, 0xad,
    0xc0, 0xfe, 0xff, 0xff, 0x4c, 0x89, 0xef, 0x48, 0x8b, 0x4d, 0xc8, 0x31,
    0xc0, 0xe8, 0x2a, 0x00, 0x01, 0x00, 0xbe, 0x94, 0x16, 0x42, 0x00, 0x4c,
    0x89, 0xef, 0xe8, 0xcd, 0x29, 0x01, 0x00, 0x48, 0x85, 0xc0, 0x74, 0x2a,
    0x49, 0x89, 0xc5, 0xff, 0xc3, 0xe9, 0x3e, 0xff, 0xff, 0xff, 0x4d, 0x85,
    0xed, 0x74, 0x08, 0x4c, 0x89, 0xef, 0xe8, 0x51, 0xfc, 0x00, 0x00, 0x31,
    0xc0, 0x4d, 0x85, 0xff, 0x74, 0x2f, 0x4c, 0x89, 0xff, 0xe8, 0x42, 0xfc,
    0x00, 0x00, 0x31, 0xc0, 0xeb, 0x23, 0x48, 0x8b, 0x05, 0x8f, 0xc9, 0x01,
    0x00, 0x48, 0x8b, 0x78, 0x18, 0x48, 0x8d, 0x95, 0xc0, 0xfe, 0xff, 0xff,
    0xbe, 0xe8, 0x07, 0x42, 0x00, 0x31, 0xc0, 0xe8, 0xe0, 0x2a, 0x01, 0x00,
    0xb8, 0x01, 0x00, 0x00, 0x00, 0x48, 0x81, 0xc4, 0x18, 0x11, 0x00, 0x00,
    0x5b, 0x41, 0x5c, 0x41, 0x5d, 0x41, 0x5e, 0x41, 0x5f, 0x5d, 0xc3, 0x66,
    0x0f, 0x1f, 0x84, 0x00, 0x00, 0x00, 0x00, 0x00, 0x55, 0x48, 0x89, 0xe5,
    0x41, 0x57, 0x41, 0x56, 0x41, 0x55, 0x41, 0x54, 0x53, 0x48, 0x81, 0xec,
    0x08, 0x02, 0x00, 0x00, 0x49, 0x89, 0xf4, 0x41, 0x89, 0xff, 0x48, 0x8d,
    0x95, 0x78, 0xff, 0xff, 0xff, 0xbe, 0x68, 0x74, 0x08, 0x40, 0xbf, 0x01,
    0x00, 0x00, 0x00, 0x31, 0xc0, 0xe8, 0xce, 0x27, 0x00, 0x00, 0x85, 0xc0,
    0x0f, 0x94, 0xc0, 0x0f, 0xb7, 0x8d, 0x78, 0xff, 0xff, 0xff, 0x85, 0xc9,
    0x0f, 0x95, 0xc2, 0x0f, 0xb7, 0xb5, 0x7a, 0xff, 0xff, 0xff, 0x84, 0xd0,
    0xb8, 0x19, 0x00, 0x00, 0x00, 0x0f, 0x45, 0xc1, 0x48, 0x89, 0x45, 0x90,
    0xbb, 0x50, 0x00, 0x00, 0x00, 0x0f, 0x45, 0xde, 0x41, 0x83, 0xff, 0x02,
    0x7c, 0x51, 0x49, 0x8b, 0x7c, 0x24, 0x08, 0xbe, 0x95, 0x14, 0x42, 0x00,
    0xe8, 0x1b, 0x3b, 0x01, 0x00, 0x85, 0xc0, 0x74, 0x3e, 0x49, 0x8b, 0x7c,
    0x24, 0x08, 0xbe, 0x86, 0x13, 0x42, 0x00, 0xe8, 0xd8, 0x28, 0x01, 0x00,
    0x48, 0x89, 0xc7, 0x48, 0x85, 0xc0, 0x75, 0x29, 0x48, 0x8b, 0x05, 0xc1,
    0xc8, 0x01, 0x00, 0x48, 0x8b, 0x78, 0x18, 0x49, 0x8b, 0x54, 0x24, 0x08,
    0xbe, 0x5a, 0x0a, 0x42, 0x00, 0x31, 0xc0, 0xe8, 0x14, 0x2a, 0x01, 0x00,
    0x41, 0xbc, 0x01, 0x00, 0x00, 0x00, 0xe9, 0x9a, 0x06, 0x00, 0x00, 0x31,
    0xff, 0x45, 0x31, 0xe4, 0x45, 0x31, 0xed, 0x45, 0x31, 0xf6, 0x48, 0x89,
    0x7d, 0xd0, 0xeb, 0x13, 0x0f, 0x1f, 0x84, 0x00, 0x00, 0x00, 0x00, 0x00,
    0x47, 0x88, 0x3c, 0x2c, 0x49, 0xff, 0xc5, 0x48, 0x8b, 0x7d, 0xd0, 0x48,
    0x85, 0xff, 0x74, 0x10, 0xe8, 0xdb, 0x20, 0x01, 0x00, 0x83, 0xf8, 0xff,
    0x75, 0x1b, 0xeb, 0x64, 0x0f, 0x1f, 0x40, 0x00, 0x48, 0x8b, 0x05, 0x61,
    0xc8, 0x01, 0x00, 0x48, 0x8b, 0x78, 0x08, 0xe8, 0xc0, 0x20, 0x01, 0x00,
    0x83, 0xf8, 0xff, 0x74, 0x54, 0x41, 0x89, 0xc7, 0x4d, 0x39, 0xf5, 0x72,
    0xc3, 0x4c, 0x89, 0xe7, 0x4f, 0x8d, 0x24, 0x36, 0x4d, 0x85, 0xf6, 0xb8,
    0x00, 0x00, 0x01, 0x00, 0x4c, 0x0f, 0x44, 0xe0, 0x4c, 0x89, 0xe6, 0xe8,
    0x58, 0x65, 0x00, 0x00, 0x4d, 0x89, 0xe6, 0x49, 0x89, 0xc4, 0x48, 0x85,
    0xc0, 0x75, 0x9d, 0x41, 0xbc, 0x01, 0x00, 0x00, 0x00, 0x48, 0x8b, 0x7d,
    0xd0, 0x48, 0x85, 0xff, 0x0f, 0x84, 0x0b, 0x06, 0x00, 0x00, 0xe8, 0xb5,
    0xfa, 0x00, 0x00, 0xe9, 0x01, 0x06, 0x00, 0x00, 0x48, 0x8b, 0x7d, 0xd0,
    0xe8, 0xa7, 0xfa, 0x00, 0x00, 0xbf, 0x00, 0x20, 0x00, 0x00, 0xe8, 0x9d,
    0x52, 0x00, 0x00, 0x49, 0x89, 0xc6, 0xbf, 0x00, 0x10, 0x00, 0x00, 0xe8,
    0x90, 0x52, 0x00, 0x00, 0x45, 0x85, 0xed, 0x4c, 0x89, 0x65, 0x80, 0x4c,
    0x89, 0x75, 0xd0, 0x48, 0x89, 0x45, 0xb8, 0x0f, 0x8e, 0xed, 0x00, 0x00,
    0x00, 0x44, 0x89, 0xe8, 0x25, 0xff, 0xff, 0xff, 0x7f, 0x48, 0x89, 0x45,
    0x98, 0xbf, 0x00, 0x04, 0x00, 0x00, 0x31, 0xf6, 0x45, 0x31, 0xf6, 0xeb,
    0x25, 0x0f, 0x1f, 0x00, 0x44, 0x89, 0xf1, 0x01, 0xc8, 0x44, 0x29, 0xf1,
    0x48, 0x8b, 0x55, 0xb8, 0x48, 0x8b, 0x75, 0xc0, 0x89, 0x0c, 0xb2, 0x48,
    0xff, 0xc6, 0x41, 0x89, 0xc6, 0x44, 0x39, 0xe8, 0x0f, 0x8d, 0xab, 0x00,
    0x00, 0x00, 0x48, 0x63, 0xc7, 0x48, 0x89, 0x75, 0xc0, 0x48, 0x39, 0xc6,
    0x7d, 0x12, 0x4c, 0x8b, 0x7d, 0xd0, 0xeb, 0x43, 0x66, 0x66, 0x66, 0x2e,
    0x0f, 0x1f, 0x84, 0x00, 0x00, 0x00, 0x00, 0x00, 0x01, 0xff, 0x89, 0x7d,
    0xc8, 0x4c, 0x63, 0xe7, 0x4a, 0x8d, 0x34, 0xe5, 0x00, 0x00, 0x00, 0x00,
    0x48, 0x8b, 0x7d, 0xd0, 0xe8, 0x87, 0x64, 0x00, 0x00, 0x49, 0x89, 0xc7,
    0x49, 0xc1, 0xe4, 0x02, 0x48, 0x8b, 0x7d, 0xb8, 0x4c, 0x89, 0xe6, 0x4c,
    0x8b, 0x65, 0x80, 0xe8, 0x70, 0x64, 0x00, 0x00, 0x8b, 0x7d, 0xc8, 0x48,
    0x89, 0x45, 0xb8, 0x49, 0x63, 0xce, 0x49, 0x8d, 0x14, 0x0c, 0x4c, 0x89,
    0x7d, 0xd0, 0x48, 0x8b, 0x45, 0xc0, 0x49, 0x89, 0x14, 0xc7, 0x31, 0xc0,
    0x44, 0x39, 0xe9, 0x0f, 0x8d, 0x6b, 0xff, 0xff, 0xff, 0x48, 0x8b, 0x75,
    0x98, 0x48, 0x29, 0xce, 0x31, 0xc9, 0x66, 0x90, 0x80, 0x3c, 0x0a, 0x0a,
    0x74, 0x1a, 0x48, 0xff, 0xc1, 0x48, 0x39, 0xce, 0x75, 0xf2, 0x44, 0x89,
    0xe9, 0xe9, 0x4d, 0xff, 0xff, 0xff, 0x66, 0x2e, 0x0f, 0x1f, 0x84, 0x00,
    0x00, 0x00, 0x00, 0x00, 0x44, 0x01, 0xf1, 0xb8, 0x01, 0x00, 0x00, 0x00,
    0xe9, 0x36, 0xff, 0xff, 0xff, 0x49, 0x89, 0xf6, 0xeb, 0x13, 0x49, 0xc7,
    0x06, 0x45, 0x09, 0x42, 0x00, 0xc7, 0x00, 0x00, 0x00, 0x00, 0x00, 0x41,
    0xbe, 0x01, 0x00, 0x00, 0x00, 0x0f, 0x57, 0xc0, 0x0f, 0x29, 0x85, 0xc0,
    0xfe, 0xff, 0xff, 0x0f, 0x29, 0x85, 0xb0, 0xfe, 0xff, 0xff, 0x0f, 0x29,
    0x85, 0xa0, 0xfe, 0xff, 0xff, 0x0f, 0x29, 0x85, 0x90, 0xfe, 0xff, 0xff,
    0x0f, 0x29, 0x85, 0x80, 0xfe, 0xff, 0xff, 0x0f, 0x29, 0x85, 0x70, 0xfe,
    0xff, 0xff, 0x0f, 0x29, 0x85, 0x60, 0xfe, 0xff, 0xff, 0x0f, 0x29, 0x85,
    0x50, 0xfe, 0xff, 0xff, 0x0f, 0x29, 0x85, 0x40, 0xfe, 0xff, 0xff, 0x0f,
    0x29, 0x85, 0x30, 0xfe, 0xff, 0xff, 0x0f, 0x29, 0x85, 0x20, 0xfe, 0xff,
    0xff, 0x0f, 0x29, 0x85, 0x10, 0xfe, 0xff, 0xff, 0x0f, 0x29, 0x85, 0x00,
    0xfe, 0xff, 0xff, 0x0f, 0x29, 0x85, 0xf0, 0xfd, 0xff, 0xff, 0x0f, 0x29,
    0x85, 0xe0, 0xfd, 0xff, 0xff, 0x0f, 0x29, 0x85, 0xd0, 0xfd, 0xff, 0xff,
    0x48, 0x8d, 0xb5, 0xd8, 0xfe, 0xff, 0xff, 0x31, 0xff, 0xe8, 0x1a, 0x1b,
    0x00, 0x00, 0x0f, 0x10, 0x85, 0xd8, 0xfe, 0xff, 0xff, 0x0f, 0x10, 0x8d,
    0xe8, 0xfe, 0xff, 0xff, 0x0f, 0x10, 0x95, 0xf8, 0xfe, 0xff, 0xff, 0x0f,
    0x10, 0x9d, 0x08, 0xff, 0xff, 0xff, 0x0f, 0x29, 0x8d, 0x30, 0xff, 0xff,
    0xff, 0x0f, 0x29, 0x95, 0x40, 0xff, 0xff, 0xff, 0x0f, 0x29, 0x85, 0x20,
    0xff, 0xff, 0xff, 0x0f, 0x29, 0x9d, 0x50, 0xff, 0xff, 0xff, 0x48, 0x8b,
    0x85, 0x18, 0xff, 0xff, 0xff, 0x48, 0x89, 0x85, 0x60, 0xff, 0xff, 0xff,
    0x80, 0xa5, 0x38, 0xff, 0xff, 0xff, 0x75, 0x66, 0xc7, 0x85, 0x45, 0xff,
    0xff, 0xff, 0x00, 0x01, 0x48, 0x8d, 0x95, 0x20, 0xff, 0xff, 0xff, 0x31,
    0xff, 0x31, 0xf6, 0xe8, 0xb4, 0x25, 0x00, 0x00, 0x48, 0x8b, 0x45, 0x90,
    0x44, 0x8d, 0x60, 0xff, 0x41, 0x83, 0xfe, 0x03, 0xb9, 0x02, 0x00, 0x00,
    0x00, 0x41, 0x0f, 0x43, 0xce, 0xff, 0xc9, 0x89, 0x4d, 0x8c, 0x44, 0x89,
    0xf1, 0x29, 0xc1, 0xff, 0xc1, 0x89, 0x4d, 0xb4, 0x41, 0x8d, 0x46, 0xff,
    0x89, 0x45, 0x98, 0x4d, 0x63, 0xee, 0x45, 0x31, 0xff, 0x4c, 0x89, 0x75,
    0xc0, 0xeb, 0x2f, 0x66, 0x66, 0x66, 0x66, 0x2e, 0x0f, 0x1f, 0x84, 0x00,
    0x00, 0x00, 0x00, 0x00, 0x41, 0xff, 0xc7, 0x45, 0x89, 0xfe, 0x45, 0x85,
    0xf6, 0x41, 0xbf, 0x00, 0x00, 0x00, 0x00, 0x45, 0x0f, 0x4f, 0xfe, 0x48,
    0x8b, 0x45, 0xc0, 0x41, 0x39, 0xc6, 0x49, 0x89, 0xc6, 0x44, 0x0f, 0x4d,
    0x7d, 0x98, 0x44, 0x89, 0xf8, 0x48, 0x89, 0x45, 0xc8, 0xbf, 0x18, 0x06,
    0x42, 0x00, 0x31, 0xc0, 0xe8, 0x9b, 0x6b, 0x00, 0x00, 0x45, 0x39, 0xf7,
    0x7d, 0x63, 0x83, 0x7d, 0x90, 0x02, 0x72, 0x5d, 0x4c, 0x63, 0x75, 0xc8,
    0x49, 0xff, 0xc6, 0x41, 0xbf, 0x01, 0x00, 0x00, 0x00, 0x0f, 0x1f, 0x00,
    0x48, 0x8b, 0x45, 0xb8, 0x42, 0x8b, 0x44, 0xb0, 0xfc, 0x39, 0xd8, 0x0f,
    0x4d, 0xc3, 0x48, 0x8b, 0x4d, 0xd0, 0x4a, 0x8b, 0x7c, 0xf1, 0xf8, 0x48,
    0x63, 0xd0, 0x48, 0x8b, 0x05, 0x37, 0xc5, 0x01, 0x00, 0x48, 0x8b, 0x48,
    0x10, 0xbe, 0x01, 0x00, 0x00, 0x00, 0xe8, 0x11, 0x5d, 0x00, 0x00, 0xbf,
    0x0a, 0x00, 0x00, 0x00, 0xe8, 0x47, 0xf1, 0x00, 0x00, 0x4d, 0x39, 0xee,
    0x7d, 0x0f, 0x49, 0xff, 0xc6, 0x45, 0x39, 0xe7, 0x41, 0x8d, 0x47, 0x01,
    0x41, 0x89, 0xc7, 0x7c, 0xb3, 0x48, 0x8b, 0x05, 0x04, 0xc5, 0x01, 0x00,
    0x48, 0x8b, 0x70, 0x10, 0xbf, 0x1c, 0x05, 0x42, 0x00, 0x31, 0xc0, 0xe8,
    0x1c, 0x6b, 0x00, 0x00, 0x48, 0x8b, 0x45, 0x90, 0x4c, 0x8b, 0x7d, 0xc8,
    0x44, 0x01, 0xf8, 0x3b, 0x45, 0xc0, 0x7e, 0x1c, 0xbf, 0x01, 0x08, 0x42,
    0x00, 0x31, 0xc0, 0xe8, 0x00, 0x6b, 0x00, 0x00, 0xeb, 0x24, 0x66, 0x66,
    0x66, 0x66, 0x66, 0x2e, 0x0f, 0x1f, 0x84, 0x00, 0x00, 0x00, 0x00, 0x00,
    0x41, 0x6b, 0xc7, 0x64, 0x99, 0xf7, 0x7d, 0x8c, 0xbf, 0x96, 0x16, 0x42,
    0x00, 0x89, 0xc6, 0x31, 0xc0, 0xe8, 0xda, 0x6a, 0x00, 0x00, 0x45, 0x31,
    0xf6, 0xbf, 0x2b, 0x12, 0x42, 0x00, 0x31, 0xc0, 0xe8, 0xcb, 0x6a, 0x00,
    0x00, 0x48, 0x8b, 0x05, 0x9c, 0xc4, 0x01, 0x00, 0x48, 0x8b, 0x78, 0x10,
    0xe8, 0x6b, 0xf9, 0x00, 0x00, 0xe8, 0xe6, 0x61, 0x00, 0x00, 0x8d, 0x48,
    0xfe, 0x83, 0xf9, 0x6f, 0x0f, 0x87, 0x80, 0x00, 0x00, 0x00, 0xff, 0x24,
    0xcd, 0x00, 0xd7, 0x41, 0x00, 0x45, 0x01, 0xe7, 0xe9, 0xce, 0xfe, 0xff,
    0xff, 0x45, 0x31, 0xf6, 0xbf, 0x80, 0x12, 0x42, 0x00, 0x31, 0xc0, 0xe8,
    0x8c, 0x6a, 0x00, 0x00, 0x48, 0x8b, 0x05, 0x5d, 0xc4, 0x01, 0x00, 0x48,
    0x8b, 0x78, 0x10, 0xe8, 0x2c, 0xf9, 0x00, 0x00, 0xe8, 0xa7, 0x61, 0x00,
    0x00, 0xeb, 0x24, 0x0f, 0x1f, 0x44, 0x00, 0x00, 0x31, 0xc0, 0x45, 0x85,
    0xf6, 0x0f, 0x9f, 0xc0, 0xf7, 0xd8, 0x41, 0x01, 0xc6, 0xe8, 0x8e, 0x61,
    0x00, 0x00, 0x41, 0x81, 0xfe, 0xff, 0x00, 0x00, 0x00, 0x0f, 0x8d, 0xc7,
    0x00, 0x00, 0x00, 0x8d, 0x48, 0xf8, 0x83, 0xf9, 0x13, 0x77, 0x09, 0xff,
    0x24, 0xcd, 0x80, 0xda, 0x41, 0x00, 0x66, 0x90, 0x83, 0xf8, 0x7f, 0x74,
    0xcb, 0x49, 0x63, 0xce, 0x88, 0x84, 0x0d, 0xd0, 0xfd, 0xff, 0xff, 0xb8,
    0x01, 0x00, 0x00, 0x00, 0xeb, 0xc4, 0x83, 0xf8, 0x6e, 0x75, 0x65, 0x80,
    0xbd, 0xd0, 0xfd, 0xff, 0xff, 0x00, 0x74, 0x5c, 0x4d, 0x63, 0xf7, 0x66,
    0x0f, 0x1f, 0x84, 0x00, 0x00, 0x00, 0x00, 0x00, 0x49, 0xff, 0xc6, 0x4d,
    0x39, 0xee, 0x0f, 0x8d, 0x1e, 0x01, 0x00, 0x00, 0x48, 0x8b, 0x45, 0xd0,
    0x4a, 0x8b, 0x04, 0xf0, 0x48, 0x89, 0x45, 0xa8, 0x48, 0x8b, 0x45, 0xb8,
    0x4a, 0x63, 0x04, 0xb0, 0x48, 0x89, 0x45, 0xa0, 0x4c, 0x8d, 0xbd, 0xd0,
    0xfd, 0xff, 0xff, 0x4c, 0x89, 0xff, 0xe8, 0x4d, 0x39, 0x01, 0x00, 0x48,
    0x8b, 0x7d, 0xa8, 0x48, 0x8b, 0x75, 0xa0, 0x4c, 0x89, 0xfa, 0x48, 0x89,
    0xc1, 0xe8, 0x1a, 0x4f, 0x01, 0x00, 0x48, 0x85, 0xc0, 0x74, 0xb5, 0xe9,
    0xf6, 0xfd, 0xff, 0xff, 0x83, 0xf8, 0x1b, 0x0f, 0x85, 0xea, 0xfd, 0xff,
    0xff, 0xe8, 0xe2, 0x60, 0x00, 0x00, 0x83, 0xf8, 0x5b, 0x0f, 0x85, 0xdc,
    0xfd, 0xff, 0xff, 0xe8, 0xd4, 0x60, 0x00, 0x00, 0x83, 0xf8, 0x42, 0x0f,
    0x84, 0xcb, 0xfd, 0xff, 0xff, 0x83, 0xf8, 0x41, 0x0f, 0x85, 0xd8, 0x00,
    0x00, 0x00, 0x41, 0xff, 0xcf, 0xe9, 0xbd, 0xfd, 0xff, 0xff, 0x44, 0x89,
    0xf0, 0x48, 0x89, 0x45, 0xa8, 0xc6, 0x84, 0x05, 0xd0, 0xfd, 0xff, 0xff,
    0x00, 0xeb, 0x18, 0x49, 0x63, 0xc6, 0x48, 0x89, 0x45, 0xa8, 0xc6, 0x84,
    0x05, 0xd0, 0xfd, 0xff, 0xff, 0x00, 0x45, 0x85, 0xf6, 0x0f, 0x88, 0x94,
    0xfd, 0xff, 0xff, 0x45, 0x8d, 0x77, 0x01, 0x44, 0x3b, 0x75, 0xc0, 0x0f,
    0x8d, 0x86, 0xfd, 0xff, 0xff, 0x44, 0x89, 0xf0, 0x48, 0x89, 0x85, 0x70,
    0xff, 0xff, 0xff, 0x49, 0x63, 0xc6, 0x48, 0x8b, 0x4d, 0xb8, 0x48, 0x8d,
    0x0c, 0x81, 0x48, 0x89, 0x4d, 0xa0, 0x48, 0x8b, 0x4d, 0xd0, 0x48, 0x8d,
    0x04, 0xc1, 0x48, 0x89, 0x85, 0x68, 0xff, 0xff, 0xff, 0x45, 0x31, 0xff,
    0x0f, 0x1f, 0x84, 0x00, 0x00, 0x00, 0x00, 0x00, 0x48, 0x8b, 0x85, 0x68,
    0xff, 0xff, 0xff, 0x4a, 0x8b, 0x3c, 0xf8, 0x48, 0x8b, 0x45, 0xa0, 0x4a,
    0x63, 0x34, 0xb8, 0x48, 0x8d, 0x95, 0xd0, 0xfd, 0xff, 0xff, 0x48, 0x8b,
    0x4d, 0xa8, 0xe8, 0x4d, 0x4e, 0x01, 0x00, 0x48, 0x85, 0xc0, 0x75, 0x27,
    0x49, 0xff, 0xc7, 0x48, 0x8b, 0x85, 0x70, 0xff, 0xff, 0xff, 0x44, 0x01,
    0xf8, 0x3b, 0x45, 0xc0, 0x7c, 0xc6, 0x4c, 0x8b, 0x75, 0xc8, 0xe9, 0x13,
    0xfd, 0xff, 0xff, 0xc6, 0x85, 0xcf, 0xfd, 0xff, 0xff, 0x00, 0xe9, 0x04,
    0xfd, 0xff, 0xff, 0x48, 0x8b, 0x4d, 0xc8, 0x42, 0x8d, 0x04, 0x39, 0x45,
    0x01, 0xfe, 0x83, 0xf8, 0xff, 0x44, 0x0f, 0x4c, 0xf1, 0xe9, 0xf0, 0xfc,
    0xff, 0xff, 0x8d, 0x48, 0xbd, 0x83, 0xf9, 0x01, 0x0f, 0x86, 0xe1, 0xfc,
    0xff, 0xff, 0x83, 0xc0, 0xcb, 0x83, 0xf8, 0x13, 0x0f, 0x87, 0xd5, 0xfc,
    0xff, 0xff, 0xff, 0x24, 0xc5, 0x20, 0xdb, 0x41, 0x00, 0xe8, 0xc6, 0x5f,
    0x00, 0x00, 0x45, 0x29, 0xe7, 0xe9, 0xc1, 0xfc, 0xff, 0xff, 0x8b, 0x45,
    0xb4, 0x41, 0x89, 0xc6, 0xe9, 0xb9, 0xfc, 0xff, 0xff, 0xe8, 0xae, 0x5f,
    0x00, 0x00, 0xe9, 0xd6, 0xfd, 0xff, 0xff, 0x45, 0x31, 0xe4, 0x48, 0x8d,
    0x95, 0xd8, 0xfe, 0xff, 0xff, 0x31, 0xff, 0x31, 0xf6, 0xe8, 0x06, 0x22,
    0x00, 0x00, 0xbf, 0x18, 0x06, 0x42, 0x00, 0x31, 0xc0, 0xe8, 0x5a, 0x68,
    0x00, 0x00, 0x48, 0x8b, 0x05, 0x2b, 0xc2, 0x01, 0x00, 0x48, 0x8b, 0x78,
    0x10, 0xe8, 0xfa, 0xf6, 0x00, 0x00, 0x48, 0x8b, 0x7d, 0xd0, 0xe8, 0xe1,
    0x4c, 0x00, 0x00, 0x48, 0x8b, 0x7d, 0xb8, 0xe8, 0xd8, 0x4c, 0x00, 0x00,
    0x48, 0x8b, 0x7d, 0x80, 0xe8, 0xcf, 0x4c, 0x00, 0x00, 0x44, 0x89, 0xe0,
    0x48, 0x81, 0xc4, 0x08, 0x02, 0x00, 0x00, 0x5b, 0x41, 0x5c, 0x41, 0x5d,
    0x41, 0x5e, 0x41, 0x5f, 0x5d, 0xc3, 0x66, 0x2e, 0x0f, 0x1f, 0x84, 0x00,
    0x00, 0x00, 0x00, 0x00, 0x55, 0x48, 0x89, 0xe5, 0x41, 0x57, 0x41, 0x56,
    0x41, 0x55, 0x41, 0x54, 0x53, 0x48, 0x81, 0xec, 0x28, 0x11, 0x00, 0x00,
    0x83, 0xff, 0x01, 0x7f, 0x22, 0x48, 0x8b, 0x05, 0xc8, 0xc1, 0x01, 0x00,
    0x48, 0x8b, 0x78, 0x18, 0xbe, 0x0e, 0x19, 0x42, 0x00, 0x31, 0xc0, 0xe8,
    0x20, 0x23, 0x01, 0x00, 0x41, 0xbf, 0x01, 0x00, 0x00, 0x00, 0xe9, 0xb7,
    0x11, 0x00, 0x00, 0x4c, 0x8b, 0x7e, 0x08, 0x48, 0x8d, 0x95, 0x58, 0xff,
    0xff, 0xff, 0xbe, 0x68, 0x74, 0x08, 0x40, 0xbf, 0x01, 0x00, 0x00, 0x00,
    0x31, 0xc0, 0xe8, 0x39, 0x20, 0x00, 0x00, 0x85, 0xc0, 0x0f, 0x94, 0xc0,
    0x0f, 0xb7, 0x8d, 0x58, 0xff, 0xff, 0xff, 0x85, 0xc9, 0x0f, 0x95, 0xc2,
    0x0f, 0xb7, 0xb5, 0x5a, 0xff, 0xff, 0xff, 0x84, 0xd0, 0xb8, 0x50, 0x00,
    0x00, 0x00, 0x0f, 0x45, 0xc6, 0x48, 0x89, 0x85, 0x60, 0xff, 0xff, 0xff,
    0xb8, 0x19, 0x00, 0x00, 0x00, 0x0f, 0x45, 0xc1, 0x48, 0x89, 0x45, 0xa0,
    0xbf, 0x00, 0x20, 0x00, 0x00, 0xe8, 0xfa, 0x4b, 0x00, 0x00, 0x48, 0x89,
    0xc3, 0xbf, 0x00, 0x10, 0x00, 0x00, 0xe8, 0xed, 0x4b, 0x00, 0x00, 0x49,
    0x89, 0xc4, 0xbf, 0x45, 0x09, 0x42, 0x00, 0xe8, 0x00, 0x34, 0x01, 0x00,
    0x48, 0x89, 0x03, 0x41, 0xc7, 0x04, 0x24, 0x00, 0x00, 0x00, 0x00, 0xbe,
    0x86, 0x13, 0x42, 0x00, 0x4c, 0x89, 0xbd, 0x78, 0xff, 0xff, 0xff, 0x4c,
    0x89, 0xff, 0xe8, 0x21, 0x21, 0x01, 0x00, 0xc7, 0x45, 0xac, 0x00, 0x04,
    0x00, 0x00, 0x48, 0x85, 0xc0, 0x4c, 0x89, 0x65, 0xc8, 0x0f, 0x84, 0xe9,
    0x00, 0x00, 0x00, 0x49, 0x89, 0xc6, 0x48, 0x8d, 0xbd, 0xb0, 0xee, 0xff,
    0xff, 0xbe, 0x00, 0x10, 0x00, 0x00, 0x48, 0x89, 0xc2, 0xe8, 0xb6, 0x1a,
    0x01, 0x00, 0x48, 0x85, 0xc0, 0x4c, 0x8b, 0x7d, 0xa0, 0x0f, 0x84, 0xd5,
    0x00, 0x00, 0x00, 0xc7, 0x45, 0xac, 0x00, 0x04, 0x00, 0x00, 0x45, 0x31,
    0xed, 0x4c, 0x8d, 0xa5, 0xb0, 0xee, 0xff, 0xff, 0xeb, 0x36, 0x66, 0x0f,
    0x1f, 0x44, 0x00, 0x00, 0x4c, 0x89, 0xe7, 0xe8, 0x88, 0x33, 0x01, 0x00,
    0x4a, 0x89, 0x04, 0xeb, 0x48, 0x8b, 0x45, 0xc8, 0x46, 0x89, 0x3c, 0xa8,
    0x49, 0xff, 0xc5, 0x4c, 0x89, 0xe7, 0xbe, 0x00, 0x10, 0x00, 0x00, 0x4c,
    0x89, 0xf2, 0xe8, 0x69, 0x1a, 0x01, 0x00, 0x48, 0x85, 0xc0, 0x4c, 0x8b,
    0x7d, 0xa0, 0x74, 0x6e, 0x8b, 0x4d, 0xac, 0x48, 0x63, 0xc1, 0x49, 0x39,
    0xc5, 0x7c, 0x2f, 0x01, 0xc9, 0x89, 0x4d, 0xac, 0x4c, 0x63, 0xf9, 0x4a,
    0x8d, 0x34, 0xfd, 0x00, 0x00, 0x00, 0x00, 0x48, 0x89, 0xdf, 0xe8, 0x9d,
    0x5d, 0x00, 0x00, 0x48, 0x89, 0xc3, 0x49, 0xc1, 0xe7, 0x02, 0x48, 0x8b,
    0x7d, 0xc8, 0x4c, 0x89, 0xfe, 0xe8, 0x8a, 0x5d, 0x00, 0x00, 0x48, 0x89,
    0x45, 0xc8, 0x4c, 0x89, 0xe7, 0xe8, 0xee, 0x35, 0x01, 0x00, 0x49, 0x89,
    0xc7, 0x45, 0x85, 0xff, 0x7e, 0x86, 0x44, 0x89, 0xf8, 0xff, 0xc8, 0x80,
    0xbc, 0x05, 0xb0, 0xee, 0xff, 0xff, 0x0a, 0x0f, 0x85, 0x73, 0xff, 0xff,
    0xff, 0x41, 0xff, 0xcf, 0x42, 0xc6, 0x84, 0x3d, 0xb0, 0xee, 0xff, 0xff,
    0x00, 0xe9, 0x62, 0xff, 0xff, 0xff, 0x48, 0x89, 0x5d, 0x90, 0x4c, 0x89,
    0xf7, 0xe8, 0xc6, 0xf2, 0x00, 0x00, 0xeb, 0x37, 0x48, 0x89, 0x5d, 0x90,
    0x41, 0xbd, 0x01, 0x00, 0x00, 0x00, 0x4c, 0x8b, 0x7d, 0xa0, 0xeb, 0x27,
    0x4c, 0x89, 0xf7, 0xe8, 0xac, 0xf2, 0x00, 0x00, 0xbf, 0x45, 0x09, 0x42,
    0x00, 0xe8, 0xc2, 0x32, 0x01, 0x00, 0x48, 0x89, 0x5d, 0x90, 0x48, 0x89,
    0x03, 0x41, 0xc7, 0x04, 0x24, 0x00, 0x00, 0x00, 0x00, 0x41, 0xbd, 0x01,
    0x00, 0x00, 0x00, 0x48, 0x8d, 0xb5, 0xb8, 0xfe, 0xff, 0xff, 0x31, 0xff,
    0xe8, 0x9f, 0x14, 0x00, 0x00, 0x0f, 0x10, 0x85, 0xb8, 0xfe, 0xff, 0xff,
    0x0f, 0x10, 0x8d, 0xc8, 0xfe, 0xff, 0xff, 0x0f, 0x10, 0x95, 0xd8, 0xfe,
    0xff, 0xff, 0x0f, 0x10, 0x9d, 0xe8, 0xfe, 0xff, 0xff, 0x0f, 0x29, 0x8d,
    0x10, 0xff, 0xff, 0xff, 0x0f, 0x29, 0x95, 0x20, 0xff, 0xff, 0xff, 0x0f,
    0x29, 0x85, 0x00, 0xff, 0xff, 0xff, 0x0f, 0x29, 0x9d, 0x30, 0xff, 0xff,
    0xff, 0x48, 0x8b, 0x85, 0xf8, 0xfe, 0xff, 0xff, 0x48, 0x89, 0x85, 0x40,
    0xff, 0xff, 0xff, 0x80, 0xa5, 0x18, 0xff, 0xff, 0xff, 0x75, 0x66, 0xc7,
    0x85, 0x25, 0xff, 0xff, 0xff, 0x00, 0x01, 0x48, 0x8d, 0x95, 0x00, 0xff,
    0xff, 0xff, 0x31, 0xff, 0x31, 0xf6, 0xe8, 0x39, 0x1f, 0x00, 0x00, 0x41,
    0x8d, 0x47, 0xff, 0x48, 0x89, 0x85, 0x70, 0xff, 0xff, 0xff, 0x48, 0x8b,
    0x85, 0x60, 0xff, 0xff, 0xff, 0xff, 0xc8, 0x89, 0x85, 0x6c, 0xff, 0xff,
    0xff, 0x31, 0xc0, 0x45, 0x31, 0xf6, 0xc7, 0x45, 0x98, 0x00, 0x00, 0x00,
    0x00, 0x48, 0xc7, 0x45, 0x80, 0x00, 0x00, 0x00, 0x00, 0x48, 0xc7, 0x45,
    0xd0, 0x00, 0x00, 0x00, 0x00, 0x48, 0xc7, 0x45, 0xc0, 0x00, 0x00, 0x00,
    0x00, 0xeb, 0x48, 0x49, 0x63, 0xc2, 0x48, 0x8b, 0x4d, 0xc8, 0x8b, 0x04,
    0x81, 0x48, 0x89, 0x45, 0xd0, 0x41, 0xbe, 0x01, 0x00, 0x00, 0x00, 0x44,
    0x89, 0xe9, 0x48, 0x8b, 0x75, 0x80, 0x41, 0x39, 0xf2, 0x41, 0x0f, 0x4c,
    0xf2, 0x48, 0x8b, 0x85, 0x70, 0xff, 0xff, 0xff, 0x01, 0xf0, 0x44, 0x89,
    0xd2, 0x44, 0x29, 0xfa, 0x83, 0xc2, 0x02, 0x4c, 0x89, 0x55, 0xc0, 0x41,
    0x39, 0xc2, 0x0f, 0x4c, 0xd6, 0x8b, 0x45, 0xbc, 0x48, 0x89, 0x55, 0x80,
    0x41, 0x89, 0xcd, 0x44, 0x89, 0x75, 0x88, 0x4c, 0x89, 0x6d, 0xb0, 0x89,
    0x45, 0xbc, 0xbf, 0x18, 0x06, 0x42, 0x00, 0x31, 0xc0, 0xe8, 0xfa, 0x64,
    0x00, 0x00, 0x41, 0x83, 0xff, 0x02, 0x0f, 0x82, 0x90, 0x00, 0x00, 0x00,
    0x48, 0x8b, 0x5d, 0x80, 0x48, 0x63, 0xc3, 0x48, 0x8b, 0x4d, 0xb0, 0x39,
    0xc1, 0x0f, 0x4f, 0xd9, 0x29, 0xc3, 0x48, 0x8b, 0x4d, 0xc8, 0x4c, 0x8d,
    0x3c, 0x81, 0x48, 0x8b, 0x4d, 0x90, 0x4c, 0x8d, 0x34, 0xc1, 0x45, 0x31,
    0xe4, 0xeb, 0x1f, 0x66, 0x0f, 0x1f, 0x84, 0x00, 0x00, 0x00, 0x00, 0x00,
    0xbf, 0x0a, 0x00, 0x00, 0x00, 0xe8, 0xb6, 0xea, 0x00, 0x00, 0x4d, 0x89,
    0xec, 0x4c, 0x39, 0xad, 0x70, 0xff, 0xff, 0xff, 0x74, 0x4a, 0x4c, 0x39,
    0xe3, 0x74, 0x45, 0x4d, 0x8d, 0x6c, 0x24, 0x01, 0xbf, 0x9f, 0x18, 0x42,
    0x00, 0x44, 0x89, 0xee, 0x31, 0xc0, 0xe8, 0x91, 0x64, 0x00, 0x00, 0x43,
    0x8b, 0x04, 0xa7, 0x48, 0x8b, 0x8d, 0x60, 0xff, 0xff, 0xff, 0x39, 0xc8,
    0x0f, 0x4d, 0xc1, 0x85, 0xc0, 0x7e, 0xbd, 0x4b, 0x8b, 0x3c, 0xe6, 0x89,
    0xc2, 0x48, 0x8b, 0x05, 0x48, 0xbe, 0x01, 0x00, 0x48, 0x8b, 0x48, 0x10,
    0xbe, 0x01, 0x00, 0x00, 0x00, 0xe8, 0x22, 0x56, 0x00, 0x00, 0xeb, 0xa0,
    0x44, 0x8b, 0x75, 0x88, 0x41, 0x83, 0xfe, 0x02, 0x75, 0x56, 0xbf, 0x94,
    0x08, 0x42, 0x00, 0x4c, 0x8b, 0x7d, 0xa0, 0x44, 0x89, 0xfe, 0x31, 0xc0,
    0xe8, 0x43, 0x64, 0x00, 0x00, 0x83, 0x7d, 0xbc, 0x00, 0x7e, 0x23, 0x8b,
    0x5d, 0xbc, 0x45, 0x31, 0xf6, 0x0f, 0x1f, 0x80, 0x00, 0x00, 0x00, 0x00,
    0x42, 0x0f, 0xbe, 0xbc, 0x35, 0xb0, 0xee, 0xff, 0xff, 0xe8, 0x22, 0xea,
    0x00, 0x00, 0x49, 0xff, 0xc6, 0x4c, 0x39, 0xf3, 0x75, 0xea, 0xbf, 0x9f,
    0x18, 0x42, 0x00, 0x44, 0x89, 0xfe, 0x31, 0xc0, 0xe8, 0x0b, 0x64, 0x00,
    0x00, 0x4c, 0x8b, 0x6d, 0xb0, 0x44, 0x8b, 0x75, 0x88, 0xeb, 0x51, 0x90,
    0x8b, 0x95, 0x6c, 0xff, 0xff, 0xff, 0x48, 0x8b, 0x45, 0xd0, 0x39, 0xd0,
    0x0f, 0x4c, 0xd0, 0x48, 0x8b, 0x45, 0xc0, 0x89, 0xc6, 0x2b, 0x75, 0x80,
    0xff, 0xc6, 0xff, 0xc2, 0xbf, 0x34, 0x07, 0x42, 0x00, 0x31, 0xc0, 0xe8,
    0xd8, 0x63, 0x00, 0x00, 0xbf, 0x9f, 0x18, 0x42, 0x00, 0x4c, 0x8b, 0x7d,
    0xa0, 0x44, 0x89, 0xfe, 0x31, 0xc0, 0xe8, 0xc5, 0x63, 0x00, 0x00, 0x41,
    0x83, 0xfe, 0x01, 0x4c, 0x8b, 0x6d, 0xb0, 0x75, 0x0b, 0xb3, 0x01, 0xbf,
    0xca, 0x0a, 0x42, 0x00, 0xeb, 0x0f, 0x66, 0x90, 0xbf, 0x71, 0x0a, 0x42,
    0x00, 0x31, 0xdb, 0x83, 0x7d, 0x98, 0x00, 0x74, 0x07, 0x31, 0xc0, 0xe8,
    0x9c, 0x63, 0x00, 0x00, 0xbf, 0xe8, 0x08, 0x42, 0x00, 0x48, 0x8b, 0xb5,
    0x78, 0xff, 0xff, 0xff, 0x44, 0x89, 0xea, 0x31, 0xc0, 0xe8, 0x86, 0x63,
    0x00, 0x00, 0x48, 0x8b, 0x05, 0x57, 0xbd, 0x01, 0x00, 0x48, 0x8b, 0x78,
    0x10, 0xe8, 0x26, 0xf2, 0x00, 0x00, 0xe8, 0xa1, 0x5a, 0x00, 0x00, 0x41,
    0x89, 0xc4, 0x8b, 0x45, 0xbc, 0x41, 0x83, 0xfc, 0xff, 0x0f, 0x84, 0x50,
    0xfe, 0xff, 0xff, 0x45, 0x85, 0xf6, 0x74, 0x3c, 0x84, 0xdb, 0x74, 0x65,
    0x41, 0x8d, 0x44, 0x24, 0xf8, 0x83, 0xf8, 0x13, 0x0f, 0x87, 0x6e, 0x01,
    0x00, 0x00, 0x4c, 0x8b, 0x6d, 0x90, 0x4c, 0x8b, 0x5d, 0xc0, 0xff, 0x24,
    0xc5, 0x60, 0xdc, 0x41, 0x00, 0x44, 0x8b, 0x75, 0xac, 0x44, 0x39, 0x75,
    0xb0, 0x0f, 0x8d, 0x9a, 0x02, 0x00, 0x00, 0x4c, 0x8b, 0x55, 0xc8, 0xe9,
    0xc1, 0x02, 0x00, 0x00, 0x0f, 0x1f, 0x40, 0x00, 0x41, 0x83, 0xc4, 0xdc,
    0x41, 0x83, 0xfc, 0x54, 0x4c, 0x8b, 0x75, 0x90, 0x0f, 0x87, 0x2b, 0x07,
    0x00, 0x00, 0x4c, 0x8b, 0x55, 0xc0, 0x42, 0xff, 0x24, 0xe5, 0x00, 0xdd,
    0x41, 0x00, 0x49, 0x63, 0xc2, 0x48, 0x8b, 0x4d, 0xc8, 0x8b, 0x04, 0x81,
    0xe9, 0x81, 0x05, 0x00, 0x00, 0x8b, 0x45, 0xbc, 0x41, 0x83, 0xfe, 0x02,
    0x0f, 0x85, 0xd5, 0xfd, 0xff, 0xff, 0x41, 0x8d, 0x4c, 0x24, 0xf8, 0x83,
    0xf9, 0x13, 0x0f, 0x87, 0xbf, 0x04, 0x00, 0x00, 0x31, 0xc0, 0x45, 0x31,
    0xf6, 0xff, 0x24, 0xcd, 0xc0, 0xdb, 0x41, 0x00, 0x48, 0x63, 0x45, 0xbc,
    0xc6, 0x84, 0x05, 0xb0, 0xee, 0xff, 0xff, 0x00, 0xbe, 0x84, 0x15, 0x42,
    0x00, 0x48, 0x8d, 0x9d, 0xb0, 0xee, 0xff, 0xff, 0x48, 0x89, 0xdf, 0xe8,
    0xbc, 0x2e, 0x01, 0x00, 0x85, 0xc0, 0x4c, 0x8b, 0x65, 0x90, 0x0f, 0x84,
    0x17, 0x0c, 0x00, 0x00, 0xbe, 0xc2, 0x0f, 0x42, 0x00, 0x48, 0x89, 0xdf,
    0xe8, 0xa3, 0x2e, 0x01, 0x00, 0x85, 0xc0, 0x0f, 0x84, 0x02, 0x0c, 0x00,
    0x00, 0xbe, 0x94, 0x16, 0x42, 0x00, 0x48, 0x89, 0xdf, 0xe8, 0x8e, 0x2e,
    0x01, 0x00, 0x85, 0xc0, 0x0f, 0x84, 0xad, 0x06, 0x00, 0x00, 0xbe, 0x91,
    0x09, 0x42, 0x00, 0x48, 0x89, 0xdf, 0xe8, 0x79, 0x2e, 0x01, 0x00, 0x85,
    0xc0, 0x0f, 0x84, 0x71, 0x0b, 0x00, 0x00, 0xbe, 0xc0, 0x0f, 0x42, 0x00,
    0x48, 0x89, 0xdf, 0xe8, 0x64, 0x2e, 0x01, 0x00, 0x85, 0xc0, 0x0f, 0x84,
    0x5c, 0x0b, 0x00, 0x00, 0xbe, 0x9b, 0x16, 0x42, 0x00, 0xba, 0x02, 0x00,
    0x00, 0x00, 0x48, 0x89, 0xdf, 0xe8, 0xaa, 0x32, 0x01, 0x00, 0x85, 0xc0,
    0x0f, 0x84, 0xd0, 0x07, 0x00, 0x00, 0x0f, 0xb6, 0x8d, 0xb0, 0xee, 0xff,
    0xff, 0x80, 0xc1, 0xd0, 0xb8, 0x00, 0x00, 0x00, 0x00, 0x41, 0xbe, 0x00,
    0x00, 0x00, 0x00, 0x80, 0xf9, 0x09, 0x0f, 0x87, 0x03, 0xfd, 0xff, 0xff,
    0x48, 0x8d, 0xbd, 0xb0, 0xee, 0xff, 0xff, 0xe8, 0xf8, 0x2a, 0x00, 0x00,
    0x89, 0xc1, 0x83, 0xf8, 0x02, 0xb8, 0x01, 0x00, 0x00, 0x00, 0x0f, 0x4c,
    0xc8, 0x44, 0x39, 0xe9, 0x41, 0x0f, 0x4d, 0xcd, 0xff, 0xc9, 0x48, 0x89,
    0x4d, 0xc0, 0x31, 0xc0, 0x45, 0x31, 0xf6, 0x48, 0xc7, 0x45, 0xd0, 0x00,
    0x00, 0x00, 0x00, 0xe9, 0xcb, 0xfc, 0xff, 0xff, 0x41, 0x83, 0xfc, 0x7f,
    0x4c, 0x8b, 0x6d, 0x90, 0x4c, 0x8b, 0x5d, 0xc0, 0x0f, 0x85, 0x82, 0x00,
    0x00, 0x00, 0x4c, 0x8b, 0x75, 0xd0, 0x45, 0x85, 0xf6, 0x0f, 0x8e, 0x94,
    0x01, 0x00, 0x00, 0x49, 0x63, 0xdb, 0x49, 0x8b, 0x4c, 0xdd, 0x00, 0x48,
    0x89, 0x4d, 0x88, 0x4c, 0x8b, 0x65, 0xc8, 0x49, 0x63, 0x14, 0x9c, 0x44,
    0x89, 0xf0, 0x48, 0x8d, 0x34, 0x01, 0x48, 0x8d, 0x3c, 0x01, 0x48, 0xff,
    0xcf, 0x49, 0x63, 0xc6, 0x48, 0x29, 0xc2, 0x4c, 0x89, 0x5d, 0xc0, 0xe8,
    0xcc, 0x25, 0x01, 0x00, 0x49, 0x63, 0x34, 0x9c, 0x8d, 0x46, 0xff, 0x4c,
    0x89, 0x65, 0xc8, 0x41, 0x89, 0x04, 0x9c, 0x41, 0xff, 0xce, 0x4c, 0x89,
    0x75, 0xd0, 0x48, 0x8b, 0x7d, 0x88, 0xe8, 0x6d, 0x58, 0x00, 0x00, 0x49,
    0x89, 0x44, 0xdd, 0x00, 0x41, 0xbe, 0x01, 0x00, 0x00, 0x00, 0x48, 0x85,
    0xc0, 0x0f, 0x84, 0x9c, 0x00, 0x00, 0x00, 0x48, 0x8b, 0x4d, 0xc8, 0x48,
    0x63, 0x0c, 0x99, 0xc6, 0x04, 0x08, 0x00, 0xe9, 0x8b, 0x00, 0x00, 0x00,
    0x44, 0x89, 0xe0, 0x83, 0xc0, 0xe0, 0x41, 0xbe, 0x01, 0x00, 0x00, 0x00,
    0x83, 0xf8, 0x5e, 0x0f, 0x87, 0x97, 0x00, 0x00, 0x00, 0x49, 0x63, 0xc3,
    0x48, 0x89, 0x45, 0x88, 0x49, 0x8b, 0x7c, 0xc5, 0x00, 0x48, 0x8b, 0x4d,
    0xc8, 0x4c, 0x63, 0x34, 0x81, 0x49, 0x8d, 0x76, 0x02, 0x4c, 0x89, 0x5d,
    0xc0, 0xe8, 0x12, 0x58, 0x00, 0x00, 0x49, 0x89, 0xc7, 0x4c, 0x89, 0x6d,
    0x90, 0x48, 0x8b, 0x5d, 0xd0, 0x4c, 0x63, 0xeb, 0x4a, 0x8d, 0x34, 0x28,
    0x4a, 0x8d, 0x3c, 0x28, 0x48, 0xff, 0xc7, 0x4c, 0x89, 0xf2, 0x4c, 0x29,
    0xea, 0xe8, 0x2e, 0x25, 0x01, 0x00, 0x47, 0x88, 0x24, 0x2f, 0x49, 0x8d,
    0x46, 0x01, 0x48, 0x8b, 0x4d, 0x88, 0x48, 0x8b, 0x55, 0xc8, 0x89, 0x04,
    0x8a, 0x43, 0xc6, 0x44, 0x37, 0x01, 0x00, 0x48, 0x8b, 0x45, 0x90, 0x4c,
    0x89, 0x3c, 0xc8, 0x4c, 0x8b, 0x7d, 0xa0, 0xff, 0xc3, 0x48, 0x89, 0x5d,
    0xd0, 0x41, 0xbe, 0x01, 0x00, 0x00, 0x00, 0xc7, 0x45, 0x98, 0x01, 0x00,
    0x00, 0x00, 0x4c, 0x8b, 0x5d, 0xc0, 0xeb, 0x14, 0x31, 0xc0, 0x48, 0x8b,
    0x4d, 0xd0, 0x85, 0xc9, 0x0f, 0x9f, 0xc0, 0x29, 0xc1, 0x48, 0x89, 0x4d,
    0xd0, 0x45, 0x31, 0xf6, 0x4c, 0x8b, 0x6d, 0xb0, 0xe9, 0x44, 0x02, 0x00,
    0x00, 0x45, 0x01, 0xf6, 0x4d, 0x63, 0xe6, 0x4a, 0x8d, 0x34, 0xe5, 0x00,
    0x00, 0x00, 0x00, 0x4c, 0x89, 0xef, 0xe8, 0x7d, 0x57, 0x00, 0x00, 0x49,
    0x89, 0xc5, 0x49, 0xc1, 0xe4, 0x02, 0x48, 0x8b, 0x7d, 0xc8, 0x4c, 0x89,
    0xe6, 0xe8, 0x6a, 0x57, 0x00, 0x00, 0x4c, 0x8b, 0x5d, 0xc0, 0x49, 0x89,
    0xc2, 0x41, 0x8d, 0x4b, 0x01, 0x48, 0x8b, 0x45, 0xb0, 0x39, 0xc8, 0x44,
    0x89, 0x75, 0xac, 0x48, 0x89, 0x4d, 0x88, 0x7e, 0x1e, 0x4c, 0x63, 0xc0,
    0x48, 0x63, 0xd9, 0x4c, 0x89, 0xc1, 0x48, 0x29, 0xd9, 0x48, 0x83, 0xf9,
    0x04, 0x0f, 0x83, 0xc8, 0x00, 0x00, 0x00, 0x4c, 0x89, 0xc0, 0xe9, 0x31,
    0x01, 0x00, 0x00, 0x48, 0x63, 0xd9, 0xe9, 0x44, 0x01, 0x00, 0x00, 0x45,
    0x85, 0xdb, 0x0f, 0x8e, 0x4c, 0x04, 0x00, 0x00, 0x41, 0x8d, 0x5b, 0xff,
    0x4c, 0x8b, 0x65, 0xc8, 0x4d, 0x63, 0x34, 0x9c, 0x44, 0x89, 0xd8, 0x48,
    0x89, 0x85, 0x50, 0xff, 0xff, 0xff, 0x4d, 0x63, 0x3c, 0x84, 0x49, 0x8b,
    0x7c, 0xdd, 0x00, 0x4b, 0x8d, 0x04, 0x37, 0x48, 0x89, 0x45, 0x98, 0x4b,
    0x8d, 0x34, 0x37, 0x48, 0xff, 0xc6, 0xe8, 0xed, 0x56, 0x00, 0x00, 0x49,
    0x89, 0x44, 0xdd, 0x00, 0x4c, 0x89, 0x75, 0xd0, 0x4c, 0x89, 0xf7, 0x48,
    0x01, 0xc7, 0x4c, 0x8b, 0xb5, 0x50, 0xff, 0xff, 0xff, 0x4b, 0x8b, 0x74,
    0xf5, 0x00, 0x4c, 0x89, 0xfa, 0xe8, 0x2a, 0x54, 0x01, 0x00, 0x48, 0x8b,
    0x4d, 0x98, 0x41, 0x89, 0x0c, 0x9c, 0x48, 0x89, 0x5d, 0x88, 0x49, 0x8b,
    0x44, 0xdd, 0x00, 0x4c, 0x89, 0xf3, 0xc6, 0x04, 0x08, 0x00, 0x4b, 0x8b,
    0x7c, 0xf5, 0x00, 0xe8, 0x48, 0x44, 0x00, 0x00, 0x48, 0x8b, 0x4d, 0xc0,
    0x48, 0x8b, 0x55, 0xb0, 0x8d, 0x42, 0xff, 0x41, 0xbe, 0x01, 0x00, 0x00,
    0x00, 0x39, 0xc1, 0x0f, 0x8d, 0x1e, 0x05, 0x00, 0x00, 0x29, 0xca, 0x83,
    0xc2, 0xfe, 0x83, 0xfa, 0x03, 0x0f, 0x83, 0x43, 0x07, 0x00, 0x00, 0x48,
    0x89, 0xd9, 0x4c, 0x8b, 0x7d, 0xa0, 0x4c, 0x8b, 0x5d, 0x88, 0xe9, 0xa1,
    0x07, 0x00, 0x00, 0x48, 0x89, 0xca, 0x48, 0x83, 0xe2, 0xfc, 0x4c, 0x89,
    0xc0, 0x48, 0x29, 0xd0, 0x48, 0x89, 0xd6, 0x48, 0xf7, 0xde, 0x4b, 0x8d,
    0x3c, 0x82, 0x48, 0x83, 0xc7, 0xfc, 0x4e, 0x8d, 0x04, 0xc5, 0xf8, 0xff,
    0xff, 0xff, 0x4d, 0x01, 0xe8, 0x45, 0x31, 0xc9, 0x0f, 0x1f, 0x84, 0x00,
    0x00, 0x00, 0x00, 0x00, 0x43, 0x0f, 0x10, 0x44, 0xc8, 0xe8, 0x43, 0x0f,
    0x10, 0x4c, 0xc8, 0xf8, 0x43, 0x0f, 0x11, 0x0c, 0xc8, 0x43, 0x0f, 0x11,
    0x44, 0xc8, 0xf0, 0x42, 0x0f, 0x10, 0x44, 0x8f, 0xf4, 0x42, 0x0f, 0x11,
    0x44, 0x8f, 0xf8, 0x49, 0x83, 0xc1, 0xfc, 0x4c, 0x39, 0xce, 0x75, 0xd4,
    0x48, 0x39, 0xd1, 0x74, 0x2a, 0x66, 0x66, 0x66, 0x66, 0x66, 0x66, 0x2e,
    0x0f, 0x1f, 0x84, 0x00, 0x00, 0x00, 0x00, 0x00, 0x49, 0x8b, 0x4c, 0xc5,
    0xf8, 0x49, 0x89, 0x4c, 0xc5, 0x00, 0x41, 0x8b, 0x4c, 0x82, 0xfc, 0x41,
    0x89, 0x0c, 0x82, 0x48, 0xff, 0xc8, 0x48, 0x39, 0xd8, 0x7f, 0xe5, 0x4d,
    0x63, 0xf3, 0x4f, 0x63, 0x3c, 0xb2, 0x4c, 0x89, 0x55, 0xc8, 0x4c, 0x63,
    0x65, 0xd0, 0x4d, 0x29, 0xe7, 0x4c, 0x89, 0x65, 0xc0, 0x49, 0x8d, 0x7f,
    0x01, 0xe8, 0x46, 0x43, 0x00, 0x00, 0x49, 0x89, 0x44, 0xdd, 0x00, 0x4b,
    0x8b, 0x74, 0xf5, 0x00, 0x4c, 0x01, 0xe6, 0x48, 0x89, 0xc7, 0x4c, 0x89,
    0xfa, 0xe8, 0x0e, 0x53, 0x01, 0x00, 0x49, 0x8b, 0x44, 0xdd, 0x00, 0x42,
    0xc6, 0x04, 0x38, 0x00, 0x4c, 0x8b, 0x65, 0xc8, 0x45, 0x89, 0x3c, 0x9c,
    0x4b, 0x8b, 0x7c, 0xf5, 0x00, 0x48, 0x8b, 0x5d, 0xd0, 0x8d, 0x43, 0x01,
    0x48, 0x63, 0xf0, 0xe8, 0x88, 0x55, 0x00, 0x00, 0x4c, 0x89, 0x6d, 0x90,
    0x4b, 0x89, 0x44, 0xf5, 0x00, 0x48, 0x8b, 0x4d, 0xc0, 0xc6, 0x04, 0x08,
    0x00, 0x43, 0x89, 0x1c, 0xb4, 0x4c, 0x8b, 0x6d, 0xb0, 0x41, 0xff, 0xc5,
    0x48, 0xc7, 0x45, 0xd0, 0x00, 0x00, 0x00, 0x00, 0x41, 0xbe, 0x01, 0x00,
    0x00, 0x00, 0xc7, 0x45, 0x98, 0x01, 0x00, 0x00, 0x00, 0x4c, 0x8b, 0x7d,
    0xa0, 0x4c, 0x8b, 0x5d, 0x88, 0x48, 0x8b, 0x55, 0x80, 0x41, 0x39, 0xd3,
    0x41, 0x0f, 0x4c, 0xd3, 0x48, 0x8b, 0x85, 0x70, 0xff, 0xff, 0xff, 0x01,
    0xd0, 0x44, 0x89, 0xd9, 0x44, 0x29, 0xf9, 0x83, 0xc1, 0x02, 0x41, 0x39,
    0xc3, 0x0f, 0x4c, 0xca, 0x8b, 0x45, 0xbc, 0x48, 0x89, 0x4d, 0x80, 0x44,
    0x89, 0xd9, 0x48, 0x89, 0x4d, 0xc0, 0xe9, 0x08, 0xf9, 0xff, 0xff, 0x41,
    0x83, 0xfc, 0x7f, 0x0f, 0x85, 0xfe, 0x01, 0x00, 0x00, 0x31, 0xc0, 0x8b,
    0x4d, 0xbc, 0x85, 0xc9, 0x0f, 0x9f, 0xc0, 0x29, 0xc1, 0x41, 0xbe, 0x02,
    0x00, 0x00, 0x00, 0x89, 0xc8, 0xe9, 0xe5, 0xf8, 0xff, 0xff, 0x49, 0x63,
    0xc2, 0x31, 0xc9, 0x48, 0x8b, 0x55, 0xc8, 0x48, 0x8b, 0x75, 0xd0, 0x3b,
    0x34, 0x82, 0x0f, 0x9c, 0xc1, 0x01, 0xf1, 0x89, 0xc8, 0xeb, 0x6b, 0x31,
    0xc0, 0x48, 0x8b, 0x4d, 0xd0, 0x85, 0xc9, 0x0f, 0x9f, 0xc0, 0x29, 0xc1,
    0x48, 0x89, 0x4d, 0xd0, 0xeb, 0x5c, 0x45, 0x85, 0xd2, 0x7e, 0x57, 0x41,
    0xff, 0xca, 0x48, 0x8b, 0x45, 0xc8, 0x42, 0x8b, 0x04, 0x90, 0xeb, 0x3d,
    0x41, 0xbe, 0x02, 0x00, 0x00, 0x00, 0xc7, 0x45, 0xbc, 0x00, 0x00, 0x00,
    0x00, 0xe9, 0x61, 0xf8, 0xff, 0xff, 0x45, 0x8d, 0x55, 0xff, 0x45, 0x31,
    0xf6, 0x48, 0xc7, 0x45, 0xd0, 0x00, 0x00, 0x00, 0x00, 0xe9, 0x4d, 0xf8,
    0xff, 0xff, 0x41, 0x8d, 0x45, 0xff, 0x41, 0x39, 0xc2, 0x7d, 0x1b, 0x49,
    0x63, 0xc2, 0x41, 0xff, 0xc2, 0x48, 0x8b, 0x4d, 0xc8, 0x8b, 0x44, 0x81,
    0x04, 0x48, 0x8b, 0x4d, 0xd0, 0x39, 0xc1, 0x0f, 0x4c, 0xc1, 0x48, 0x89,
    0x45, 0xd0, 0x44, 0x89, 0xe9, 0x45, 0x31, 0xf6, 0xe9, 0x21, 0xf8, 0xff,
    0xff, 0x8b, 0x45, 0xac, 0x41, 0x39, 0xc5, 0x0f, 0x8d, 0x1b, 0x02, 0x00,
    0x00, 0x4c, 0x8b, 0x7d, 0xc8, 0x45, 0x39, 0xd5, 0x0f, 0x8f, 0x49, 0x02,
    0x00, 0x00, 0x49, 0x63, 0xda, 0xe9, 0xec, 0x03, 0x00, 0x00, 0x49, 0x63,
    0xc2, 0x31, 0xc9, 0x48, 0x8b, 0x55, 0xc8, 0x48, 0x8b, 0x75, 0xd0, 0x3b,
    0x34, 0x82, 0x0f, 0x9c, 0xc1, 0x01, 0xf1, 0x41, 0xbe, 0x01, 0x00, 0x00,
    0x00, 0x89, 0xc8, 0x48, 0x89, 0x45, 0xd0, 0xe9, 0xd7, 0xf7, 0xff, 0xff,
    0x8b, 0x45, 0xac, 0x41, 0x39, 0xc5, 0x0f, 0x8d, 0x2d, 0x02, 0x00, 0x00,
    0x4c, 0x8b, 0x7d, 0xc8, 0xe9, 0x56, 0x02, 0x00, 0x00, 0x49, 0x63, 0xda,
    0x4c, 0x8b, 0x7d, 0xc8, 0x41, 0x8b, 0x04, 0x9f, 0x48, 0x8b, 0x55, 0xd0,
    0x39, 0xc2, 0x0f, 0x8d, 0x70, 0x02, 0x00, 0x00, 0x4d, 0x8b, 0x24, 0xde,
    0x48, 0x63, 0xca, 0x49, 0x8d, 0x3c, 0x0c, 0x49, 0x8d, 0x34, 0x0c, 0x48,
    0xff, 0xc6, 0x89, 0xd1, 0xf7, 0xd1, 0x01, 0xc8, 0x48, 0x63, 0xd0, 0xe8,
    0x10, 0x21, 0x01, 0x00, 0x49, 0x63, 0x34, 0x9f, 0x8d, 0x46, 0xff, 0x41,
    0x89, 0x04, 0x9f, 0x4c, 0x89, 0xe7, 0xe8, 0xbd, 0x53, 0x00, 0x00, 0x49,
    0x89, 0x04, 0xde, 0x48, 0x85, 0xc0, 0x74, 0x08, 0x49, 0x63, 0x0c, 0x9f,
    0xc6, 0x04, 0x08, 0x00, 0x41, 0x8b, 0x04, 0x9f, 0x48, 0x8b, 0x4d, 0xd0,
    0x39, 0xc1, 0x0f, 0x4c, 0xc1, 0xc7, 0x45, 0x98, 0x01, 0x00, 0x00, 0x00,
    0x48, 0x89, 0x45, 0xd0, 0x44, 0x89, 0xe9, 0x4c, 0x8b, 0x7d, 0xa0, 0xe9,
    0xa8, 0x00, 0x00, 0x00, 0xe8, 0xb3, 0x53, 0x00, 0x00, 0x4c, 0x8b, 0x55,
    0xc0, 0x45, 0x31, 0xf6, 0x83, 0xf8, 0x67, 0x48, 0x8b, 0x45, 0xd0, 0x41,
    0x0f, 0x44, 0xc6, 0x48, 0x89, 0x45, 0xd0, 0x45, 0x0f, 0x44, 0xd6, 0xe9,
    0x1f, 0xf7, 0xff, 0xff, 0xe8, 0x8f, 0x53, 0x00, 0x00, 0x83, 0xf8, 0x64,
    0x75, 0x77, 0x41, 0x83, 0xfd, 0x02, 0x4c, 0x8b, 0x55, 0xc0, 0x0f, 0x8c,
    0xde, 0xfe, 0xff, 0xff, 0x49, 0x63, 0xda, 0x49, 0x8b, 0x3c, 0xde, 0xe8,
    0xe0, 0x40, 0x00, 0x00, 0x4c, 0x8b, 0x55, 0xc0, 0x41, 0x8d, 0x4d, 0xff,
    0x41, 0x39, 0xca, 0x4c, 0x8b, 0x7d, 0xc8, 0x0f, 0x8d, 0x15, 0x05, 0x00,
    0x00, 0x89, 0xc8, 0x48, 0x89, 0xc6, 0x48, 0x29, 0xde, 0x48, 0x83, 0xfe,
    0x04, 0x0f, 0x83, 0x84, 0x04, 0x00, 0x00, 0x48, 0x89, 0xda, 0xe9, 0xe1,
    0x04, 0x00, 0x00, 0x41, 0xbe, 0x02, 0x00, 0x00, 0x00, 0x8b, 0x4d, 0xbc,
    0x89, 0xc8, 0x81, 0xf9, 0xfe, 0x00, 0x00, 0x00, 0x0f, 0x8f, 0xe9, 0xf6,
    0xff, 0xff, 0x8b, 0x4d, 0xbc, 0x48, 0x63, 0xc1, 0xff, 0xc1, 0x44, 0x88,
    0xa4, 0x05, 0xb0, 0xee, 0xff, 0xff, 0x89, 0xc8, 0xe9, 0xd2, 0xf6, 0xff,
    0xff, 0x44, 0x89, 0xe9, 0x4c, 0x8b, 0x55, 0xc0, 0x45, 0x31, 0xf6, 0xe9,
    0x92, 0xf6, 0xff, 0xff, 0x41, 0xbe, 0x01, 0x00, 0x00, 0x00, 0xe9, 0x2d,
    0xfb, 0xff, 0xff, 0xbe, 0x94, 0x16, 0x42, 0x00, 0x48, 0x8b, 0xbd, 0x78,
    0xff, 0xff, 0xff, 0xe8, 0x98, 0x15, 0x01, 0x00, 0x49, 0x89, 0xc4, 0xb8,
    0x00, 0x00, 0x00, 0x00, 0x41, 0xbe, 0x00, 0x00, 0x00, 0x00, 0x4d, 0x85,
    0xe4, 0x0f, 0x84, 0x90, 0xf6, 0xff, 0xff, 0x45, 0x85, 0xed, 0x4c, 0x8b,
    0x7d, 0x90, 0x4c, 0x8b, 0x6d, 0xc8, 0x7e, 0x3f, 0x8b, 0x5d, 0xb0, 0x45,
    0x31, 0xf6, 0x66, 0x66, 0x66, 0x66, 0x66, 0x2e, 0x0f, 0x1f, 0x84, 0x00,
    0x00, 0x00, 0x00, 0x00, 0x4b, 0x8b, 0x3c, 0xf7, 0x4b, 0x63, 0x54, 0xb5,
    0x00, 0xbe, 0x01, 0x00, 0x00, 0x00, 0x4c, 0x89, 0xe1, 0xe8, 0x2a, 0x4d,
    0x00, 0x00, 0xbf, 0x0a, 0x00, 0x00, 0x00, 0x4c, 0x89, 0xe6, 0xe8, 0x8d,
    0x17, 0x01, 0x00, 0x49, 0xff, 0xc6, 0x4c, 0x39, 0xf3, 0x75, 0xd5, 0x4c,
    0x89, 0xe7, 0xe8, 0xcd, 0xe7, 0x00, 0x00, 0x31, 0xc0, 0x45, 0x31, 0xf6,
    0xc7, 0x45, 0x98, 0x00, 0x00, 0x00, 0x00, 0xe9, 0x54, 0x01, 0x00, 0x00,
    0x01, 0xc0, 0x89, 0x45, 0xac, 0x4c, 0x63, 0xe0, 0x4a, 0x8d, 0x34, 0xe5,
    0x00, 0x00, 0x00, 0x00, 0x4c, 0x89, 0xf7, 0xe8, 0x24, 0x52, 0x00, 0x00,
    0x49, 0x89, 0xc6, 0x49, 0xc1, 0xe4, 0x02, 0x48, 0x8b, 0x7d, 0xc8, 0x4c,
    0x89, 0xe6, 0xe8, 0x11, 0x52, 0x00, 0x00, 0x4c, 0x8b, 0x55, 0xc0, 0x49,
    0x89, 0xc7, 0x45, 0x39, 0xd5, 0x0f, 0x8e, 0xb7, 0xfd, 0xff, 0xff, 0x4d,
    0x63, 0xc5, 0x49, 0x63, 0xda, 0x4c, 0x89, 0xc1, 0x48, 0x29, 0xd9, 0x48,
    0x83, 0xf9, 0x04, 0x0f, 0x83, 0x10, 0x01, 0x00, 0x00, 0x4c, 0x89, 0xc0,
    0xe9, 0x73, 0x01, 0x00, 0x00, 0x01, 0xc0, 0x89, 0x45, 0xac, 0x4c, 0x63,
    0xe0, 0x4a, 0x8d, 0x34, 0xe5, 0x00, 0x00, 0x00, 0x00, 0x4c, 0x89, 0xf7,
    0xe8, 0xcb, 0x51, 0x00, 0x00, 0x49, 0x89, 0xc6, 0x49, 0xc1, 0xe4, 0x02,
    0x48, 0x8b, 0x7d, 0xc8, 0x4c, 0x89, 0xe6, 0xe8, 0xb8, 0x51, 0x00, 0x00,
    0x4c, 0x8b, 0x55, 0xc0, 0x49, 0x89, 0xc7, 0x41, 0xff, 0xc2, 0x45, 0x39,
    0xd5, 0x7e, 0x1e, 0x4d, 0x63, 0xc5, 0x49, 0x63, 0xda, 0x4c, 0x89, 0xc1,
    0x48, 0x29, 0xd9, 0x48, 0x83, 0xf9, 0x04, 0x0f, 0x83, 0x83, 0x01, 0x00,
    0x00, 0x4c, 0x89, 0xc0, 0xe9, 0xeb, 0x01, 0x00, 0x00, 0x4d, 0x89, 0xd4,
    0x49, 0x63, 0xda, 0xe9, 0xfd, 0x01, 0x00, 0x00, 0x44, 0x89, 0xe9, 0x4c,
    0x8b, 0x7d, 0xa0, 0x45, 0x31, 0xf6, 0xe9, 0x2f, 0xf5, 0xff, 0xff, 0xc7,
    0x45, 0x98, 0x01, 0x00, 0x00, 0x00, 0x41, 0x89, 0xc5, 0xe9, 0x0b, 0xfc,
    0xff, 0xff, 0xbe, 0x94, 0x16, 0x42, 0x00, 0x48, 0x8d, 0xbd, 0xb2, 0xee,
    0xff, 0xff, 0xe8, 0x31, 0x14, 0x01, 0x00, 0x49, 0x89, 0xc4, 0xb8, 0x00,
    0x00, 0x00, 0x00, 0x41, 0xbe, 0x00, 0x00, 0x00, 0x00, 0x4d, 0x85, 0xe4,
    0x0f, 0x84, 0x29, 0xf5, 0xff, 0xff, 0x45, 0x85, 0xed, 0x4c, 0x8b, 0x7d,
    0x90, 0x4c, 0x8b, 0x6d, 0xc8, 0x7e, 0x38, 0x8b, 0x5d, 0xb0, 0x45, 0x31,
    0xf6, 0x0f, 0x1f, 0x80, 0x00, 0x00, 0x00, 0x00, 0x4b, 0x8b, 0x3c, 0xf7,
    0x4b, 0x63, 0x54, 0xb5, 0x00, 0xbe, 0x01, 0x00, 0x00, 0x00, 0x4c, 0x89,
    0xe1, 0xe8, 0xca, 0x4b, 0x00, 0x00, 0xbf, 0x0a, 0x00, 0x00, 0x00, 0x4c,
    0x89, 0xe6, 0xe8, 0x2d, 0x16, 0x01, 0x00, 0x49, 0xff, 0xc6, 0x4c, 0x39,
    0xf3, 0x75, 0xd5, 0x4c, 0x89, 0xe7, 0xe8, 0x6d, 0xe6, 0x00, 0x00, 0x31,
    0xc0, 0x45, 0x31, 0xf6, 0x4c, 0x8b, 0x7d, 0xa0, 0x4c, 0x8b, 0x6d, 0xb0,
    0xe9, 0xca, 0xf4, 0xff, 0xff, 0x48, 0x89, 0xca, 0x48, 0x83, 0xe2, 0xfc,
    0x4c, 0x89, 0xc0, 0x48, 0x29, 0xd0, 0x48, 0x89, 0xd6, 0x48, 0xf7, 0xde,
    0x4b, 0x8d, 0x3c, 0x87, 0x48, 0x83, 0xc7, 0xfc, 0x4f, 0x8d, 0x04, 0xc6,
    0x49, 0x83, 0xc0, 0xf8, 0x45, 0x31, 0xc9, 0x0f, 0x1f, 0x44, 0x00, 0x00,
    0x43, 0x0f, 0x10, 0x44, 0xc8, 0xe8, 0x43, 0x0f, 0x10, 0x4c, 0xc8, 0xf8,
    0x43, 0x0f, 0x11, 0x0c, 0xc8, 0x43, 0x0f, 0x11, 0x44, 0xc8, 0xf0, 0x42,
    0x0f, 0x10, 0x44, 0x8f, 0xf4, 0x42, 0x0f, 0x11, 0x44, 0x8f, 0xf8, 0x49,
    0x83, 0xc1, 0xfc, 0x4c, 0x39, 0xce, 0x75, 0xd4, 0x48, 0x39, 0xd1, 0x74,
    0x29, 0x66, 0x66, 0x66, 0x66, 0x66, 0x66, 0x2e, 0x0f, 0x1f, 0x84, 0x00,
    0x00, 0x00, 0x00, 0x00, 0x49, 0x8b, 0x4c, 0xc6, 0xf8, 0x49, 0x89, 0x0c,
    0xc6, 0x41, 0x8b, 0x4c, 0x87, 0xfc, 0x41, 0x89, 0x0c, 0x87, 0x48, 0xff,
    0xc8, 0x48, 0x39, 0xd8, 0x7f, 0xe6, 0xbf, 0x45, 0x09, 0x42, 0x00, 0xe8,
    0xec, 0x25, 0x01, 0x00, 0x4c, 0x89, 0x75, 0x90, 0x49, 0x89, 0x04, 0xde,
    0x4c, 0x89, 0x7d, 0xc8, 0x41, 0xc7, 0x04, 0x9f, 0x00, 0x00, 0x00, 0x00,
    0x41, 0xff, 0xc5, 0x48, 0xc7, 0x45, 0xd0, 0x00, 0x00, 0x00, 0x00, 0x41,
    0xbe, 0x01, 0x00, 0x00, 0x00, 0xc7, 0x45, 0x98, 0x01, 0x00, 0x00, 0x00,
    0x44, 0x89, 0xe9, 0x4c, 0x8b, 0x7d, 0xa0, 0x4c, 0x8b, 0x55, 0xc0, 0xe9,
    0xce, 0xf3, 0xff, 0xff, 0x48, 0x89, 0xca, 0x48, 0x83, 0xe2, 0xfc, 0x4c,
    0x89, 0xc0, 0x48, 0x29, 0xd0, 0x48, 0x89, 0xd6, 0x48, 0xf7, 0xde, 0x4b,
    0x8d, 0x3c, 0x87, 0x48, 0x83, 0xc7, 0xfc, 0x4f, 0x8d, 0x04, 0xc6, 0x49,
    0x83, 0xc0, 0xf8, 0x45, 0x31, 0xc9, 0x66, 0x2e, 0x0f, 0x1f, 0x84, 0x00,
    0x00, 0x00, 0x00, 0x00, 0x43, 0x0f, 0x10, 0x44, 0xc8, 0xe8, 0x43, 0x0f,
    0x10, 0x4c, 0xc8, 0xf8, 0x43, 0x0f, 0x11, 0x0c, 0xc8, 0x43, 0x0f, 0x11,
    0x44, 0xc8, 0xf0, 0x42, 0x0f, 0x10, 0x44, 0x8f, 0xf4, 0x42, 0x0f, 0x11,
    0x44, 0x8f, 0xf8, 0x49, 0x83, 0xc1, 0xfc, 0x4c, 0x39, 0xce, 0x75, 0xd4,
    0x48, 0x39, 0xd1, 0x74, 0x29, 0x66, 0x66, 0x66, 0x66, 0x66, 0x66, 0x2e,
    0x0f, 0x1f, 0x84, 0x00, 0x00, 0x00, 0x00, 0x00, 0x49, 0x8b, 0x4c, 0xc6,
    0xf8, 0x49, 0x89, 0x0c, 0xc6, 0x41, 0x8b, 0x4c, 0x87, 0xfc, 0x41, 0x89,
    0x0c, 0x87, 0x48, 0xff, 0xc8, 0x48, 0x39, 0xd8, 0x7f, 0xe6, 0x4d, 0x89,
    0xd4, 0xbf, 0x45, 0x09, 0x42, 0x00, 0xe8, 0x19, 0x25, 0x01, 0x00, 0x4c,
    0x89, 0x75, 0x90, 0x49, 0x89, 0x04, 0xde, 0x4c, 0x89, 0x7d, 0xc8, 0x41,
    0xc7, 0x04, 0x9f, 0x00, 0x00, 0x00, 0x00, 0x41, 0xff, 0xc5, 0x48, 0xc7,
    0x45, 0xd0, 0x00, 0x00, 0x00, 0x00, 0x41, 0xbe, 0x01, 0x00, 0x00, 0x00,
    0xc7, 0x45, 0x98, 0x01, 0x00, 0x00, 0x00, 0x44, 0x89, 0xe9, 0x4c, 0x8b,
    0x7d, 0xa0, 0x4d, 0x89, 0xe2, 0xe9, 0xfc, 0xf2, 0xff, 0xff, 0x48, 0xff,
    0xc2, 0x49, 0x89, 0xd3, 0x48, 0x83, 0xe2, 0xfc, 0x48, 0x8d, 0x0c, 0x1a,
    0x49, 0x8d, 0x34, 0x9c, 0x48, 0x83, 0xc6, 0x0c, 0x48, 0x8d, 0x3c, 0xdd,
    0x18, 0x00, 0x00, 0x00, 0x4c, 0x01, 0xef, 0x45, 0x31, 0xc0, 0x66, 0x2e,
    0x0f, 0x1f, 0x84, 0x00, 0x00, 0x00, 0x00, 0x00, 0x42, 0x0f, 0x10, 0x44,
    0xc7, 0xf0, 0x42, 0x0f, 0x10, 0x0c, 0xc7, 0x42, 0x0f, 0x11, 0x44, 0xc7,
    0xe8, 0x42, 0x0f, 0x11, 0x4c, 0xc7, 0xf8, 0x4e, 0x8b, 0x4c, 0x86, 0xf8,
    0x4e, 0x8b, 0x14, 0x86, 0x4e, 0x89, 0x4c, 0x86, 0xf4, 0x4e, 0x89, 0x54,
    0x86, 0xfc, 0x49, 0x83, 0xc0, 0x04, 0x4c, 0x39, 0xc2, 0x75, 0xcd, 0x49,
    0x39, 0xd3, 0x4c, 0x8b, 0x7d, 0xa0, 0x4c, 0x8b, 0x5d, 0x88, 0x74, 0x2c,
    0x48, 0x8d, 0x51, 0x01, 0x66, 0x66, 0x66, 0x2e, 0x0f, 0x1f, 0x84, 0x00,
    0x00, 0x00, 0x00, 0x00, 0x49, 0x8b, 0x74, 0xd5, 0x00, 0x49, 0x89, 0x74,
    0xd5, 0xf8, 0x41, 0x8b, 0x34, 0x94, 0x41, 0x89, 0x74, 0x94, 0xfc, 0x48,
    0xff, 0xc2, 0xff, 0xc1, 0x39, 0xc8, 0x7f, 0xe4, 0xc7, 0x45, 0x98, 0x01,
    0x00, 0x00, 0x00, 0x41, 0x89, 0xc5, 0xe9, 0x46, 0xf9, 0xff, 0xff, 0x48,
    0x89, 0xf7, 0x48, 0x83, 0xe7, 0xfc, 0x48, 0x8d, 0x14, 0x1f, 0x4d, 0x8d,
    0x04, 0x9f, 0x49, 0x83, 0xc0, 0x0c, 0x4d, 0x8d, 0x0c, 0xde, 0x49, 0x83,
    0xc1, 0x18, 0x45, 0x31, 0xd2, 0x0f, 0x1f, 0x80, 0x00, 0x00, 0x00, 0x00,
    0x43, 0x0f, 0x10, 0x44, 0xd1, 0xf0, 0x43, 0x0f, 0x10, 0x0c, 0xd1, 0x43,
    0x0f, 0x11, 0x44, 0xd1, 0xe8, 0x43, 0x0f, 0x11, 0x4c, 0xd1, 0xf8, 0x4f,
    0x8b, 0x5c, 0x90, 0xf8, 0x4b, 0x8b, 0x1c, 0x90, 0x4f, 0x89, 0x5c, 0x90,
    0xf4, 0x4b, 0x89, 0x5c, 0x90, 0xfc, 0x49, 0x83, 0xc2, 0x04, 0x4c, 0x39,
    0xd7, 0x75, 0xcd, 0x48, 0x39, 0xfe, 0x4c, 0x8b, 0x55, 0xc0, 0x74, 0x1e,
    0x0f, 0x1f, 0x40, 0x00, 0x49, 0x8b, 0x74, 0xd6, 0x08, 0x49, 0x89, 0x34,
    0xd6, 0x41, 0x8b, 0x74, 0x97, 0x04, 0x41, 0x89, 0x34, 0x97, 0x48, 0xff,
    0xc2, 0x48, 0x39, 0xd0, 0x75, 0xe6, 0x41, 0x83, 0xc5, 0xfe, 0x41, 0x39,
    0xca, 0x45, 0x0f, 0x4d, 0xd5, 0xc7, 0x45, 0x98, 0x01, 0x00, 0x00, 0x00,
    0x45, 0x31, 0xf6, 0x48, 0xc7, 0x45, 0xd0, 0x00, 0x00, 0x00, 0x00, 0x4c,
    0x8b, 0x7d, 0xa0, 0xe9, 0xae, 0xf1, 0xff, 0xff, 0xbe, 0x94, 0x16, 0x42,
    0x00, 0x48, 0x8b, 0xbd, 0x78, 0xff, 0xff, 0xff, 0xe8, 0xbf, 0x10, 0x01,
    0x00, 0x48, 0x85, 0xc0, 0x74, 0x51, 0x49, 0x89, 0xc7, 0x45, 0x85, 0xed,
    0x4c, 0x8b, 0x6d, 0xc8, 0x7e, 0x39, 0x8b, 0x5d, 0xb0, 0x45, 0x31, 0xf6,
    0x0f, 0x1f, 0x84, 0x00, 0x00, 0x00, 0x00, 0x00, 0x4b, 0x8b, 0x3c, 0xf4,
    0x4b, 0x63, 0x54, 0xb5, 0x00, 0xbe, 0x01, 0x00, 0x00, 0x00, 0x4c, 0x89,
    0xf9, 0xe8, 0x6a, 0x48, 0x00, 0x00, 0xbf, 0x0a, 0x00, 0x00, 0x00, 0x4c,
    0x89, 0xfe, 0xe8, 0xcd, 0x12, 0x01, 0x00, 0x49, 0xff, 0xc6, 0x4c, 0x39,
    0xf3, 0x75, 0xd5, 0x4c, 0x89, 0xff, 0xe8, 0x0d, 0xe3, 0x00, 0x00, 0x4c,
    0x8b, 0x6d, 0xb0, 0x45, 0x31, 0xff, 0x48, 0x8d, 0x95, 0xb8, 0xfe, 0xff,
    0xff, 0x31, 0xff, 0x31, 0xf6, 0xe8, 0x16, 0x10, 0x00, 0x00, 0xbf, 0x18,
    0x06, 0x42, 0x00, 0x31, 0xc0, 0xe8, 0x6a, 0x56, 0x00, 0x00, 0x48, 0x8b,
    0x05, 0x3b, 0xb0, 0x01, 0x00, 0x48, 0x8b, 0x78, 0x10, 0xe8, 0x0a, 0xe5,
    0x00, 0x00, 0x45, 0x85, 0xed, 0x7e, 0x26, 0x44, 0x89, 0xeb, 0x45, 0x31,
    0xf6, 0x66, 0x66, 0x66, 0x66, 0x66, 0x66, 0x2e, 0x0f, 0x1f, 0x84, 0x00,
    0x00, 0x00, 0x00, 0x00, 0x4b, 0x8b, 0x3c, 0xf4, 0xe8, 0xd7, 0x3a, 0x00,
    0x00, 0x49, 0xff, 0xc6, 0x4c, 0x39, 0xf3, 0x75, 0xef, 0x4c, 0x89, 0xe7,
    0xe8, 0xc7, 0x3a, 0x00, 0x00, 0x48, 0x8b, 0x7d, 0xc8, 0xe8, 0xbe, 0x3a,
    0x00, 0x00, 0x44, 0x89, 0xf8, 0x48, 0x81, 0xc4, 0x28, 0x11, 0x00, 0x00,
    0x5b, 0x41, 0x5c, 0x41, 0x5d, 0x41, 0x5e, 0x41, 0x5f, 0x5d, 0xc3, 0x66,
    0x0f, 0x1f, 0x84, 0x00, 0x00, 0x00, 0x00, 0x00, 0x55, 0x48, 0x89, 0xe5,
    0x48, 0x8b, 0x3f, 0x48, 0x8b, 0x36, 0x5d, 0xe9, 0x00, 0x22, 0x01, 0x00,
    0x55, 0x48, 0x89, 0xe5, 0xe8, 0xe7, 0x18, 0x00, 0x00, 0x0f, 0x1f, 0x80,
    0x00, 0x00, 0x00, 0x00, 0xeb, 0xfe, 0x66, 0x66, 0x66, 0x66, 0x66, 0x2e,
    0x0f, 0x1f, 0x84, 0x00, 0x00, 0x00, 0x00, 0x00, 0x55, 0x48, 0x89, 0xe5,
    0x5d, 0xe9, 0xf6, 0x18, 0x00, 0x00, 0x66, 0x0f, 0x1f, 0x44, 0x00, 0x00,
    0x55, 0x48, 0x89, 0xe5, 0xe8, 0xf7, 0x18, 0x00, 0x00, 0x85, 0xc0, 0x78,
    0x02, 0x5d, 0xc3, 0xf7, 0xd8, 0x89, 0x05, 0xe9, 0xb6, 0x01, 0x00, 0xb8,
    0xff, 0xff, 0xff, 0xff, 0x5d, 0xc3, 0x66, 0x90, 0x55, 0x48, 0x89, 0xe5,
    0x5d, 0xe9, 0x16, 0x19, 0x00, 0x00, 0x66, 0x0f, 0x1f, 0x44, 0x00, 0x00,
    0x55, 0x48, 0x89, 0xe5, 0x48, 0x89, 0xfe, 0xbf, 0xff, 0xff, 0xff, 0xff,
    0x31, 0xd2, 0x5d, 0xe9, 0xdc, 0x18, 0x00, 0x00, 0x66, 0x66, 0x66, 0x2e,
    0x0f, 0x1f, 0x84, 0x00, 0x00, 0x00, 0x00, 0x00, 0x55, 0x48, 0x89, 0xe5,
    0x31, 0xc0, 0x5d, 0xc3, 0x0f, 0x1f, 0x84, 0x00, 0x00, 0x00, 0x00, 0x00,
    0x55, 0x48, 0x89, 0xe5, 0x48, 0x89, 0x3d, 0xe5, 0xb3, 0x01, 0x00, 0x48,
    0x89, 0x35, 0xe6, 0xb3, 0x01, 0x00, 0x5d, 0xc3, 0x66, 0x66, 0x66, 0x2e,
    0x0f, 0x1f, 0x84, 0x00, 0x00, 0x00, 0x00, 0x00, 0x55, 0x48, 0x89, 0xe5,
    0x41, 0x56, 0x53, 0x48, 0x81, 0xec, 0x40, 0x01, 0x00, 0x00, 0x85, 0xff,
    0x0f, 0x85, 0x7d, 0x00, 0x00, 0x00, 0x48, 0x83, 0x3d, 0xb2, 0xb3, 0x01,
    0x00, 0x00, 0x74, 0x73, 0x48, 0x85, 0xd2, 0x0f, 0x84, 0xe2, 0x00, 0x00,
    0x00, 0x49, 0x89, 0xf6, 0xb8, 0x07, 0x00, 0x00, 0x00, 0x48, 0x8d, 0x9d,
    0xb8, 0xfe, 0xff, 0xff, 0xeb, 0x16, 0xbf, 0x01, 0x00, 0x00, 0x00, 0xe8,
    0x3c, 0x12, 0x00, 0x00, 0xb8, 0x07, 0x00, 0x00, 0x00, 0x0f, 0x1f, 0x80,
    0x00, 0x00, 0x00, 0x00, 0x48, 0xc7, 0x84, 0x05, 0xb1, 0xfe, 0xff, 0xff,
    0x00, 0x00, 0x00, 0x00, 0x48, 0x83, 0xc0, 0x08, 0x48, 0x3d, 0x3f, 0x01,
    0x00, 0x00, 0x75, 0xe8, 0x48, 0x8b, 0x3d, 0x61, 0xb3, 0x01, 0x00, 0x48,
    0x89, 0xde, 0x31, 0xd2, 0xe8, 0x27, 0x13, 0x00, 0x00, 0x85, 0xc0, 0x74,
    0xbd, 0x83, 0xbd, 0xec, 0xfe, 0xff, 0xff, 0x00, 0x74, 0xb4, 0x8b, 0x85,
    0xf0, 0xfe, 0xff, 0xff, 0x3c, 0x0d, 0xe9, 0x94, 0x00, 0x00, 0x00, 0x85,
    0xff, 0x74, 0x10, 0xe8, 0x24, 0x14, 0x00, 0x00, 0x85, 0xc0, 0x78, 0x6f,
    0x89, 0xc0, 0xe9, 0x90, 0x00, 0x00, 0x00, 0x48, 0x85, 0xd2, 0x74, 0x5f,
    0x49, 0x89, 0xf6, 0x48, 0x8d, 0x9d, 0xb8, 0xfe, 0xff, 0xff, 0x66, 0x2e,
    0x0f, 0x1f, 0x84, 0x00, 0x00, 0x00, 0x00, 0x00, 0xba, 0x1c, 0x00, 0x00,
    0x00, 0x48, 0x89, 0xdf, 0x31, 0xf6, 0xe8, 0x01, 0x4a, 0x01, 0x00, 0xbf,
    0x18, 0x00, 0x00, 0x00, 0x48, 0x89, 0xde, 0xe8, 0xb4, 0x11, 0x00, 0x00,
    0x48, 0x83, 0xf8, 0x01, 0x0f, 0x94, 0xc0, 0x83, 0xbd, 0xb8, 0xfe, 0xff,
    0xff, 0x04, 0x0f, 0x94, 0xc1, 0x20, 0xc1, 0x0f, 0xb6, 0x85, 0xcf, 0xfe,
    0xff, 0xff, 0x84, 0xc0, 0x0f, 0x95, 0xc2, 0x84, 0xd1, 0x75, 0x23, 0xbf,
    0x01, 0x00, 0x00, 0x00, 0xe8, 0x77, 0x11, 0x00, 0x00, 0xeb, 0xb5, 0x31,
    0xc0, 0xeb, 0x28, 0xc7, 0x05, 0x67, 0xb5, 0x01, 0x00, 0x09, 0x00, 0x00,
    0x00, 0x48, 0xc7, 0xc0, 0xff, 0xff, 0xff, 0xff, 0xeb, 0x15, 0x3c, 0x0d,
    0x0f, 0xb6, 0xc0, 0xb9, 0x0a, 0x00, 0x00, 0x00, 0x0f, 0x45, 0xc8, 0x41,
    0x88, 0x0e, 0xb8, 0x01, 0x00, 0x00, 0x00, 0x48, 0x81, 0xc4, 0x40, 0x01,
    0x00, 0x00, 0x5b, 0x41, 0x5e, 0x5d, 0xc3, 0x66, 0x66, 0x66, 0x66, 0x2e,
    0x0f, 0x1f, 0x84, 0x00, 0x00, 0x00, 0x00, 0x00, 0x55, 0x48, 0x89, 0xe5,
    0x41, 0x57, 0x41, 0x56, 0x41, 0x55, 0x41, 0x54, 0x53, 0x48, 0x81, 0xec,
    0x48, 0x01, 0x00, 0x00, 0x48, 0x89, 0xf3, 0x8d, 0x47, 0xff, 0x83, 0xf8,
    0x01, 0x0f, 0x87, 0x32, 0x01, 0x00, 0x00, 0x48, 0x83, 0x3d, 0x5d, 0xb2,
    0x01, 0x00, 0x00, 0x0f, 0x84, 0x24, 0x01, 0x00, 0x00, 0x48, 0x85, 0xd2,
    0x0f, 0x84, 0x6a, 0x01, 0x00, 0x00, 0x4c, 0x8d, 0xbd, 0xd0, 0xfe, 0xff,
    0xff, 0x4c, 0x8d, 0xb5, 0x98, 0xfe, 0xff, 0xff, 0x48, 0x89, 0x55, 0xd0,
    0x49, 0x89, 0xd5, 0xeb, 0x2a, 0x66, 0x66, 0x66, 0x66, 0x66, 0x66, 0x2e,
    0x0f, 0x1f, 0x84, 0x00, 0x00, 0x00, 0x00, 0x00, 0x48, 0x8b, 0x3d, 0x21,
    0xb2, 0x01, 0x00, 0x4c, 0x89, 0xf6, 0xe8, 0xc1, 0x11, 0x00, 0x00, 0x4c,
    0x01, 0xe3, 0x4d, 0x29, 0xe5, 0x0f, 0x84, 0x23, 0x01, 0x00, 0x00, 0xb8,
    0x07, 0x00, 0x00, 0x00, 0x48, 0xc7, 0x84, 0x05, 0x91, 0xfe, 0xff, 0xff,
    0x00, 0x00, 0x00, 0x00, 0x48, 0x83, 0xc0, 0x08, 0x48, 0x3d, 0x3f, 0x01,
    0x00, 0x00, 0x75, 0xe8, 0x49, 0x81, 0xfd, 0x00, 0x01, 0x00, 0x00, 0x41,
    0xbc, 0x00, 0x01, 0x00, 0x00, 0x4d, 0x0f, 0x42, 0xe5, 0x48, 0xc7, 0x85,
    0x98, 0xfe, 0xff, 0xff, 0x02, 0x00, 0x00, 0x00, 0xbf, 0x0b, 0x00, 0x00,
    0x00, 0xe8, 0x72, 0x10, 0x00, 0x00, 0x48, 0x89, 0x85, 0xa0, 0xfe, 0xff,
    0xff, 0xc7, 0x85, 0xc8, 0xfe, 0xff, 0xff, 0x00, 0x00, 0x00, 0x00, 0x44,
    0x89, 0xa5, 0xcc, 0xfe, 0xff, 0xff, 0x49, 0x83, 0xfd, 0x04, 0x73, 0x04,
    0x31, 0xc0, 0xeb, 0x48, 0x44, 0x89, 0xe1, 0x81, 0xe1, 0xfc, 0x01, 0x00,
    0x00, 0x31, 0xc0, 0x0f, 0x1f, 0x44, 0x00, 0x00, 0x0f, 0xb6, 0x14, 0x03,
    0x88, 0x94, 0x05, 0xd0, 0xfe, 0xff, 0xff, 0x0f, 0xb6, 0x54, 0x03, 0x01,
    0x88, 0x94, 0x05, 0xd1, 0xfe, 0xff, 0xff, 0x0f, 0xb6, 0x54, 0x03, 0x02,
    0x88, 0x94, 0x05, 0xd2, 0xfe, 0xff, 0xff, 0x0f, 0xb6, 0x54, 0x03, 0x03,
    0x88, 0x94, 0x05, 0xd3, 0xfe, 0xff, 0xff, 0x48, 0x83, 0xc0, 0x04, 0x48,
    0x39, 0xc1, 0x75, 0xc8, 0x44, 0x89, 0xe1, 0x83, 0xe1, 0x03, 0x0f, 0x84,
    0x2c, 0xff, 0xff, 0xff, 0x49, 0x8d, 0x14, 0x07, 0x48, 0x01, 0xd8, 0x31,
    0xf6, 0x0f, 0x1f, 0x00, 0x0f, 0xb6, 0x3c, 0x30, 0x40, 0x88, 0x3c, 0x32,
    0x48, 0xff, 0xc6, 0x48, 0x39, 0xf1, 0x75, 0xf0, 0xe9, 0x0b, 0xff, 0xff,
    0xff, 0x83, 0xf8, 0x01, 0x77, 0x4e, 0x48, 0x85, 0xd2, 0x74, 0x45, 0x49,
    0x89, 0xd7, 0x49, 0x89, 0xd4, 0x66, 0x66, 0x2e, 0x0f, 0x1f, 0x84, 0x00,
    0x00, 0x00, 0x00, 0x00, 0x49, 0x81, 0xfc, 0x00, 0x10, 0x00, 0x00, 0x41,
    0xbe, 0x00, 0x10, 0x00, 0x00, 0x4d, 0x0f, 0x42, 0xf4, 0xbf, 0x0d, 0x00,
    0x00, 0x00, 0x48, 0x89, 0xde, 0x4c, 0x89, 0xf2, 0xe8, 0xcf, 0x0f, 0x00,
    0x00, 0x4c, 0x01, 0xf3, 0x4d, 0x29, 0xf4, 0x75, 0xd7, 0x4c, 0x89, 0xf8,
    0xeb, 0x2b, 0x48, 0x8b, 0x45, 0xd0, 0xeb, 0x25, 0x31, 0xc0, 0xeb, 0x21,
    0x48, 0x89, 0xde, 0xe8, 0xf0, 0x11, 0x00, 0x00, 0x85, 0xc0, 0x78, 0x04,
    0x89, 0xc0, 0xeb, 0x11, 0xc7, 0x05, 0x6e, 0xb3, 0x01, 0x00, 0x09, 0x00,
    0x00, 0x00, 0x48, 0xc7, 0xc0, 0xff, 0xff, 0xff, 0xff, 0x48, 0x81, 0xc4,
    0x48, 0x01, 0x00, 0x00, 0x5b, 0x41, 0x5c, 0x41, 0x5d, 0x41, 0x5e, 0x41,
    0x5f, 0x5d, 0xc3, 0x0f, 0x1f, 0x44, 0x00, 0x00, 0x55, 0x48, 0x89, 0xe5,
    0x89, 0xf0, 0x83, 0xe0, 0x03, 0x31, 0xc9, 0x83, 0xf8, 0x01, 0x0f, 0x94,
    0xc1, 0x83, 0xf8, 0x02, 0x0f, 0x44, 0xc8, 0xc1, 0xee, 0x07, 0x83, 0xe6,
    0x0c, 0x09, 0xce, 0xe8, 0x4c, 0x11, 0x00, 0x00, 0x85, 0xc0, 0x78, 0x02,
    0x5d, 0xc3, 0xc7, 0x05, 0x1c, 0xb3, 0x01, 0x00, 0x02, 0x00, 0x00, 0x00,
    0xb8, 0xff, 0xff, 0xff, 0xff, 0x5d, 0xc3, 0x0f, 0x1f, 0x44, 0x00, 0x00,
    0x55, 0x48, 0x89, 0xe5, 0xe8, 0xa7, 0x11, 0x00, 0x00, 0x31, 0xc0, 0x5d,
    0xc3, 0x0f, 0x1f, 0x00, 0x55, 0x48, 0x89, 0xe5, 0xe8, 0xa7, 0x15, 0x00,
    0x00, 0x85, 0xc0, 0x78, 0x04, 0x89, 0xc0, 0x5d, 0xc3, 0xc7, 0x05, 0xe5,
    0xb2, 0x01, 0x00, 0x09, 0x00, 0x00, 0x00, 0x48, 0xc7, 0xc0, 0xff, 0xff,
    0xff, 0xff, 0x5d, 0xc3, 0x66, 0x66, 0x66, 0x2e, 0x0f, 0x1f, 0x84, 0x00,
    0x00, 0x00, 0x00, 0x00, 0x55, 0x48, 0x89, 0xe5, 0x48, 0x83, 0xec, 0x50,
    0x48, 0x8d, 0x55, 0xb8, 0xbe, 0x13, 0x74, 0x48, 0x40, 0x31, 0xc0, 0xe8,
    0xf8, 0x09, 0x00, 0x00, 0x31, 0xc9, 0x85, 0xc0, 0x0f, 0x94, 0xc1, 0x89,
    0xc8, 0x48, 0x83, 0xc4, 0x50, 0x5d, 0xc3, 0x66, 0x0f, 0x1f, 0x84, 0x00,
    0x00, 0x00, 0x00, 0x00, 0x55, 0x48, 0x89, 0xe5, 0x48, 0x85, 0xf6, 0x74,
    0x10, 0x48, 0x89, 0xf2, 0xbe, 0x13, 0x74, 0x48, 0x40, 0x31, 0xc0, 0x5d,
    0xe9, 0xc7, 0x09, 0x00, 0x00, 0xb8, 0xff, 0xff, 0xff, 0xff, 0x5d, 0xc3,
    0x55, 0x48, 0x89, 0xe5, 0x41, 0x57, 0x41, 0x56, 0x41, 0x54, 0x53, 0x48,
    0x85, 0xf6, 0x74, 0x6e, 0x48, 0x89, 0xf3, 0x41, 0x89, 0xff, 0x45, 0x31,
    0xf6, 0xba, 0x68, 0x00, 0x00, 0x00, 0x48, 0x89, 0xf7, 0x31, 0xf6, 0xe8,
    0xa8, 0x46, 0x01, 0x00, 0x44, 0x89, 0xff, 0x31, 0xf6, 0xba, 0x01, 0x00,
    0x00, 0x00, 0xe8, 0xf9, 0x14, 0x00, 0x00, 0x85, 0xc0, 0x78, 0x4b, 0x41,
    0x89, 0xc4, 0x44, 0x89, 0xff, 0x31, 0xf6, 0xba, 0x02, 0x00, 0x00, 0x00,
    0xe8, 0xe3, 0x14, 0x00, 0x00, 0x85, 0xc0, 0x78, 0x52, 0x89, 0xc0, 0x48,
    0x89, 0x43, 0x10, 0x45, 0x31, 0xf6, 0x44, 0x89, 0xff, 0x44, 0x89, 0xe6,
    0x31, 0xd2, 0xe8, 0xc9, 0x14, 0x00, 0x00, 0x85, 0xc0, 0x79, 0x0a, 0xc7,
    0x05, 0x0b, 0xb2, 0x01, 0x00, 0x09, 0x00, 0x00, 0x00, 0xc7, 0x43, 0x04,
    0x00, 0x80, 0x00, 0x00, 0xeb, 0x32, 0x41, 0xbe, 0xff, 0xff, 0xff, 0xff,
    0xeb, 0x2a, 0xc7, 0x05, 0xf0, 0xb1, 0x01, 0x00, 0x09, 0x00, 0x00, 0x00,
    0x44, 0x89, 0xff, 0x31, 0xf6, 0xba, 0x02, 0x00, 0x00, 0x00, 0xe8, 0x91,
    0x14, 0x00, 0x00, 0x85, 0xc0, 0x79, 0x0d, 0xc7, 0x05, 0xd3, 0xb1, 0x01,
    0x00, 0x09, 0x00, 0x00, 0x00, 0x45, 0x31, 0xf6, 0x44, 0x89, 0xf0, 0x5b,
    0x41, 0x5c, 0x41, 0x5e, 0x41, 0x5f, 0x5d, 0xc3, 0x0f, 0x1f, 0x40, 0x00,
    0x55, 0x48, 0x89, 0xe5, 0x41, 0x56, 0x53, 0x48, 0x85, 0xf6, 0x74, 0x1e,
    0x31, 0xdb, 0xba, 0x68, 0x00, 0x00, 0x00, 0x48, 0x89, 0xf7, 0x49, 0x89,
    0xf6, 0x31, 0xf6, 0xe8, 0xf0, 0x45, 0x01, 0x00, 0x41, 0xc7, 0x46, 0x04,
    0x00, 0x80, 0x00, 0x00, 0xeb, 0x05, 0xbb, 0xff, 0xff, 0xff, 0xff, 0x89,
    0xd8, 0x5b, 0x41, 0x5e, 0x5d, 0xc3, 0x66, 0x2e, 0x0f, 0x1f, 0x84, 0x00,
    0x00, 0x00, 0x00, 0x00, 0x55, 0x48, 0x89, 0xe5, 0xe8, 0x97, 0x14, 0x00,
    0x00, 0x89, 0xc1, 0x31, 0xc0, 0x85, 0xc9, 0x78, 0x02, 0x5d, 0xc3, 0xc7,
    0x05, 0x63, 0xb1, 0x01, 0x00, 0x02, 0x00, 0x00, 0x00, 0xb8, 0xff, 0xff,
    0xff, 0xff, 0x5d, 0xc3, 0x66, 0x66, 0x66, 0x2e, 0x0f, 0x1f, 0x84, 0x00,
    0x00, 0x00, 0x00, 0x00, 0x55, 0x48, 0x89, 0xe5, 0xc7, 0x05, 0x42, 0xb1,
    0x01, 0x00, 0x58, 0x00, 0x00, 0x00, 0xb8, 0xff, 0xff, 0xff, 0xff, 0x5d,
    0xc3, 0x66, 0x66, 0x2e, 0x0f, 0x1f, 0x84, 0x00, 0x00, 0x00, 0x00, 0x00,
    0x55, 0x48, 0x89, 0xe5, 0x41, 0x56, 0x53, 0x48, 0x89, 0xfb, 0x4c, 0x8b,
    0x35, 0x7f, 0xae, 0x01, 0x00, 0x4d, 0x85, 0xf6, 0x75, 0x11, 0x31, 0xff,
    0xe8, 0x93, 0x14, 0x00, 0x00, 0x4c, 0x63, 0xf0, 0x4c, 0x89, 0x35, 0x69,
    0xae, 0x01, 0x00, 0x4c, 0x01, 0xf3, 0x48, 0x89, 0xdf, 0xe8, 0x7e, 0x14,
    0x00, 0x00, 0x85, 0xc0, 0x78, 0x09, 0x48, 0x89, 0x1d, 0x53, 0xae, 0x01,
    0x00, 0xeb, 0x11, 0xc7, 0x05, 0xe7, 0xb0, 0x01, 0x00, 0x0c, 0x00, 0x00,
    0x00, 0x49, 0xc7, 0xc6, 0xff, 0xff, 0xff, 0xff, 0x4c, 0x89, 0xf0, 0x5b,
    0x41, 0x5e, 0x5d, 0xc3, 0x0f, 0x1f, 0x84, 0x00, 0x00, 0x00, 0x00, 0x00,
    0x55, 0x48, 0x89, 0xe5, 0x5d, 0xe9, 0x16, 0x13, 0x00, 0x00, 0x66, 0x0f,
    0x1f, 0x44, 0x00, 0x00, 0x55, 0x48, 0x89, 0xe5, 0x5d, 0xe9, 0x76, 0x0f,
    0x00, 0x00, 0x66, 0x0f, 0x1f, 0x44, 0x00, 0x00, 0x55, 0x48, 0x89, 0xe5,
    0x53, 0x50, 0x48, 0x89, 0xfb, 0xe8, 0xe2, 0x13, 0x00, 0x00, 0x31, 0xc9,
    0x85, 0xc0, 0x48, 0x0f, 0x49, 0xcb, 0x48, 0x89, 0xc8, 0x48, 0x83, 0xc4,
    0x08, 0x5b, 0x5d, 0xc3, 0x55, 0x48, 0x89, 0xe5, 0x5d, 0xe9, 0xe6, 0x13,
    0x00, 0x00, 0x66, 0x0f, 0x1f, 0x44, 0x00, 0x00, 0x48, 0x85, 0xff, 0x74,
    0x3c, 0x55, 0x48, 0x89, 0xe5, 0xb8, 0x0e, 0x00, 0x00, 0x00, 0x0f, 0x05,
    0x48, 0x89, 0xc1, 0x48, 0xc1, 0xe8, 0x03, 0x48, 0xba, 0xcf, 0xf7, 0x53,
    0xe3, 0xa5, 0x9b, 0xc4, 0x20, 0x48, 0xf7, 0xe2, 0x48, 0xc1, 0xea, 0x04,
    0x48, 0x89, 0x17, 0x48, 0x69, 0xc2, 0xe8, 0x03, 0x00, 0x00, 0x48, 0x29,
    0xc1, 0x48, 0x69, 0xc1, 0xe8, 0x03, 0x00, 0x00, 0x48, 0x89, 0x47, 0x08,
    0x5d, 0x31, 0xc0, 0xc3, 0x66, 0x66, 0x66, 0x2e, 0x0f, 0x1f, 0x84, 0x00,
    0x00, 0x00, 0x00, 0x00, 0x48, 0x85, 0xff, 0x74, 0x3c, 0x55, 0x48, 0x89,
    0xe5, 0xb8, 0x0e, 0x00, 0x00, 0x00, 0x0f, 0x05, 0x48, 0x89, 0xc1, 0x48,
    0xc1, 0xe8, 0x03, 0x48, 0xba, 0xcf, 0xf7, 0x53, 0xe3, 0xa5, 0x9b, 0xc4,
    0x20, 0x48, 0xf7, 0xe2, 0x48, 0xc1, 0xea, 0x04, 0x48, 0x89, 0x17, 0x48,
    0x69, 0xc2, 0xe8, 0x03, 0x00, 0x00, 0x48, 0x29, 0xc1, 0x48, 0x69, 0xc1,
    0xe8, 0x03, 0x00, 0x00, 0x48, 0x89, 0x47, 0x08, 0x5d, 0x31, 0xc0, 0xc3,
    0x66, 0x66, 0x66, 0x2e, 0x0f, 0x1f, 0x84, 0x00, 0x00, 0x00, 0x00, 0x00,
    0x55, 0x48, 0x89, 0xe5, 0x5d, 0xe9, 0x56, 0xf9, 0xff, 0xff, 0x66, 0x0f,
    0x1f, 0x44, 0x00, 0x00, 0x55, 0x48, 0x89, 0xe5, 0x5d, 0xe9, 0x96, 0xfa,
    0xff, 0xff, 0x66, 0x0f, 0x1f, 0x44, 0x00, 0x00, 0x55, 0x48, 0x89, 0xe5,
    0x89, 0xf0, 0x83, 0xe0, 0x03, 0x31, 0xc9, 0x83, 0xf8, 0x01, 0x0f, 0x94,
    0xc1, 0x83, 0xf8, 0x02, 0x0f, 0x44, 0xc8, 0xc1, 0xee, 0x07, 0x83, 0xe6,
    0x0c, 0x09, 0xce, 0xe8, 0xbc, 0x0d, 0x00, 0x00, 0x85, 0xc0, 0x78, 0x02,
    0x5d, 0xc3, 0xc7, 0x05, 0x8c, 0xaf, 0x01, 0x00, 0x02, 0x00, 0x00, 0x00,
    0xb8, 0xff, 0xff, 0xff, 0xff, 0x5d, 0xc3, 0x0f, 0x1f, 0x44, 0x00, 0x00,
    0x55, 0x48, 0x89, 0xe5, 0xe8, 0x17, 0x0e, 0x00, 0x00, 0x31, 0xc0, 0x5d,
    0xc3, 0x0f, 0x1f, 0x00, 0x55, 0x48, 0x89, 0xe5, 0xe8, 0x17, 0x12, 0x00,
    0x00, 0x85, 0xc0, 0x78, 0x04, 0x89, 0xc0, 0x5d, 0xc3, 0xc7, 0x05, 0x55,
    0xaf, 0x01, 0x00, 0x09, 0x00, 0x00, 0x00, 0x48, 0xc7, 0xc0, 0xff, 0xff,
    0xff, 0xff, 0x5d, 0xc3, 0x66, 0x66, 0x66, 0x2e, 0x0f, 0x1f, 0x84, 0x00,
    0x00, 0x00, 0x00, 0x00, 0x55, 0x48, 0x89, 0xe5, 0x5d, 0xe9, 0xb6, 0xfc,
    0xff, 0xff, 0x66, 0x0f, 0x1f, 0x44, 0x00, 0x00, 0x55, 0x48, 0x89, 0xe5,
    0x41, 0x56, 0x53, 0x48, 0x85, 0xf6, 0x74, 0x1e, 0x31, 0xdb, 0xba, 0x68,
    0x00, 0x00, 0x00, 0x48, 0x89, 0xf7, 0x49, 0x89, 0xf6, 0x31, 0xf6, 0xe8,
    0x60, 0x43, 0x01, 0x00, 0x41, 0xc7, 0x46, 0x04, 0x00, 0x80, 0x00, 0x00,
    0xeb, 0x05, 0xbb, 0xff, 0xff, 0xff, 0xff, 0x89, 0xd8, 0x5b, 0x41, 0x5e,
    0x5d, 0xc3, 0x66, 0x2e, 0x0f, 0x1f, 0x84, 0x00, 0x00, 0x00, 0x00, 0x00,
    0x55, 0x48, 0x89, 0xe5, 0x41, 0x56, 0x53, 0x48, 0x85, 0xf6, 0x74, 0x1e,
    0x31, 0xdb, 0xba, 0x68, 0x00, 0x00, 0x00, 0x48, 0x89, 0xf7, 0x49, 0x89,
    0xf6, 0x31, 0xf6, 0xe8, 0x20, 0x43, 0x01, 0x00, 0x41, 0xc7, 0x46, 0x04,
    0x00, 0x80, 0x00, 0x00, 0xeb, 0x05, 0xbb, 0xff, 0xff, 0xff, 0xff, 0x89,
    0xd8, 0x5b, 0x41, 0x5e, 0x5d, 0xc3, 0x66, 0x2e, 0x0f, 0x1f, 0x84, 0x00,
    0x00, 0x00, 0x00, 0x00, 0x55, 0x48, 0x89, 0xe5, 0xe8, 0xc7, 0x11, 0x00,
    0x00, 0x89, 0xc1, 0x31, 0xc0, 0x85, 0xc9, 0x78, 0x02, 0x5d, 0xc3, 0xc7,
    0x05, 0x93, 0xae, 0x01, 0x00, 0x02, 0x00, 0x00, 0x00, 0xb8, 0xff, 0xff,
    0xff, 0xff, 0x5d, 0xc3, 0x66, 0x66, 0x66, 0x2e, 0x0f, 0x1f, 0x84, 0x00,
    0x00, 0x00, 0x00, 0x00, 0x55, 0x48, 0x89, 0xe5, 0x5d, 0xe9, 0x66, 0x10,
    0x00, 0x00, 0x66, 0x0f, 0x1f, 0x44, 0x00, 0x00, 0x55, 0x48, 0x89, 0xe5,
    0xe8, 0x67, 0x10, 0x00, 0x00, 0x85, 0xc0, 0x78, 0x02, 0x5d, 0xc3, 0xf7,
    0xd8, 0x89, 0x05, 0x59, 0xae, 0x01, 0x00, 0xb8, 0xff, 0xff, 0xff, 0xff,
    0x5d, 0xc3, 0x66, 0x90, 0x55, 0x48, 0x89, 0xe5, 0xe8, 0x47, 0x10, 0x00,
    0x00, 0x85, 0xc0, 0x78, 0x02, 0x5d, 0xc3, 0xf7, 0xd8, 0x89, 0x05, 0x39,
    0xae, 0x01, 0x00, 0xb8, 0xff, 0xff, 0xff, 0xff, 0x5d, 0xc3, 0x66, 0x90,
    0x55, 0x48, 0x89, 0xe5, 0xb8, 0xff, 0xff, 0xff, 0xff, 0x5d, 0xc3, 0x0f,
    0x1f, 0x44, 0x00, 0x00, 0x55, 0x48, 0x89, 0xe5, 0x48, 0x89, 0xfe, 0xbf,
    0xff, 0xff, 0xff, 0xff, 0x31, 0xd2, 0x5d, 0xe9, 0x2c, 0x10, 0x00, 0x00,
    0x66, 0x66, 0x66, 0x2e, 0x0f, 0x1f, 0x84, 0x00, 0x00, 0x00, 0x00, 0x00,
    0x55, 0x48, 0x89, 0xe5, 0x31, 0xc0, 0x5d, 0xc3, 0x0f, 0x1f, 0x84, 0x00,
    0x00, 0x00, 0x00, 0x00, 0x55, 0x48, 0x89, 0xe5, 0x5d, 0xe9, 0x26, 0x10,
    0x00, 0x00, 0x66, 0x0f, 0x1f, 0x44, 0x00, 0x00, 0x55, 0x48, 0x89, 0xe5,
    0x41, 0x56, 0x53, 0x48, 0x89, 0xfb, 0x4c, 0x8b, 0x35, 0x2f, 0xab, 0x01,
    0x00, 0x4d, 0x85, 0xf6, 0x75, 0x11, 0x31, 0xff, 0xe8, 0x43, 0x11, 0x00,
    0x00, 0x4c, 0x63, 0xf0, 0x4c, 0x89, 0x35, 0x19, 0xab, 0x01, 0x00, 0x4c,
    0x01, 0xf3, 0x48, 0x89, 0xdf, 0xe8, 0x2e, 0x11, 0x00, 0x00, 0x85, 0xc0,
    0x78, 0x09, 0x48, 0x89, 0x1d, 0x03, 0xab, 0x01, 0x00, 0xeb, 0x11, 0xc7,
    0x05, 0x97, 0xad, 0x01, 0x00, 0x0c, 0x00, 0x00, 0x00, 0x49, 0xc7, 0xc6,
    0xff, 0xff, 0xff, 0xff, 0x4c, 0x89, 0xf0, 0x5b, 0x41, 0x5e, 0x5d, 0xc3,
    0x0f, 0x1f, 0x84, 0x00, 0x00, 0x00, 0x00, 0x00, 0x55, 0x48, 0x89, 0xe5,
    0x5d, 0xe9, 0xc6, 0x0f, 0x00, 0x00, 0x66, 0x0f, 0x1f, 0x44, 0x00, 0x00,
    0x55, 0x48, 0x89, 0xe5, 0x53, 0x50, 0x48, 0x89, 0xfb, 0xe8, 0xa2, 0x10,
    0x00, 0x00, 0x31, 0xc9, 0x85, 0xc0, 0x48, 0x0f, 0x49, 0xcb, 0x48, 0x89,
    0xc8, 0x48, 0x83, 0xc4, 0x08, 0x5b, 0x5d, 0xc3, 0x55, 0x48, 0x89, 0xe5,
    0x5d, 0xe9, 0xa6, 0x10, 0x00, 0x00, 0x66, 0x0f, 0x1f, 0x44, 0x00, 0x00,
    0x55, 0x48, 0x89, 0xe5, 0x5d, 0xe9, 0xf6, 0x0b, 0x00, 0x00, 0x66, 0x0f,
    0x1f, 0x44, 0x00, 0x00, 0x55, 0x48, 0x89, 0xe5, 0x5d, 0xe9, 0xb6, 0x0f,
    0x00, 0x00, 0x66, 0x0f, 0x1f, 0x44, 0x00, 0x00, 0x55, 0x48, 0x89, 0xe5,
    0x5d, 0xe9, 0x86, 0x0f, 0x00, 0x00, 0x66, 0x0f, 0x1f, 0x44, 0x00, 0x00,
    0x55, 0x48, 0x89, 0xe5, 0x31, 0xc0, 0x5d, 0xc3, 0x0f, 0x1f, 0x84, 0x00,
    0x00, 0x00, 0x00, 0x00, 0x55, 0x48, 0x89, 0xe5, 0x31, 0xc0, 0x5d, 0xc3,
    0x0f, 0x1f, 0x84, 0x00, 0x00, 0x00, 0x00, 0x00, 0x55, 0x48, 0x89, 0xe5,
    0x31, 0xc0, 0x5d, 0xc3, 0x0f, 0x1f, 0x84, 0x00, 0x00, 0x00, 0x00, 0x00,
    0x55, 0x48, 0x89, 0xe5, 0x31, 0xc0, 0x5d, 0xc3, 0x0f, 0x1f, 0x84, 0x00,
    0x00, 0x00, 0x00, 0x00, 0x55, 0x48, 0x89, 0xe5, 0x31, 0xc0, 0x5d, 0xc3,
    0x0f, 0x1f, 0x84, 0x00, 0x00, 0x00, 0x00, 0x00, 0x55, 0x48, 0x89, 0xe5,
    0x31, 0xc0, 0x5d, 0xc3, 0x0f, 0x1f, 0x84, 0x00, 0x00, 0x00, 0x00, 0x00,
    0x55, 0x48, 0x89, 0xe5, 0x31, 0xc0, 0x5d, 0xc3, 0x0f, 0x1f, 0x84, 0x00,
    0x00, 0x00, 0x00, 0x00, 0x55, 0x48, 0x89, 0xe5, 0x31, 0xc0, 0x5d, 0xc3,
    0x0f, 0x1f, 0x84, 0x00, 0x00, 0x00, 0x00, 0x00, 0x55, 0x48, 0x89, 0xe5,
    0x31, 0xc0, 0x5d, 0xc3, 0x0f, 0x1f, 0x84, 0x00, 0x00, 0x00, 0x00, 0x00,
    0x48, 0x85, 0xff, 0x74, 0x11, 0x55, 0x48, 0x89, 0xe5, 0xba, 0x08, 0x00,
    0x00, 0x00, 0x31, 0xf6, 0xe8, 0xbb, 0x40, 0x01, 0x00, 0x5d, 0x31, 0xc0,
    0xc3, 0x0f, 0x1f, 0x80, 0x00, 0x00, 0x00, 0x00, 0x48, 0x85, 0xff, 0x74,
    0x14, 0x55, 0x48, 0x89, 0xe5, 0xba, 0x08, 0x00, 0x00, 0x00, 0xbe, 0xff,
    0x00, 0x00, 0x00, 0xe8, 0x98, 0x40, 0x01, 0x00, 0x5d, 0x31, 0xc0, 0xc3,
    0x0f, 0x1f, 0x40, 0x00, 0x55, 0x48, 0x89, 0xe5, 0x48, 0x85, 0xff, 0x74,
    0x1d, 0x89, 0xf1, 0x80, 0xe1, 0x07, 0xb8, 0x01, 0x00, 0x00, 0x00, 0xd3,
    0xe0, 0x8d, 0x4e, 0x07, 0x85, 0xf6, 0x0f, 0x49, 0xce, 0xc1, 0xf9, 0x03,
    0x48, 0x63, 0xc9, 0x08, 0x04, 0x0f, 0x31, 0xc0, 0x5d, 0xc3, 0x66, 0x0f,
    0x1f, 0x44, 0x00, 0x00, 0x55, 0x48, 0x89, 0xe5, 0x48, 0x85, 0xff, 0x74,
    0x1f, 0x89, 0xf1, 0x80, 0xe1, 0x07, 0xb8, 0x01, 0x00, 0x00, 0x00, 0xd3,
    0xe0, 0x8d, 0x4e, 0x07, 0x85, 0xf6, 0x0f, 0x49, 0xce, 0xc1, 0xf9, 0x03,
    0x48, 0x63, 0xc9, 0xf6, 0xd0, 0x20, 0x04, 0x0f, 0x31, 0xc0, 0x5d, 0xc3,
    0x0f, 0x1f, 0x40, 0x00, 0x55, 0x48, 0x89, 0xe5, 0x48, 0x85, 0xff, 0x74,
    0x1e, 0x8d, 0x46, 0x07, 0x85, 0xf6, 0x0f, 0x49, 0xc6, 0xc1, 0xf8, 0x03,
    0x48, 0x98, 0x0f, 0xb6, 0x0c, 0x07, 0x83, 0xe6, 0x07, 0x31, 0xc0, 0x0f,
    0xa3, 0xf1, 0x0f, 0x92, 0xc0, 0x5d, 0xc3, 0x31, 0xc0, 0x5d, 0xc3, 0x0f,
    0x1f, 0x44, 0x00, 0x00, 0x55, 0x48, 0x89, 0xe5, 0x31, 0xc0, 0x5d, 0xc3,
    0x0f, 0x1f, 0x84, 0x00, 0x00, 0x00, 0x00, 0x00, 0x55, 0x48, 0x89, 0xe5,
    0x31, 0xc0, 0x5d, 0xc3, 0x0f, 0x1f, 0x84, 0x00, 0x00, 0x00, 0x00, 0x00,
    0x55, 0x48, 0x89, 0xe5, 0x31, 0xc0, 0x5d, 0xc3, 0x0f, 0x1f, 0x84, 0x00,
    0x00, 0x00, 0x00, 0x00, 0x55, 0x48, 0x89, 0xe5, 0x31, 0xc0, 0x5d, 0xc3,
    0x0f, 0x1f, 0x84, 0x00, 0x00, 0x00, 0x00, 0x00, 0x55, 0x48, 0x89, 0xe5,
    0x31, 0xc0, 0x5d, 0xc3, 0x0f, 0x1f, 0x84, 0x00, 0x00, 0x00, 0x00, 0x00,
    0x55, 0x48, 0x89, 0xe5, 0x31, 0xc0, 0x5d, 0xc3, 0x0f, 0x1f, 0x84, 0x00,
    0x00, 0x00, 0x00, 0x00, 0x55, 0x48, 0x89, 0xe5, 0x31, 0xc0, 0x5d, 0xc3,
    0x0f, 0x1f, 0x84, 0x00, 0x00, 0x00, 0x00, 0x00, 0x55, 0x48, 0x89, 0xe5,
    0x31, 0xc0, 0x5d, 0xc3, 0x0f, 0x1f, 0x84, 0x00, 0x00, 0x00, 0x00, 0x00,
    0x55, 0x48, 0x89, 0xe5, 0x31, 0xc0, 0x5d, 0xc3, 0x0f, 0x1f, 0x84, 0x00,
    0x00, 0x00, 0x00, 0x00, 0x55, 0x48, 0x89, 0xe5, 0xb8, 0xff, 0xff, 0xff,
    0xff, 0x5d, 0xc3, 0x0f, 0x1f, 0x44, 0x00, 0x00, 0x55, 0x48, 0x89, 0xe5,
    0x31, 0xc0, 0x5d, 0xc3, 0x0f, 0x1f, 0x84, 0x00, 0x00, 0x00, 0x00, 0x00,
    0x55, 0x48, 0x89, 0xe5, 0x31, 0xc0, 0x5d, 0xc3, 0x0f, 0x1f, 0x84, 0x00,
    0x00, 0x00, 0x00, 0x00, 0x48, 0x85, 0xff, 0x74, 0x11, 0x55, 0x48, 0x89,
    0xe5, 0xba, 0x20, 0x00, 0x00, 0x00, 0x31, 0xf6, 0xe8, 0x2b, 0x3f, 0x01,
    0x00, 0x5d, 0x31, 0xc0, 0xc3, 0x0f, 0x1f, 0x80, 0x00, 0x00, 0x00, 0x00,
    0x55, 0x48, 0x89, 0xe5, 0x48, 0x63, 0xc7, 0x0f, 0xb6, 0x80, 0xe1, 0xed,
    0x41, 0x00, 0x83, 0xe0, 0x07, 0x5d, 0xc3, 0x66, 0x66, 0x66, 0x66, 0x2e,
    0x0f, 0x1f, 0x84, 0x00, 0x00, 0x00, 0x00, 0x00, 0x55, 0x48, 0x89, 0xe5,
    0x48, 0x63, 0xc7, 0x0f, 0xb6, 0x80, 0xe1, 0xed, 0x41, 0x00, 0x83, 0xe0,
    0x20, 0x5d, 0xc3, 0x66, 0x66, 0x66, 0x66, 0x2e, 0x0f, 0x1f, 0x84, 0x00,
    0x00, 0x00, 0x00, 0x00, 0x55, 0x48, 0x89, 0xe5, 0x48, 0x63, 0xc7, 0x0f,
    0xb6, 0x88, 0xe1, 0xed, 0x41, 0x00, 0x80, 0xe1, 0x03, 0x31, 0xc0, 0x80,
    0xf9, 0x02, 0x0f, 0x94, 0xc0, 0x5d, 0xc3, 0x0f, 0x1f, 0x44, 0x00, 0x00,
    0x55, 0x48, 0x89, 0xe5, 0x48, 0x63, 0xc7, 0x0f, 0xb6, 0x80, 0xe1, 0xed,
    0x41, 0x00, 0x83, 0xe0, 0x08, 0x5d, 0xc3, 0x66, 0x66, 0x66, 0x66, 0x2e,
    0x0f, 0x1f, 0x84, 0x00, 0x00, 0x00, 0x00, 0x00, 0x55, 0x48, 0x89, 0xe5,
    0x48, 0x63, 0xc7, 0x0f, 0xb6, 0x80, 0xe1, 0xed, 0x41, 0x00, 0x83, 0xe0,
    0x03, 0x5d, 0xc3, 0x66, 0x66, 0x66, 0x66, 0x2e, 0x0f, 0x1f, 0x84, 0x00,
    0x00, 0x00, 0x00, 0x00, 0x55, 0x48, 0x89, 0xe5, 0x48, 0x63, 0xc7, 0x0f,
    0xb6, 0x80, 0xe1, 0xed, 0x41, 0x00, 0x83, 0xe0, 0x04, 0x5d, 0xc3, 0x66,
    0x66, 0x66, 0x66, 0x2e, 0x0f, 0x1f, 0x84, 0x00, 0x00, 0x00, 0x00, 0x00,
    0x55, 0x48, 0x89, 0xe5, 0x48, 0x63, 0xc7, 0x0f, 0xb6, 0x80, 0xe1, 0xed,
    0x41, 0x00, 0x83, 0xe0, 0x97, 0x5d, 0xc3, 0x66, 0x66, 0x66, 0x66, 0x2e,
    0x0f, 0x1f, 0x84, 0x00, 0x00, 0x00, 0x00, 0x00, 0x55, 0x48, 0x89, 0xe5,
    0x48, 0x63, 0xc7, 0x0f, 0xb6, 0x88, 0xe1, 0xed, 0x41, 0x00, 0x80, 0xe1,
    0x03, 0x31, 0xc0, 0x80, 0xf9, 0x01, 0x0f, 0x94, 0xc0, 0x5d, 0xc3, 0x0f,
    0x1f, 0x44, 0x00, 0x00, 0x55, 0x48, 0x89, 0xe5, 0x48, 0x63, 0xc7, 0x80,
    0xb8, 0xe1, 0xed, 0x41, 0x00, 0x00, 0x0f, 0x98, 0xc1, 0x83, 0xf8, 0x09,
    0x0f, 0x94, 0xc0, 0x08, 0xc8, 0x0f, 0xb6, 0xc0, 0x5d, 0xc3, 0x66, 0x90,
    0x55, 0x48, 0x89, 0xe5, 0x48, 0x63, 0xc7, 0x0f, 0xb6, 0x80, 0xe1, 0xed,
    0x41, 0x00, 0x83, 0xe0, 0x17, 0x5d, 0xc3, 0x66, 0x66, 0x66, 0x66, 0x2e,
    0x0f, 0x1f, 0x84, 0x00, 0x00, 0x00, 0x00, 0x00, 0x55, 0x48, 0x89, 0xe5,
    0x48, 0x63, 0xc7, 0x0f, 0xb6, 0x80, 0xe1, 0xed, 0x41, 0x00, 0x83, 0xe0,
    0x10, 0x5d, 0xc3, 0x66, 0x66, 0x66, 0x66, 0x2e, 0x0f, 0x1f, 0x84, 0x00,
    0x00, 0x00, 0x00, 0x00, 0x55, 0x48, 0x89, 0xe5, 0x48, 0x63, 0xc7, 0x0f,
    0xb6, 0x80, 0xe1, 0xed, 0x41, 0x00, 0x83, 0xe0, 0x44, 0x5d, 0xc3, 0x66,
    0x66, 0x66, 0x66, 0x2e, 0x0f, 0x1f, 0x84, 0x00, 0x00, 0x00, 0x00, 0x00,
    0x55, 0x48, 0x89, 0xe5, 0x48, 0x63, 0xcf, 0x0f, 0xb6, 0x91, 0xe1, 0xed,
    0x41, 0x00, 0x80, 0xe2, 0x03, 0x8d, 0x41, 0xe0, 0x80, 0xfa, 0x02, 0x0f,
    0x45, 0xc1, 0x5d, 0xc3, 0x0f, 0x1f, 0x40, 0x00, 0x55, 0x48, 0x89, 0xe5,
    0x48, 0x63, 0xcf, 0x0f, 0xb6, 0x91, 0xe1, 0xed, 0x41, 0x00, 0x80, 0xe2,
    0x03, 0x8d, 0x41, 0x20, 0x80, 0xfa, 0x01, 0x0f, 0x45, 0xc1, 0x5d, 0xc3,
    0x0f, 0x1f, 0x40, 0x00, 0x55, 0x48, 0x89, 0xe5, 0x31, 0xc0, 0x5d, 0xc3,
    0x0f, 0x1f, 0x84, 0x00, 0x00, 0x00, 0x00, 0x00, 0x55, 0x48, 0x89, 0xe5,
    0x31, 0xc0, 0x5d, 0xc3, 0x0f, 0x1f, 0x84, 0x00, 0x00, 0x00, 0x00, 0x00,
    0x55, 0x48, 0x89, 0xe5, 0x5d, 0xe9, 0x06, 0x0b, 0x00, 0x00, 0x66, 0x0f,
    0x1f, 0x44, 0x00, 0x00, 0x55, 0x48, 0x89, 0xe5, 0x5d, 0xe9, 0xc6, 0x0a,
    0x00, 0x00, 0x66, 0x0f, 0x1f, 0x44, 0x00, 0x00, 0x55, 0x48, 0x89, 0xe5,
    0x31, 0xc0, 0x5d, 0xc3, 0x0f, 0x1f, 0x84, 0x00, 0x00, 0x00, 0x00, 0x00,
    0x55, 0x48, 0x89, 0xe5, 0x48, 0x83, 0xec, 0x50, 0x48, 0x89, 0xd0, 0x48,
    0x89, 0xf2, 0x48, 0x89, 0x45, 0xc0, 0x48, 0x89, 0x4d, 0xc8, 0x4c, 0x89,
    0x45, 0xd0, 0x4c, 0x89, 0x4d, 0xd8, 0x48, 0x8d, 0x45, 0xb0, 0x48, 0x89,
    0x45, 0xf0, 0x48, 0x8d, 0x45, 0x10, 0x48, 0x89, 0x45, 0xe8, 0x48, 0xb8,
    0x10, 0x00, 0x00, 0x00, 0x30, 0x00, 0x00, 0x00, 0x48, 0x89, 0x45, 0xe0,
    0xb9, 0x10, 0x00, 0x00, 0x00, 0x48, 0x83, 0xf9, 0x28, 0x77, 0x11, 0xb8,
    0x10, 0x00, 0x00, 0x00, 0x48, 0x03, 0x45, 0xf0, 0x83, 0xc1, 0x08, 0x89,
    0x4d, 0xe0, 0xeb, 0x0c, 0x48, 0x8b, 0x45, 0xe8, 0x48, 0x8d, 0x48, 0x08,
    0x48, 0x89, 0x4d, 0xe8, 0x48, 0x8b, 0x08, 0x48, 0x63, 0xf7, 0xbf, 0x58,
    0x00, 0x00, 0x00, 0xe8, 0x9c, 0x04, 0x00, 0x00, 0x48, 0x83, 0xc4, 0x50,
    0x5d, 0xc3, 0x66, 0x0f, 0x1f, 0x44, 0x00, 0x00, 0x55, 0x48, 0x89, 0xe5,
    0x48, 0x85, 0xff, 0x74, 0x06, 0x48, 0x8b, 0x47, 0x38, 0x5d, 0xc3, 0x31,
    0xc0, 0x5d, 0xc3, 0x66, 0x66, 0x66, 0x66, 0x2e, 0x0f, 0x1f, 0x84, 0x00,
    0x00, 0x00, 0x00, 0x00, 0x55, 0x48, 0x89, 0xe5, 0x48, 0x85, 0xff, 0x74,
    0x06, 0x48, 0x8b, 0x47, 0x40, 0x5d, 0xc3, 0x31, 0xc0, 0x5d, 0xc3, 0x66,
    0x66, 0x66, 0x66, 0x2e, 0x0f, 0x1f, 0x84, 0x00, 0x00, 0x00, 0x00, 0x00,
    0x55, 0x48, 0x89, 0xe5, 0x48, 0x85, 0xff, 0x74, 0x04, 0x48, 0x89, 0x77,
    0x38, 0x31, 0xc0, 0x5d, 0xc3, 0x66, 0x66, 0x66, 0x66, 0x66, 0x66, 0x2e,
    0x0f, 0x1f, 0x84, 0x00, 0x00, 0x00, 0x00, 0x00, 0x55, 0x48, 0x89, 0xe5,
    0x48, 0x85, 0xff, 0x74, 0x04, 0x48, 0x89, 0x77, 0x40, 0x31, 0xc0, 0x5d,
    0xc3, 0x66, 0x66, 0x66, 0x66, 0x66, 0x66, 0x2e, 0x0f, 0x1f, 0x84, 0x00,
    0x00, 0x00, 0x00, 0x00, 0x55, 0x48, 0x89, 0xe5, 0x48, 0x85, 0xff, 0x74,
    0x08, 0x48, 0x89, 0x77, 0x38, 0x48, 0x89, 0x77, 0x40, 0x31, 0xc0, 0x5d,
    0xc3, 0x66, 0x66, 0x2e, 0x0f, 0x1f, 0x84, 0x00, 0x00, 0x00, 0x00, 0x00,
    0x55, 0x48, 0x89, 0xe5, 0x48, 0x85, 0xd2, 0x0f, 0x94, 0xc0, 0x83, 0xe6,
    0xef, 0x83, 0xfe, 0x03, 0x0f, 0x93, 0xc1, 0x08, 0xc1, 0x75, 0x0d, 0xbe,
    0x14, 0x74, 0x48, 0x80, 0x31, 0xc0, 0x5d, 0xe9, 0xbc, 0xfe, 0xff, 0xff,
    0xb8, 0xff, 0xff, 0xff, 0xff, 0x5d, 0xc3, 0x0f, 0x1f, 0x44, 0x00, 0x00,
    0x55, 0x48, 0x89, 0xe5, 0x31, 0xc0, 0x5d, 0xc3, 0x0f, 0x1f, 0x84, 0x00,
    0x00, 0x00, 0x00, 0x00, 0x55, 0x48, 0x89, 0xe5, 0x31, 0xc0, 0x5d, 0xc3,
    0x0f, 0x1f, 0x84, 0x00, 0x00, 0x00, 0x00, 0x00, 0x55, 0x48, 0x89, 0xe5,
    0x31, 0xc0, 0x5d, 0xc3, 0x0f, 0x1f, 0x84, 0x00, 0x00, 0x00, 0x00, 0x00,
    0x55, 0x48, 0x89, 0xe5, 0x31, 0xc0, 0x5d, 0xc3, 0x0f, 0x1f, 0x84, 0x00,
    0x00, 0x00, 0x00, 0x00, 0x55, 0x48, 0x89, 0xe5, 0x48, 0x85, 0xff, 0x74,
    0x2a, 0x66, 0x81, 0x27, 0x14, 0xfc, 0x80, 0x67, 0x08, 0xfe, 0x66, 0x81,
    0x67, 0x18, 0x67, 0xfa, 0x48, 0xc7, 0xc0, 0xff, 0xec, 0xff, 0xff, 0x48,
    0x23, 0x47, 0x10, 0x48, 0x0d, 0x00, 0x03, 0x00, 0x00, 0x48, 0x89, 0x47,
    0x10, 0x66, 0xc7, 0x47, 0x30, 0x01, 0x00, 0x5d, 0xc3, 0x66, 0x66, 0x2e,
    0x0f, 0x1f, 0x84, 0x00, 0x00, 0x00, 0x00, 0x00, 0x55, 0x48, 0x89, 0xe5,
    0x48, 0x83, 0xec, 0x50, 0x48, 0x8d, 0x55, 0xb8, 0xbe, 0x13, 0x74, 0x48,
    0x40, 0x31, 0xc0, 0xe8, 0x18, 0xfe, 0xff, 0xff, 0x31, 0xc9, 0x85, 0xc0,
    0x0f, 0x94, 0xc1, 0x89, 0xc8, 0x48, 0x83, 0xc4, 0x50, 0x5d, 0xc3, 0x66,
    0x0f, 0x1f, 0x84, 0x00, 0x00, 0x00, 0x00, 0x00, 0x48, 0x85, 0xf6, 0x74,
    0x3c, 0x55, 0x48, 0x89, 0xe5, 0xb8, 0x0e, 0x00, 0x00, 0x00, 0x0f, 0x05,
    0x48, 0x89, 0xc1, 0x48, 0xc1, 0xe8, 0x03, 0x48, 0xba, 0xcf, 0xf7, 0x53,
    0xe3, 0xa5, 0x9b, 0xc4, 0x20, 0x48, 0xf7, 0xe2, 0x48, 0xc1, 0xea, 0x04,
    0x48, 0x89, 0x16, 0x48, 0x69, 0xc2, 0xe8, 0x03, 0x00, 0x00, 0x48, 0x29,
    0xc1, 0x48, 0x69, 0xc1, 0x40, 0x42, 0x0f, 0x00, 0x48, 0x89, 0x46, 0x08,
    0x5d, 0x31, 0xc0, 0xc3, 0x66, 0x66, 0x66, 0x2e, 0x0f, 0x1f, 0x84, 0x00,
    0x00, 0x00, 0x00, 0x00, 0x55, 0x48, 0x89, 0xe5, 0x31, 0xc0, 0x5d, 0xc3,
    0x0f, 0x1f, 0x84, 0x00, 0x00, 0x00, 0x00, 0x00, 0x55, 0x48, 0x89, 0xe5,
    0x31, 0xc0, 0x5d, 0xc3, 0x0f, 0x1f, 0x84, 0x00, 0x00, 0x00, 0x00, 0x00,
    0x55, 0x48, 0x89, 0xe5, 0x31, 0xc0, 0x5d, 0xc3, 0x0f, 0x1f, 0x84, 0x00,
    0x00, 0x00, 0x00, 0x00, 0x55, 0x48, 0x89, 0xe5, 0xb8, 0xff, 0xff, 0xff,
    0xff, 0x5d, 0xc3, 0x0f, 0x1f, 0x44, 0x00, 0x00, 0x55, 0x48, 0x89, 0xe5,
    0xc7, 0x05, 0x22, 0xa6, 0x01, 0x00, 0x58, 0x00, 0x00, 0x00, 0xb8, 0xff,
    0xff, 0xff, 0xff, 0x5d, 0xc3, 0x66, 0x66, 0x2e, 0x0f, 0x1f, 0x84, 0x00,
    0x00, 0x00, 0x00, 0x00, 0x55, 0x48, 0x89, 0xe5, 0xc7, 0x05, 0x02, 0xa6,
    0x01, 0x00, 0x16, 0x00, 0x00, 0x00, 0x48, 0xc7, 0xc0, 0xff, 0xff, 0xff,
    0xff, 0x5d, 0xc3, 0x66, 0x0f, 0x1f, 0x84, 0x00, 0x00, 0x00, 0x00, 0x00,
    0x55, 0x48, 0x89, 0xe5, 0xc7, 0x05, 0xe2, 0xa5, 0x01, 0x00, 0x58, 0x00,
    0x00, 0x00, 0xb8, 0xff, 0xff, 0xff, 0xff, 0x5d, 0xc3, 0x66, 0x66, 0x2e,
    0x0f, 0x1f, 0x84, 0x00, 0x00, 0x00, 0x00, 0x00, 0x55, 0x48, 0x89, 0xe5,
    0xc7, 0x05, 0xc2, 0xa5, 0x01, 0x00, 0x58, 0x00, 0x00, 0x00, 0xb8, 0xff,
    0xff, 0xff, 0xff, 0x5d, 0xc3, 0x66, 0x66, 0x2e, 0x0f, 0x1f, 0x84, 0x00,
    0x00, 0x00, 0x00, 0x00, 0x55, 0x48, 0x89, 0xe5, 0x31, 0xc0, 0x5d, 0xc3,
    0x0f, 0x1f, 0x84, 0x00, 0x00, 0x00, 0x00, 0x00, 0x55, 0x48, 0x89, 0xe5,
    0x31, 0xc0, 0x5d, 0xc3, 0x0f, 0x1f, 0x84, 0x00, 0x00, 0x00, 0x00, 0x00,
    0x55, 0x48, 0x89, 0xe5, 0x31, 0xc0, 0x5d, 0xc3, 0x0f, 0x1f, 0x84, 0x00,
    0x00, 0x00, 0x00, 0x00, 0x55, 0x48, 0x89, 0xe5, 0x31, 0xc0, 0x5d, 0xc3,
    0x0f, 0x1f, 0x84, 0x00, 0x00, 0x00, 0x00, 0x00, 0x55, 0x48, 0x89, 0xe5,
    0x31, 0xc0, 0x5d, 0xc3, 0x0f, 0x1f, 0x84, 0x00, 0x00, 0x00, 0x00, 0x00,
    0x55, 0x48, 0x89, 0xe5, 0xb8, 0x01, 0x12, 0x42, 0x00, 0x5d, 0xc3, 0x0f,
    0x1f, 0x44, 0x00, 0x00, 0x55, 0x48, 0x89, 0xe5, 0xb8, 0x54, 0x04, 0x42,
    0x00, 0x5d, 0xc3, 0x0f, 0x1f, 0x44, 0x00, 0x00, 0x55, 0x48, 0x89, 0xe5,
    0x31, 0xc0, 0x5d, 0xc3, 0x0f, 0x1f, 0x84, 0x00, 0x00, 0x00, 0x00, 0x00,
    0x55, 0x48, 0x89, 0xe5, 0x31, 0xc0, 0x5d, 0xc3, 0x0f, 0x1f, 0x84, 0x00,
    0x00, 0x00, 0x00, 0x00, 0x55, 0x48, 0x89, 0xe5, 0x31, 0xc0, 0x5d, 0xc3,
    0x0f, 0x1f, 0x84, 0x00, 0x00, 0x00, 0x00, 0x00, 0x55, 0x48, 0x89, 0xe5,
    0x31, 0xc0, 0x5d, 0xc3, 0x0f, 0x1f, 0x84, 0x00, 0x00, 0x00, 0x00, 0x00,
    0x55, 0x48, 0x89, 0xe5, 0x31, 0xc0, 0x5d, 0xc3, 0x0f, 0x1f, 0x84, 0x00,
    0x00, 0x00, 0x00, 0x00, 0x55, 0x48, 0x89, 0xe5, 0x31, 0xc0, 0x5d, 0xc3,
    0x0f, 0x1f, 0x84, 0x00, 0x00, 0x00, 0x00, 0x00, 0x55, 0x48, 0x89, 0xe5,
    0x31, 0xc0, 0x5d, 0xc3, 0x0f, 0x1f, 0x84, 0x00, 0x00, 0x00, 0x00, 0x00,
    0x55, 0x48, 0x89, 0xe5, 0x31, 0xc0, 0x5d, 0xc3, 0x0f, 0x1f, 0x84, 0x00,
    0x00, 0x00, 0x00, 0x00, 0x55, 0x48, 0x89, 0xe5, 0x5d, 0xc3, 0x66, 0x2e,
    0x0f, 0x1f, 0x84, 0x00, 0x00, 0x00, 0x00, 0x00, 0x55, 0x48, 0x89, 0xe5,
    0x5d, 0xc3, 0x66, 0x2e, 0x0f, 0x1f, 0x84, 0x00, 0x00, 0x00, 0x00, 0x00,
    0x48, 0x85, 0xff, 0x74, 0x67, 0x48, 0xb8, 0xdb, 0x34, 0xb6, 0xd7, 0x82,
    0xde, 0x1b, 0x43, 0x48, 0xf7, 0x6f, 0x08, 0x48, 0x69, 0x07, 0xe8, 0x03,
    0x00, 0x00, 0x48, 0x89, 0xd1, 0x48, 0xc1, 0xe9, 0x3f, 0x48, 0xc1, 0xfa,
    0x12, 0x48, 0x01, 0xca, 0x48, 0x01, 0xc2, 0x74, 0x3f, 0x55, 0x48, 0x89,
    0xe5, 0x53, 0x50, 0xb8, 0x0e, 0x00, 0x00, 0x00, 0x0f, 0x05, 0x48, 0x89,
    0xc3, 0x48, 0x01, 0xd3, 0xb8, 0x0e, 0x00, 0x00, 0x00, 0x0f, 0x05, 0xeb,
    0x18, 0x0f, 0x1f, 0x80, 0x00, 0x00, 0x00, 0x00, 0xbf, 0x01, 0x00, 0x00,
    0x00, 0xe8, 0x46, 0x00, 0x00, 0x00, 0xb8, 0x0e, 0x00, 0x00, 0x00, 0x0f,
    0x05, 0x48, 0x39, 0xd8, 0x72, 0xea, 0x48, 0x83, 0xc4, 0x08, 0x5b, 0x5d,
    0x31, 0xc0, 0xc3, 0x90, 0x55, 0x48, 0x89, 0xe5, 0x48, 0x85, 0xff, 0x0f,
    0x94, 0xc0, 0x48, 0x83, 0xfe, 0x05, 0x0f, 0x92, 0xc1, 0x08, 0xc1, 0x75,
    0x0a, 0xc7, 0x07, 0x78, 0x2d, 0x6f, 0x73, 0xc6, 0x47, 0x04, 0x00, 0x31,
    0xc0, 0x5d, 0xc3, 0xcc, 0xcc, 0xcc, 0xcc, 0xcc, 0xcc, 0xcc, 0xcc, 0xcc,
    0xcc, 0xcc, 0xcc, 0xcc, 0x55, 0x48, 0x89, 0xe5, 0x48, 0x89, 0xf8, 0x0f,
    0x05, 0x5d, 0xc3, 0x0f, 0x1f, 0x44, 0x00, 0x00, 0x55, 0x48, 0x89, 0xe5,
    0x53, 0x48, 0x89, 0xf3, 0x48, 0x89, 0xf8, 0x48, 0x89, 0xdf, 0x0f, 0x05,
    0x5b, 0x5d, 0xc3, 0x66, 0x66, 0x66, 0x66, 0x2e, 0x0f, 0x1f, 0x84, 0x00,
    0x00, 0x00, 0x00, 0x00, 0x55, 0x48, 0x89, 0xe5, 0x41, 0x56, 0x53, 0x48,
    0x89, 0xd3, 0x49, 0x89, 0xf6, 0x48, 0x89, 0xf8, 0x4c, 0x89, 0xf7, 0x48,
    0x89, 0xde, 0x0f, 0x05, 0x5b, 0x41, 0x5e, 0x5d, 0xc3, 0x0f, 0x1f, 0x00,
    0x55, 0x48, 0x89, 0xe5, 0x41, 0x57, 0x41, 0x56, 0x53, 0x48, 0x89, 0xcb,
    0x49, 0x89, 0xd6, 0x49, 0x89, 0xf7, 0x48, 0x89, 0xf8, 0x4c, 0x89, 0xff,
    0x4c, 0x89, 0xf6, 0x48, 0x89, 0xda, 0x0f, 0x05, 0x5b, 0x41, 0x5e, 0x41,
    0x5f, 0x5d, 0xc3, 0x66, 0x0f, 0x1f, 0x84, 0x00, 0x00, 0x00, 0x00, 0x00,
    0x55, 0x48, 0x89, 0xe5, 0x48, 0x89, 0xf8, 0x48, 0x89, 0xf7, 0x48, 0x89,
    0xd6, 0x48, 0x89, 0xca, 0x4d, 0x89, 0xc2, 0x0f, 0x05, 0x5d, 0xc3, 0x66,
    0x0f, 0x1f, 0x84, 0x00, 0x00, 0x00, 0x00, 0x00, 0x55, 0x48, 0x89, 0xe5,
    0x48, 0x89, 0xf8, 0x48, 0x89, 0xf7, 0x48, 0x89, 0xd6, 0x48, 0x89, 0xca,
    0x4d, 0x89, 0xc2, 0x4d, 0x89, 0xc8, 0x0f, 0x05, 0x5d, 0xc3, 0x66, 0x0f,
    0x1f, 0x44, 0x00, 0x00, 0x55, 0x48, 0x89, 0xe5, 0x4d, 0x89, 0xcb, 0x48,
    0x89, 0xf8, 0x4c, 0x8b, 0x4d, 0x10, 0x48, 0x89, 0xf7, 0x48, 0x89, 0xd6,
    0x48, 0x89, 0xca, 0x4d, 0x89, 0xc2, 0x4d, 0x89, 0xd8, 0x0f, 0x05, 0x5d,
    0xc3, 0x66, 0x66, 0x66, 0x66, 0x66, 0x66, 0x2e, 0x0f, 0x1f, 0x84, 0x00,
    0x00, 0x00, 0x00, 0x00, 0x55, 0x48, 0x89, 0xe5, 0xb8, 0x02, 0x00, 0x00,
    0x00, 0x0f, 0x05, 0x5d, 0xc3, 0x0f, 0x1f, 0x00, 0x55, 0x48, 0x89, 0xe5,
    0x41, 0x56, 0x53, 0x48, 0x89, 0xf3, 0x49, 0x89, 0xfe, 0xb8, 0x03, 0x00,
    0x00, 0x00, 0x4c, 0x89, 0xf7, 0x48, 0x89, 0xde, 0x0f, 0x05, 0x5b, 0x41,
    0x5e, 0x5d, 0xc3, 0x90, 0x55, 0x48, 0x89, 0xe5, 0x41, 0x57, 0x41, 0x56,
    0x53, 0x48, 0x89, 0xf3, 0x49, 0x89, 0xfe, 0x4c, 0x63, 0xfa, 0xb8, 0x04,
    0x00, 0x00, 0x00, 0x4c, 0x89, 0xf7, 0x48, 0x89, 0xde, 0x4c, 0x89, 0xfa,
    0x0f, 0x05, 0x5b, 0x41, 0x5e, 0x41, 0x5f, 0x5d, 0xc3, 0x0f, 0x1f, 0x80,
    0x00, 0x00, 0x00, 0x00, 0x55, 0x48, 0x89, 0xe5, 0x53, 0x48, 0x89, 0xfb,
    0xb8, 0x05, 0x00, 0x00, 0x00, 0x48, 0x89, 0xdf, 0x0f, 0x05, 0x5b, 0x5d,
    0xc3, 0x66, 0x66, 0x2e, 0x0f, 0x1f, 0x84, 0x00, 0x00, 0x00, 0x00, 0x00,
    0x55, 0x48, 0x89, 0xe5, 0x41, 0x56, 0x53, 0x48, 0x89, 0xf3, 0x41, 0x89,
    0xfe, 0xb8, 0x19, 0x00, 0x00, 0x00, 0x4c, 0x89, 0xf7, 0x48, 0x89, 0xde,
    0x0f, 0x05, 0x5b, 0x41, 0x5e, 0x5d, 0xc3, 0x90, 0x55, 0x48, 0x89, 0xe5,
    0x53, 0x89, 0xfb, 0xb8, 0x1a, 0x00, 0x00, 0x00, 0x48, 0x89, 0xdf, 0x0f,
    0x05, 0x5b, 0x5d, 0xc3, 0x66, 0x66, 0x66, 0x2e, 0x0f, 0x1f, 0x84, 0x00,
    0x00, 0x00, 0x00, 0x00, 0x55, 0x48, 0x89, 0xe5, 0x41, 0x56, 0x53, 0x48,
    0x89, 0xf3, 0x49, 0x89, 0xfe, 0xb8, 0x06, 0x00, 0x00, 0x00, 0x4c, 0x89,
    0xf7, 0x48, 0x89, 0xde, 0x0f, 0x05, 0x5b, 0x41, 0x5e, 0x5d, 0xc3, 0x90,
    0x55, 0x48, 0x89, 0xe5, 0xb8, 0x1b, 0x00, 0x00, 0x00, 0x49, 0x89, 0xca,
    0x0f, 0x05, 0x5d, 0xc3, 0x55, 0x48, 0x89, 0xe5, 0x53, 0x48, 0x89, 0xfb,
    0xb8, 0x1c, 0x00, 0x00, 0x00, 0x48, 0x89, 0xdf, 0x0f, 0x05, 0x5b, 0x5d,
    0xc3, 0x66, 0x66, 0x2e, 0x0f, 0x1f, 0x84, 0x00, 0x00, 0x00, 0x00, 0x00,
    0x55, 0x48, 0x89, 0xe5, 0x53, 0x48, 0x89, 0xfb, 0xb8, 0x18, 0x00, 0x00,
    0x00, 0x48, 0x89, 0xdf, 0x0f, 0x05, 0x5b, 0x5d, 0xc3, 0x66, 0x66, 0x2e,
    0x0f, 0x1f, 0x84, 0x00, 0x00, 0x00, 0x00, 0x00, 0x55, 0x48, 0x89, 0xe5,
    0x41, 0x56, 0x53, 0x48, 0x89, 0xfb, 0x41, 0x89, 0xf6, 0xb8, 0x12, 0x00,
    0x00, 0x00, 0x48, 0x89, 0xdf, 0x4c, 0x89, 0xf6, 0x0f, 0x05, 0x5b, 0x41,
    0x5e, 0x5d, 0xc3, 0x90, 0x55, 0x48, 0x89, 0xe5, 0x41, 0x57, 0x41, 0x56,
    0x53, 0x48, 0x89, 0xd3, 0x49, 0x89, 0xf6, 0x4c, 0x63, 0xff, 0xb8, 0x13,
    0x00, 0x00, 0x00, 0x4c, 0x89, 0xff, 0x4c, 0x89, 0xf6, 0x48, 0x89, 0xda,
    0x0f, 0x05, 0x5b, 0x41, 0x5e, 0x41, 0x5f, 0x5d, 0xc3, 0x0f, 0x1f, 0x80,
    0x00, 0x00, 0x00, 0x00, 0x55, 0x48, 0x89, 0xe5, 0x41, 0x57, 0x41, 0x56,
    0x53, 0x48, 0x89, 0xd3, 0x49, 0x89, 0xf6, 0x4c, 0x63, 0xff, 0xb8, 0x14,
    0x00, 0x00, 0x00, 0x4c, 0x89, 0xff, 0x4c, 0x89, 0xf6, 0x48, 0x89, 0xda,
    0x0f, 0x05, 0x5b, 0x41, 0x5e, 0x41, 0x5f, 0x5d, 0xc3, 0x0f, 0x1f, 0x80,
    0x00, 0x00, 0x00, 0x00, 0x55, 0x48, 0x89, 0xe5, 0x53, 0x48, 0x63, 0xdf,
    0xb8, 0x15, 0x00, 0x00, 0x00, 0x48, 0x89, 0xdf, 0x0f, 0x05, 0x5b, 0x5d,
    0xc3, 0x66, 0x66, 0x2e, 0x0f, 0x1f, 0x84, 0x00, 0x00, 0x00, 0x00, 0x00,
    0x55, 0x48, 0x89, 0xe5, 0x53, 0x48, 0x89, 0xfb, 0xb8, 0x16, 0x00, 0x00,
    0x00, 0x48, 0x89, 0xdf, 0x0f, 0x05, 0x5b, 0x5d, 0xc3, 0x66, 0x66, 0x2e,
    0x0f, 0x1f, 0x84, 0x00, 0x00, 0x00, 0x00, 0x00, 0x55, 0x48, 0x89, 0xe5,
    0x41, 0x57, 0x41, 0x56, 0x53, 0x48, 0x89, 0xf3, 0x4c, 0x63, 0xf7, 0x4c,
    0x63, 0xfa, 0xb8, 0x17, 0x00, 0x00, 0x00, 0x4c, 0x89, 0xf7, 0x48, 0x89,
    0xde, 0x4c, 0x89, 0xfa, 0x0f, 0x05, 0x5b, 0x41, 0x5e, 0x41, 0x5f, 0x5d,
    0xc3, 0x0f, 0x1f, 0x80, 0x00, 0x00, 0x00, 0x00, 0x55, 0x48, 0x89, 0xe5,
    0x53, 0x48, 0x89, 0xfb, 0xb8, 0x1e, 0x00, 0x00, 0x00, 0x48, 0x89, 0xdf,
    0x0f, 0x05, 0x5b, 0x5d, 0xc3, 0x66, 0x66, 0x2e, 0x0f, 0x1f, 0x84, 0x00,
    0x00, 0x00, 0x00, 0x00, 0x55, 0x48, 0x89, 0xe5, 0x89, 0xff, 0x89, 0xf6,
    0x89, 0xd2, 0x41, 0x89, 0xca, 0xb8, 0x1f, 0x00, 0x00, 0x00, 0x0f, 0x05,
    0x5d, 0xc3, 0x66, 0x2e, 0x0f, 0x1f, 0x84, 0x00, 0x00, 0x00, 0x00, 0x00,
    0x55, 0x48, 0x89, 0xe5, 0x48, 0x63, 0xff, 0x48, 0x63, 0xf6, 0x89, 0xd2,
    0x41, 0x89, 0xca, 0xb8, 0x20, 0x00, 0x00, 0x00, 0x0f, 0x05, 0x5d, 0xc3,
    0x0f, 0x1f, 0x84, 0x00, 0x00, 0x00, 0x00, 0x00, 0x55, 0x48, 0x89, 0xe5,
    0x41, 0x56, 0x53, 0x48, 0x63, 0xdf, 0x4c, 0x63, 0xf6, 0xb8, 0x21, 0x00,
    0x00, 0x00, 0x48, 0x89, 0xdf, 0x4c, 0x89, 0xf6, 0x0f, 0x05, 0x5b, 0x41,
    0x5e, 0x5d, 0xc3, 0x90, 0x55, 0x48, 0x89, 0xe5, 0xb8, 0x24, 0x00, 0x00,
    0x00, 0x0f, 0x05, 0x5d, 0xc3, 0x0f, 0x1f, 0x00, 0x55, 0x48, 0x89, 0xe5,
    0x53, 0x89, 0xfb, 0xb8, 0x25, 0x00, 0x00, 0x00, 0x48, 0x89, 0xdf, 0x0f,
    0x05, 0x5b, 0x5d, 0xc3, 0x66, 0x66, 0x66, 0x2e, 0x0f, 0x1f, 0x84, 0x00,
    0x00, 0x00, 0x00, 0x00, 0x55, 0x48, 0x89, 0xe5, 0x53, 0x89, 0xfb, 0xb8,
    0x26, 0x00, 0x00, 0x00, 0x48, 0x89, 0xdf, 0x0f, 0x05, 0x5b, 0x5d, 0xc3,
    0x66, 0x66, 0x66, 0x2e, 0x0f, 0x1f, 0x84, 0x00, 0x00, 0x00, 0x00, 0x00,
    0x55, 0x48, 0x89, 0xe5, 0x41, 0x56, 0x53, 0x89, 0xfb, 0x41, 0x89, 0xf6,
    0xb8, 0x27, 0x00, 0x00, 0x00, 0x48, 0x89, 0xdf, 0x4c, 0x89, 0xf6, 0x0f,
    0x05, 0x5b, 0x41, 0x5e, 0x5d, 0xc3, 0x66, 0x90, 0x55, 0x48, 0x89, 0xe5,
    0x89, 0xff, 0x89, 0xf6, 0x89, 0xd2, 0x41, 0x89, 0xca, 0xb8, 0x28, 0x00,
    0x00, 0x00, 0x0f, 0x05, 0x5d, 0xc3, 0x66, 0x2e, 0x0f, 0x1f, 0x84, 0x00,
    0x00, 0x00, 0x00, 0x00, 0x55, 0x48, 0x89, 0xe5, 0x41, 0x57, 0x41, 0x56,
    0x53, 0x48, 0x89, 0xd3, 0x49, 0x89, 0xf6, 0x41, 0x89, 0xff, 0xb8, 0x29,
    0x00, 0x00, 0x00, 0x4c, 0x89, 0xff, 0x4c, 0x89, 0xf6, 0x48, 0x89, 0xda,
    0x0f, 0x05, 0x5b, 0x41, 0x5e, 0x41, 0x5f, 0x5d, 0xc3, 0x0f, 0x1f, 0x80,
    0x00, 0x00, 0x00, 0x00, 0x55, 0x48, 0x89, 0xe5, 0x53, 0x89, 0xfb, 0xb8,
    0x2a, 0x00, 0x00, 0x00, 0x48, 0x89, 0xdf, 0x0f, 0x05, 0x5b, 0x5d, 0xc3,
    0x66, 0x66, 0x66, 0x2e, 0x0f, 0x1f, 0x84, 0x00, 0x00, 0x00, 0x00, 0x00,
    0x55, 0x48, 0x89, 0xe5, 0x89, 0xff, 0x89, 0xf6, 0x89, 0xd2, 0x41, 0x89,
    0xca, 0x45, 0x89, 0xc0, 0xb8, 0x2b, 0x00, 0x00, 0x00, 0x0f, 0x05, 0x5d,
    0xc3, 0x0f, 0x1f, 0x80, 0x00, 0x00, 0x00, 0x00, 0x55, 0x48, 0x89, 0xe5,
    0x41, 0x57, 0x41, 0x56, 0x53, 0x48, 0x89, 0xf3, 0x41, 0x89, 0xfe, 0x41,
    0x89, 0xd7, 0xb8, 0x2c, 0x00, 0x00, 0x00, 0x4c, 0x89, 0xf7, 0x48, 0x89,
    0xde, 0x4c, 0x89, 0xfa, 0x0f, 0x05, 0x5b, 0x41, 0x5e, 0x41, 0x5f, 0x5d,
    0xc3, 0x0f, 0x1f, 0x80, 0x00, 0x00, 0x00, 0x00, 0x55, 0x48, 0x89, 0xe5,
    0x89, 0xff, 0x89, 0xf6, 0x89, 0xd2, 0x41, 0x89, 0xca, 0x45, 0x89, 0xc0,
    0x45, 0x89, 0xc9, 0xb8, 0x2d, 0x00, 0x00, 0x00, 0x0f, 0x05, 0x5d, 0xc3,
    0x0f, 0x1f, 0x40, 0x00, 0x55, 0x48, 0x89, 0xe5, 0x89, 0xff, 0x89, 0xf6,
    0x89, 0xd2, 0x41, 0x89, 0xca, 0x45, 0x89, 0xc0, 0xb8, 0x2e, 0x00, 0x00,
    0x00, 0x0f, 0x05, 0x5d, 0xc3, 0x0f, 0x1f, 0x80, 0x00, 0x00, 0x00, 0x00,
    0x55, 0x48, 0x89, 0xe5, 0xb8, 0x2f, 0x00, 0x00, 0x00, 0x0f, 0x05, 0x5d,
    0xc3, 0x0f, 0x1f, 0x00, 0x55, 0x48, 0x89, 0xe5, 0x89, 0xff, 0x89, 0xd2,
    0xb8, 0x30, 0x00, 0x00, 0x00, 0x49, 0x89, 0xca, 0x0f, 0x05, 0x5d, 0xc3,
    0x66, 0x66, 0x66, 0x2e, 0x0f, 0x1f, 0x84, 0x00, 0x00, 0x00, 0x00, 0x00,
    0x55, 0x48, 0x89, 0xe5, 0x89, 0xff, 0x89, 0xf6, 0x89, 0xd2, 0x41, 0x89,
    0xca, 0x45, 0x89, 0xc0, 0x45, 0x89, 0xc9, 0xb8, 0x31, 0x00, 0x00, 0x00,
    0x0f, 0x05, 0x5d, 0xc3, 0x0f, 0x1f, 0x40, 0x00, 0x55, 0x48, 0x89, 0xe5,
    0x89, 0xff, 0x89, 0xf6, 0x89, 0xd2, 0x41, 0x89, 0xca, 0x45, 0x89, 0xc0,
    0x45, 0x89, 0xc9, 0xb8, 0x40, 0x00, 0x00, 0x00, 0x0f, 0x05, 0x5d, 0xc3,
    0x0f, 0x1f, 0x40, 0x00, 0x55, 0x48, 0x89, 0xe5, 0x41, 0x57, 0x41, 0x56,
    0x41, 0x54, 0x53, 0x48, 0x83, 0xec, 0x03, 0x48, 0x89, 0xd3, 0x49, 0x89,
    0xf6, 0x49, 0x89, 0xff, 0x4c, 0x8d, 0x65, 0xdd, 0xb8, 0x23, 0x00, 0x00,
    0x00, 0x4c, 0x89, 0xe7, 0x0f, 0x05, 0x85, 0xc0, 0x75, 0x14, 0x0f, 0xb6,
    0x4d, 0xdd, 0x41, 0x88, 0x0f, 0x0f, 0xb6, 0x4d, 0xde, 0x41, 0x88, 0x0e,
    0x0f, 0xb6, 0x4d, 0xdf, 0x88, 0x0b, 0x48, 0x83, 0xc4, 0x03, 0x5b, 0x41,
    0x5c, 0x41, 0x5e, 0x41, 0x5f, 0x5d, 0xc3, 0x0f, 0x1f, 0x44, 0x00, 0x00,
    0x55, 0x48, 0x89, 0xe5, 0x53, 0x48, 0x63, 0xdf, 0x31, 0xc0, 0x48, 0x89,
    0xdf, 0x0f, 0x05, 0x90, 0xeb, 0xfe, 0x66, 0x66, 0x66, 0x66, 0x66, 0x2e,
    0x0f, 0x1f, 0x84, 0x00, 0x00, 0x00, 0x00, 0x00, 0x55, 0x48, 0x89, 0xe5,
    0xb8, 0x01, 0x00, 0x00, 0x00, 0x0f, 0x05, 0x5d, 0xc3, 0x0f, 0x1f, 0x00,
    0x55, 0x48, 0x89, 0xe5, 0xb8, 0x32, 0x00, 0x00, 0x00, 0x0f, 0x05, 0x5d,
    0xc3, 0x0f, 0x1f, 0x00, 0x55, 0x48, 0x89, 0xe5, 0x41, 0x56, 0x53, 0x48,
    0x89, 0xf3, 0x49, 0x89, 0xfe, 0xb8, 0x33, 0x00, 0x00, 0x00, 0x4c, 0x89,
    0xf7, 0x48, 0x89, 0xde, 0x0f, 0x05, 0x5b, 0x41, 0x5e, 0x5d, 0xc3, 0x90,
    0x55, 0x48, 0x89, 0xe5, 0x41, 0x56, 0x53, 0x48, 0x89, 0xf3, 0x4c, 0x63,
    0xf7, 0xb8, 0x34, 0x00, 0x00, 0x00, 0x4c, 0x89, 0xf7, 0x48, 0x89, 0xde,
    0x0f, 0x05, 0x5b, 0x41, 0x5e, 0x5d, 0xc3, 0x90, 0x55, 0x48, 0x89, 0xe5,
    0xb8, 0x35, 0x00, 0x00, 0x00, 0x0f, 0x05, 0x5d, 0xc3, 0x0f, 0x1f, 0x00,
    0x55, 0x48, 0x89, 0xe5, 0x53, 0x48, 0x89, 0xfb, 0xb8, 0x36, 0x00, 0x00,
    0x00, 0x48, 0x89, 0xdf, 0x0f, 0x05, 0x5b, 0x5d, 0xc3, 0x66, 0x66, 0x2e,
    0x0f, 0x1f, 0x84, 0x00, 0x00, 0x00, 0x00, 0x00, 0x55, 0x48, 0x89, 0xe5,
    0x53, 0x48, 0x63, 0xdf, 0xb8, 0x37, 0x00, 0x00, 0x00, 0x48, 0x89, 0xdf,
    0x0f, 0x05, 0x5b, 0x5d, 0xc3, 0x66, 0x66, 0x2e, 0x0f, 0x1f, 0x84, 0x00,
    0x00, 0x00, 0x00, 0x00, 0x55, 0x48, 0x89, 0xe5, 0x41, 0x56, 0x53, 0x48,
    0x63, 0xdf, 0x4c, 0x63, 0xf6, 0xb8, 0x38, 0x00, 0x00, 0x00, 0x48, 0x89,
    0xdf, 0x4c, 0x89, 0xf6, 0x0f, 0x05, 0x5b, 0x41, 0x5e, 0x5d, 0xc3, 0x90,
    0x55, 0x48, 0x89, 0xe5, 0x41, 0x57, 0x41, 0x56, 0x53, 0x48, 0x63, 0xdf,
    0x4c, 0x63, 0xf6, 0x4c, 0x63, 0xfa, 0xb8, 0x39, 0x00, 0x00, 0x00, 0x48,
    0x89, 0xdf, 0x4c, 0x89, 0xf6, 0x4c, 0x89, 0xfa, 0x0f, 0x05, 0x5b, 0x41,
    0x5e, 0x41, 0x5f, 0x5d, 0xc3, 0x0f, 0x1f, 0x80, 0x00, 0x00, 0x00, 0x00,
    0x55, 0x48, 0x89, 0xe5, 0x41, 0x56, 0x53, 0x48, 0x89, 0xf3, 0x49, 0x89,
    0xfe, 0xb8, 0x3a, 0x00, 0x00, 0x00, 0x4c, 0x89, 0xf7, 0x48, 0x89, 0xde,
    0x0f, 0x05, 0x5b, 0x41, 0x5e, 0x5d, 0xc3, 0x90, 0x55, 0x48, 0x89, 0xe5,
    0x41, 0x56, 0x53, 0x48, 0x89, 0xf3, 0x4c, 0x63, 0xf7, 0xb8, 0x3b, 0x00,
    0x00, 0x00, 0x4c, 0x89, 0xf7, 0x48, 0x89, 0xde, 0x0f, 0x05, 0x5b, 0x41,
    0x5e, 0x5d, 0xc3, 0x90, 0x55, 0x48, 0x89, 0xe5, 0x53, 0x48, 0x89, 0xfb,
    0xb8, 0x3c, 0x00, 0x00, 0x00, 0x48, 0x89, 0xdf, 0x0f, 0x05, 0x5b, 0x5d,
    0xc3, 0x66, 0x66, 0x2e, 0x0f, 0x1f, 0x84, 0x00, 0x00, 0x00, 0x00, 0x00,
    0x55, 0x48, 0x89, 0xe5, 0x41, 0x56, 0x53, 0x48, 0x89, 0xf3, 0x49, 0x89,
    0xfe, 0xb8, 0x3d, 0x00, 0x00, 0x00, 0x4c, 0x89, 0xf7, 0x48, 0x89, 0xde,
    0x0f, 0x05, 0x5b, 0x41, 0x5e, 0x5d, 0xc3, 0x90, 0x55, 0x48, 0x89, 0xe5,
    0x53, 0x48, 0x89, 0xfb, 0xb8, 0x3e, 0x00, 0x00, 0x00, 0x48, 0x89, 0xdf,
    0x0f, 0x05, 0x5b, 0x5d, 0xc3, 0x66, 0x66, 0x2e, 0x0f, 0x1f, 0x84, 0x00,
    0x00, 0x00, 0x00, 0x00, 0x55, 0x48, 0x89, 0xe5, 0x53, 0x48, 0x89, 0xfb,
    0xb8, 0x3f, 0x00, 0x00, 0x00, 0x48, 0x89, 0xdf, 0x0f, 0x05, 0x5b, 0x5d,
    0xc3, 0x66, 0x66, 0x2e, 0x0f, 0x1f, 0x84, 0x00, 0x00, 0x00, 0x00, 0x00,
    0x55, 0x48, 0x89, 0xe5, 0x41, 0x57, 0x41, 0x56, 0x53, 0x48, 0x63, 0xdf,
    0x4c, 0x63, 0xf6, 0x4c, 0x63, 0xfa, 0xb8, 0x41, 0x00, 0x00, 0x00, 0x48,
    0x89, 0xdf, 0x4c, 0x89, 0xf6, 0x4c, 0x89, 0xfa, 0x0f, 0x05, 0x5b, 0x41,
    0x5e, 0x41, 0x5f, 0x5d, 0xc3, 0x0f, 0x1f, 0x80, 0x00, 0x00, 0x00, 0x00,
    0x55, 0x48, 0x89, 0xe5, 0x41, 0x57, 0x41, 0x56, 0x53, 0x48, 0x89, 0xf3,
    0x4c, 0x63, 0xf7, 0x4c, 0x63, 0xfa, 0xb8, 0x42, 0x00, 0x00, 0x00, 0x4c,
    0x89, 0xf7, 0x48, 0x89, 0xde, 0x4c, 0x89, 0xfa, 0x0f, 0x05, 0x5b, 0x41,
    0x5e, 0x41, 0x5f, 0x5d, 0xc3, 0x0f, 0x1f, 0x80, 0x00, 0x00, 0x00, 0x00,
    0x55, 0x48, 0x89, 0xe5, 0x41, 0x56, 0x53, 0x48, 0x63, 0xdf, 0x4c, 0x63,
    0xf6, 0xb8, 0x43, 0x00, 0x00, 0x00, 0x48, 0x89, 0xdf, 0x4c, 0x89, 0xf6,
    0x0f, 0x05, 0x5b, 0x41, 0x5e, 0x5d, 0xc3, 0x90, 0x55, 0x48, 0x89, 0xe5,
    0x41, 0x57, 0x41, 0x56, 0x53, 0x48, 0x89, 0xd3, 0x49, 0x89, 0xf6, 0x4c,
    0x63, 0xff, 0xb8, 0x44, 0x00, 0x00, 0x00, 0x4c, 0x89, 0xff, 0x4c, 0x89,
    0xf6, 0x48, 0x89, 0xda, 0x0f, 0x05, 0x5b, 0x41, 0x5e, 0x41, 0x5f, 0x5d,
    0xc3, 0x0f, 0x1f, 0x80, 0x00, 0x00, 0x00, 0x00, 0x55, 0x48, 0x89, 0xe5,
    0x41, 0x57, 0x41, 0x56, 0x53, 0x48, 0x89, 0xf3, 0x4c, 0x63, 0xf7, 0x4c,
    0x63, 0xfa, 0xb8, 0x45, 0x00, 0x00, 0x00, 0x4c, 0x89, 0xf7, 0x48, 0x89,
    0xde, 0x4c, 0x89, 0xfa, 0x0f, 0x05, 0x5b, 0x41, 0x5e, 0x41, 0x5f, 0x5d,
    0xc3, 0x0f, 0x1f, 0x80, 0x00, 0x00, 0x00, 0x00, 0x55, 0x48, 0x89, 0xe5,
    0x48, 0x63, 0xff, 0x4c, 0x63, 0xd1, 0xb8, 0x46, 0x00, 0x00, 0x00, 0x0f,
    0x05, 0x5d, 0xc3, 0x66, 0x66, 0x66, 0x66, 0x2e, 0x0f, 0x1f, 0x84, 0x00,
    0x00, 0x00, 0x00, 0x00, 0x55, 0x48, 0x89, 0xe5, 0x48, 0x63, 0xff, 0x4c,
    0x63, 0xd1, 0xb8, 0x47, 0x00, 0x00, 0x00, 0x0f, 0x05, 0x5d, 0xc3, 0x66,
    0x66, 0x66, 0x66, 0x2e, 0x0f, 0x1f, 0x84, 0x00, 0x00, 0x00, 0x00, 0x00,
    0x55, 0x48, 0x89, 0xe5, 0x48, 0x63, 0xff, 0x4c, 0x63, 0xd1, 0x4d, 0x63,
    0xc9, 0xb8, 0x48, 0x00, 0x00, 0x00, 0x0f, 0x05, 0x5d, 0xc3, 0x66, 0x2e,
    0x0f, 0x1f, 0x84, 0x00, 0x00, 0x00, 0x00, 0x00, 0x55, 0x48, 0x89, 0xe5,
    0x48, 0x63, 0xff, 0x4c, 0x63, 0xd1, 0xb8, 0x49, 0x00, 0x00, 0x00, 0x0f,
    0x05, 0x5d, 0xc3, 0x66, 0x66, 0x66, 0x66, 0x2e, 0x0f, 0x1f, 0x84, 0x00,
    0x00, 0x00, 0x00, 0x00, 0x55, 0x48, 0x89, 0xe5, 0x41, 0x56, 0x53, 0x48,
    0x63, 0xdf, 0x4c, 0x63, 0xf6, 0xb8, 0x4a, 0x00, 0x00, 0x00, 0x48, 0x89,
    0xdf, 0x4c, 0x89, 0xf6, 0x0f, 0x05, 0x5b, 0x41, 0x5e, 0x5d, 0xc3, 0x90,
    0x55, 0x48, 0x89, 0xe5, 0x41, 0x57, 0x41, 0x56, 0x53, 0x48, 0x89, 0xd3,
    0x49, 0x89, 0xf6, 0x4c, 0x63, 0xff, 0xb8, 0x4b, 0x00, 0x00, 0x00, 0x4c,
    0x89, 0xff, 0x4c, 0x89, 0xf6, 0x48, 0x89, 0xda, 0x0f, 0x05, 0x5b, 0x41,
    0x5e, 0x41, 0x5f, 0x5d, 0xc3, 0x0f, 0x1f, 0x80, 0x00, 0x00, 0x00, 0x00,
    0x55, 0x48, 0x89, 0xe5, 0x41, 0x57, 0x41, 0x56, 0x53, 0x48, 0x89, 0xd3,
    0x49, 0x89, 0xf6, 0x4c, 0x63, 0xff, 0xb8, 0x4c, 0x00, 0x00, 0x00, 0x4c,
    0x89, 0xff, 0x4c, 0x89, 0xf6, 0x48, 0x89, 0xda, 0x0f, 0x05, 0x5b, 0x41,
    0x5e, 0x41, 0x5f, 0x5d, 0xc3, 0x0f, 0x1f, 0x80, 0x00, 0x00, 0x00, 0x00,
    0x55, 0x48, 0x89, 0xe5, 0x48, 0x63, 0xff, 0x48, 0x63, 0xf6, 0x48, 0x63,
    0xd2, 0x4d, 0x63, 0xc0, 0xb8, 0x4d, 0x00, 0x00, 0x00, 0x49, 0x89, 0xca,
    0x0f, 0x05, 0x5d, 0xc3, 0x0f, 0x1f, 0x40, 0x00, 0x55, 0x48, 0x89, 0xe5,
    0x48, 0x63, 0xff, 0x48, 0x63, 0xf6, 0x48, 0x63, 0xd2, 0xb8, 0x4e, 0x00,
    0x00, 0x00, 0x49, 0x89, 0xca, 0x0f, 0x05, 0x5d, 0xc3, 0x0f, 0x1f, 0x80,
    0x00, 0x00, 0x00, 0x00, 0x55, 0x48, 0x89, 0xe5, 0x48, 0x63, 0xff, 0xb8,
    0x4f, 0x00, 0x00, 0x00, 0x49, 0x89, 0xca, 0x0f, 0x05, 0x5d, 0xc3, 0x66,
    0x66, 0x66, 0x66, 0x2e, 0x0f, 0x1f, 0x84, 0x00, 0x00, 0x00, 0x00, 0x00,
    0x55, 0x48, 0x89, 0xe5, 0x41, 0x57, 0x41, 0x56, 0x53, 0x48, 0x89, 0xfb,
    0x4c, 0x63, 0xf6, 0x4c, 0x63, 0xfa, 0xb8, 0x50, 0x00, 0x00, 0x00, 0x48,
    0x89, 0xdf, 0x4c, 0x89, 0xf6, 0x4c, 0x89, 0xfa, 0x0f, 0x05, 0x5b, 0x41,
    0x5e, 0x41, 0x5f, 0x5d, 0xc3, 0x0f, 0x1f, 0x80, 0x00, 0x00, 0x00, 0x00,
    0x55, 0x48, 0x89, 0xe5, 0x48, 0x63, 0xd2, 0x4c, 0x63, 0xd1, 0x4d, 0x63,
    0xc0, 0x4d, 0x63, 0xc9, 0xb8, 0x51, 0x00, 0x00, 0x00, 0x0f, 0x05, 0x5d,
    0xc3, 0x0f, 0x1f, 0x80, 0x00, 0x00, 0x00, 0x00, 0x55, 0x48, 0x89, 0xe5,
    0x41, 0x56, 0x53, 0x48, 0x89, 0xf3, 0x49, 0x89, 0xfe, 0xb8, 0x52, 0x00,
    0x00, 0x00, 0x4c, 0x89, 0xf7, 0x48, 0x89, 0xde, 0x0f, 0x05, 0x5b, 0x41,
    0x5e, 0x5d, 0xc3, 0x90, 0x55, 0x48, 0x89, 0xe5, 0x41, 0x57, 0x41, 0x56,
    0x53, 0x48, 0x89, 0xf3, 0x49, 0x89, 0xfe, 0x4c, 0x63, 0xfa, 0xb8, 0x53,
    0x00, 0x00, 0x00, 0x4c, 0x89, 0xf7, 0x48, 0x89, 0xde, 0x4c, 0x89, 0xfa,
    0x0f, 0x05, 0x5b, 0x41, 0x5e, 0x41, 0x5f, 0x5d, 0xc3, 0x0f, 0x1f, 0x80,
    0x00, 0x00, 0x00, 0x00, 0x55, 0x48, 0x89, 0xe5, 0x41, 0x57, 0x41, 0x56,
    0x53, 0x48, 0x89, 0xd3, 0x49, 0x89, 0xf6, 0x4c, 0x63, 0xff, 0xb8, 0x54,
    0x00, 0x00, 0x00, 0x4c, 0x89, 0xff, 0x4c, 0x89, 0xf6, 0x48, 0x89, 0xda,
    0x0f, 0x05, 0x5b, 0x41, 0x5e, 0x41, 0x5f, 0x5d, 0xc3, 0x0f, 0x1f, 0x80,
    0x00, 0x00, 0x00, 0x00, 0x55, 0x48, 0x89, 0xe5, 0x41, 0x57, 0x41, 0x56,
    0x53, 0x48, 0x89, 0xd3, 0x49, 0x89, 0xf6, 0x4c, 0x63, 0xff, 0xb8, 0x55,
    0x00, 0x00, 0x00, 0x4c, 0x89, 0xff, 0x4c, 0x89, 0xf6, 0x48, 0x89, 0xda,
    0x0f, 0x05, 0x5b, 0x41, 0x5e, 0x41, 0x5f, 0x5d, 0xc3, 0x0f, 0x1f, 0x80,
    0x00, 0x00, 0x00, 0x00, 0x55, 0x48, 0x89, 0xe5, 0x41, 0x56, 0x53, 0x48,
    0x63, 0xdf, 0x4c, 0x63, 0xf6, 0xb8, 0x56, 0x00, 0x00, 0x00, 0x48, 0x89,
    0xdf, 0x4c, 0x89, 0xf6, 0x0f, 0x05, 0x5b, 0x41, 0x5e, 0x5d, 0xc3, 0x90,
    0x55, 0x48, 0x89, 0xe5, 0x41, 0x57, 0x41, 0x56, 0x53, 0x48, 0x63, 0xdf,
    0x4c, 0x63, 0xf6, 0x4c, 0x63, 0xfa, 0xb8, 0x57, 0x00, 0x00, 0x00, 0x48,
    0x89, 0xdf, 0x4c, 0x89, 0xf6, 0x4c, 0x89, 0xfa, 0x0f, 0x05, 0x5b, 0x41,
    0x5e, 0x41, 0x5f, 0x5d, 0xc3, 0x0f, 0x1f, 0x80, 0x00, 0x00, 0x00, 0x00,
    0x55, 0x48, 0x89, 0xe5, 0x41, 0x57, 0x41, 0x56, 0x53, 0x48, 0x89, 0xd3,
    0x4c, 0x63, 0xf7, 0x4c, 0x63, 0xfe, 0xb8, 0x58, 0x00, 0x00, 0x00, 0x4c,
    0x89, 0xf7, 0x4c, 0x89, 0xfe, 0x48, 0x89, 0xda, 0x0f, 0x05, 0x5b, 0x41,
    0x5e, 0x41, 0x5f, 0x5d, 0xc3, 0x0f, 0x1f, 0x80, 0x00, 0x00, 0x00, 0x00,
    0x55, 0x48, 0x89, 0xe5, 0x41, 0x56, 0x53, 0x48, 0x89, 0xfb, 0x4c, 0x63,
    0xf6, 0xb8, 0x59, 0x00, 0x00, 0x00, 0x48, 0x89, 0xdf, 0x4c, 0x89, 0xf6,
    0x0f, 0x05, 0x5b, 0x41, 0x5e, 0x5d, 0xc3, 0x90, 0x55, 0x48, 0x89, 0xe5,
    0x41, 0x56, 0x53, 0x48, 0x89, 0xfb, 0x4c, 0x63, 0xf6, 0xb8, 0x5a, 0x00,
    0x00, 0x00, 0x48, 0x89, 0xdf, 0x4c, 0x89, 0xf6, 0x0f, 0x05, 0x5b, 0x41,
    0x5e, 0x5d, 0xc3, 0xcc, 0x55, 0x48, 0x89, 0xe5, 0x31, 0xf6, 0x5d, 0xe9,
    0x04, 0xa8, 0x00, 0x00, 0xcc, 0xcc, 0xcc, 0xcc, 0x55, 0x48, 0x89, 0xe5,
    0x31, 0xf6, 0xba, 0x0a, 0x00, 0x00, 0x00, 0x5d, 0xe9, 0xbf, 0xba, 0x00,
    0x00, 0x66, 0x66, 0x66, 0x66, 0x66, 0x66, 0x2e, 0x0f, 0x1f, 0x84, 0x00,
    0x00, 0x00, 0x00, 0x00, 0x55, 0x48, 0x89, 0xe5, 0x31, 0xd2, 0xb9, 0x0a,
    0x00, 0x00, 0x00, 0x5d, 0xe9, 0xaf, 0xb8, 0x00, 0x00, 0xcc, 0xcc, 0xcc,
    0xcc, 0xcc, 0xcc, 0xcc, 0xcc, 0xcc, 0xcc, 0xcc, 0xcc, 0xcc, 0xcc, 0xcc,
    0x55, 0x48, 0x89, 0xe5, 0x31, 0xf6, 0xba, 0x0a, 0x00, 0x00, 0x00, 0x5d,
    0xe9, 0x7f, 0xba, 0x00, 0x00, 0x66, 0x66, 0x66, 0x66, 0x66, 0x66, 0x2e,
    0x0f, 0x1f, 0x84, 0x00, 0x00, 0x00, 0x00, 0x00, 0x55, 0x48, 0x89, 0xe5,
    0x31, 0xd2, 0xb9, 0x0a, 0x00, 0x00, 0x00, 0x5d, 0xe9, 0x6f, 0xb8, 0x00,
    0x00, 0xcc, 0xcc, 0xcc, 0xcc, 0xcc, 0xcc, 0xcc, 0xcc, 0xcc, 0xcc, 0xcc,
    0xcc, 0xcc, 0xcc, 0xcc, 0x55, 0x48, 0x89, 0xe5, 0x41, 0x57, 0x41, 0x56,
    0x41, 0x55, 0x41, 0x54, 0x53, 0x48, 0x81, 0xec, 0x98, 0x01, 0x00, 0x00,
    0x48, 0x89, 0x4d, 0x90, 0x49, 0x89, 0xd7, 0x49, 0x89, 0xf6, 0x49, 0x89,
    0xd3, 0x49, 0xf7, 0xdb, 0x48, 0x89, 0xd0, 0x48, 0x09, 0xf8, 0x48, 0x89,
    0x85, 0x48, 0xff, 0xff, 0xff, 0x83, 0xe0, 0x07, 0x48, 0x89, 0xd1, 0x48,
    0x83, 0xf1, 0x08, 0x48, 0x09, 0xc1, 0x0f, 0x94, 0x45, 0xd7, 0x49, 0x63,
    0xcf, 0x48, 0x89, 0xca, 0x48, 0xc1, 0xea, 0x03, 0x48, 0x89, 0xce, 0x48,
    0x83, 0xe6, 0xf8, 0x4a, 0x8d, 0x04, 0x3e, 0x48, 0x83, 0xc0, 0x08, 0x48,
    0x89, 0x85, 0xe8, 0xfe, 0xff, 0xff, 0x31, 0xc0, 0x48, 0x83, 0xf9, 0x08,
    0x0f, 0x93, 0xc0, 0x44, 0x8d, 0x04, 0xc5, 0x00, 0x00, 0x00, 0x00, 0x4c,
    0x89, 0x85, 0xd0, 0xfe, 0xff, 0xff, 0x48, 0x83, 0xc6, 0x08, 0x48, 0x89,
    0xb5, 0xe0, 0xfe, 0xff, 0xff, 0x48, 0xf7, 0xd8, 0x48, 0x01, 0xd0, 0x48,
    0xff, 0xc0, 0x48, 0x85, 0xc9, 0xbe, 0x01, 0x00, 0x00, 0x00, 0x48, 0x0f,
    0x4e, 0xf1, 0x4c, 0x8d, 0x41, 0x01, 0x4c, 0x89, 0x85, 0xc0, 0xfe, 0xff,
    0xff, 0x48, 0x89, 0xb5, 0xc8, 0xfe, 0xff, 0xff, 0x49, 0x29, 0xf0, 0x48,
    0x83, 0xf9, 0x09, 0xbe, 0x08, 0x00, 0x00, 0x00, 0x48, 0x0f, 0x43, 0xf1,
    0x48, 0x83, 0xe6, 0xf8, 0x48, 0x89, 0xb5, 0x10, 0xff, 0xff, 0xff, 0x4c,
    0x89, 0xc6, 0x48, 0x83, 0xe6, 0xe0, 0x49, 0x89, 0xc9, 0x48, 0x89, 0x75,
    0xa0, 0x49, 0x29, 0xf1, 0x4c, 0x89, 0x8d, 0x40, 0xff, 0xff, 0xff, 0x4c,
    0x89, 0x45, 0xc8, 0x49, 0x83, 0xe0, 0xfc, 0x4c, 0x89, 0x85, 0x18, 0xff,
    0xff, 0xff, 0x48, 0x89, 0xce, 0x4c, 0x29, 0xc6, 0x48, 0x89, 0xb5, 0x20,
    0xff, 0xff, 0xff, 0x48, 0x89, 0x85, 0x70, 0xff, 0xff, 0xff, 0x48, 0x83,
    0xe0, 0xfc, 0x48, 0x89, 0x95, 0x78, 0xff, 0xff, 0xff, 0x48, 0x29, 0xc2,
    0x48, 0x89, 0x95, 0x30, 0xff, 0xff, 0xff, 0x48, 0x89, 0x8d, 0x68, 0xff,
    0xff, 0xff, 0x4c, 0x01, 0xf9, 0x48, 0xff, 0xc1, 0x48, 0x89, 0x8d, 0xf0,
    0xfe, 0xff, 0xff, 0x48, 0x89, 0x85, 0x28, 0xff, 0xff, 0xff, 0x48, 0x8d,
    0x04, 0xc5, 0x00, 0x00, 0x00, 0x00, 0x48, 0x89, 0x85, 0x38, 0xff, 0xff,
    0xff, 0x31, 0xdb, 0x4c, 0x89, 0x7d, 0x80, 0x4c, 0x89, 0x9d, 0x58, 0xff,
    0xff, 0xff, 0x66, 0x90, 0x48, 0x89, 0x9d, 0xd8, 0xfe, 0xff, 0xff, 0x49,
    0x89, 0xfa, 0x49, 0x83, 0xfe, 0x07, 0x0f, 0x83, 0x91, 0x03, 0x00, 0x00,
    0x66, 0x66, 0x66, 0x2e, 0x0f, 0x1f, 0x84, 0x00, 0x00, 0x00, 0x00, 0x00,
    0x4d, 0x0f, 0xaf, 0xf7, 0x4d, 0x39, 0xf7, 0x0f, 0x83, 0xe3, 0x18, 0x00,
    0x00, 0x4d, 0x01, 0xd6, 0x4b, 0x8d, 0x04, 0x3a, 0x49, 0x8d, 0x4a, 0x10,
    0x48, 0x89, 0x4d, 0x88, 0x4c, 0x89, 0x55, 0xa8, 0x48, 0xc7, 0x85, 0x60,
    0xff, 0xff, 0xff, 0x00, 0x00, 0x00, 0x00, 0x4c, 0x89, 0xb5, 0x50, 0xff,
    0xff, 0xff, 0xeb, 0x36, 0x66, 0x66, 0x66, 0x2e, 0x0f, 0x1f, 0x84, 0x00,
    0x00, 0x00, 0x00, 0x00, 0x4c, 0x8b, 0x7d, 0x80, 0x48, 0x8b, 0x45, 0xc0,
    0x4c, 0x01, 0xf8, 0x48, 0xff, 0x85, 0x60, 0xff, 0xff, 0xff, 0x4c, 0x01,
    0x7d, 0x88, 0x4c, 0x01, 0x7d, 0xa8, 0x4c, 0x8b, 0xb5, 0x50, 0xff, 0xff,
    0xff, 0x4c, 0x39, 0xf0, 0x0f, 0x83, 0x86, 0x18, 0x00, 0x00, 0x48, 0x89,
    0x45, 0xc0, 0x4c, 0x39, 0xd0, 0x76, 0xcd, 0x48, 0x8b, 0x4d, 0x80, 0x48,
    0x0f, 0xaf, 0x8d, 0x60, 0xff, 0xff, 0xff, 0x48, 0x8b, 0x85, 0xf0, 0xfe,
    0xff, 0xff, 0x48, 0x01, 0xc8, 0x48, 0x89, 0x85, 0xf8, 0xfe, 0xff, 0xff,
    0x48, 0x8b, 0x85, 0xc0, 0xfe, 0xff, 0xff, 0x48, 0x8d, 0x04, 0x08, 0x48,
    0x89, 0x45, 0xb0, 0x48, 0x8b, 0x85, 0xe8, 0xfe, 0xff, 0xff, 0x48, 0x01,
    0xc8, 0x48, 0x89, 0x85, 0x08, 0xff, 0xff, 0xff, 0x48, 0x8b, 0x85, 0xe0,
    0xfe, 0xff, 0xff, 0x48, 0x89, 0x4d, 0x98, 0x48, 0x01, 0xc8, 0x48, 0x89,
    0x85, 0x00, 0xff, 0xff, 0xff, 0x48, 0x8b, 0x45, 0xa8, 0x48, 0x89, 0x45,
    0xb8, 0x4c, 0x8b, 0x75, 0x88, 0x45, 0x31, 0xe4, 0x4c, 0x8b, 0x7d, 0xc0,
    0xeb, 0x2e, 0x66, 0x0f, 0x1f, 0x44, 0x00, 0x00, 0x49, 0x8b, 0x45, 0x00,
    0x49, 0x8b, 0x0f, 0x49, 0x89, 0x4d, 0x00, 0x49, 0x89, 0x07, 0x48, 0x8b,
    0x5d, 0xb8, 0x49, 0xff, 0xc4, 0x4d, 0x01, 0xde, 0x4c, 0x01, 0xdb, 0x48,
    0x89, 0x5d, 0xb8, 0x4d, 0x39, 0xd7, 0x0f, 0x86, 0x38, 0xff, 0xff, 0xff,
    0x4d, 0x89, 0xfd, 0x4d, 0x01, 0xdf, 0x4c, 0x89, 0xff, 0x4c, 0x89, 0xee,
    0x4c, 0x89, 0xd3, 0xff, 0x55, 0x90, 0x49, 0x89, 0xda, 0x4c, 0x8b, 0x9d,
    0x58, 0xff, 0xff, 0xff, 0x85, 0xc0, 0x0f, 0x8e, 0x14, 0xff, 0xff, 0xff,
    0x80, 0x7d, 0xd7, 0x00, 0x75, 0xae, 0x48, 0x8b, 0x4d, 0x80, 0x49, 0x0f,
    0xaf, 0xcc, 0x48, 0x8b, 0x45, 0x98, 0x48, 0x29, 0xc8, 0x4c, 0x01, 0xd0,
    0xf6, 0x85, 0x48, 0xff, 0xff, 0xff, 0x07, 0x74, 0x77, 0x48, 0x83, 0x7d,
    0xc8, 0x03, 0x48, 0x8b, 0x5d, 0xb8, 0x76, 0x30, 0x48, 0x03, 0x8d, 0xc8,
    0xfe, 0xff, 0xff, 0x48, 0x8b, 0x55, 0xb0, 0x48, 0x29, 0xca, 0x4c, 0x01,
    0xd2, 0x49, 0x39, 0xd5, 0x0f, 0x83, 0xc0, 0x00, 0x00, 0x00, 0x48, 0x8b,
    0x95, 0xf8, 0xfe, 0xff, 0xff, 0x48, 0x29, 0xca, 0x4c, 0x01, 0xd2, 0x48,
    0x39, 0xd0, 0x0f, 0x83, 0xaa, 0x00, 0x00, 0x00, 0x48, 0x8b, 0x8d, 0x68,
    0xff, 0xff, 0xff, 0x4c, 0x89, 0xf8, 0x48, 0xff, 0xc1, 0x31, 0xd2, 0x66,
    0x0f, 0x1f, 0x84, 0x00, 0x00, 0x00, 0x00, 0x00, 0x41, 0x0f, 0xb6, 0x74,
    0x15, 0x00, 0x0f, 0xb6, 0x3c, 0x10, 0x41, 0x88, 0x7c, 0x15, 0x00, 0x40,
    0x88, 0x34, 0x10, 0x48, 0xff, 0xc9, 0x48, 0xff, 0xc2, 0x48, 0x83, 0xf9,
    0x01, 0x7f, 0xe1, 0xe9, 0x2e, 0xff, 0xff, 0xff, 0x48, 0x83, 0xbd, 0x70,
    0xff, 0xff, 0xff, 0x04, 0x48, 0x8b, 0x5d, 0xb8, 0x72, 0x2b, 0x48, 0x03,
    0x8d, 0xd0, 0xfe, 0xff, 0xff, 0x48, 0x8b, 0x95, 0x00, 0xff, 0xff, 0xff,
    0x48, 0x29, 0xca, 0x4c, 0x01, 0xd2, 0x49, 0x39, 0xd5, 0x73, 0x55, 0x48,
    0x8b, 0x95, 0x08, 0xff, 0xff, 0xff, 0x48, 0x29, 0xca, 0x4c, 0x01, 0xd2,
    0x48, 0x39, 0xd0, 0x73, 0x43, 0x4c, 0x89, 0xf8, 0x4c, 0x89, 0xe9, 0x48,
    0x8b, 0x95, 0x78, 0xff, 0xff, 0xff, 0x48, 0xff, 0xc2, 0x31, 0xf6, 0x90,
    0x48, 0x8b, 0x3c, 0x31, 0x4c, 0x8b, 0x04, 0x30, 0x4c, 0x89, 0x04, 0x31,
    0x48, 0x89, 0x3c, 0x30, 0x48, 0x83, 0xc6, 0x08, 0x48, 0xff, 0xca, 0x48,
    0x83, 0xfa, 0x01, 0x77, 0xe3, 0xe9, 0xc0, 0xfe, 0xff, 0xff, 0x48, 0x83,
    0x7d, 0xc8, 0x20, 0x73, 0x77, 0x31, 0xc9, 0xe9, 0xc5, 0x00, 0x00, 0x00,
    0x48, 0x8b, 0x8d, 0x38, 0xff, 0xff, 0xff, 0x49, 0x8d, 0x04, 0x0f, 0x4c,
    0x01, 0xe9, 0x31, 0xd2, 0x48, 0x8b, 0xb5, 0x28, 0xff, 0xff, 0xff, 0x66,
    0x0f, 0x1f, 0x84, 0x00, 0x00, 0x00, 0x00, 0x00, 0x41, 0x0f, 0x10, 0x44,
    0xd5, 0x00, 0x41, 0x0f, 0x10, 0x4c, 0xd5, 0x10, 0x41, 0x0f, 0x10, 0x54,
    0xd6, 0xf0, 0x41, 0x0f, 0x10, 0x1c, 0xd6, 0x41, 0x0f, 0x11, 0x54, 0xd5,
    0x00, 0x41, 0x0f, 0x11, 0x5c, 0xd5, 0x10, 0x41, 0x0f, 0x11, 0x44, 0xd6,
    0xf0, 0x41, 0x0f, 0x11, 0x0c, 0xd6, 0x48, 0x83, 0xc2, 0x04, 0x48, 0x39,
    0xd6, 0x75, 0xc9, 0x48, 0x8b, 0x95, 0x30, 0xff, 0xff, 0xff, 0x48, 0x39,
    0xb5, 0x70, 0xff, 0xff, 0xff, 0x0f, 0x84, 0x47, 0xfe, 0xff, 0xff, 0xe9,
    0x5a, 0xff, 0xff, 0xff, 0x48, 0x8b, 0x45, 0x80, 0x4c, 0x01, 0xf0, 0x31,
    0xc9, 0x48, 0x8b, 0x55, 0xa0, 0x0f, 0x1f, 0x00, 0x0f, 0x10, 0x44, 0x08,
    0xf0, 0x0f, 0x10, 0x0c, 0x08, 0x41, 0x0f, 0x10, 0x54, 0x0e, 0xf0, 0x41,
    0x0f, 0x10, 0x1c, 0x0e, 0x0f, 0x11, 0x54, 0x08, 0xf0, 0x0f, 0x11, 0x1c,
    0x08, 0x41, 0x0f, 0x11, 0x44, 0x0e, 0xf0, 0x41, 0x0f, 0x11, 0x0c, 0x0e,
    0x48, 0x83, 0xc1, 0x20, 0x48, 0x39, 0xca, 0x75, 0xcf, 0x48, 0x39, 0x55,
    0xc8, 0x0f, 0x84, 0xf7, 0xfd, 0xff, 0xff, 0x48, 0x8b, 0x4d, 0xa0, 0xf6,
    0x45, 0xc8, 0x1c, 0x74, 0x46, 0x4c, 0x8b, 0x85, 0x18, 0xff, 0xff, 0xff,
    0x4d, 0x01, 0xc5, 0x4b, 0x8d, 0x04, 0x07, 0x48, 0x8b, 0x55, 0x80, 0x48,
    0x01, 0xda, 0x66, 0x0f, 0x1f, 0x44, 0x00, 0x00, 0x8b, 0x34, 0x0a, 0x8b,
    0x3c, 0x0b, 0x89, 0x3c, 0x0a, 0x89, 0x34, 0x0b, 0x48, 0x83, 0xc1, 0x04,
    0x49, 0x39, 0xc8, 0x75, 0xeb, 0x48, 0x8b, 0x8d, 0x20, 0xff, 0xff, 0xff,
    0x4c, 0x39, 0x45, 0xc8, 0x0f, 0x84, 0xac, 0xfd, 0xff, 0xff, 0xe9, 0x47,
    0xfe, 0xff, 0xff, 0x48, 0x8b, 0x45, 0xa0, 0x49, 0x01, 0xc5, 0x4c, 0x01,
    0xf8, 0x48, 0x8b, 0x8d, 0x40, 0xff, 0xff, 0xff, 0xe9, 0x31, 0xfe, 0xff,
    0xff, 0x66, 0x66, 0x66, 0x66, 0x66, 0x66, 0x2e, 0x0f, 0x1f, 0x84, 0x00,
    0x00, 0x00, 0x00, 0x00, 0x44, 0x89, 0xc8, 0x31, 0xd2, 0x41, 0xf7, 0xf7,
    0x41, 0x89, 0xc6, 0x49, 0x83, 0xfe, 0x07, 0x0f, 0x82, 0x7b, 0xfc, 0xff,
    0xff, 0x4d, 0x89, 0xf4, 0x49, 0xd1, 0xec, 0x4d, 0x0f, 0xaf, 0xe7, 0x4d,
    0x01, 0xd4, 0x49, 0x83, 0xfe, 0x07, 0x4c, 0x89, 0x55, 0xb8, 0x4c, 0x89,
    0xb5, 0x50, 0xff, 0xff, 0xff, 0x0f, 0x84, 0xf5, 0x01, 0x00, 0x00, 0x4d,
    0x89, 0xf5, 0x49, 0xff, 0xce, 0x4d, 0x0f, 0xaf, 0xf7, 0x4d, 0x01, 0xd6,
    0x49, 0x83, 0xfd, 0x29, 0x72, 0x66, 0x4c, 0x89, 0x75, 0x98, 0x4c, 0x89,
    0xe8, 0x48, 0xc1, 0xe8, 0x03, 0x49, 0x0f, 0xaf, 0xc7, 0x4d, 0x8d, 0x34,
    0x02, 0x48, 0x89, 0x45, 0xa8, 0x49, 0x8d, 0x04, 0x42, 0x48, 0x89, 0x45,
    0xb0, 0x4c, 0x89, 0xd7, 0x4c, 0x89, 0xf6, 0x48, 0x8b, 0x5d, 0x90, 0xff,
    0xd3, 0x89, 0x45, 0x88, 0x4c, 0x89, 0x75, 0xc0, 0x4c, 0x89, 0xf7, 0x4c,
    0x8b, 0x75, 0xb0, 0x4c, 0x89, 0xf6, 0xff, 0xd3, 0x83, 0x7d, 0x88, 0x00,
    0x78, 0x2a, 0x85, 0xc0, 0x7f, 0x41, 0x4c, 0x8b, 0x6d, 0xb8, 0x4c, 0x89,
    0xef, 0x4c, 0x89, 0xf6, 0xff, 0x55, 0x90, 0x85, 0xc0, 0x4d, 0x0f, 0x48,
    0xf5, 0xeb, 0x28, 0x66, 0x0f, 0x1f, 0x84, 0x00, 0x00, 0x00, 0x00, 0x00,
    0x4c, 0x89, 0xd7, 0xe9, 0x0a, 0x01, 0x00, 0x00, 0x85, 0xc0, 0x78, 0x17,
    0x4c, 0x8b, 0x6d, 0xb8, 0x4c, 0x89, 0xef, 0x4c, 0x89, 0xf6, 0xff, 0x55,
    0x90, 0x85, 0xc0, 0x4d, 0x0f, 0x49, 0xf5, 0x4c, 0x89, 0x75, 0xc0, 0x4c,
    0x89, 0xe7, 0x48, 0x8b, 0x5d, 0xa8, 0x48, 0x29, 0xdf, 0x4d, 0x8d, 0x34,
    0x1c, 0x48, 0x89, 0x7d, 0x88, 0x4c, 0x89, 0xe6, 0x4c, 0x8b, 0x6d, 0x90,
    0x41, 0xff, 0xd5, 0x89, 0x45, 0xb0, 0x4c, 0x89, 0xe7, 0x4c, 0x89, 0xb5,
    0x60, 0xff, 0xff, 0xff, 0x4c, 0x89, 0xf6, 0x41, 0xff, 0xd5, 0x83, 0x7d,
    0xb0, 0x00, 0x78, 0x17, 0x85, 0xc0, 0x7f, 0x31, 0x4c, 0x8b, 0x75, 0x88,
    0x4c, 0x89, 0xf7, 0x4c, 0x8b, 0xa5, 0x60, 0xff, 0xff, 0xff, 0x4c, 0x89,
    0xe6, 0xeb, 0x15, 0x85, 0xc0, 0x78, 0x1a, 0x4c, 0x8b, 0x65, 0x88, 0x4c,
    0x89, 0xe7, 0x4c, 0x8b, 0xb5, 0x60, 0xff, 0xff, 0xff, 0x4c, 0x89, 0xf6,
    0xff, 0x55, 0x90, 0x85, 0xc0, 0x4d, 0x0f, 0x48, 0xe6, 0x48, 0x8d, 0x04,
    0x1b, 0x48, 0xf7, 0xdb, 0x4c, 0x8b, 0x75, 0x98, 0x4c, 0x89, 0xf7, 0x48,
    0x29, 0xc7, 0x4c, 0x01, 0xf3, 0x48, 0x89, 0x7d, 0x88, 0x48, 0x89, 0xde,
    0x4c, 0x8b, 0x6d, 0x90, 0x41, 0xff, 0xd5, 0x89, 0x45, 0xb0, 0x48, 0x89,
    0xdf, 0x4c, 0x89, 0xf6, 0x41, 0xff, 0xd5, 0x83, 0x7d, 0xb0, 0x00, 0x78,
    0x27, 0x85, 0xc0, 0x48, 0x8b, 0x7d, 0xc0, 0x7f, 0x46, 0x48, 0x89, 0xfb,
    0x4c, 0x8b, 0x6d, 0x88, 0x4c, 0x89, 0xef, 0x4c, 0x8b, 0x75, 0x98, 0x4c,
    0x89, 0xf6, 0xff, 0x55, 0x90, 0x48, 0x89, 0xdf, 0x85, 0xc0, 0x4d, 0x0f,
    0x48, 0xf5, 0xeb, 0x2a, 0x85, 0xc0, 0x48, 0x8b, 0x7d, 0xc0, 0x78, 0x1f,
    0x48, 0x89, 0xfb, 0x4c, 0x8b, 0x6d, 0x88, 0x4c, 0x89, 0xef, 0x4c, 0x8b,
    0x75, 0x98, 0x4c, 0x89, 0xf6, 0xff, 0x55, 0x90, 0x48, 0x89, 0xdf, 0x85,
    0xc0, 0x4d, 0x0f, 0x49, 0xf5, 0xeb, 0x03, 0x49, 0x89, 0xde, 0x48, 0x89,
    0x7d, 0xc0, 0x4c, 0x89, 0xe6, 0x48, 0x8b, 0x5d, 0x90, 0xff, 0xd3, 0x41,
    0x89, 0xc5, 0x4c, 0x89, 0xe7, 0x4c, 0x89, 0x75, 0x98, 0x4c, 0x89, 0xf6,
    0xff, 0xd3, 0x45, 0x85, 0xed, 0x78, 0x1f, 0x85, 0xc0, 0x4c, 0x8b, 0x55,
    0xb8, 0x4c, 0x8b, 0xb5, 0x50, 0xff, 0xff, 0xff, 0x7f, 0x3a, 0x48, 0x8b,
    0x5d, 0xc0, 0x48, 0x89, 0xdf, 0x4c, 0x8b, 0x65, 0x98, 0x4c, 0x89, 0xe6,
    0xeb, 0x1d, 0x85, 0xc0, 0x4c, 0x8b, 0x55, 0xb8, 0x4c, 0x8b, 0xb5, 0x50,
    0xff, 0xff, 0xff, 0x78, 0x1b, 0x4c, 0x8b, 0x65, 0xc0, 0x4c, 0x89, 0xe7,
    0x48, 0x8b, 0x5d, 0x98, 0x48, 0x89, 0xde, 0xff, 0x55, 0x90, 0x4c, 0x8b,
    0x55, 0xb8, 0x85, 0xc0, 0x4c, 0x0f, 0x48, 0xe3, 0x80, 0x7d, 0xd7, 0x00,
    0x74, 0x1e, 0x49, 0x8b, 0x02, 0x49, 0x8b, 0x0c, 0x24, 0x49, 0x89, 0x0a,
    0x49, 0x89, 0x04, 0x24, 0xe9, 0xdb, 0x00, 0x00, 0x00, 0x66, 0x66, 0x2e,
    0x0f, 0x1f, 0x84, 0x00, 0x00, 0x00, 0x00, 0x00, 0xf6, 0x85, 0x48, 0xff,
    0xff, 0xff, 0x07, 0x48, 0x8b, 0x55, 0xa0, 0x74, 0x62, 0x48, 0x8b, 0x4d,
    0xc8, 0x48, 0x83, 0xf9, 0x03, 0x76, 0x1a, 0x49, 0x8d, 0x04, 0x0c, 0x49,
    0x39, 0xc2, 0x0f, 0x83, 0x92, 0x08, 0x00, 0x00, 0x49, 0x8d, 0x04, 0x0a,
    0x49, 0x39, 0xc4, 0x0f, 0x83, 0x85, 0x08, 0x00, 0x00, 0x48, 0x8b, 0x95,
    0x68, 0xff, 0xff, 0xff, 0x4c, 0x89, 0xd0, 0x4c, 0x89, 0xe1, 0x48, 0xff,
    0xc2, 0x31, 0xf6, 0x66, 0x66, 0x66, 0x66, 0x2e, 0x0f, 0x1f, 0x84, 0x00,
    0x00, 0x00, 0x00, 0x00, 0x0f, 0xb6, 0x3c, 0x30, 0x44, 0x0f, 0xb6, 0x04,
    0x31, 0x44, 0x88, 0x04, 0x30, 0x40, 0x88, 0x3c, 0x31, 0x48, 0xff, 0xca,
    0x48, 0xff, 0xc6, 0x48, 0x83, 0xfa, 0x01, 0x7f, 0xe3, 0xeb, 0x61, 0x48,
    0x83, 0xbd, 0x70, 0xff, 0xff, 0xff, 0x04, 0x72, 0x21, 0x48, 0x8b, 0x8d,
    0x10, 0xff, 0xff, 0xff, 0x49, 0x8d, 0x04, 0x0c, 0x49, 0x39, 0xc2, 0x0f,
    0x83, 0x2a, 0x0e, 0x00, 0x00, 0x49, 0x8d, 0x04, 0x0a, 0x49, 0x39, 0xc4,
    0x0f, 0x83, 0x1d, 0x0e, 0x00, 0x00, 0x4c, 0x89, 0xe0, 0x4c, 0x89, 0xd1,
    0x48, 0x8b, 0x95, 0x78, 0xff, 0xff, 0xff, 0x48, 0xff, 0xc2, 0x31, 0xf6,
    0x0f, 0x1f, 0x40, 0x00, 0x48, 0x8b, 0x3c, 0x31, 0x4c, 0x8b, 0x04, 0x30,
    0x4c, 0x89, 0x04, 0x31, 0x48, 0x89, 0x3c, 0x30, 0x48, 0x83, 0xc6, 0x08,
    0x48, 0xff, 0xca, 0x48, 0x83, 0xfa, 0x01, 0x77, 0xe3, 0x0f, 0x1f, 0x00,
    0x4b, 0x8d, 0x0c, 0x3a, 0x49, 0x8d, 0x46, 0xff, 0x49, 0x0f, 0xaf, 0xc7,
    0x4c, 0x01, 0xd0, 0xc7, 0x45, 0xb0, 0x00, 0x00, 0x00, 0x00, 0x48, 0x89,
    0x45, 0xc0, 0x48, 0x89, 0xc2, 0x49, 0x89, 0xcd, 0x48, 0x89, 0x8d, 0x60,
    0xff, 0xff, 0xff, 0x48, 0x89, 0x4d, 0xa8, 0x49, 0x39, 0xd5, 0x48, 0x89,
    0x55, 0x98, 0x0f, 0x87, 0xb4, 0x02, 0x00, 0x00, 0x48, 0x8b, 0x45, 0xc8,
    0x4c, 0x01, 0xe8, 0x48, 0x89, 0x45, 0x88, 0x48, 0x8b, 0x85, 0x10, 0xff,
    0xff, 0xff, 0x4e, 0x8d, 0x24, 0x28, 0x45, 0x31, 0xf6, 0xeb, 0x28, 0x66,
    0x66, 0x66, 0x66, 0x2e, 0x0f, 0x1f, 0x84, 0x00, 0x00, 0x00, 0x00, 0x00,
    0x4c, 0x8b, 0x7d, 0x80, 0x4c, 0x8b, 0x55, 0xb8, 0x4d, 0x01, 0xfd, 0x49,
    0xff, 0xc6, 0x48, 0x8b, 0x55, 0x98, 0x49, 0x39, 0xd5, 0x0f, 0x87, 0x71,
    0x02, 0x00, 0x00, 0x4c, 0x89, 0xfb, 0x49, 0x0f, 0xaf, 0xde, 0x48, 0x8b,
    0x45, 0x88, 0x4c, 0x8d, 0x3c, 0x18, 0x4c, 0x01, 0xe3, 0x4c, 0x89, 0xef,
    0x4c, 0x89, 0xd6, 0xff, 0x55, 0x90, 0x85, 0xc0, 0x0f, 0x8f, 0x42, 0x02,
    0x00, 0x00, 0x75, 0xc0, 0x80, 0x7d, 0xd7, 0x00, 0x4c, 0x8b, 0x55, 0xb8,
    0x74, 0x17, 0x48, 0x8b, 0x55, 0xa8, 0x48, 0x8b, 0x02, 0x49, 0x8b, 0x4d,
    0x00, 0x48, 0x89, 0x0a, 0x49, 0x89, 0x45, 0x00, 0xe9, 0xfc, 0x01, 0x00,
    0x00, 0xf6, 0x85, 0x48, 0xff, 0xff, 0xff, 0x07, 0x74, 0x5a, 0x48, 0x8b,
    0x95, 0x68, 0xff, 0xff, 0xff, 0x48, 0x8b, 0x45, 0xa8, 0x4c, 0x89, 0xe9,
    0x48, 0x83, 0x7d, 0xc8, 0x03, 0x0f, 0x86, 0xb8, 0x01, 0x00, 0x00, 0x4c,
    0x39, 0x7d, 0xa8, 0x73, 0x22, 0x48, 0x8b, 0x45, 0xc8, 0x48, 0x8b, 0x4d,
    0xa8, 0x48, 0x8d, 0x34, 0x01, 0x48, 0x8b, 0x95, 0x68, 0xff, 0xff, 0xff,
    0x48, 0x89, 0xc8, 0x4c, 0x89, 0xe9, 0x49, 0x39, 0xf5, 0x0f, 0x82, 0x90,
    0x01, 0x00, 0x00, 0x4c, 0x8b, 0x45, 0xc8, 0x49, 0x83, 0xf8, 0x20, 0x0f,
    0x83, 0xd9, 0x00, 0x00, 0x00, 0x31, 0xd2, 0x4c, 0x8b, 0x5d, 0xa8, 0xe9,
    0x2a, 0x01, 0x00, 0x00, 0x4c, 0x89, 0xe8, 0x48, 0x8b, 0x4d, 0xa8, 0x48,
    0x8b, 0x95, 0x78, 0xff, 0xff, 0xff, 0x48, 0x83, 0xbd, 0x70, 0xff, 0xff,
    0xff, 0x04, 0x0f, 0x82, 0x87, 0x00, 0x00, 0x00, 0x48, 0x39, 0x5d, 0xa8,
    0x73, 0x1e, 0x48, 0x8b, 0x85, 0x10, 0xff, 0xff, 0xff, 0x48, 0x8b, 0x4d,
    0xa8, 0x48, 0x8d, 0x34, 0x01, 0x4c, 0x89, 0xe8, 0x48, 0x8b, 0x95, 0x78,
    0xff, 0xff, 0xff, 0x49, 0x39, 0xf5, 0x72, 0x63, 0x48, 0x8b, 0x8d, 0x38,
    0xff, 0xff, 0xff, 0x4a, 0x8d, 0x04, 0x29, 0x48, 0x8b, 0x7d, 0xa8, 0x48,
    0x01, 0xf9, 0x31, 0xd2, 0x48, 0x8b, 0xb5, 0x28, 0xff, 0xff, 0xff, 0x90,
    0x0f, 0x10, 0x04, 0xd7, 0x0f, 0x10, 0x4c, 0xd7, 0x10, 0x41, 0x0f, 0x10,
    0x54, 0xd5, 0x00, 0x41, 0x0f, 0x10, 0x5c, 0xd5, 0x10, 0x0f, 0x11, 0x14,
    0xd7, 0x0f, 0x11, 0x5c, 0xd7, 0x10, 0x41, 0x0f, 0x11, 0x44, 0xd5, 0x00,
    0x41, 0x0f, 0x11, 0x4c, 0xd5, 0x10, 0x48, 0x83, 0xc2, 0x04, 0x48, 0x39,
    0xd6, 0x75, 0xcd, 0x48, 0x8b, 0x95, 0x30, 0xff, 0xff, 0xff, 0x48, 0x39,
    0xb5, 0x70, 0xff, 0xff, 0xff, 0x0f, 0x84, 0xf6, 0x00, 0x00, 0x00, 0x48,
    0xff, 0xc2, 0x31, 0xf6, 0x0f, 0x1f, 0x40, 0x00, 0x48, 0x8b, 0x3c, 0x31,
    0x4c, 0x8b, 0x04, 0x30, 0x4c, 0x89, 0x04, 0x31, 0x48, 0x89, 0x3c, 0x30,
    0x48, 0x83, 0xc6, 0x08, 0x48, 0xff, 0xca, 0x48, 0x83, 0xfa, 0x01, 0x77,
    0xe3, 0xe9, 0xcb, 0x00, 0x00, 0x00, 0x31, 0xc0, 0x48, 0x8b, 0x4d, 0xa0,
    0x48, 0x8b, 0x55, 0xa8, 0x0f, 0x1f, 0x40, 0x00, 0x0f, 0x10, 0x04, 0x02,
    0x0f, 0x10, 0x4c, 0x02, 0x10, 0x41, 0x0f, 0x10, 0x54, 0x05, 0x00, 0x41,
    0x0f, 0x10, 0x5c, 0x05, 0x10, 0x0f, 0x11, 0x14, 0x02, 0x0f, 0x11, 0x5c,
    0x02, 0x10, 0x41, 0x0f, 0x11, 0x44, 0x05, 0x00, 0x41, 0x0f, 0x11, 0x4c,
    0x05, 0x10, 0x48, 0x83, 0xc0, 0x20, 0x48, 0x39, 0xc1, 0x75, 0xcd, 0x49,
    0x39, 0xc8, 0x0f, 0x84, 0x81, 0x00, 0x00, 0x00, 0x48, 0x8b, 0x55, 0xa0,
    0x4c, 0x8b, 0x45, 0xc8, 0x41, 0xf6, 0xc0, 0x1c, 0x4c, 0x8b, 0x5d, 0xa8,
    0x74, 0x3b, 0x4c, 0x8b, 0x8d, 0x18, 0xff, 0xff, 0xff, 0x4b, 0x8d, 0x04,
    0x0b, 0x4b, 0x8d, 0x0c, 0x29, 0x0f, 0x1f, 0x00, 0x41, 0x8b, 0x34, 0x13,
    0x41, 0x8b, 0x7c, 0x15, 0x00, 0x41, 0x89, 0x3c, 0x13, 0x41, 0x89, 0x74,
    0x15, 0x00, 0x48, 0x83, 0xc2, 0x04, 0x49, 0x39, 0xd1, 0x75, 0xe5, 0x48,
    0x8b, 0x95, 0x20, 0xff, 0xff, 0xff, 0x4d, 0x39, 0xc8, 0x75, 0x14, 0xeb,
    0x34, 0x48, 0x8b, 0x4d, 0xa0, 0x49, 0x8d, 0x04, 0x0b, 0x4c, 0x01, 0xe9,
    0x48, 0x8b, 0x95, 0x40, 0xff, 0xff, 0xff, 0x48, 0xff, 0xc2, 0x31, 0xf6,
    0x0f, 0xb6, 0x3c, 0x30, 0x44, 0x0f, 0xb6, 0x04, 0x31, 0x44, 0x88, 0x04,
    0x30, 0x40, 0x88, 0x3c, 0x31, 0x48, 0xff, 0xca, 0x48, 0xff, 0xc6, 0x48,
    0x83, 0xfa, 0x01, 0x7f, 0xe3, 0x4c, 0x8b, 0x7d, 0x80, 0x4c, 0x01, 0x7d,
    0xa8, 0xc7, 0x45, 0xb0, 0x01, 0x00, 0x00, 0x00, 0xe9, 0x97, 0xfd, 0xff,
    0xff, 0x66, 0x66, 0x66, 0x66, 0x66, 0x66, 0x2e, 0x0f, 0x1f, 0x84, 0x00,
    0x00, 0x00, 0x00, 0x00, 0x4c, 0x8b, 0x7d, 0x80, 0x4c, 0x8b, 0x55, 0xb8,
    0x48, 0x8b, 0x55, 0x98, 0x49, 0x39, 0xd5, 0x0f, 0x87, 0x02, 0x05, 0x00,
    0x00, 0x45, 0x31, 0xf6, 0x49, 0x89, 0xd4, 0xeb, 0x25, 0x0f, 0x1f, 0x00,
    0x4c, 0x8b, 0x9d, 0x58, 0xff, 0xff, 0xff, 0x4c, 0x8b, 0x55, 0xb8, 0x4d,
    0x01, 0xdc, 0x49, 0xff, 0xc6, 0x4d, 0x39, 0xe5, 0x4c, 0x8b, 0x7d, 0x80,
    0x48, 0x8b, 0x55, 0x98, 0x0f, 0x87, 0xee, 0x04, 0x00, 0x00, 0x4c, 0x89,
    0xf8, 0x49, 0x0f, 0xaf, 0xc6, 0x4c, 0x8b, 0x7d, 0xc8, 0x49, 0x29, 0xc7,
    0x49, 0x01, 0xd7, 0x48, 0x8b, 0x9d, 0x10, 0xff, 0xff, 0xff, 0x48, 0x29,
    0xc3, 0x48, 0x01, 0xd3, 0x4c, 0x89, 0xe7, 0x4c, 0x89, 0xd6, 0xff, 0x55,
    0x90, 0x85, 0xc0, 0x0f, 0x88, 0x3f, 0x02, 0x00, 0x00, 0x75, 0xad, 0x80,
    0x7d, 0xd7, 0x00, 0x4c, 0x8b, 0x9d, 0x58, 0xff, 0xff, 0xff, 0x4c, 0x8b,
    0x55, 0xb8, 0x74, 0x17, 0x49, 0x8b, 0x04, 0x24, 0x48, 0x8b, 0x55, 0xc0,
    0x48, 0x8b, 0x0a, 0x49, 0x89, 0x0c, 0x24, 0x48, 0x89, 0x02, 0xe9, 0x02,
    0x02, 0x00, 0x00, 0xf6, 0x85, 0x48, 0xff, 0xff, 0xff, 0x07, 0x74, 0x5c,
    0x48, 0x8b, 0x95, 0x68, 0xff, 0xff, 0xff, 0x4c, 0x89, 0xe0, 0x48, 0x8b,
    0x4d, 0xc0, 0x48, 0x83, 0x7d, 0xc8, 0x03, 0x0f, 0x86, 0xba, 0x01, 0x00,
    0x00, 0x48, 0x8b, 0x45, 0xc8, 0x48, 0x8b, 0x4d, 0xc0, 0x48, 0x01, 0xc8,
    0x49, 0x39, 0xc4, 0x73, 0x1a, 0x48, 0x8b, 0x95, 0x68, 0xff, 0xff, 0xff,
    0x4c, 0x89, 0xe0, 0x48, 0x8b, 0x75, 0xc0, 0x48, 0x89, 0xf1, 0x4c, 0x39,
    0xfe, 0x0f, 0x82, 0x90, 0x01, 0x00, 0x00, 0x4c, 0x8b, 0x45, 0xc8, 0x49,
    0x83, 0xf8, 0x20, 0x0f, 0x83, 0xdd, 0x00, 0x00, 0x00, 0x31, 0xd2, 0x48,
    0x8b, 0x5d, 0xc0, 0xe9, 0x2c, 0x01, 0x00, 0x00, 0x48, 0x8b, 0x45, 0xc0,
    0x4c, 0x89, 0xe1, 0x48, 0x8b, 0x95, 0x78, 0xff, 0xff, 0xff, 0x48, 0x83,
    0xbd, 0x70, 0xff, 0xff, 0xff, 0x04, 0x0f, 0x82, 0x89, 0x00, 0x00, 0x00,
    0x48, 0x8b, 0x85, 0x10, 0xff, 0xff, 0xff, 0x48, 0x8b, 0x4d, 0xc0, 0x48,
    0x01, 0xc8, 0x49, 0x39, 0xc4, 0x73, 0x16, 0x48, 0x8b, 0x75, 0xc0, 0x48,
    0x89, 0xf0, 0x4c, 0x89, 0xe1, 0x48, 0x8b, 0x95, 0x78, 0xff, 0xff, 0xff,
    0x48, 0x39, 0xde, 0x72, 0x60, 0x48, 0x8b, 0x8d, 0x38, 0xff, 0xff, 0xff,
    0x48, 0x8b, 0x7d, 0xc0, 0x48, 0x8d, 0x04, 0x0f, 0x4c, 0x01, 0xe1, 0x31,
    0xd2, 0x48, 0x8b, 0xb5, 0x28, 0xff, 0xff, 0xff, 0x41, 0x0f, 0x10, 0x04,
    0xd4, 0x41, 0x0f, 0x10, 0x4c, 0xd4, 0x10, 0x0f, 0x10, 0x14, 0xd7, 0x0f,
    0x10, 0x5c, 0xd7, 0x10, 0x41, 0x0f, 0x11, 0x14, 0xd4, 0x41, 0x0f, 0x11,
    0x5c, 0xd4, 0x10, 0x0f, 0x11, 0x04, 0xd7, 0x0f, 0x11, 0x4c, 0xd7, 0x10,
    0x48, 0x83, 0xc2, 0x04, 0x48, 0x39, 0xd6, 0x75, 0xcf, 0x48, 0x8b, 0x95,
    0x30, 0xff, 0xff, 0xff, 0x48, 0x39, 0xb5, 0x70, 0xff, 0xff, 0xff, 0x0f,
    0x84, 0xf8, 0x00, 0x00, 0x00, 0x48, 0xff, 0xc2, 0x31, 0xf6, 0x66, 0x0f,
    0x1f, 0x44, 0x00, 0x00, 0x48, 0x8b, 0x3c, 0x31, 0x4c, 0x8b, 0x04, 0x30,
    0x4c, 0x89, 0x04, 0x31, 0x48, 0x89, 0x3c, 0x30, 0x48, 0x83, 0xc6, 0x08,
    0x48, 0xff, 0xca, 0x48, 0x83, 0xfa, 0x01, 0x77, 0xe3, 0xe9, 0xcb, 0x00,
    0x00, 0x00, 0x31, 0xc0, 0x48, 0x8b, 0x4d, 0xa0, 0x48, 0x8b, 0x55, 0xc0,
    0x0f, 0x1f, 0x40, 0x00, 0x41, 0x0f, 0x10, 0x04, 0x04, 0x41, 0x0f, 0x10,
    0x4c, 0x04, 0x10, 0x0f, 0x10, 0x14, 0x02, 0x0f, 0x10, 0x5c, 0x02, 0x10,
    0x41, 0x0f, 0x11, 0x14, 0x04, 0x41, 0x0f, 0x11, 0x5c, 0x04, 0x10, 0x0f,
    0x11, 0x04, 0x02, 0x0f, 0x11, 0x4c, 0x02, 0x10, 0x48, 0x83, 0xc0, 0x20,
    0x48, 0x39, 0xc1, 0x75, 0xcf, 0x49, 0x39, 0xc8, 0x0f, 0x84, 0x83, 0x00,
    0x00, 0x00, 0x48, 0x8b, 0x55, 0xa0, 0x4c, 0x8b, 0x45, 0xc8, 0x41, 0xf6,
    0xc0, 0x1c, 0x48, 0x8b, 0x5d, 0xc0, 0x74, 0x39, 0x4c, 0x8b, 0x8d, 0x18,
    0xff, 0xff, 0xff, 0x4b, 0x8d, 0x04, 0x0c, 0x4a, 0x8d, 0x0c, 0x0b, 0x0f,
    0x1f, 0x44, 0x00, 0x00, 0x41, 0x8b, 0x34, 0x14, 0x8b, 0x3c, 0x13, 0x41,
    0x89, 0x3c, 0x14, 0x89, 0x34, 0x13, 0x48, 0x83, 0xc2, 0x04, 0x49, 0x39,
    0xd1, 0x75, 0xe9, 0x48, 0x8b, 0x95, 0x20, 0xff, 0xff, 0xff, 0x4d, 0x39,
    0xc8, 0x75, 0x14, 0xeb, 0x38, 0x48, 0x8b, 0x4d, 0xa0, 0x49, 0x8d, 0x04,
    0x0c, 0x48, 0x01, 0xd9, 0x48, 0x8b, 0x95, 0x40, 0xff, 0xff, 0xff, 0x48,
    0xff, 0xc2, 0x31, 0xf6, 0x0f, 0x1f, 0x40, 0x00, 0x0f, 0xb6, 0x3c, 0x30,
    0x44, 0x0f, 0xb6, 0x04, 0x31, 0x44, 0x88, 0x04, 0x30, 0x40, 0x88, 0x3c,
    0x31, 0x48, 0xff, 0xca, 0x48, 0xff, 0xc6, 0x48, 0x83, 0xfa, 0x01, 0x7f,
    0xe3, 0x4c, 0x01, 0x5d, 0xc0, 0xc7, 0x45, 0xb0, 0x01, 0x00, 0x00, 0x00,
    0xe9, 0x7e, 0xfd, 0xff, 0xff, 0x0f, 0x1f, 0x00, 0x80, 0x7d, 0xd7, 0x00,
    0x74, 0x2a, 0x49, 0x8b, 0x45, 0x00, 0x49, 0x8b, 0x0c, 0x24, 0x49, 0x89,
    0x4d, 0x00, 0x49, 0x89, 0x04, 0x24, 0x4c, 0x8b, 0x8d, 0x58, 0xff, 0xff,
    0xff, 0x4c, 0x8b, 0x55, 0xb8, 0xe9, 0x17, 0x02, 0x00, 0x00, 0x66, 0x2e,
    0x0f, 0x1f, 0x84, 0x00, 0x00, 0x00, 0x00, 0x00, 0xf6, 0x85, 0x48, 0xff,
    0xff, 0xff, 0x07, 0x4c, 0x8b, 0x8d, 0x58, 0xff, 0xff, 0xff, 0x4c, 0x8b,
    0x55, 0xb8, 0x74, 0x50, 0x48, 0x8b, 0x95, 0x68, 0xff, 0xff, 0xff, 0x4c,
    0x89, 0xe8, 0x4c, 0x89, 0xe1, 0x48, 0x83, 0x7d, 0xc8, 0x03, 0x0f, 0x86,
    0xb3, 0x01, 0x00, 0x00, 0x4d, 0x39, 0xfd, 0x73, 0x1e, 0x48, 0x8b, 0x45,
    0xc8, 0x4a, 0x8d, 0x34, 0x28, 0x48, 0x8b, 0x95, 0x68, 0xff, 0xff, 0xff,
    0x4c, 0x89, 0xe8, 0x4c, 0x89, 0xe1, 0x49, 0x39, 0xf4, 0x0f, 0x82, 0x90,
    0x01, 0x00, 0x00, 0x4c, 0x8b, 0x45, 0xc8, 0x49, 0x83, 0xf8, 0x20, 0x0f,
    0x83, 0xd5, 0x00, 0x00, 0x00, 0x31, 0xd2, 0xe9, 0x2a, 0x01, 0x00, 0x00,
    0x4c, 0x89, 0xe0, 0x4c, 0x89, 0xe9, 0x48, 0x8b, 0x95, 0x78, 0xff, 0xff,
    0xff, 0x48, 0x83, 0xbd, 0x70, 0xff, 0xff, 0xff, 0x06, 0x0f, 0x82, 0x8c,
    0x00, 0x00, 0x00, 0x49, 0x39, 0xdd, 0x73, 0x1d, 0x48, 0x8b, 0x85, 0x10,
    0xff, 0xff, 0xff, 0x4a, 0x8d, 0x34, 0x28, 0x4c, 0x89, 0xe0, 0x4c, 0x89,
    0xe9, 0x48, 0x8b, 0x95, 0x78, 0xff, 0xff, 0xff, 0x49, 0x39, 0xf4, 0x72,
    0x6a, 0x48, 0x8b, 0x8d, 0x38, 0xff, 0xff, 0xff, 0x49, 0x8d, 0x04, 0x0c,
    0x4c, 0x01, 0xe9, 0x31, 0xd2, 0x48, 0x8b, 0xb5, 0x28, 0xff, 0xff, 0xff,
    0x0f, 0x1f, 0x84, 0x00, 0x00, 0x00, 0x00, 0x00, 0x41, 0x0f, 0x10, 0x44,
    0xd5, 0x00, 0x41, 0x0f, 0x10, 0x4c, 0xd5, 0x10, 0x41, 0x0f, 0x10, 0x14,
    0xd4, 0x41, 0x0f, 0x10, 0x5c, 0xd4, 0x10, 0x41, 0x0f, 0x11, 0x54, 0xd5,
    0x00, 0x41, 0x0f, 0x11, 0x5c, 0xd5, 0x10, 0x41, 0x0f, 0x11, 0x04, 0xd4,
    0x41, 0x0f, 0x11, 0x4c, 0xd4, 0x10, 0x48, 0x83, 0xc2, 0x04, 0x48, 0x39,
    0xd6, 0x75, 0xc9, 0x48, 0x8b, 0x95, 0x30, 0xff, 0xff, 0xff, 0x48, 0x39,
    0xb5, 0x70, 0xff, 0xff, 0xff, 0x0f, 0x84, 0x02, 0x01, 0x00, 0x00, 0x48,
    0xff, 0xc2, 0x31, 0xf6, 0x48, 0x8b, 0x3c, 0x31, 0x4c, 0x8b, 0x04, 0x30,
    0x4c, 0x89, 0x04, 0x31, 0x48, 0x89, 0x3c, 0x30, 0x48, 0x83, 0xc6, 0x08,
    0x48, 0xff, 0xca, 0x48, 0x83, 0xfa, 0x01, 0x77, 0xe3, 0xe9, 0xdb, 0x00,
    0x00, 0x00, 0x31, 0xc0, 0x48, 0x8b, 0x4d, 0xa0, 0x0f, 0x1f, 0x84, 0x00,
    0x00, 0x00, 0x00, 0x00, 0x41, 0x0f, 0x10, 0x44, 0x05, 0x00, 0x41, 0x0f,
    0x10, 0x4c, 0x05, 0x10, 0x41, 0x0f, 0x10, 0x14, 0x04, 0x41, 0x0f, 0x10,
    0x5c, 0x04, 0x10, 0x41, 0x0f, 0x11, 0x54, 0x05, 0x00, 0x41, 0x0f, 0x11,
    0x5c, 0x05, 0x10, 0x41, 0x0f, 0x11, 0x04, 0x04, 0x41, 0x0f, 0x11, 0x4c,
    0x04, 0x10, 0x48, 0x83, 0xc0, 0x20, 0x48, 0x39, 0xc1, 0x75, 0xc9, 0x49,
    0x39, 0xc8, 0x0f, 0x84, 0x8d, 0x00, 0x00, 0x00, 0x48, 0x8b, 0x55, 0xa0,
    0x4c, 0x8b, 0x45, 0xc8, 0x41, 0xf6, 0xc0, 0x1c, 0x74, 0x3f, 0x4c, 0x8b,
    0x95, 0x18, 0xff, 0xff, 0xff, 0x4b, 0x8d, 0x04, 0x2a, 0x4b, 0x8d, 0x0c,
    0x14, 0x0f, 0x1f, 0x00, 0x41, 0x8b, 0x74, 0x15, 0x00, 0x41, 0x8b, 0x3c,
    0x14, 0x41, 0x89, 0x7c, 0x15, 0x00, 0x41, 0x89, 0x34, 0x14, 0x48, 0x83,
    0xc2, 0x04, 0x49, 0x39, 0xd2, 0x75, 0xe5, 0x48, 0x8b, 0x95, 0x20, 0xff,
    0xff, 0xff, 0x4d, 0x39, 0xd0, 0x4c, 0x8b, 0x55, 0xb8, 0x75, 0x14, 0xeb,
    0x40, 0x48, 0x8b, 0x4d, 0xa0, 0x4a, 0x8d, 0x04, 0x29, 0x4c, 0x01, 0xe1,
    0x48, 0x8b, 0x95, 0x40, 0xff, 0xff, 0xff, 0x48, 0xff, 0xc2, 0x31, 0xf6,
    0x66, 0x66, 0x66, 0x2e, 0x0f, 0x1f, 0x84, 0x00, 0x00, 0x00, 0x00, 0x00,
    0x0f, 0xb6, 0x3c, 0x30, 0x44, 0x0f, 0xb6, 0x04, 0x31, 0x44, 0x88, 0x04,
    0x30, 0x40, 0x88, 0x3c, 0x31, 0x48, 0xff, 0xca, 0x48, 0xff, 0xc6, 0x48,
    0x83, 0xfa, 0x01, 0x7f, 0xe3, 0x4c, 0x8b, 0x7d, 0x80, 0x4d, 0x01, 0xfd,
    0x4d, 0x01, 0xcc, 0xc7, 0x45, 0xb0, 0x01, 0x00, 0x00, 0x00, 0x4c, 0x89,
    0xe2, 0xe9, 0x45, 0xf8, 0xff, 0xff, 0x48, 0x83, 0xf9, 0x20, 0x0f, 0x83,
    0x5e, 0x06, 0x00, 0x00, 0x31, 0xd2, 0xe9, 0xa2, 0x06, 0x00, 0x00, 0x49,
    0x89, 0xd4, 0x4c, 0x8b, 0x9d, 0x58, 0xff, 0xff, 0xff, 0x66, 0x66, 0x66,
    0x66, 0x66, 0x66, 0x2e, 0x0f, 0x1f, 0x84, 0x00, 0x00, 0x00, 0x00, 0x00,
    0x4c, 0x8b, 0xb5, 0x50, 0xff, 0xff, 0xff, 0x4d, 0x0f, 0xaf, 0xf7, 0x4b,
    0x8d, 0x04, 0x32, 0x48, 0x89, 0x45, 0x98, 0x83, 0x7d, 0xb0, 0x00, 0x0f,
    0x84, 0xe6, 0x06, 0x00, 0x00, 0x4d, 0x89, 0xe9, 0x48, 0x8b, 0x4d, 0xa8,
    0x49, 0x29, 0xc9, 0x4c, 0x29, 0xd1, 0x4c, 0x39, 0xc9, 0x49, 0x0f, 0x4d,
    0xc9, 0x48, 0x85, 0xc9, 0x0f, 0x84, 0x93, 0x01, 0x00, 0x00, 0x48, 0x89,
    0xce, 0x48, 0xf7, 0xde, 0x4c, 0x89, 0xe8, 0x48, 0x29, 0xc8, 0x48, 0x89,
    0xcb, 0x48, 0x63, 0xc9, 0xf6, 0x85, 0x48, 0xff, 0xff, 0xff, 0x07, 0x74,
    0x6b, 0x48, 0x83, 0xf9, 0x02, 0xba, 0x01, 0x00, 0x00, 0x00, 0x48, 0x0f,
    0x4d, 0xd1, 0x48, 0x83, 0xf9, 0x03, 0x7e, 0x1d, 0x4a, 0x8d, 0x3c, 0x29,
    0x48, 0x29, 0xdf, 0x49, 0x39, 0xfa, 0x0f, 0x83, 0xb3, 0x00, 0x00, 0x00,
    0x49, 0x8d, 0x3c, 0x0a, 0x48, 0x39, 0xf8, 0x0f, 0x83, 0xa6, 0x00, 0x00,
    0x00, 0x4c, 0x89, 0xd6, 0x49, 0x89, 0xc0, 0x48, 0xff, 0xc1, 0x31, 0xc0,
    0x0f, 0xb6, 0x14, 0x06, 0x41, 0x0f, 0xb6, 0x3c, 0x00, 0x40, 0x88, 0x3c,
    0x06, 0x41, 0x88, 0x14, 0x00, 0x48, 0xff, 0xc9, 0x48, 0xff, 0xc0, 0x48,
    0x83, 0xf9, 0x01, 0x7f, 0xe3, 0xe9, 0x1b, 0x01, 0x00, 0x00, 0x66, 0x66,
    0x66, 0x66, 0x66, 0x2e, 0x0f, 0x1f, 0x84, 0x00, 0x00, 0x00, 0x00, 0x00,
    0x48, 0x89, 0xca, 0x48, 0xc1, 0xea, 0x03, 0x48, 0x83, 0xf9, 0x08, 0x48,
    0x89, 0xd7, 0x48, 0x83, 0xd7, 0xff, 0x48, 0xff, 0xc7, 0x48, 0x83, 0xff,
    0x08, 0x73, 0x08, 0x4c, 0x89, 0xd1, 0xe9, 0xbb, 0x00, 0x00, 0x00, 0x4c,
    0x89, 0x4d, 0xb0, 0x49, 0x89, 0xc8, 0x49, 0x83, 0xe0, 0xf8, 0x45, 0x31,
    0xc9, 0x48, 0x83, 0xf9, 0x08, 0x41, 0x0f, 0x93, 0xc1, 0x41, 0xc1, 0xe1,
    0x03, 0x4c, 0x01, 0xcb, 0x4c, 0x89, 0xc1, 0x48, 0x29, 0xd9, 0x4c, 0x01,
    0xe9, 0x48, 0x83, 0xc1, 0x08, 0x49, 0x39, 0xca, 0x73, 0x2e, 0x4d, 0x29,
    0xc8, 0x4b, 0x8d, 0x0c, 0x02, 0x48, 0x83, 0xc1, 0x08, 0x48, 0x39, 0xc8,
    0x73, 0x1e, 0x4c, 0x89, 0xd1, 0x4c, 0x8b, 0x4d, 0xb0, 0xeb, 0x73, 0x48,
    0x83, 0xf9, 0x20, 0x0f, 0x8d, 0x04, 0x03, 0x00, 0x00, 0x4c, 0x89, 0x4d,
    0xb0, 0x31, 0xff, 0xe9, 0x6b, 0x03, 0x00, 0x00, 0x49, 0x89, 0xf8, 0x49,
    0x83, 0xe0, 0xfc, 0x4a, 0x8d, 0x04, 0xc0, 0x4b, 0x8d, 0x0c, 0xc2, 0x4c,
    0x29, 0xc2, 0x4c, 0x01, 0xee, 0x48, 0x83, 0xc6, 0x10, 0x45, 0x31, 0xc9,
    0x0f, 0x1f, 0x40, 0x00, 0x43, 0x0f, 0x10, 0x04, 0xca, 0x43, 0x0f, 0x10,
    0x4c, 0xca, 0x10, 0x42, 0x0f, 0x10, 0x54, 0xce, 0xf0, 0x42, 0x0f, 0x10,
    0x1c, 0xce, 0x43, 0x0f, 0x11, 0x14, 0xca, 0x43, 0x0f, 0x11, 0x5c, 0xca,
    0x10, 0x42, 0x0f, 0x11, 0x44, 0xce, 0xf0, 0x42, 0x0f, 0x11, 0x0c, 0xce,
    0x49, 0x83, 0xc1, 0x04, 0x4d, 0x39, 0xc8, 0x75, 0xcb, 0x4c, 0x39, 0xc7,
    0x4c, 0x8b, 0x4d, 0xb0, 0x74, 0x2f, 0x48, 0xff, 0xc2, 0x31, 0xf6, 0x66,
    0x66, 0x66, 0x66, 0x2e, 0x0f, 0x1f, 0x84, 0x00, 0x00, 0x00, 0x00, 0x00,
    0x48, 0x8b, 0x3c, 0x31, 0x4c, 0x8b, 0x04, 0x30, 0x4c, 0x89, 0x04, 0x31,
    0x48, 0x89, 0x3c, 0x30, 0x48, 0x83, 0xc6, 0x08, 0x48, 0xff, 0xca, 0x48,
    0x83, 0xfa, 0x01, 0x77, 0xe3, 0x48, 0x8b, 0x4d, 0xc0, 0x49, 0x8d, 0x04,
    0x0f, 0x4c, 0x29, 0xe1, 0x48, 0x8b, 0x75, 0x98, 0x48, 0x29, 0xc6, 0x48,
    0x39, 0xf1, 0x49, 0x89, 0xcc, 0x48, 0x0f, 0x42, 0xf1, 0x48, 0x85, 0xf6,
    0x48, 0x8b, 0x9d, 0xd8, 0xfe, 0xff, 0xff, 0x0f, 0x84, 0xa4, 0x01, 0x00,
    0x00, 0x48, 0x8b, 0x45, 0x98, 0x48, 0x29, 0xf0, 0x48, 0x63, 0xce, 0xf6,
    0x85, 0x48, 0xff, 0xff, 0xff, 0x07, 0x74, 0x74, 0x48, 0x83, 0xf9, 0x02,
    0xba, 0x01, 0x00, 0x00, 0x00, 0x48, 0x0f, 0x4d, 0xd1, 0x48, 0x83, 0xf9,
    0x03, 0x7e, 0x20, 0x48, 0x8b, 0x7d, 0x98, 0x48, 0x01, 0xcf, 0x48, 0x29,
    0xf7, 0x49, 0x39, 0xfd, 0x0f, 0x83, 0xc1, 0x00, 0x00, 0x00, 0x4a, 0x8d,
    0x3c, 0x29, 0x48, 0x39, 0xf8, 0x0f, 0x83, 0xb4, 0x00, 0x00, 0x00, 0x4c,
    0x89, 0xee, 0x49, 0x89, 0xc0, 0x48, 0xff, 0xc1, 0x31, 0xc0, 0x66, 0x0f,
    0x1f, 0x44, 0x00, 0x00, 0x0f, 0xb6, 0x14, 0x06, 0x41, 0x0f, 0xb6, 0x3c,
    0x00, 0x40, 0x88, 0x3c, 0x06, 0x41, 0x88, 0x14, 0x00, 0x48, 0xff, 0xc9,
    0x48, 0xff, 0xc0, 0x48, 0x83, 0xf9, 0x01, 0x7f, 0xe3, 0xe9, 0x2b, 0x01,
    0x00, 0x00, 0x66, 0x66, 0x66, 0x66, 0x66, 0x2e, 0x0f, 0x1f, 0x84, 0x00,
    0x00, 0x00, 0x00, 0x00, 0x48, 0x89, 0xca, 0x48, 0xc1, 0xea, 0x03, 0x48,
    0x83, 0xf9, 0x08, 0x48, 0x89, 0xd7, 0x48, 0x83, 0xd7, 0xff, 0x48, 0xff,
    0xc7, 0x48, 0x83, 0xff, 0x0a, 0x73, 0x08, 0x4c, 0x89, 0xe9, 0xe9, 0xcd,
    0x00, 0x00, 0x00, 0x4c, 0x89, 0x4d, 0xb0, 0x49, 0x89, 0xc8, 0x49, 0x83,
    0xe0, 0xf8, 0x45, 0x31, 0xc9, 0x48, 0x83, 0xf9, 0x08, 0x41, 0x0f, 0x93,
    0xc1, 0x41, 0xc1, 0xe1, 0x03, 0x4b, 0x8d, 0x0c, 0x06, 0x48, 0x29, 0xf1,
    0x4c, 0x29, 0xc9, 0x4c, 0x8b, 0x55, 0xb8, 0x4c, 0x01, 0xd1, 0x48, 0x83,
    0xc1, 0x08, 0x49, 0x39, 0xcd, 0x73, 0x30, 0x4d, 0x29, 0xc8, 0x4b, 0x8d,
    0x0c, 0x28, 0x48, 0x83, 0xc1, 0x08, 0x48, 0x39, 0xc8, 0x73, 0x20, 0x4c,
    0x89, 0xe9, 0x4c, 0x8b, 0x4d, 0xb0, 0xe9, 0x7d, 0x00, 0x00, 0x00, 0x48,
    0x83, 0xf9, 0x20, 0x0f, 0x8d, 0x11, 0x02, 0x00, 0x00, 0x4d, 0x89, 0xce,
    0x31, 0xff, 0xe9, 0x75, 0x02, 0x00, 0x00, 0x49, 0x89, 0xf8, 0x49, 0x83,
    0xe0, 0xfc, 0x4a, 0x8d, 0x04, 0xc0, 0x4a, 0x8d, 0x0c, 0xc5, 0x00, 0x00,
    0x00, 0x00, 0x4c, 0x01, 0xe9, 0x4c, 0x29, 0xc2, 0x49, 0x29, 0xf6, 0x4b,
    0x8d, 0x34, 0x32, 0x48, 0x83, 0xc6, 0x10, 0x45, 0x31, 0xc9, 0x66, 0x90,
    0x43, 0x0f, 0x10, 0x44, 0xcd, 0x00, 0x43, 0x0f, 0x10, 0x4c, 0xcd, 0x10,
    0x42, 0x0f, 0x10, 0x54, 0xce, 0xf0, 0x42, 0x0f, 0x10, 0x1c, 0xce, 0x43,
    0x0f, 0x11, 0x54, 0xcd, 0x00, 0x43, 0x0f, 0x11, 0x5c, 0xcd, 0x10, 0x42,
    0x0f, 0x11, 0x44, 0xce, 0xf0, 0x42, 0x0f, 0x11, 0x0c, 0xce, 0x49, 0x83,
    0xc1, 0x04, 0x4d, 0x39, 0xc8, 0x75, 0xc9, 0x4c, 0x39, 0xc7, 0x4c, 0x8b,
    0x4d, 0xb0, 0x74, 0x2d, 0x48, 0xff, 0xc2, 0x31, 0xf6, 0x66, 0x66, 0x2e,
    0x0f, 0x1f, 0x84, 0x00, 0x00, 0x00, 0x00, 0x00, 0x48, 0x8b, 0x3c, 0x31,
    0x4c, 0x8b, 0x04, 0x30, 0x4c, 0x89, 0x04, 0x31, 0x48, 0x89, 0x3c, 0x30,
    0x48, 0x83, 0xc6, 0x08, 0x48, 0xff, 0xca, 0x48, 0x83, 0xfa, 0x01, 0x77,
    0xe3, 0x48, 0x8b, 0x4d, 0x98, 0x4c, 0x29, 0xe1, 0x4d, 0x39, 0xcc, 0x4c,
    0x89, 0xc8, 0x49, 0x0f, 0x42, 0xc4, 0x48, 0x89, 0xcf, 0x49, 0x0f, 0x47,
    0xfa, 0x4d, 0x0f, 0x47, 0xcc, 0x4c, 0x0f, 0x47, 0xd1, 0x4c, 0x39, 0xf8,
    0x76, 0x44, 0x48, 0x83, 0xfb, 0x07, 0x0f, 0x86, 0xb3, 0x06, 0x00, 0x00,
    0x48, 0x89, 0xc1, 0x4c, 0x09, 0xf9, 0x4d, 0x89, 0xce, 0x4c, 0x89, 0xd3,
    0x48, 0xc1, 0xe9, 0x20, 0x74, 0x07, 0x31, 0xd2, 0x49, 0xf7, 0xf7, 0xeb,
    0x05, 0x31, 0xd2, 0x41, 0xf7, 0xf7, 0x48, 0x89, 0xc6, 0x4c, 0x89, 0xfa,
    0x48, 0x8b, 0x4d, 0x90, 0xe8, 0xf7, 0xeb, 0xff, 0xff, 0x4c, 0x8b, 0x9d,
    0x58, 0xff, 0xff, 0xff, 0x49, 0x89, 0xda, 0x4d, 0x89, 0xf1, 0x4d, 0x39,
    0xf9, 0x0f, 0x86, 0x41, 0x06, 0x00, 0x00, 0x4c, 0x89, 0xc8, 0x4c, 0x09,
    0xf8, 0x48, 0xc1, 0xe8, 0x20, 0x0f, 0x84, 0xb1, 0xf0, 0xff, 0xff, 0x4c,
    0x89, 0xc8, 0x31, 0xd2, 0x49, 0xf7, 0xf7, 0x49, 0x89, 0xc6, 0x49, 0x83,
    0xfe, 0x07, 0x0f, 0x83, 0xb1, 0xf0, 0xff, 0xff, 0xe9, 0x27, 0xed, 0xff,
    0xff, 0x48, 0x89, 0xd7, 0x49, 0xb8, 0xe0, 0xff, 0xff, 0xff, 0xff, 0xff,
    0xff, 0x7f, 0x4c, 0x21, 0xc7, 0x4c, 0x01, 0xee, 0x48, 0x83, 0xc6, 0x10,
    0x45, 0x31, 0xc0, 0x66, 0x66, 0x66, 0x66, 0x2e, 0x0f, 0x1f, 0x84, 0x00,
    0x00, 0x00, 0x00, 0x00, 0x43, 0x0f, 0x10, 0x04, 0x02, 0x43, 0x0f, 0x10,
    0x4c, 0x02, 0x10, 0x42, 0x0f, 0x10, 0x54, 0x06, 0xf0, 0x42, 0x0f, 0x10,
    0x1c, 0x06, 0x43, 0x0f, 0x11, 0x14, 0x02, 0x43, 0x0f, 0x11, 0x5c, 0x02,
    0x10, 0x42, 0x0f, 0x11, 0x44, 0x06, 0xf0, 0x42, 0x0f, 0x11, 0x0c, 0x06,
    0x49, 0x83, 0xc0, 0x20, 0x4c, 0x39, 0xc7, 0x75, 0xcb, 0x48, 0x39, 0xfa,
    0x0f, 0x84, 0x2f, 0xfd, 0xff, 0xff, 0xf6, 0xc2, 0x1c, 0x0f, 0x84, 0x28,
    0x02, 0x00, 0x00, 0x4c, 0x89, 0x4d, 0xb0, 0x48, 0xbe, 0xe0, 0xff, 0xff,
    0xff, 0xff, 0xff, 0xff, 0x7f, 0x4c, 0x8d, 0x4e, 0x1c, 0x49, 0x21, 0xd1,
    0x4c, 0x29, 0xc9, 0x4b, 0x8d, 0x34, 0x0a, 0x4e, 0x8d, 0x04, 0x08, 0x66,
    0x0f, 0x1f, 0x84, 0x00, 0x00, 0x00, 0x00, 0x00, 0x4c, 0x8b, 0x55, 0xb8,
    0x45, 0x8b, 0x14, 0x3a, 0x44, 0x8b, 0x1c, 0x38, 0x48, 0x8b, 0x5d, 0xb8,
    0x44, 0x89, 0x1c, 0x3b, 0x44, 0x89, 0x14, 0x38, 0x4c, 0x8b, 0x55, 0xb8,
    0x48, 0x83, 0xc7, 0x04, 0x49, 0x39, 0xf9, 0x75, 0xdb, 0x4c, 0x39, 0xca,
    0x4c, 0x8b, 0x9d, 0x58, 0xff, 0xff, 0xff, 0x4c, 0x8b, 0x4d, 0xb0, 0x0f,
    0x85, 0x82, 0xfb, 0xff, 0xff, 0xe9, 0xbf, 0xfc, 0xff, 0xff, 0x48, 0x89,
    0xd7, 0x49, 0xb8, 0xe0, 0xff, 0xff, 0xff, 0xff, 0xff, 0xff, 0x7f, 0x4c,
    0x21, 0xc7, 0x49, 0x29, 0xf6, 0x4b, 0x8d, 0x34, 0x32, 0x48, 0x83, 0xc6,
    0x10, 0x45, 0x31, 0xc0, 0x0f, 0x1f, 0x40, 0x00, 0x43, 0x0f, 0x10, 0x44,
    0x05, 0x00, 0x43, 0x0f, 0x10, 0x4c, 0x05, 0x10, 0x42, 0x0f, 0x10, 0x54,
    0x06, 0xf0, 0x42, 0x0f, 0x10, 0x1c, 0x06, 0x43, 0x0f, 0x11, 0x54, 0x05,
    0x00, 0x43, 0x0f, 0x11, 0x5c, 0x05, 0x10, 0x42, 0x0f, 0x11, 0x44, 0x06,
    0xf0, 0x42, 0x0f, 0x11, 0x0c, 0x06, 0x49, 0x83, 0xc0, 0x20, 0x4c, 0x39,
    0xc7, 0x75, 0xc9, 0x48, 0x39, 0xfa, 0x0f, 0x84, 0x2d, 0xfe, 0xff, 0xff,
    0xf6, 0xc2, 0x1c, 0x0f, 0x84, 0x65, 0x01, 0x00, 0x00, 0x4d, 0x89, 0xce,
    0x48, 0xbe, 0xe0, 0xff, 0xff, 0xff, 0xff, 0xff, 0xff, 0x7f, 0x4c, 0x8d,
    0x4e, 0x1c, 0x49, 0x21, 0xd1, 0x4c, 0x29, 0xc9, 0x4b, 0x8d, 0x34, 0x29,
    0x4e, 0x8d, 0x04, 0x08, 0x0f, 0x1f, 0x84, 0x00, 0x00, 0x00, 0x00, 0x00,
    0x45, 0x8b, 0x54, 0x3d, 0x00, 0x44, 0x8b, 0x1c, 0x38, 0x45, 0x89, 0x5c,
    0x3d, 0x00, 0x44, 0x89, 0x14, 0x38, 0x48, 0x83, 0xc7, 0x04, 0x49, 0x39,
    0xf9, 0x75, 0xe5, 0x4c, 0x39, 0xca, 0x4c, 0x8b, 0x9d, 0x58, 0xff, 0xff,
    0xff, 0x4c, 0x8b, 0x55, 0xb8, 0x4d, 0x89, 0xf1, 0x0f, 0x85, 0x73, 0xfc,
    0xff, 0xff, 0xe9, 0xc6, 0xfd, 0xff, 0xff, 0x48, 0x8b, 0x8d, 0x38, 0xff,
    0xff, 0xff, 0x49, 0x8d, 0x04, 0x0c, 0x4c, 0x01, 0xd1, 0x31, 0xd2, 0x48,
    0x8b, 0xb5, 0x28, 0xff, 0xff, 0xff, 0x66, 0x90, 0x41, 0x0f, 0x10, 0x04,
    0xd2, 0x41, 0x0f, 0x10, 0x4c, 0xd2, 0x10, 0x41, 0x0f, 0x10, 0x14, 0xd4,
    0x41, 0x0f, 0x10, 0x5c, 0xd4, 0x10, 0x41, 0x0f, 0x11, 0x14, 0xd2, 0x41,
    0x0f, 0x11, 0x5c, 0xd2, 0x10, 0x41, 0x0f, 0x11, 0x04, 0xd4, 0x41, 0x0f,
    0x11, 0x4c, 0xd4, 0x10, 0x48, 0x83, 0xc2, 0x04, 0x48, 0x39, 0xd6, 0x75,
    0xcb, 0x48, 0x8b, 0x95, 0x30, 0xff, 0xff, 0xff, 0x48, 0x39, 0xb5, 0x70,
    0xff, 0xff, 0xff, 0x0f, 0x85, 0x8e, 0xf1, 0xff, 0xff, 0xe9, 0xb2, 0xf1,
    0xff, 0xff, 0x31, 0xc0, 0x41, 0x0f, 0x10, 0x04, 0x02, 0x41, 0x0f, 0x10,
    0x4c, 0x02, 0x10, 0x41, 0x0f, 0x10, 0x14, 0x04, 0x41, 0x0f, 0x10, 0x5c,
    0x04, 0x10, 0x41, 0x0f, 0x11, 0x14, 0x02, 0x41, 0x0f, 0x11, 0x5c, 0x02,
    0x10, 0x41, 0x0f, 0x11, 0x04, 0x04, 0x41, 0x0f, 0x11, 0x4c, 0x04, 0x10,
    0x48, 0x83, 0xc0, 0x20, 0x48, 0x39, 0xc2, 0x75, 0xcb, 0x48, 0x39, 0x55,
    0xc8, 0x0f, 0x84, 0x71, 0xf1, 0xff, 0xff, 0x48, 0x8b, 0x55, 0xa0, 0xf6,
    0x45, 0xc8, 0x1c, 0x74, 0x63, 0x4c, 0x8b, 0x85, 0x18, 0xff, 0xff, 0xff,
    0x4b, 0x8d, 0x04, 0x02, 0x4b, 0x8d, 0x0c, 0x04, 0x0f, 0x1f, 0x84, 0x00,
    0x00, 0x00, 0x00, 0x00, 0x41, 0x8b, 0x34, 0x12, 0x41, 0x8b, 0x3c, 0x14,
    0x41, 0x89, 0x3c, 0x12, 0x41, 0x89, 0x34, 0x14, 0x48, 0x83, 0xc2, 0x04,
    0x49, 0x39, 0xd0, 0x75, 0xe7, 0x48, 0x8b, 0x95, 0x20, 0xff, 0xff, 0xff,
    0x4c, 0x39, 0x45, 0xc8, 0x0f, 0x85, 0x94, 0xf0, 0xff, 0xff, 0xe9, 0x21,
    0xf1, 0xff, 0xff, 0x48, 0x29, 0xf9, 0x49, 0x8d, 0x34, 0x3a, 0x48, 0x01,
    0xf8, 0xe9, 0xaa, 0xf9, 0xff, 0xff, 0x48, 0x29, 0xf9, 0x49, 0x01, 0xfd,
    0x48, 0x01, 0xf8, 0xe9, 0x53, 0xfb, 0xff, 0xff, 0x48, 0x8b, 0x4d, 0xa0,
    0x49, 0x8d, 0x04, 0x0a, 0x49, 0x01, 0xcc, 0x48, 0x8b, 0x95, 0x40, 0xff,
    0xff, 0xff, 0xe9, 0x58, 0xf0, 0xff, 0xff, 0x4d, 0x39, 0xf7, 0x48, 0x8b,
    0x85, 0x60, 0xff, 0xff, 0xff, 0x0f, 0x83, 0x3d, 0x03, 0x00, 0x00, 0x49,
    0x8d, 0x4a, 0x10, 0x48, 0x89, 0x4d, 0x88, 0x4c, 0x89, 0x55, 0xa8, 0x48,
    0xc7, 0x85, 0x50, 0xff, 0xff, 0xff, 0x00, 0x00, 0x00, 0x00, 0xeb, 0x2b,
    0x0f, 0x1f, 0x40, 0x00, 0x4c, 0x8b, 0x7d, 0x80, 0x48, 0x8b, 0x85, 0x60,
    0xff, 0xff, 0xff, 0x4c, 0x01, 0xf8, 0x48, 0xff, 0x85, 0x50, 0xff, 0xff,
    0xff, 0x4c, 0x01, 0x7d, 0x88, 0x4c, 0x01, 0x7d, 0xa8, 0x48, 0x3b, 0x45,
    0x98, 0x0f, 0x83, 0xf9, 0x02, 0x00, 0x00, 0x48, 0x89, 0x85, 0x60, 0xff,
    0xff, 0xff, 0x4c, 0x39, 0xd0, 0x76, 0xcd, 0x48, 0x8b, 0x4d, 0x80, 0x48,
    0x0f, 0xaf, 0x8d, 0x50, 0xff, 0xff, 0xff, 0x48, 0x8b, 0x45, 0xc8, 0x48,
    0x01, 0xc8, 0x48, 0x89, 0x45, 0xb0, 0x48, 0x8b, 0x85, 0xf0, 0xfe, 0xff,
    0xff, 0x48, 0x8d, 0x04, 0x08, 0x48, 0x89, 0x85, 0xf8, 0xfe, 0xff, 0xff,
    0x48, 0x8b, 0x85, 0xe8, 0xfe, 0xff, 0xff, 0x48, 0x01, 0xc8, 0x48, 0x89,
    0x85, 0x08, 0xff, 0xff, 0xff, 0x48, 0x8b, 0x85, 0xe0, 0xfe, 0xff, 0xff,
    0x48, 0x89, 0x4d, 0xc0, 0x48, 0x01, 0xc8, 0x48, 0x89, 0x85, 0x00, 0xff,
    0xff, 0xff, 0x4c, 0x8b, 0x75, 0xa8, 0x4c, 0x8b, 0x7d, 0x88, 0x31, 0xdb,
    0x4c, 0x8b, 0xa5, 0x60, 0xff, 0xff, 0xff, 0xeb, 0x2d, 0x66, 0x66, 0x2e,
    0x0f, 0x1f, 0x84, 0x00, 0x00, 0x00, 0x00, 0x00, 0x49, 0x8b, 0x45, 0x00,
    0x49, 0x8b, 0x0c, 0x24, 0x49, 0x89, 0x4d, 0x00, 0x49, 0x89, 0x04, 0x24,
    0x48, 0xff, 0xc3, 0x4d, 0x01, 0xdf, 0x4d, 0x01, 0xde, 0x4d, 0x39, 0xd4,
    0x0f, 0x86, 0x3e, 0xff, 0xff, 0xff, 0x4d, 0x89, 0xe5, 0x4d, 0x01, 0xdc,
    0x4c, 0x89, 0xe7, 0x4c, 0x89, 0xee, 0xff, 0x55, 0x90, 0x4c, 0x8b, 0x55,
    0xb8, 0x4c, 0x8b, 0x9d, 0x58, 0xff, 0xff, 0xff, 0x85, 0xc0, 0x0f, 0x8e,
    0x1c, 0xff, 0xff, 0xff, 0x80, 0x7d, 0xd7, 0x00, 0x75, 0xb6, 0x48, 0x8b,
    0x4d, 0x80, 0x48, 0x0f, 0xaf, 0xcb, 0x48, 0x8b, 0x45, 0xc0, 0x48, 0x29,
    0xc8, 0x4c, 0x01, 0xd0, 0xf6, 0x85, 0x48, 0xff, 0xff, 0xff, 0x07, 0x74,
    0x6f, 0x48, 0x83, 0x7d, 0xc8, 0x03, 0x76, 0x30, 0x48, 0x8b, 0x55, 0xb0,
    0x48, 0x29, 0xca, 0x4c, 0x01, 0xd2, 0x49, 0x39, 0xd5, 0x0f, 0x83, 0xc3,
    0x00, 0x00, 0x00, 0x48, 0x03, 0x8d, 0xc8, 0xfe, 0xff, 0xff, 0x48, 0x8b,
    0x95, 0xf8, 0xfe, 0xff, 0xff, 0x48, 0x29, 0xca, 0x4c, 0x01, 0xd2, 0x48,
    0x39, 0xd0, 0x0f, 0x83, 0xa6, 0x00, 0x00, 0x00, 0x48, 0x8b, 0x8d, 0x68,
    0xff, 0xff, 0xff, 0x4c, 0x89, 0xe0, 0x48, 0xff, 0xc1, 0x31, 0xd2, 0x0f,
    0x1f, 0x44, 0x00, 0x00, 0x41, 0x0f, 0xb6, 0x74, 0x15, 0x00, 0x0f, 0xb6,
    0x3c, 0x10, 0x41, 0x88, 0x7c, 0x15, 0x00, 0x40, 0x88, 0x34, 0x10, 0x48,
    0xff, 0xc9, 0x48, 0xff, 0xc2, 0x48, 0x83, 0xf9, 0x01, 0x7f, 0xe1, 0xe9,
    0x3c, 0xff, 0xff, 0xff, 0x48, 0x83, 0xbd, 0x70, 0xff, 0xff, 0xff, 0x04,
    0x72, 0x2b, 0x48, 0x03, 0x8d, 0xd0, 0xfe, 0xff, 0xff, 0x48, 0x8b, 0x95,
    0x00, 0xff, 0xff, 0xff, 0x48, 0x29, 0xca, 0x4c, 0x01, 0xd2, 0x49, 0x39,
    0xd5, 0x73, 0x59, 0x48, 0x8b, 0x95, 0x08, 0xff, 0xff, 0xff, 0x48, 0x29,
    0xca, 0x4c, 0x01, 0xd2, 0x48, 0x39, 0xd0, 0x73, 0x47, 0x4c, 0x89, 0xe0,
    0x4c, 0x89, 0xe9, 0x48, 0x8b, 0x95, 0x78, 0xff, 0xff, 0xff, 0x48, 0xff,
    0xc2, 0x31, 0xf6, 0x0f, 0x1f, 0x44, 0x00, 0x00, 0x48, 0x8b, 0x3c, 0x31,
    0x4c, 0x8b, 0x04, 0x30, 0x4c, 0x89, 0x04, 0x31, 0x48, 0x89, 0x3c, 0x30,
    0x48, 0x83, 0xc6, 0x08, 0x48, 0xff, 0xca, 0x48, 0x83, 0xfa, 0x01, 0x77,
    0xe3, 0xe9, 0xce, 0xfe, 0xff, 0xff, 0x48, 0x83, 0x7d, 0xc8, 0x20, 0x73,
    0x77, 0x31, 0xc9, 0xe9, 0xc5, 0x00, 0x00, 0x00, 0x48, 0x8b, 0x8d, 0x38,
    0xff, 0xff, 0xff, 0x49, 0x8d, 0x04, 0x0c, 0x4c, 0x01, 0xe9, 0x31, 0xd2,
    0x48, 0x8b, 0xb5, 0x28, 0xff, 0xff, 0xff, 0x66, 0x0f, 0x1f, 0x84, 0x00,
    0x00, 0x00, 0x00, 0x00, 0x41, 0x0f, 0x10, 0x44, 0xd5, 0x00, 0x41, 0x0f,
    0x10, 0x4c, 0xd5, 0x10, 0x41, 0x0f, 0x10, 0x54, 0xd7, 0xf0, 0x41, 0x0f,
    0x10, 0x1c, 0xd7, 0x41, 0x0f, 0x11, 0x54, 0xd5, 0x00, 0x41, 0x0f, 0x11,
    0x5c, 0xd5, 0x10, 0x41, 0x0f, 0x11, 0x44, 0xd7, 0xf0, 0x41, 0x0f, 0x11,
    0x0c, 0xd7, 0x48, 0x83, 0xc2, 0x04, 0x48, 0x39, 0xd6, 0x75, 0xc9, 0x48,
    0x8b, 0x95, 0x30, 0xff, 0xff, 0xff, 0x48, 0x39, 0xb5, 0x70, 0xff, 0xff,
    0xff, 0x0f, 0x84, 0x55, 0xfe, 0xff, 0xff, 0xe9, 0x56, 0xff, 0xff, 0xff,
    0x48, 0x8b, 0x45, 0x80, 0x4c, 0x01, 0xf8, 0x31, 0xc9, 0x48, 0x8b, 0x55,
    0xa0, 0x0f, 0x1f, 0x00, 0x0f, 0x10, 0x44, 0x08, 0xf0, 0x0f, 0x10, 0x0c,
    0x08, 0x41, 0x0f, 0x10, 0x54, 0x0f, 0xf0, 0x41, 0x0f, 0x10, 0x1c, 0x0f,
    0x0f, 0x11, 0x54, 0x08, 0xf0, 0x0f, 0x11, 0x1c, 0x08, 0x41, 0x0f, 0x11,
    0x44, 0x0f, 0xf0, 0x41, 0x0f, 0x11, 0x0c, 0x0f, 0x48, 0x83, 0xc1, 0x20,
    0x48, 0x39, 0xca, 0x75, 0xcf, 0x48, 0x39, 0x55, 0xc8, 0x0f, 0x84, 0x05,
    0xfe, 0xff, 0xff, 0x48, 0x8b, 0x4d, 0xa0, 0xf6, 0x45, 0xc8, 0x1c, 0x74,
    0x48, 0x4c, 0x8b, 0x85, 0x18, 0xff, 0xff, 0xff, 0x4d, 0x01, 0xc5, 0x4b,
    0x8d, 0x04, 0x04, 0x48, 0x8b, 0x55, 0x80, 0x4c, 0x01, 0xf2, 0x66, 0x0f,
    0x1f, 0x44, 0x00, 0x00, 0x8b, 0x34, 0x0a, 0x41, 0x8b, 0x3c, 0x0e, 0x89,
    0x3c, 0x0a, 0x41, 0x89, 0x34, 0x0e, 0x48, 0x83, 0xc1, 0x04, 0x49, 0x39,
    0xc8, 0x75, 0xe9, 0x48, 0x8b, 0x8d, 0x20, 0xff, 0xff, 0xff, 0x4c, 0x39,
    0x45, 0xc8, 0x0f, 0x84, 0xb8, 0xfd, 0xff, 0xff, 0xe9, 0x49, 0xfe, 0xff,
    0xff, 0x48, 0x8b, 0x45, 0xa0, 0x49, 0x01, 0xc5, 0x4c, 0x01, 0xe0, 0x48,
    0x8b, 0x8d, 0x40, 0xff, 0xff, 0xff, 0xe9, 0x33, 0xfe, 0xff, 0xff, 0x66,
    0x66, 0x66, 0x66, 0x2e, 0x0f, 0x1f, 0x84, 0x00, 0x00, 0x00, 0x00, 0x00,
    0x48, 0x8b, 0x9d, 0xd8, 0xfe, 0xff, 0xff, 0x48, 0x85, 0xdb, 0x0f, 0x84,
    0x87, 0x00, 0x00, 0x00, 0x48, 0xff, 0xcb, 0x48, 0x89, 0xd8, 0x48, 0xc1,
    0xe0, 0x04, 0x48, 0x8b, 0xbc, 0x05, 0x40, 0xfe, 0xff, 0xff, 0x4c, 0x8b,
    0xb4, 0x05, 0x48, 0xfe, 0xff, 0xff, 0xe9, 0xc1, 0xe6, 0xff, 0xff, 0x48,
    0x89, 0xc1, 0x48, 0x89, 0xde, 0x48, 0xc1, 0xe6, 0x04, 0x4c, 0x89, 0x94,
    0x35, 0x40, 0xfe, 0xff, 0xff, 0x4c, 0x89, 0xc8, 0x4c, 0x09, 0xf8, 0x48,
    0xc1, 0xe8, 0x20, 0x74, 0x0a, 0x4c, 0x89, 0xc8, 0x31, 0xd2, 0x49, 0xf7,
    0xf7, 0xeb, 0x08, 0x44, 0x89, 0xc8, 0x31, 0xd2, 0x41, 0xf7, 0xf7, 0x48,
    0x8d, 0x14, 0x2e, 0x48, 0x81, 0xc2, 0x40, 0xfe, 0xff, 0xff, 0x48, 0x89,
    0x42, 0x08, 0x48, 0xff, 0xc3, 0x48, 0x89, 0xc8, 0x4c, 0x09, 0xf9, 0x48,
    0xc1, 0xe9, 0x20, 0x74, 0x0d, 0x31, 0xd2, 0x49, 0xf7, 0xf7, 0x49, 0x89,
    0xc6, 0xe9, 0x66, 0xe6, 0xff, 0xff, 0x31, 0xd2, 0x41, 0xf7, 0xf7, 0x41,
    0x89, 0xc6, 0xe9, 0x59, 0xe6, 0xff, 0xff, 0x48, 0x81, 0xc4, 0x98, 0x01,
    0x00, 0x00, 0x5b, 0x41, 0x5c, 0x41, 0x5d, 0x41, 0x5e, 0x41, 0x5f, 0x5d,
    0xc3, 0xcc, 0xcc, 0xcc, 0xcc, 0xcc, 0xcc, 0xcc, 0x55, 0x48, 0x89, 0xe5,
    0x48, 0x89, 0xfe, 0x48, 0x8b, 0x3d, 0x4a, 0x75, 0x01, 0x00, 0x5d, 0xe9,
    0xbc, 0x03, 0x00, 0x00, 0x66, 0x66, 0x66, 0x2e, 0x0f, 0x1f, 0x84, 0x00,
    0x00, 0x00, 0x00, 0x00, 0x55, 0x48, 0x89, 0xe5, 0x48, 0x89, 0xfe, 0x48,
    0x8b, 0x3d, 0x2a, 0x75, 0x01, 0x00, 0x5d, 0xe9, 0x0c, 0x00, 0x00, 0x00,
    0xcc, 0xcc, 0xcc, 0xcc, 0xcc, 0xcc, 0xcc, 0xcc, 0xcc, 0xcc, 0xcc, 0xcc,
    0x48, 0x85, 0xf6, 0x0f, 0x84, 0xf0, 0x00, 0x00, 0x00, 0x55, 0x48, 0x89,
    0xe5, 0x41, 0x56, 0x53, 0x49, 0x89, 0xf6, 0x48, 0x89, 0xfb, 0xe8, 0xe5,
    0x0b, 0x00, 0x00, 0x49, 0x8d, 0x46, 0xf0, 0x49, 0x8b, 0x7e, 0xf8, 0x48,
    0x89, 0xfa, 0x48, 0x83, 0xe2, 0xfe, 0x49, 0x8d, 0x34, 0x16, 0x48, 0x83,
    0xc6, 0xf0, 0x49, 0x8b, 0x4c, 0x16, 0xf8, 0x48, 0x83, 0xe1, 0xfc, 0x48,
    0x3b, 0x35, 0xae, 0x69, 0x01, 0x00, 0x0f, 0x84, 0xb2, 0x00, 0x00, 0x00,
    0x48, 0x89, 0x4e, 0x08, 0x40, 0xf6, 0xc7, 0x01, 0x75, 0x26, 0x48, 0x8b,
    0x38, 0x48, 0x29, 0xf8, 0x48, 0x01, 0xfa, 0x48, 0x8b, 0x78, 0x10, 0x48,
    0x81, 0xff, 0x20, 0x20, 0x42, 0x00, 0x0f, 0x84, 0xfc, 0x00, 0x00, 0x00,
    0x4c, 0x8b, 0x40, 0x18, 0x4c, 0x89, 0x47, 0x18, 0x49, 0x89, 0x78, 0x10,
    0xf6, 0x44, 0x0e, 0x08, 0x01, 0x75, 0x20, 0x48, 0x01, 0xca, 0x48, 0x8b,
    0x4e, 0x10, 0x48, 0x81, 0xf9, 0x20, 0x20, 0x42, 0x00, 0x0f, 0x84, 0x07,
    0x01, 0x00, 0x00, 0x48, 0x8b, 0x76, 0x18, 0x48, 0x89, 0x71, 0x18, 0x48,
    0x89, 0x4e, 0x10, 0x48, 0x89, 0xd1, 0x48, 0x83, 0xc9, 0x01, 0x48, 0x89,
    0x48, 0x08, 0x48, 0x89, 0x14, 0x10, 0x48, 0x81, 0xfa, 0xff, 0x01, 0x00,
    0x00, 0x0f, 0x87, 0x94, 0x00, 0x00, 0x00, 0x89, 0xd1, 0xc1, 0xe9, 0x05,
    0xbe, 0x01, 0x00, 0x00, 0x00, 0x48, 0xd3, 0xe6, 0x48, 0x09, 0x35, 0x19,
    0x69, 0x01, 0x00, 0x01, 0xd2, 0x81, 0xe2, 0xf0, 0x03, 0x00, 0x00, 0x48,
    0x8d, 0x8a, 0x10, 0x20, 0x42, 0x00, 0x48, 0x8b, 0xb2, 0x20, 0x20, 0x42,
    0x00, 0x48, 0x89, 0x48, 0x18, 0x48, 0x89, 0x70, 0x10, 0x48, 0x89, 0x82,
    0x20, 0x20, 0x42, 0x00, 0xe9, 0x7c, 0x01, 0x00, 0x00, 0xc3, 0x48, 0x01,
    0xd1, 0x40, 0xf6, 0xc7, 0x01, 0x75, 0x19, 0x48, 0x8b, 0x10, 0x48, 0x29,
    0xd0, 0x48, 0x01, 0xd1, 0x48, 0x8b, 0x50, 0x10, 0x48, 0x8b, 0x70, 0x18,
    0x48, 0x89, 0x72, 0x18, 0x48, 0x89, 0x56, 0x10, 0x48, 0x89, 0xca, 0x48,
    0x83, 0xca, 0x01, 0x48, 0x89, 0x50, 0x08, 0x48, 0x89, 0x05, 0xc2, 0x68,
    0x01, 0x00, 0x48, 0x3b, 0x0d, 0xbb, 0x70, 0x01, 0x00, 0x0f, 0x82, 0x3e,
    0x01, 0x00, 0x00, 0x48, 0x8b, 0x35, 0xb6, 0x78, 0x01, 0x00, 0x48, 0x89,
    0xdf, 0xe8, 0x46, 0x01, 0x00, 0x00, 0xe9, 0x2a, 0x01, 0x00, 0x00, 0x48,
    0x81, 0xfa, 0xff, 0x09, 0x00, 0x00, 0x77, 0x2c, 0x49, 0x89, 0xd0, 0x49,
    0xc1, 0xe8, 0x06, 0x49, 0x83, 0xc0, 0x38, 0xe9, 0xac, 0x00, 0x00, 0x00,
    0xf6, 0x44, 0x0e, 0x08, 0x01, 0x75, 0x49, 0x48, 0x01, 0xca, 0x48, 0x8b,
    0x4e, 0x10, 0x48, 0x8b, 0x76, 0x18, 0x48, 0x89, 0x71, 0x18, 0x48, 0x89,
    0x4e, 0x10, 0xeb, 0x34, 0x48, 0x81, 0xfa, 0xff, 0x29, 0x00, 0x00, 0x77,
    0x3f, 0x49, 0x89, 0xd0, 0x49, 0xc1, 0xe8, 0x09, 0x49, 0x83, 0xc0, 0x5b,
    0xeb, 0x7a, 0x48, 0x89, 0x05, 0x67, 0x68, 0x01, 0x00, 0x48, 0x89, 0x05,
    0x58, 0x68, 0x01, 0x00, 0x48, 0xc7, 0x40, 0x18, 0x20, 0x20, 0x42, 0x00,
    0x48, 0xc7, 0x40, 0x10, 0x20, 0x20, 0x42, 0x00, 0x48, 0x89, 0xd1, 0x48,
    0x83, 0xc9, 0x01, 0x48, 0x89, 0x48, 0x08, 0x48, 0x89, 0x14, 0x10, 0xe9,
    0xad, 0x00, 0x00, 0x00, 0x48, 0x81, 0xfa, 0xff, 0xa9, 0x00, 0x00, 0x77,
    0x0d, 0x49, 0x89, 0xd0, 0x49, 0xc1, 0xe8, 0x0c, 0x49, 0x83, 0xc0, 0x6e,
    0xeb, 0x32, 0x48, 0x81, 0xfa, 0xff, 0xa9, 0x02, 0x00, 0x77, 0x0d, 0x49,
    0x89, 0xd0, 0x49, 0xc1, 0xe8, 0x0f, 0x49, 0x83, 0xc0, 0x77, 0xeb, 0x1c,
    0x48, 0x89, 0xd1, 0x48, 0xc1, 0xe9, 0x12, 0x48, 0x83, 0xc1, 0x7c, 0x48,
    0x81, 0xfa, 0x00, 0xaa, 0x0a, 0x00, 0x41, 0xb8, 0x7e, 0x00, 0x00, 0x00,
    0x4c, 0x0f, 0x42, 0xc1, 0x43, 0x8d, 0x0c, 0x00, 0x48, 0x63, 0xc9, 0x48,
    0x8d, 0x3c, 0xcd, 0x10, 0x20, 0x42, 0x00, 0x48, 0x8b, 0x34, 0xcd, 0x20,
    0x20, 0x42, 0x00, 0x48, 0x39, 0xfe, 0x74, 0x1c, 0x48, 0x8b, 0x4e, 0x08,
    0x48, 0x83, 0xe1, 0xfc, 0x48, 0x39, 0xca, 0x73, 0x09, 0x48, 0x8b, 0x76,
    0x10, 0x48, 0x39, 0xfe, 0x75, 0xea, 0x48, 0x8b, 0x7e, 0x18, 0xeb, 0x1d,
    0x41, 0x8d, 0x48, 0x03, 0x45, 0x85, 0xc0, 0x41, 0x0f, 0x49, 0xc8, 0xc1,
    0xe9, 0x02, 0xba, 0x01, 0x00, 0x00, 0x00, 0x48, 0xd3, 0xe2, 0x48, 0x09,
    0x15, 0x7f, 0x67, 0x01, 0x00, 0x48, 0x89, 0x78, 0x18, 0x48, 0x89, 0x70,
    0x10, 0x48, 0x89, 0x47, 0x10, 0x48, 0x89, 0x46, 0x18, 0x48, 0x89, 0xdf,
    0x5b, 0x41, 0x5e, 0x5d, 0xe9, 0x8b, 0x09, 0x00, 0x00, 0x66, 0x66, 0x2e,
    0x0f, 0x1f, 0x84, 0x00, 0x00, 0x00, 0x00, 0x00, 0x55, 0x48, 0x89, 0xe5,
    0x41, 0x57, 0x41, 0x56, 0x41, 0x55, 0x41, 0x54, 0x53, 0x50, 0x49, 0x89,
    0xf6, 0x48, 0x89, 0xfb, 0xe8, 0x57, 0x09, 0x00, 0x00, 0x48, 0x8b, 0x05,
    0x40, 0x67, 0x01, 0x00, 0x4c, 0x8b, 0x78, 0x08, 0x49, 0x83, 0xe7, 0xfc,
    0x4d, 0x89, 0xfd, 0x4d, 0x29, 0xf5, 0x49, 0x81, 0xc5, 0xdf, 0x0f, 0x00,
    0x00, 0x49, 0x81, 0xe5, 0x00, 0xf0, 0xff, 0xff, 0x4d, 0x8d, 0xa5, 0x00,
    0xf0, 0xff, 0xff, 0x45, 0x31, 0xf6, 0x49, 0x81, 0xfc, 0x00, 0x10, 0x00,
    0x00, 0x0f, 0x8c, 0x89, 0x00, 0x00, 0x00, 0x45, 0x31, 0xf6, 0x48, 0x89,
    0xdf, 0x31, 0xf6, 0xe8, 0x60, 0x0f, 0x01, 0x00, 0x48, 0x8b, 0x0d, 0xf9,
    0x66, 0x01, 0x00, 0x4c, 0x01, 0xf9, 0x48, 0x39, 0xc8, 0x75, 0x6d, 0xbe,
    0x00, 0x10, 0x00, 0x00, 0x4c, 0x29, 0xee, 0x48, 0x89, 0xdf, 0xe8, 0x41,
    0x0f, 0x01, 0x00, 0x48, 0x83, 0xf8, 0xff, 0x74, 0x21, 0x4d, 0x29, 0xe7,
    0x49, 0x83, 0xcf, 0x01, 0x48, 0x8b, 0x05, 0xcd, 0x66, 0x01, 0x00, 0x4c,
    0x89, 0x78, 0x08, 0x4c, 0x29, 0x25, 0xe2, 0x76, 0x01, 0x00, 0x41, 0xbe,
    0x01, 0x00, 0x00, 0x00, 0xeb, 0x36, 0x45, 0x31, 0xf6, 0x48, 0x89, 0xdf,
    0x31, 0xf6, 0xe8, 0x0d, 0x0f, 0x01, 0x00, 0x48, 0x8b, 0x0d, 0xa6, 0x66,
    0x01, 0x00, 0x48, 0x89, 0xc2, 0x48, 0x29, 0xca, 0x48, 0x83, 0xfa, 0x20,
    0x7c, 0x16, 0x48, 0x2b, 0x05, 0x9b, 0x6e, 0x01, 0x00, 0x48, 0x89, 0x05,
    0xac, 0x76, 0x01, 0x00, 0x48, 0x83, 0xca, 0x01, 0x48, 0x89, 0x51, 0x08,
    0x48, 0x89, 0xdf, 0xe8, 0x9c, 0x08, 0x00, 0x00, 0x44, 0x89, 0xf0, 0x48,
    0x83, 0xc4, 0x08, 0x5b, 0x41, 0x5c, 0x41, 0x5d, 0x41, 0x5e, 0x41, 0x5f,
    0x5d, 0xc3, 0xcc, 0xcc, 0xcc, 0xcc, 0xcc, 0xcc, 0xcc, 0xcc, 0xcc, 0xcc,
    0x55, 0x48, 0x89, 0xe5, 0x41, 0x57, 0x41, 0x56, 0x41, 0x55, 0x41, 0x54,
    0x53, 0x48, 0x83, 0xec, 0x28, 0x4c, 0x8d, 0x76, 0x17, 0x49, 0x83, 0xfe,
    0x30, 0x41, 0xbf, 0x2f, 0x00, 0x00, 0x00, 0x4d, 0x0f, 0x43, 0xfe, 0x4d,
    0x89, 0xfd, 0x49, 0x83, 0xe5, 0xf0, 0x49, 0xf7, 0xc6, 0x00, 0x00, 0x00,
    0x80, 0x0f, 0x94, 0xc0, 0x49, 0x39, 0xf5, 0x0f, 0x93, 0xc1, 0x84, 0xc8,
    0x75, 0x0e, 0xc7, 0x07, 0x0c, 0x00, 0x00, 0x00, 0x45, 0x31, 0xf6, 0xe9,
    0xc9, 0x07, 0x00, 0x00, 0x48, 0x89, 0xfb, 0xe8, 0x1c, 0x08, 0x00, 0x00,
    0x49, 0x81, 0xfd, 0xf7, 0x01, 0x00, 0x00, 0x77, 0x55, 0x4a, 0x8d, 0x04,
    0x6d, 0x10, 0x20, 0x42, 0x00, 0x4f, 0x8b, 0xb4, 0x2d, 0x28, 0x20, 0x42,
    0x00, 0x49, 0x39, 0xc6, 0x75, 0x0c, 0x4a, 0x8d, 0x04, 0x6d, 0x20, 0x20,
    0x42, 0x00, 0x4c, 0x8b, 0x70, 0x18, 0x49, 0x39, 0xc6, 0x48, 0x89, 0xdf,
    0x74, 0x57, 0x49, 0x8b, 0x46, 0x08, 0x49, 0x8b, 0x4e, 0x10, 0x48, 0x83,
    0xe0, 0xfc, 0x49, 0x8b, 0x56, 0x18, 0x48, 0x89, 0x51, 0x18, 0x48, 0x89,
    0x4a, 0x10, 0x41, 0x80, 0x4c, 0x06, 0x08, 0x01, 0x49, 0x83, 0xc6, 0x10,
    0xe8, 0xd3, 0x07, 0x00, 0x00, 0xe9, 0x63, 0x07, 0x00, 0x00, 0x49, 0x81,
    0xfe, 0xff, 0x01, 0x00, 0x00, 0x77, 0x0c, 0x4d, 0x89, 0xef, 0x49, 0xc1,
    0xef, 0x03, 0x48, 0x89, 0xdf, 0xeb, 0x77, 0x49, 0x81, 0xfe, 0xff, 0x09,
    0x00, 0x00, 0x48, 0x89, 0xdf, 0x77, 0x1a, 0x49, 0xc1, 0xef, 0x06, 0x49,
    0x83, 0xc7, 0x38, 0xeb, 0x61, 0x4d, 0x89, 0xef, 0x49, 0xc1, 0xef, 0x03,
    0x41, 0x83, 0xc7, 0x02, 0xe9, 0xa4, 0x00, 0x00, 0x00, 0x49, 0x81, 0xfe,
    0xff, 0x29, 0x00, 0x00, 0x77, 0x0a, 0x49, 0xc1, 0xef, 0x09, 0x49, 0x83,
    0xc7, 0x5b, 0xeb, 0x3e, 0x49, 0x81, 0xfe, 0xff, 0xa9, 0x00, 0x00, 0x77,
    0x0a, 0x49, 0xc1, 0xef, 0x0c, 0x49, 0x83, 0xc7, 0x6e, 0xeb, 0x2b, 0x49,
    0x81, 0xfe, 0xff, 0xa9, 0x02, 0x00, 0x77, 0x0a, 0x49, 0xc1, 0xef, 0x0f,
    0x49, 0x83, 0xc7, 0x77, 0xeb, 0x18, 0x49, 0xc1, 0xef, 0x12, 0x49, 0x83,
    0xc7, 0x7c, 0x49, 0x81, 0xfe, 0x00, 0xaa, 0x0a, 0x00, 0xb8, 0x7e, 0x00,
    0x00, 0x00, 0x4c, 0x0f, 0x43, 0xf8, 0x42, 0x8d, 0x04, 0x7d, 0x02, 0x00,
    0x00, 0x00, 0x48, 0x8d, 0x0c, 0xc5, 0x00, 0x20, 0x42, 0x00, 0x48, 0x8b,
    0x04, 0xc5, 0x18, 0x20, 0x42, 0x00, 0x48, 0x39, 0xc8, 0x74, 0x33, 0x0f,
    0x1f, 0x44, 0x00, 0x00, 0x48, 0x8b, 0x50, 0x08, 0x48, 0x83, 0xe2, 0xfc,
    0x49, 0x89, 0xd0, 0x4d, 0x29, 0xe8, 0x49, 0x83, 0xf8, 0x20, 0x7d, 0x17,
    0x48, 0x8b, 0x70, 0x18, 0x4d, 0x85, 0xc0, 0x0f, 0x89, 0xa5, 0x00, 0x00,
    0x00, 0x48, 0x89, 0xf0, 0x48, 0x39, 0xce, 0x75, 0xd7, 0xeb, 0x03, 0x41,
    0xff, 0xcf, 0x41, 0xff, 0xc7, 0x4c, 0x8b, 0x35, 0xd8, 0x64, 0x01, 0x00,
    0x49, 0x81, 0xfe, 0x20, 0x20, 0x42, 0x00, 0x0f, 0x84, 0xaf, 0x01, 0x00,
    0x00, 0x49, 0x8b, 0x56, 0x08, 0x48, 0x89, 0xd0, 0x48, 0x83, 0xe0, 0xfc,
    0x48, 0x89, 0xc1, 0x4c, 0x29, 0xe9, 0x48, 0x83, 0xf9, 0x20, 0x7c, 0x44,
    0x4b, 0x8d, 0x14, 0x2e, 0x4c, 0x89, 0xee, 0x48, 0x83, 0xce, 0x01, 0x49,
    0x89, 0x76, 0x08, 0x48, 0x89, 0x15, 0xa6, 0x64, 0x01, 0x00, 0x48, 0x89,
    0x15, 0x97, 0x64, 0x01, 0x00, 0x4b, 0xc7, 0x44, 0x2e, 0x18, 0x20, 0x20,
    0x42, 0x00, 0x4b, 0xc7, 0x44, 0x2e, 0x10, 0x20, 0x20, 0x42, 0x00, 0x48,
    0x89, 0xca, 0x48, 0x83, 0xca, 0x01, 0x4b, 0x89, 0x54, 0x2e, 0x08, 0x49,
    0x89, 0x0c, 0x06, 0xe9, 0x0c, 0x06, 0x00, 0x00, 0x48, 0xc7, 0x05, 0x6d,
    0x64, 0x01, 0x00, 0x20, 0x20, 0x42, 0x00, 0x48, 0xc7, 0x05, 0x5a, 0x64,
    0x01, 0x00, 0x20, 0x20, 0x42, 0x00, 0x48, 0x85, 0xc9, 0x78, 0x2a, 0x41,
    0x80, 0x4c, 0x06, 0x08, 0x01, 0xe9, 0xe6, 0x05, 0x00, 0x00, 0x4c, 0x8d,
    0x70, 0x10, 0x48, 0x8b, 0x48, 0x10, 0x48, 0x89, 0x71, 0x18, 0x48, 0x89,
    0x4e, 0x10, 0x80, 0x4c, 0x10, 0x08, 0x01, 0xe8, 0x40, 0x06, 0x00, 0x00,
    0xe9, 0xd0, 0x05, 0x00, 0x00, 0x48, 0x81, 0xfa, 0xff, 0x01, 0x00, 0x00,
    0x77, 0x3e, 0x89, 0xd1, 0xc1, 0xe9, 0x05, 0xb8, 0x01, 0x00, 0x00, 0x00,
    0x48, 0xd3, 0xe0, 0x48, 0x09, 0x05, 0xf6, 0x63, 0x01, 0x00, 0x01, 0xd2,
    0x81, 0xe2, 0xf0, 0x03, 0x00, 0x00, 0x48, 0x8d, 0x82, 0x10, 0x20, 0x42,
    0x00, 0x48, 0x8b, 0xb2, 0x20, 0x20, 0x42, 0x00, 0x49, 0x89, 0x46, 0x18,
    0x49, 0x89, 0x76, 0x10, 0x4c, 0x89, 0xb2, 0x20, 0x20, 0x42, 0x00, 0xe9,
    0xc4, 0x00, 0x00, 0x00, 0x48, 0x81, 0xfa, 0xff, 0x09, 0x00, 0x00, 0x77,
    0x0a, 0x48, 0xc1, 0xea, 0x06, 0x48, 0x83, 0xc2, 0x38, 0xeb, 0x54, 0x48,
    0x81, 0xfa, 0xff, 0x29, 0x00, 0x00, 0x77, 0x0a, 0x48, 0xc1, 0xea, 0x09,
    0x48, 0x83, 0xc2, 0x5b, 0xeb, 0x41, 0x48, 0x81, 0xfa, 0xff, 0xa9, 0x00,
    0x00, 0x77, 0x0a, 0x48, 0xc1, 0xea, 0x0c, 0x48, 0x83, 0xc2, 0x6e, 0xeb,
    0x2e, 0x48, 0x81, 0xfa, 0xff, 0xa9, 0x02, 0x00, 0x77, 0x0a, 0x48, 0xc1,
    0xea, 0x0f, 0x48, 0x83, 0xc2, 0x77, 0xeb, 0x1b, 0x48, 0x89, 0xd1, 0x48,
    0xc1, 0xe9, 0x12, 0x48, 0x83, 0xc1, 0x7c, 0x48, 0x81, 0xfa, 0x00, 0xaa,
    0x0a, 0x00, 0xba, 0x7e, 0x00, 0x00, 0x00, 0x48, 0x0f, 0x42, 0xd1, 0x8d,
    0x0c, 0x12, 0x48, 0x63, 0xc9, 0x4c, 0x8d, 0x04, 0xcd, 0x10, 0x20, 0x42,
    0x00, 0x48, 0x8b, 0x34, 0xcd, 0x20, 0x20, 0x42, 0x00, 0x4c, 0x39, 0xc6,
    0x74, 0x1c, 0x48, 0x8b, 0x4e, 0x08, 0x48, 0x83, 0xe1, 0xfc, 0x48, 0x39,
    0xc8, 0x73, 0x09, 0x48, 0x8b, 0x76, 0x10, 0x4c, 0x39, 0xc6, 0x75, 0xea,
    0x4c, 0x8b, 0x46, 0x18, 0xeb, 0x1a, 0x8d, 0x4a, 0x03, 0x85, 0xd2, 0x0f,
    0x49, 0xca, 0xc1, 0xe9, 0x02, 0xb8, 0x01, 0x00, 0x00, 0x00, 0x48, 0xd3,
    0xe0, 0x48, 0x09, 0x05, 0x14, 0x63, 0x01, 0x00, 0x4d, 0x89, 0x46, 0x18,
    0x49, 0x89, 0x76, 0x10, 0x4d, 0x89, 0x70, 0x10, 0x4c, 0x89, 0x76, 0x18,
    0x44, 0x89, 0xf9, 0xc1, 0xe9, 0x02, 0xba, 0x01, 0x00, 0x00, 0x00, 0x48,
    0xd3, 0xe2, 0x48, 0x8b, 0x05, 0xef, 0x62, 0x01, 0x00, 0x48, 0x39, 0xc2,
    0x0f, 0x86, 0xd8, 0x00, 0x00, 0x00, 0x4c, 0x8b, 0x35, 0xe7, 0x62, 0x01,
    0x00, 0x49, 0x8b, 0x76, 0x08, 0x49, 0x89, 0xf4, 0x49, 0x83, 0xe4, 0xfc,
    0x4c, 0x89, 0xe0, 0x4c, 0x29, 0xe8, 0x0f, 0x92, 0xc1, 0xf6, 0xd1, 0x48,
    0x83, 0xf8, 0x20, 0x0f, 0x9d, 0xc2, 0x84, 0xd1, 0x0f, 0x85, 0x4f, 0x04,
    0x00, 0x00, 0x48, 0x89, 0x75, 0xb0, 0x48, 0x8b, 0x05, 0xbf, 0x72, 0x01,
    0x00, 0x4a, 0x8d, 0x0c, 0x28, 0x48, 0x83, 0xc1, 0x20, 0x4e, 0x8d, 0x3c,
    0x28, 0x49, 0x81, 0xc7, 0x1f, 0x10, 0x00, 0x00, 0x49, 0x81, 0xe7, 0x00,
    0xf0, 0xff, 0xff, 0x48, 0x83, 0x3d, 0x9d, 0x6a, 0x01, 0x00, 0xff, 0x4c,
    0x0f, 0x44, 0xf9, 0x48, 0x89, 0xdf, 0x4c, 0x89, 0xfe, 0xe8, 0xe6, 0x0a,
    0x01, 0x00, 0x48, 0x89, 0xdf, 0x48, 0x83, 0xf8, 0xff, 0x0f, 0x84, 0xda,
    0x03, 0x00, 0x00, 0x4b, 0x8d, 0x14, 0x26, 0x49, 0x81, 0xfe, 0x10, 0x20,
    0x42, 0x00, 0x74, 0x09, 0x48, 0x39, 0xd0, 0x0f, 0x82, 0xc4, 0x03, 0x00,
    0x00, 0x48, 0x8b, 0x0d, 0x7c, 0x72, 0x01, 0x00, 0x4c, 0x01, 0xf9, 0x48,
    0x89, 0x0d, 0x72, 0x72, 0x01, 0x00, 0x48, 0x89, 0xc6, 0x48, 0x29, 0xd6,
    0x0f, 0x85, 0x75, 0x02, 0x00, 0x00, 0x81, 0xe2, 0xff, 0x0f, 0x00, 0x00,
    0x0f, 0x85, 0x69, 0x02, 0x00, 0x00, 0x4d, 0x01, 0xe7, 0x49, 0x83, 0xcf,
    0x01, 0x48, 0x8b, 0x05, 0x2c, 0x62, 0x01, 0x00, 0x4c, 0x89, 0x78, 0x08,
    0x48, 0x3b, 0x0d, 0x31, 0x72, 0x01, 0x00, 0x0f, 0x86, 0x6c, 0x03, 0x00,
    0x00, 0xe9, 0x03, 0x04, 0x00, 0x00, 0x48, 0x85, 0xd0, 0x75, 0x20, 0x41,
    0x83, 0xe7, 0xfc, 0xbe, 0x02, 0x00, 0x00, 0x00, 0x48, 0xd3, 0xe6, 0x0f,
    0x1f, 0x44, 0x00, 0x00, 0x48, 0x89, 0xf2, 0x41, 0x83, 0xc7, 0x04, 0x48,
    0x01, 0xf6, 0x48, 0x85, 0xc2, 0x74, 0xf1, 0x43, 0x8d, 0x0c, 0x3f, 0x48,
    0x63, 0xc9, 0x48, 0x8d, 0x0c, 0xcd, 0x10, 0x20, 0x42, 0x00, 0x49, 0x89,
    0xcc, 0x66, 0x66, 0x66, 0x66, 0x66, 0x66, 0x2e, 0x0f, 0x1f, 0x84, 0x00,
    0x00, 0x00, 0x00, 0x00, 0x4d, 0x8b, 0x64, 0x24, 0x18, 0x49, 0x39, 0xcc,
    0x74, 0x23, 0x49, 0x8b, 0x74, 0x24, 0x08, 0x48, 0x83, 0xe6, 0xfc, 0x49,
    0x89, 0xf0, 0x4d, 0x29, 0xe8, 0x49, 0x83, 0xf8, 0x20, 0x0f, 0x8d, 0x52,
    0x01, 0x00, 0x00, 0x4d, 0x85, 0xc0, 0x78, 0xd8, 0xe9, 0xa9, 0x01, 0x00,
    0x00, 0x41, 0x8d, 0x77, 0x01, 0x40, 0xf6, 0xc6, 0x03, 0x0f, 0x84, 0xc2,
    0x00, 0x00, 0x00, 0x4c, 0x8d, 0x49, 0x10, 0x4d, 0x89, 0xcc, 0x66, 0x66,
    0x66, 0x66, 0x66, 0x2e, 0x0f, 0x1f, 0x84, 0x00, 0x00, 0x00, 0x00, 0x00,
    0x4d, 0x8b, 0x64, 0x24, 0x18, 0x4d, 0x39, 0xcc, 0x74, 0x23, 0x49, 0x8b,
    0x74, 0x24, 0x08, 0x48, 0x83, 0xe6, 0xfc, 0x49, 0x89, 0xf0, 0x4d, 0x29,
    0xe8, 0x49, 0x83, 0xf8, 0x1f, 0x0f, 0x8f, 0x02, 0x01, 0x00, 0x00, 0x4d,
    0x85, 0xc0, 0x78, 0xd8, 0xe9, 0x59, 0x01, 0x00, 0x00, 0x41, 0x8d, 0x77,
    0x02, 0x40, 0xf6, 0xc6, 0x03, 0x74, 0x76, 0x4c, 0x8d, 0x49, 0x20, 0x4d,
    0x89, 0xcc, 0x4d, 0x8b, 0x64, 0x24, 0x18, 0x4d, 0x39, 0xcc, 0x74, 0x23,
    0x49, 0x8b, 0x74, 0x24, 0x08, 0x48, 0x83, 0xe6, 0xfc, 0x49, 0x89, 0xf0,
    0x4d, 0x29, 0xe8, 0x49, 0x83, 0xf8, 0x1f, 0x0f, 0x8f, 0xc4, 0x00, 0x00,
    0x00, 0x4d, 0x85, 0xc0, 0x78, 0xd8, 0xe9, 0x1b, 0x01, 0x00, 0x00, 0x41,
    0x8d, 0x77, 0x03, 0x40, 0xf6, 0xc6, 0x03, 0x74, 0x38, 0x4c, 0x8d, 0x49,
    0x30, 0x4d, 0x89, 0xcc, 0x4d, 0x8b, 0x64, 0x24, 0x18, 0x4d, 0x39, 0xcc,
    0x74, 0x23, 0x49, 0x8b, 0x74, 0x24, 0x08, 0x48, 0x83, 0xe6, 0xfc, 0x49,
    0x89, 0xf0, 0x4d, 0x29, 0xe8, 0x49, 0x83, 0xf8, 0x1f, 0x0f, 0x8f, 0x86,
    0x00, 0x00, 0x00, 0x4d, 0x85, 0xc0, 0x78, 0xd8, 0xe9, 0xdd, 0x00, 0x00,
    0x00, 0x41, 0x8d, 0x77, 0x04, 0x41, 0xf6, 0xc7, 0x03, 0x74, 0x13, 0x4c,
    0x8d, 0x41, 0xf0, 0x4c, 0x39, 0x01, 0x75, 0x1a, 0x41, 0x83, 0xe7, 0x03,
    0x41, 0x83, 0xff, 0x01, 0x75, 0x43, 0x48, 0x89, 0xd1, 0x48, 0xf7, 0xd1,
    0x48, 0x21, 0xc8, 0x48, 0x89, 0x05, 0xa2, 0x60, 0x01, 0x00, 0x48, 0x8d,
    0x0c, 0x55, 0xff, 0xff, 0xff, 0xff, 0x48, 0x39, 0xc1, 0x0f, 0x83, 0xab,
    0xfd, 0xff, 0xff, 0x48, 0x01, 0xd2, 0x41, 0x89, 0xf7, 0x48, 0x85, 0xc2,
    0x0f, 0x85, 0x99, 0xfe, 0xff, 0xff, 0x83, 0xc6, 0x04, 0x48, 0x01, 0xd2,
    0x48, 0x85, 0xc2, 0x74, 0xf5, 0x41, 0x89, 0xf7, 0xe9, 0x86, 0xfe, 0xff,
    0xff, 0x4c, 0x8d, 0x41, 0xe0, 0x4c, 0x39, 0x41, 0xf0, 0x75, 0xc3, 0x41,
    0x83, 0xff, 0x02, 0x74, 0xad, 0x4c, 0x8d, 0x41, 0xd0, 0x4c, 0x39, 0x41,
    0xe0, 0x75, 0xb3, 0xeb, 0xa1, 0x4b, 0x8d, 0x04, 0x2c, 0x4c, 0x89, 0xe9,
    0x48, 0x83, 0xc9, 0x01, 0x49, 0x89, 0x4c, 0x24, 0x08, 0x49, 0x8b, 0x4c,
    0x24, 0x10, 0x49, 0x8b, 0x54, 0x24, 0x18, 0x4d, 0x8d, 0x74, 0x24, 0x10,
    0x48, 0x89, 0x51, 0x18, 0x48, 0x89, 0x4a, 0x10, 0x48, 0x89, 0x05, 0x45,
    0x60, 0x01, 0x00, 0x48, 0x89, 0x05, 0x36, 0x60, 0x01, 0x00, 0x4b, 0xc7,
    0x44, 0x2c, 0x18, 0x20, 0x20, 0x42, 0x00, 0x4b, 0xc7, 0x44, 0x2c, 0x10,
    0x20, 0x20, 0x42, 0x00, 0x4c, 0x89, 0xc0, 0x48, 0x83, 0xc8, 0x01, 0x4b,
    0x89, 0x44, 0x2c, 0x08, 0x4d, 0x89, 0x04, 0x34, 0xe8, 0x1f, 0x02, 0x00,
    0x00, 0xe9, 0xaf, 0x01, 0x00, 0x00, 0x41, 0x80, 0x4c, 0x34, 0x08, 0x01,
    0x49, 0x8b, 0x44, 0x24, 0x10, 0x49, 0x8b, 0x4c, 0x24, 0x18, 0x49, 0x83,
    0xc4, 0x10, 0x48, 0x89, 0x48, 0x18, 0x48, 0x89, 0x41, 0x10, 0xe8, 0xf9,
    0x01, 0x00, 0x00, 0x4d, 0x89, 0xe6, 0xe9, 0x86, 0x01, 0x00, 0x00, 0x48,
    0x83, 0x3d, 0xd1, 0x67, 0x01, 0x00, 0xff, 0x74, 0x0c, 0x48, 0x01, 0xce,
    0x48, 0x89, 0x35, 0xdd, 0x6f, 0x01, 0x00, 0xeb, 0x07, 0x48, 0x89, 0x05,
    0xbc, 0x67, 0x01, 0x00, 0x4c, 0x8d, 0x60, 0x10, 0x44, 0x89, 0xe1, 0x83,
    0xe1, 0x0f, 0xba, 0x10, 0x00, 0x00, 0x00, 0x48, 0x29, 0xca, 0x49, 0x83,
    0xcc, 0xf0, 0x48, 0x85, 0xc9, 0x48, 0x0f, 0x44, 0xd1, 0x48, 0x89, 0x55,
    0xb8, 0x4c, 0x0f, 0x44, 0xe1, 0x48, 0x89, 0xc1, 0x48, 0x01, 0xd1, 0x48,
    0x89, 0x4d, 0xc8, 0x49, 0x01, 0xcf, 0x89, 0xd6, 0x44, 0x29, 0xfe, 0x81,
    0xe6, 0xff, 0x0f, 0x00, 0x00, 0x48, 0x89, 0x75, 0xd0, 0x48, 0x89, 0x45,
    0xc0, 0xe8, 0xca, 0x07, 0x01, 0x00, 0x4d, 0x01, 0xe7, 0x31, 0xd2, 0x48,
    0x83, 0xf8, 0xff, 0x4c, 0x0f, 0x45, 0xf8, 0x48, 0x8b, 0x45, 0xc8, 0x48,
    0x0f, 0x45, 0x55, 0xd0, 0x48, 0x8b, 0x0d, 0x6d, 0x6f, 0x01, 0x00, 0x48,
    0x01, 0xd1, 0x48, 0x29, 0xc2, 0x4c, 0x01, 0xfa, 0x48, 0x83, 0xca, 0x01,
    0x48, 0x89, 0x0d, 0x59, 0x6f, 0x01, 0x00, 0x48, 0x89, 0x05, 0x32, 0x5f,
    0x01, 0x00, 0x48, 0x8b, 0x75, 0xb8, 0x48, 0x8b, 0x7d, 0xc0, 0x48, 0x89,
    0x54, 0x37, 0x08, 0x49, 0x81, 0xfe, 0x10, 0x20, 0x42, 0x00, 0x74, 0x17,
    0x48, 0x8b, 0x75, 0xb0, 0x48, 0x83, 0xfe, 0x1f, 0x77, 0x1e, 0x48, 0xc7,
    0x40, 0x08, 0x01, 0x00, 0x00, 0x00, 0x48, 0x89, 0xdf, 0xeb, 0x66, 0x48,
    0x89, 0xdf, 0x48, 0x3b, 0x0d, 0x0b, 0x6f, 0x01, 0x00, 0x76, 0x4a, 0xe9,
    0xe1, 0x00, 0x00, 0x00, 0x48, 0x83, 0xc6, 0xe8, 0x48, 0x89, 0xf0, 0x48,
    0x83, 0xe0, 0xf0, 0x49, 0x8b, 0x56, 0x08, 0x83, 0xe2, 0x01, 0x48, 0x09,
    0xc2, 0x49, 0x89, 0x56, 0x08, 0x49, 0xc7, 0x44, 0x06, 0x08, 0x09, 0x00,
    0x00, 0x00, 0x49, 0xc7, 0x44, 0x06, 0x10, 0x09, 0x00, 0x00, 0x00, 0x48,
    0x83, 0xfe, 0x20, 0x48, 0x89, 0xdf, 0x0f, 0x83, 0x83, 0x00, 0x00, 0x00,
    0x48, 0x3b, 0x0d, 0xc5, 0x6e, 0x01, 0x00, 0x0f, 0x87, 0x9c, 0x00, 0x00,
    0x00, 0x48, 0x3b, 0x0d, 0xc0, 0x6e, 0x01, 0x00, 0x76, 0x07, 0x48, 0x89,
    0x0d, 0xb7, 0x6e, 0x01, 0x00, 0x4c, 0x8b, 0x35, 0x98, 0x5e, 0x01, 0x00,
    0x49, 0x8b, 0x46, 0x08, 0x48, 0x83, 0xe0, 0xfc, 0x4c, 0x29, 0xe8, 0x0f,
    0x92, 0xc1, 0xf6, 0xd1, 0x48, 0x83, 0xf8, 0x20, 0x0f, 0x9d, 0xc2, 0x84,
    0xd1, 0x75, 0x0a, 0xe8, 0x98, 0x00, 0x00, 0x00, 0x45, 0x31, 0xf6, 0xeb,
    0x28, 0x4c, 0x89, 0xe9, 0x48, 0x83, 0xc9, 0x01, 0x49, 0x89, 0x4e, 0x08,
    0x4b, 0x8d, 0x0c, 0x2e, 0x48, 0x89, 0x0d, 0x5d, 0x5e, 0x01, 0x00, 0x48,
    0x83, 0xc8, 0x01, 0x4b, 0x89, 0x44, 0x2e, 0x08, 0xe8, 0x6f, 0x00, 0x00,
    0x00, 0x49, 0x83, 0xc6, 0x10, 0x4c, 0x89, 0xf0, 0x48, 0x83, 0xc4, 0x28,
    0x5b, 0x41, 0x5c, 0x41, 0x5d, 0x41, 0x5e, 0x41, 0x5f, 0x5d, 0xc3, 0x49,
    0x83, 0xc6, 0x10, 0x48, 0x89, 0xdf, 0x4c, 0x89, 0xf6, 0xe8, 0x3a, 0xf4,
    0xff, 0xff, 0x48, 0x89, 0xdf, 0x48, 0x8b, 0x0d, 0x40, 0x6e, 0x01, 0x00,
    0x48, 0x3b, 0x0d, 0x29, 0x6e, 0x01, 0x00, 0x0f, 0x86, 0x64, 0xff, 0xff,
    0xff, 0x48, 0x89, 0x0d, 0x1c, 0x6e, 0x01, 0x00, 0x48, 0x3b, 0x0d, 0x1d,
    0x6e, 0x01, 0x00, 0x0f, 0x87, 0x59, 0xff, 0xff, 0xff, 0xe9, 0x5b, 0xff,
    0xff, 0xff, 0xcc, 0xcc, 0xcc, 0xcc, 0xcc, 0xcc, 0xcc, 0xcc, 0xcc, 0xcc,
    0x55, 0x48, 0x89, 0xe5, 0x5d, 0xc3, 0x66, 0x2e, 0x0f, 0x1f, 0x84, 0x00,
    0x00, 0x00, 0x00, 0x00, 0x55, 0x48, 0x89, 0xe5, 0x5d, 0xc3, 0xcc, 0xcc,
    0xcc, 0xcc, 0xcc, 0xcc, 0xcc, 0xcc, 0xcc, 0xcc, 0x55, 0x48, 0x89, 0xe5,
    0x41, 0x57, 0x41, 0x56, 0x41, 0x55, 0x41, 0x54, 0x53, 0x48, 0x83, 0xec,
    0x28, 0x49, 0x89, 0xce, 0x48, 0x89, 0xd3, 0x48, 0x89, 0x75, 0xb0, 0x49,
    0x89, 0xcf, 0x4c, 0x0f, 0xaf, 0xfa, 0x4c, 0x89, 0x7d, 0xb8, 0x4c, 0x89,
    0x7d, 0xd0, 0x48, 0x8d, 0x45, 0xb0, 0x48, 0x89, 0x45, 0xc0, 0xc7, 0x45,
    0xc8, 0x01, 0x00, 0x00, 0x00, 0x48, 0x85, 0xff, 0x74, 0x18, 0x48, 0x83,
    0x7f, 0x48, 0x00, 0x75, 0x11, 0x49, 0x89, 0xfc, 0x4d, 0x89, 0xc5, 0xe8,
    0xe0, 0xc5, 0x00, 0x00, 0x4c, 0x89, 0xe7, 0x4d, 0x89, 0xe8, 0x41, 0x0f,
    0xb7, 0x48, 0x10, 0x41, 0x8b, 0x80, 0xac, 0x00, 0x00, 0x00, 0xf7, 0xc1,
    0x00, 0x20, 0x00, 0x00, 0x75, 0x17, 0x81, 0xc9, 0x00, 0x20, 0x00, 0x00,
    0x66, 0x41, 0x89, 0x48, 0x10, 0x25, 0xff, 0xdf, 0xff, 0xff, 0x41, 0x89,
    0x80, 0xac, 0x00, 0x00, 0x00, 0xa9, 0x00, 0x20, 0x00, 0x00, 0x75, 0x2d,
    0x48, 0x8d, 0x55, 0xc0, 0x4c, 0x89, 0xc6, 0xe8, 0x2c, 0x01, 0x00, 0x00,
    0x85, 0xc0, 0x74, 0x20, 0x4c, 0x2b, 0x7d, 0xd0, 0x4c, 0x89, 0xf8, 0x48,
    0x09, 0xd8, 0x48, 0xc1, 0xe8, 0x20, 0x74, 0x22, 0x4c, 0x89, 0xf8, 0x31,
    0xd2, 0x48, 0xf7, 0xf3, 0x49, 0x89, 0xc6, 0xeb, 0x03, 0x45, 0x31, 0xf6,
    0x4c, 0x89, 0xf0, 0x48, 0x83, 0xc4, 0x28, 0x5b, 0x41, 0x5c, 0x41, 0x5d,
    0x41, 0x5e, 0x41, 0x5f, 0x5d, 0xc3, 0x44, 0x89, 0xf8, 0x31, 0xd2, 0xf7,
    0xf3, 0x41, 0x89, 0xc6, 0xeb, 0xe2, 0x66, 0x2e, 0x0f, 0x1f, 0x84, 0x00,
    0x00, 0x00, 0x00, 0x00, 0x55, 0x48, 0x89, 0xe5, 0x41, 0x57, 0x41, 0x56,
    0x41, 0x55, 0x41, 0x54, 0x53, 0x48, 0x83, 0xec, 0x28, 0x49, 0x89, 0xd6,
    0x48, 0x89, 0xf3, 0x4c, 0x8b, 0x25, 0xfa, 0x67, 0x01, 0x00, 0x48, 0x89,
    0x7d, 0xb0, 0x49, 0x89, 0xd7, 0x4c, 0x0f, 0xaf, 0xfe, 0x4c, 0x89, 0x7d,
    0xb8, 0x4c, 0x89, 0x7d, 0xd0, 0x48, 0x8d, 0x45, 0xb0, 0x48, 0x89, 0x45,
    0xc0, 0xc7, 0x45, 0xc8, 0x01, 0x00, 0x00, 0x00, 0x4d, 0x85, 0xe4, 0x74,
    0x16, 0x49, 0x83, 0x7c, 0x24, 0x48, 0x00, 0x75, 0x0e, 0x4c, 0x89, 0xe7,
    0x49, 0x89, 0xcd, 0xe8, 0xf8, 0xc4, 0x00, 0x00, 0x4c, 0x89, 0xe9, 0x0f,
    0xb7, 0x51, 0x10, 0x8b, 0x81, 0xac, 0x00, 0x00, 0x00, 0xf7, 0xc2, 0x00,
    0x20, 0x00, 0x00, 0x75, 0x15, 0x81, 0xca, 0x00, 0x20, 0x00, 0x00, 0x66,
    0x89, 0x51, 0x10, 0x25, 0xff, 0xdf, 0xff, 0xff, 0x89, 0x81, 0xac, 0x00,
    0x00, 0x00, 0xa9, 0x00, 0x20, 0x00, 0x00, 0x75, 0x30, 0x48, 0x8d, 0x55,
    0xc0, 0x4c, 0x89, 0xe7, 0x48, 0x89, 0xce, 0xe8, 0x48, 0x00, 0x00, 0x00,
    0x85, 0xc0, 0x74, 0x20, 0x4c, 0x2b, 0x7d, 0xd0, 0x4c, 0x89, 0xf8, 0x48,
    0x09, 0xd8, 0x48, 0xc1, 0xe8, 0x20, 0x74, 0x22, 0x4c, 0x89, 0xf8, 0x31,
    0xd2, 0x48, 0xf7, 0xf3, 0x49, 0x89, 0xc6, 0xeb, 0x03, 0x45, 0x31, 0xf6,
    0x4c, 0x89, 0xf0, 0x48, 0x83, 0xc4, 0x28, 0x5b, 0x41, 0x5c, 0x41, 0x5d,
    0x41, 0x5e, 0x41, 0x5f, 0x5d, 0xc3, 0x44, 0x89, 0xf8, 0x31, 0xd2, 0xf7,
    0xf3, 0x41, 0x89, 0xc6, 0xeb, 0xe2, 0xcc, 0xcc, 0xcc, 0xcc, 0xcc, 0xcc,
    0x55, 0x48, 0x89, 0xe5, 0x41, 0x57, 0x41, 0x56, 0x41, 0x55, 0x41, 0x54,
    0x53, 0x48, 0x83, 0xec, 0x28, 0x48, 0x89, 0x55, 0xb8, 0x48, 0x83, 0x7a,
    0x10, 0x00, 0x0f, 0x84, 0xad, 0x02, 0x00, 0x00, 0x48, 0x89, 0xf3, 0x0f,
    0xb7, 0x46, 0x10, 0xa8, 0x08, 0x74, 0x07, 0x48, 0x83, 0x7b, 0x18, 0x00,
    0x75, 0x21, 0x49, 0x89, 0xfe, 0x48, 0x89, 0xde, 0xe8, 0xc3, 0xca, 0x00,
    0x00, 0x89, 0xc1, 0xb8, 0xff, 0xff, 0xff, 0xff, 0x85, 0xc9, 0x0f, 0x85,
    0xff, 0x03, 0x00, 0x00, 0x0f, 0xb7, 0x43, 0x10, 0x4c, 0x89, 0xf7, 0x48,
    0x89, 0x7d, 0xd0, 0x48, 0x8b, 0x4d, 0xb8, 0x4c, 0x8b, 0x39, 0xa8, 0x02,
    0x48, 0x89, 0x5d, 0xc0, 0x0f, 0x85, 0xf3, 0x01, 0x00, 0x00, 0xa8, 0x01,
    0x0f, 0x85, 0x62, 0x02, 0x00, 0x00, 0x45, 0x31, 0xc0, 0x45, 0x31, 0xed,
    0xeb, 0x78, 0x48, 0x8b, 0x7d, 0xd0, 0xe8, 0x5d, 0x06, 0x00, 0x00, 0x49,
    0x89, 0xc6, 0x48, 0x85, 0xc0, 0x48, 0x8b, 0x55, 0xb0, 0x0f, 0x84, 0x90,
    0x03, 0x00, 0x00, 0x4c, 0x89, 0x73, 0x18, 0x49, 0x01, 0xd6, 0x4c, 0x89,
    0x33, 0x44, 0x89, 0x63, 0x20, 0x41, 0x29, 0xd4, 0x44, 0x89, 0x63, 0x0c,
    0x4d, 0x63, 0xe5, 0x4c, 0x8b, 0x45, 0xc8, 0x4d, 0x39, 0xe5, 0x4d, 0x0f,
    0x42, 0xe5, 0x4d, 0x63, 0xe4, 0x4c, 0x89, 0xf7, 0x4c, 0x89, 0xc6, 0x4c,
    0x89, 0xe2, 0x4d, 0x89, 0xc6, 0xe8, 0xd6, 0xd0, 0x00, 0x00, 0x44, 0x29,
    0x63, 0x0c, 0x4c, 0x01, 0x23, 0x45, 0x89, 0xec, 0x49, 0x63, 0xc4, 0x49,
    0x01, 0xc6, 0x49, 0x29, 0xc5, 0x48, 0x8b, 0x4d, 0xb8, 0x48, 0x29, 0x41,
    0x10, 0x48, 0x8b, 0x5d, 0xc0, 0x4d, 0x89, 0xf0, 0x0f, 0x84, 0xdb, 0x01,
    0x00, 0x00, 0x4d, 0x85, 0xed, 0x75, 0x1a, 0x66, 0x0f, 0x1f, 0x84, 0x00,
    0x00, 0x00, 0x00, 0x00, 0x4d, 0x8b, 0x6f, 0x08, 0x49, 0x83, 0xc7, 0x10,
    0x4d, 0x85, 0xed, 0x74, 0xf3, 0x4d, 0x8b, 0x47, 0xf0, 0x4c, 0x63, 0x63,
    0x0c, 0x0f, 0xb7, 0x43, 0x10, 0xa9, 0x00, 0x02, 0x00, 0x00, 0x75, 0x60,
    0x48, 0x8b, 0x3b, 0x48, 0x3b, 0x7b, 0x18, 0x77, 0x0d, 0x48, 0x63, 0x73,
    0x20, 0x49, 0x39, 0xf5, 0x0f, 0x83, 0xef, 0x00, 0x00, 0x00, 0x4d, 0x39,
    0xe5, 0x4d, 0x0f, 0x42, 0xe5, 0x4d, 0x63, 0xf4, 0x4c, 0x89, 0x45, 0xc8,
    0x4c, 0x89, 0xc6, 0x4c, 0x89, 0xf2, 0xe8, 0x51, 0xd0, 0x00, 0x00, 0x4c,
    0x01, 0x33, 0x44, 0x29, 0x73, 0x0c, 0x0f, 0x85, 0xc0, 0x00, 0x00, 0x00,
    0x48, 0x8b, 0x7d, 0xd0, 0x48, 0x89, 0xde, 0xe8, 0x68, 0x9a, 0x00, 0x00,
    0x85, 0xc0, 0x4c, 0x8b, 0x75, 0xc8, 0x0f, 0x84, 0x60, 0xff, 0xff, 0xff,
    0xe9, 0xc5, 0x02, 0x00, 0x00, 0x0f, 0x1f, 0x80, 0x00, 0x00, 0x00, 0x00,
    0x4d, 0x39, 0xe5, 0x0f, 0x92, 0xc1, 0xa9, 0x80, 0x04, 0x00, 0x00, 0x0f,
    0x94, 0xc2, 0x08, 0xca, 0x4c, 0x8b, 0x33, 0x0f, 0x85, 0x16, 0xff, 0xff,
    0xff, 0x4c, 0x89, 0x45, 0xc8, 0x48, 0x8b, 0x73, 0x18, 0x49, 0x29, 0xf6,
    0x8b, 0x4b, 0x20, 0x8d, 0x0c, 0x49, 0x89, 0xca, 0xc1, 0xea, 0x1f, 0x01,
    0xca, 0xd1, 0xfa, 0x4c, 0x63, 0xe2, 0x49, 0x63, 0xce, 0x48, 0x89, 0x4d,
    0xb0, 0x4c, 0x01, 0xe9, 0x48, 0xff, 0xc1, 0x4c, 0x39, 0xe1, 0x4c, 0x0f,
    0x47, 0xe1, 0x49, 0x63, 0xd4, 0xa9, 0x00, 0x04, 0x00, 0x00, 0x0f, 0x84,
    0xa2, 0xfe, 0xff, 0xff, 0x48, 0x8b, 0x7d, 0xd0, 0x48, 0x89, 0xd6, 0xe8,
    0xcc, 0xf3, 0xff, 0xff, 0x48, 0x85, 0xc0, 0x0f, 0x84, 0x47, 0x02, 0x00,
    0x00, 0x49, 0x89, 0xc6, 0x48, 0x8b, 0x73, 0x18, 0x48, 0x89, 0xc7, 0x48,
    0x8b, 0x55, 0xb0, 0xe8, 0xc0, 0xff, 0x00, 0x00, 0x48, 0x8b, 0x55, 0xb0,
    0x8b, 0x43, 0x10, 0xb9, 0x7f, 0xfb, 0xff, 0xff, 0x21, 0xc8, 0x0d, 0x80,
    0x00, 0x00, 0x00, 0x66, 0x89, 0x43, 0x10, 0xe9, 0x77, 0xfe, 0xff, 0xff,
    0x4c, 0x8b, 0x75, 0xc8, 0xe9, 0xaf, 0xfe, 0xff, 0xff, 0x49, 0x81, 0xfd,
    0xff, 0xff, 0xff, 0x7f, 0xb9, 0xff, 0xff, 0xff, 0x7f, 0x49, 0x0f, 0x42,
    0xcd, 0x89, 0xc8, 0x99, 0xf7, 0xfe, 0x29, 0xd1, 0x48, 0x8b, 0x73, 0x30,
    0x48, 0x8b, 0x7d, 0xd0, 0x4c, 0x89, 0xc2, 0x4d, 0x89, 0xc6, 0xff, 0x53,
    0x40, 0x41, 0x89, 0xc4, 0x85, 0xc0, 0x0f, 0x8f, 0x7c, 0xfe, 0xff, 0xff,
    0xe9, 0xe1, 0x01, 0x00, 0x00, 0x45, 0x31, 0xf6, 0x45, 0x31, 0xe4, 0x66,
    0x66, 0x66, 0x66, 0x2e, 0x0f, 0x1f, 0x84, 0x00, 0x00, 0x00, 0x00, 0x00,
    0x4d, 0x85, 0xe4, 0x75, 0x1c, 0x66, 0x66, 0x2e, 0x0f, 0x1f, 0x84, 0x00,
    0x00, 0x00, 0x00, 0x00, 0x4d, 0x8b, 0x67, 0x08, 0x49, 0x83, 0xc7, 0x10,
    0x4d, 0x85, 0xe4, 0x74, 0xf3, 0x4d, 0x8b, 0x77, 0xf0, 0x48, 0x8b, 0x73,
    0x30, 0x49, 0x81, 0xfc, 0x00, 0xfc, 0xff, 0x7f, 0xb9, 0x00, 0xfc, 0xff,
    0x7f, 0x49, 0x0f, 0x42, 0xcc, 0x48, 0x8b, 0x7d, 0xd0, 0x4c, 0x89, 0xf2,
    0xff, 0x53, 0x40, 0x85, 0xc0, 0x0f, 0x8e, 0x87, 0x01, 0x00, 0x00, 0x89,
    0xc0, 0x49, 0x01, 0xc6, 0x49, 0x29, 0xc4, 0x48, 0x8b, 0x4d, 0xb8, 0x48,
    0x29, 0x41, 0x10, 0x48, 0x8b, 0x5d, 0xc0, 0x75, 0xa3, 0x31, 0xc0, 0xe9,
    0x77, 0x01, 0x00, 0x00, 0x45, 0x31, 0xf6, 0x45, 0x31, 0xe4, 0x31, 0xc9,
    0x45, 0x31, 0xed, 0xeb, 0x26, 0x66, 0x66, 0x66, 0x66, 0x66, 0x66, 0x2e,
    0x0f, 0x1f, 0x84, 0x00, 0x00, 0x00, 0x00, 0x00, 0x48, 0x63, 0xc3, 0x49,
    0x01, 0xc6, 0x49, 0x29, 0xc4, 0x48, 0x8b, 0x55, 0xb8, 0x48, 0x29, 0x42,
    0x10, 0x48, 0x8b, 0x5d, 0xc0, 0x74, 0xc6, 0x4d, 0x85, 0xe4, 0x74, 0x14,
    0x85, 0xc9, 0x75, 0x43, 0xeb, 0x1f, 0x66, 0x66, 0x66, 0x66, 0x66, 0x2e,
    0x0f, 0x1f, 0x84, 0x00, 0x00, 0x00, 0x00, 0x00, 0x4d, 0x8b, 0x67, 0x08,
    0x49, 0x83, 0xc7, 0x10, 0x4d, 0x85, 0xe4, 0x74, 0xf3, 0x4d, 0x8b, 0x77,
    0xf0, 0x4c, 0x89, 0xf7, 0xbe, 0x0a, 0x00, 0x00, 0x00, 0x4c, 0x89, 0xe2,
    0xe8, 0xff, 0xcc, 0x00, 0x00, 0x89, 0xc1, 0x44, 0x29, 0xf1, 0x48, 0x85,
    0xc0, 0x45, 0x89, 0xe5, 0x44, 0x0f, 0x45, 0xe9, 0x41, 0xff, 0xc5, 0x4c,
    0x89, 0xf2, 0x44, 0x89, 0x6d, 0xc8, 0x4d, 0x63, 0xf5, 0x4d, 0x39, 0xf4,
    0x4d, 0x0f, 0x42, 0xf4, 0x48, 0x63, 0x4b, 0x20, 0x48, 0x8b, 0x3b, 0x48,
    0x3b, 0x7b, 0x18, 0x76, 0x3f, 0x49, 0x89, 0xdd, 0x48, 0x63, 0x5b, 0x0c,
    0x48, 0x01, 0xcb, 0x44, 0x39, 0xf3, 0x7d, 0x30, 0x49, 0x89, 0xd6, 0x48,
    0x89, 0xd6, 0x48, 0x89, 0xda, 0xe8, 0x12, 0xce, 0x00, 0x00, 0x49, 0x01,
    0x5d, 0x00, 0x48, 0x8b, 0x7d, 0xd0, 0x4c, 0x89, 0xee, 0xe8, 0x32, 0x98,
    0x00, 0x00, 0x85, 0xc0, 0x44, 0x8b, 0x6d, 0xc8, 0x74, 0x56, 0xe9, 0x93,
    0x00, 0x00, 0x00, 0x0f, 0x1f, 0x44, 0x00, 0x00, 0x44, 0x39, 0xf1, 0x7e,
    0x2b, 0x49, 0x63, 0xde, 0x49, 0x89, 0xd5, 0x48, 0x89, 0xd6, 0x48, 0x89,
    0xda, 0xe8, 0xda, 0xcd, 0x00, 0x00, 0x48, 0x8b, 0x45, 0xc0, 0x44, 0x29,
    0x70, 0x0c, 0x48, 0x01, 0x18, 0x44, 0x89, 0xf3, 0x4d, 0x89, 0xee, 0x44,
    0x8b, 0x6d, 0xc8, 0xeb, 0x1f, 0x0f, 0x1f, 0x00, 0x48, 0x8b, 0x45, 0xc0,
    0x48, 0x8b, 0x70, 0x30, 0x48, 0x8b, 0x7d, 0xd0, 0x49, 0x89, 0xd6, 0xff,
    0x50, 0x40, 0x89, 0xc3, 0x85, 0xc0, 0x44, 0x8b, 0x6d, 0xc8, 0x7e, 0x42,
    0xb9, 0x01, 0x00, 0x00, 0x00, 0x41, 0x29, 0xdd, 0x0f, 0x85, 0xe6, 0xfe,
    0xff, 0xff, 0x48, 0x8b, 0x7d, 0xd0, 0x48, 0x8b, 0x75, 0xc0, 0xe8, 0xb9,
    0x97, 0x00, 0x00, 0x31, 0xc9, 0x85, 0xc0, 0x0f, 0x84, 0xcf, 0xfe, 0xff,
    0xff, 0xeb, 0x1b, 0x48, 0x8b, 0x73, 0x18, 0x48, 0x8b, 0x7d, 0xd0, 0xe8,
    0xf0, 0xed, 0xff, 0xff, 0x80, 0x63, 0x10, 0x7f, 0x48, 0x8b, 0x45, 0xd0,
    0xc7, 0x00, 0x0c, 0x00, 0x00, 0x00, 0x48, 0x8b, 0x45, 0xc0, 0x80, 0x48,
    0x10, 0x40, 0xb8, 0xff, 0xff, 0xff, 0xff, 0x48, 0x83, 0xc4, 0x28, 0x5b,
    0x41, 0x5c, 0x41, 0x5d, 0x41, 0x5e, 0x41, 0x5f, 0x5d, 0xc3, 0xcc, 0xcc,
    0xcc, 0xcc, 0xcc, 0xcc, 0x55, 0x48, 0x89, 0xe5, 0x48, 0x89, 0xf2, 0x48,
    0x89, 0xfe, 0x48, 0x8b, 0x3d, 0xc7, 0x62, 0x01, 0x00, 0x5d, 0xe9, 0x69,
    0x02, 0x00, 0x00, 0xcc, 0xcc, 0xcc, 0xcc, 0xcc, 0xcc, 0xcc, 0xcc, 0xcc,
    0x55, 0x48, 0x89, 0xe5, 0x48, 0x8b, 0x77, 0x08, 0x5d, 0xe9, 0x22, 0x00,
    0x00, 0x00, 0x66, 0x90, 0x55, 0x48, 0x89, 0xe5, 0x48, 0x8b, 0x3d, 0x9d,
    0x62, 0x01, 0x00, 0x48, 0x8b, 0x77, 0x08, 0x5d, 0xe9, 0x0b, 0x00, 0x00,
    0x00, 0xcc, 0xcc, 0xcc, 0xcc, 0xcc, 0xcc, 0xcc, 0xcc, 0xcc, 0xcc, 0xcc,
    0x55, 0x48, 0x89, 0xe5, 0x41, 0x56, 0x53, 0x48, 0x85, 0xff, 0x74, 0x18,
    0x48, 0x83, 0x7f, 0x48, 0x00, 0x75, 0x11, 0x48, 0x89, 0xfb, 0x49, 0x89,
    0xf6, 0xe8, 0xa2, 0xbf, 0x00, 0x00, 0x48, 0x89, 0xdf, 0x4c, 0x89, 0xf6,
    0x8b, 0x46, 0x08, 0x8d, 0x48, 0xff, 0x89, 0x4e, 0x08, 0x85, 0xc0, 0x7e,
    0x12, 0x48, 0x8b, 0x06, 0x48, 0x8d, 0x48, 0x01, 0x48, 0x89, 0x0e, 0x0f,
    0xb6, 0x00, 0x5b, 0x41, 0x5e, 0x5d, 0xc3, 0x5b, 0x41, 0x5e, 0x5d, 0xe9,
    0x74, 0x8f, 0x00, 0x00, 0x0f, 0x1f, 0x40, 0x00, 0x55, 0x48, 0x89, 0xe5,
    0x41, 0x56, 0x53, 0x48, 0x89, 0xfb, 0x4c, 0x8b, 0x35, 0x27, 0x62, 0x01,
    0x00, 0x4d, 0x85, 0xf6, 0x74, 0x0f, 0x49, 0x83, 0x7e, 0x48, 0x00, 0x75,
    0x08, 0x4c, 0x89, 0xf7, 0xe8, 0x4b, 0xbf, 0x00, 0x00, 0x8b, 0x43, 0x08,
    0x8d, 0x48, 0xff, 0x89, 0x4b, 0x08, 0x85, 0xc0, 0x7e, 0x12, 0x48, 0x8b,
    0x03, 0x48, 0x8d, 0x48, 0x01, 0x48, 0x89, 0x0b, 0x0f, 0xb6, 0x00, 0x5b,
    0x41, 0x5e, 0x5d, 0xc3, 0x4c, 0x89, 0xf7, 0x48, 0x89, 0xde, 0x5b, 0x41,
    0x5e, 0x5d, 0xe9, 0x1d, 0x8f, 0x00, 0x00, 0xcc, 0xcc, 0xcc, 0xcc, 0xcc,
    0xcc, 0xcc, 0xcc, 0xcc, 0xcc, 0xcc, 0xcc, 0xcc, 0x55, 0x48, 0x89, 0xe5,
    0x41, 0x57, 0x41, 0x56, 0x41, 0x54, 0x53, 0x48, 0x83, 0xec, 0x10, 0x49,
    0x89, 0xf7, 0x49, 0x89, 0xfe, 0x48, 0x8b, 0x5f, 0x18, 0x48, 0x83, 0x7f,
    0x48, 0x00, 0x75, 0x08, 0x4c, 0x89, 0xf7, 0xe8, 0xe8, 0xbe, 0x00, 0x00,
    0x4c, 0x89, 0xf7, 0x48, 0x89, 0xde, 0xe8, 0x3d, 0x96, 0x00, 0x00, 0x4d,
    0x85, 0xff, 0x0f, 0x84, 0x7c, 0x00, 0x00, 0x00, 0x41, 0x80, 0x3f, 0x00,
    0x74, 0x76, 0x4c, 0x89, 0xff, 0xe8, 0x26, 0xd7, 0x00, 0x00, 0x49, 0x89,
    0xc4, 0x0f, 0x1f, 0x00, 0x4d, 0x85, 0xe4, 0x74, 0x23, 0x48, 0x89, 0xdf,
    0xe8, 0x63, 0xbb, 0x00, 0x00, 0x4c, 0x89, 0xf7, 0x89, 0xc6, 0x4c, 0x89,
    0xfa, 0x4c, 0x89, 0xe1, 0xe8, 0xe3, 0xfe, 0x00, 0x00, 0x49, 0x29, 0xc4,
    0x49, 0x01, 0xc7, 0x48, 0x85, 0xc0, 0x79, 0xd8, 0x41, 0xbf, 0xe5, 0x16,
    0x42, 0x00, 0xbf, 0xe5, 0x16, 0x42, 0x00, 0xe8, 0xe8, 0xd6, 0x00, 0x00,
    0x49, 0x89, 0xc4, 0x0f, 0x1f, 0x44, 0x00, 0x00, 0x4d, 0x85, 0xe4, 0x74,
    0x23, 0x48, 0x89, 0xdf, 0xe8, 0x23, 0xbb, 0x00, 0x00, 0x4c, 0x89, 0xf7,
    0x89, 0xc6, 0x4c, 0x89, 0xfa, 0x4c, 0x89, 0xe1, 0xe8, 0xa3, 0xfe, 0x00,
    0x00, 0x49, 0x29, 0xc4, 0x49, 0x01, 0xc7, 0x48, 0x85, 0xc0, 0x79, 0xd8,
    0x41, 0x8b, 0x36, 0x48, 0x8d, 0x4d, 0xdc, 0x4c, 0x89, 0xf7, 0xba, 0x01,
    0x00, 0x00, 0x00, 0xe8, 0x44, 0xd4, 0x00, 0x00, 0x48, 0x85, 0xc0, 0x74,
    0x37, 0x49, 0x89, 0xc7, 0x48, 0x89, 0xc7, 0xe8, 0x94, 0xd6, 0x00, 0x00,
    0x49, 0x89, 0xc4, 0x90, 0x4d, 0x85, 0xe4, 0x74, 0x23, 0x48, 0x89, 0xdf,
    0xe8, 0xd3, 0xba, 0x00, 0x00, 0x4c, 0x89, 0xf7, 0x89, 0xc6, 0x4c, 0x89,
    0xfa, 0x4c, 0x89, 0xe1, 0xe8, 0x53, 0xfe, 0x00, 0x00, 0x49, 0x29, 0xc4,
    0x49, 0x01, 0xc7, 0x48, 0x85, 0xc0, 0x79, 0xd8, 0x41, 0xbf, 0x5e, 0x12,
    0x42, 0x00, 0xbf, 0x5e, 0x12, 0x42, 0x00, 0xe8, 0x58, 0xd6, 0x00, 0x00,
    0x49, 0x89, 0xc4, 0x0f, 0x1f, 0x44, 0x00, 0x00, 0x4d, 0x85, 0xe4, 0x74,
    0x23, 0x48, 0x89, 0xdf, 0xe8, 0x93, 0xba, 0x00, 0x00, 0x4c, 0x89, 0xf7,
    0x89, 0xc6, 0x4c, 0x89, 0xfa, 0x4c, 0x89, 0xe1, 0xe8, 0x13, 0xfe, 0x00,
    0x00, 0x49, 0x29, 0xc4, 0x49, 0x01, 0xc7, 0x48, 0x85, 0xc0, 0x79, 0xd8,
    0x80, 0x63, 0x11, 0xef, 0x48, 0x83, 0xc4, 0x10, 0x5b, 0x41, 0x5c, 0x41,
    0x5e, 0x41, 0x5f, 0x5d, 0xc3, 0x0f, 0x1f, 0x80, 0x00, 0x00, 0x00, 0x00,
    0x55, 0x48, 0x89, 0xe5, 0x48, 0x89, 0xfe, 0x48, 0x8b, 0x3d, 0x6a, 0x60,
    0x01, 0x00, 0x5d, 0xe9, 0x8c, 0xfe, 0xff, 0xff, 0xcc, 0xcc, 0xcc, 0xcc,
    0xcc, 0xcc, 0xcc, 0xcc, 0xcc, 0xcc, 0xcc, 0xcc, 0x55, 0x48, 0x89, 0xe5,
    0x41, 0x57, 0x41, 0x56, 0x41, 0x55, 0x41, 0x54, 0x53, 0x50, 0x49, 0x89,
    0xd4, 0x48, 0x89, 0xfb, 0x48, 0x85, 0xf6, 0x74, 0x42, 0x49, 0x89, 0xf6,
    0x48, 0x89, 0xdf, 0xe8, 0x1c, 0xf7, 0xff, 0xff, 0x49, 0x8d, 0x44, 0x24,
    0x17, 0x48, 0x83, 0xf8, 0x30, 0x41, 0xbd, 0x2f, 0x00, 0x00, 0x00, 0x4c,
    0x0f, 0x43, 0xe8, 0x49, 0x83, 0xe5, 0xf0, 0x48, 0xa9, 0x00, 0x00, 0x00,
    0x80, 0x0f, 0x94, 0xc0, 0x4d, 0x39, 0xe5, 0x0f, 0x93, 0xc1, 0x84, 0xc8,
    0x75, 0x26, 0xc7, 0x03, 0x0c, 0x00, 0x00, 0x00, 0x31, 0xc0, 0xe9, 0xec,
    0x00, 0x00, 0x00, 0x48, 0x89, 0xdf, 0x4c, 0x89, 0xe6, 0x48, 0x83, 0xc4,
    0x08, 0x5b, 0x41, 0x5c, 0x41, 0x5d, 0x41, 0x5e, 0x41, 0x5f, 0x5d, 0xe9,
    0x5c, 0xee, 0xff, 0xff, 0x48, 0x89, 0x5d, 0xd0, 0x49, 0x8d, 0x5e, 0xf0,
    0x49, 0x8b, 0x4e, 0xf8, 0x49, 0x89, 0xcf, 0x49, 0x83, 0xe7, 0xfc, 0x4d,
    0x39, 0xef, 0x7d, 0x4f, 0x4a, 0x8d, 0x34, 0x3b, 0x48, 0x8b, 0x05, 0x99,
    0x54, 0x01, 0x00, 0x4a, 0x8b, 0x7c, 0x3b, 0x08, 0x48, 0x39, 0xc6, 0x0f,
    0x84, 0xb1, 0x00, 0x00, 0x00, 0x48, 0x89, 0xfa, 0x48, 0x83, 0xe2, 0xfe,
    0x45, 0x31, 0xd2, 0xf6, 0x44, 0x16, 0x08, 0x01, 0xba, 0x00, 0x00, 0x00,
    0x00, 0x0f, 0x85, 0xb2, 0x00, 0x00, 0x00, 0x48, 0x83, 0xe7, 0xfc, 0x4e,
    0x8d, 0x14, 0x3f, 0x4d, 0x39, 0xea, 0x0f, 0x8d, 0xaf, 0x01, 0x00, 0x00,
    0x49, 0x89, 0xfa, 0x48, 0x89, 0xf2, 0xe9, 0x96, 0x00, 0x00, 0x00, 0x4d,
    0x89, 0xfa, 0x49, 0x89, 0xdc, 0x48, 0x8b, 0x5d, 0xd0, 0x4c, 0x89, 0xd0,
    0x4c, 0x29, 0xe8, 0x48, 0x83, 0xf8, 0x20, 0x72, 0x31, 0x49, 0x8b, 0x4c,
    0x24, 0x08, 0x83, 0xe1, 0x01, 0x4c, 0x09, 0xe9, 0x49, 0x89, 0x4c, 0x24,
    0x08, 0x48, 0x83, 0xc8, 0x01, 0x4b, 0x89, 0x44, 0x2c, 0x08, 0x43, 0x80,
    0x4c, 0x14, 0x08, 0x01, 0x4b, 0x8d, 0x34, 0x2c, 0x48, 0x83, 0xc6, 0x10,
    0x48, 0x89, 0xdf, 0xe8, 0x20, 0xea, 0xff, 0xff, 0xeb, 0x16, 0x49, 0x8b,
    0x44, 0x24, 0x08, 0x83, 0xe0, 0x01, 0x4c, 0x09, 0xd0, 0x49, 0x89, 0x44,
    0x24, 0x08, 0x43, 0x80, 0x4c, 0x14, 0x08, 0x01, 0x48, 0x89, 0xdf, 0xe8,
    0x10, 0xf6, 0xff, 0xff, 0x49, 0x83, 0xc4, 0x10, 0x4c, 0x89, 0xe0, 0x48,
    0x83, 0xc4, 0x08, 0x5b, 0x41, 0x5c, 0x41, 0x5d, 0x41, 0x5e, 0x41, 0x5f,
    0x5d, 0xc3, 0x48, 0x83, 0xe7, 0xfc, 0x4e, 0x8d, 0x04, 0x3f, 0x4d, 0x8d,
    0x4d, 0x20, 0x49, 0x89, 0xfa, 0x48, 0x89, 0xf2, 0x4d, 0x39, 0xc8, 0x0f,
    0x8d, 0xd9, 0x00, 0x00, 0x00, 0xf6, 0xc1, 0x01, 0x0f, 0x85, 0x33, 0x01,
    0x00, 0x00, 0x48, 0x8b, 0x0b, 0x48, 0x89, 0xde, 0x48, 0x29, 0xce, 0x48,
    0xf7, 0xd9, 0x4c, 0x8b, 0x44, 0x0b, 0x08, 0x49, 0x83, 0xe0, 0xfc, 0x48,
    0x85, 0xd2, 0x0f, 0x84, 0x09, 0x01, 0x00, 0x00, 0x4d, 0x01, 0xfa, 0x4d,
    0x01, 0xc2, 0x48, 0x39, 0xc2, 0x0f, 0x84, 0xed, 0x00, 0x00, 0x00, 0x4d,
    0x39, 0xea, 0x0f, 0x8c, 0xf1, 0x00, 0x00, 0x00, 0x48, 0x8b, 0x42, 0x10,
    0x48, 0x8b, 0x4a, 0x18, 0x48, 0x89, 0x48, 0x18, 0x48, 0x89, 0x41, 0x10,
    0x49, 0x89, 0xf4, 0x48, 0x8b, 0x46, 0x10, 0x48, 0x8b, 0x4e, 0x18, 0x48,
    0x8d, 0x7e, 0x10, 0x48, 0x89, 0x48, 0x18, 0x48, 0x89, 0x41, 0x10, 0x49,
    0x83, 0xc7, 0xf8, 0x49, 0x83, 0xff, 0x48, 0x0f, 0x87, 0xbc, 0x02, 0x00,
    0x00, 0x49, 0x83, 0xff, 0x28, 0x48, 0x8b, 0x5d, 0xd0, 0x0f, 0x82, 0x89,
    0x03, 0x00, 0x00, 0x49, 0x8b, 0x06, 0x49, 0x89, 0x44, 0x24, 0x10, 0x49,
    0x8b, 0x46, 0x08, 0x49, 0x89, 0x44, 0x24, 0x18, 0x49, 0x83, 0xff, 0x38,
    0x0f, 0x82, 0x25, 0x03, 0x00, 0x00, 0x49, 0x8b, 0x46, 0x10, 0x49, 0x89,
    0x44, 0x24, 0x20, 0x49, 0x8b, 0x46, 0x18, 0x49, 0x89, 0x44, 0x24, 0x28,
    0x49, 0x83, 0xff, 0x48, 0x0f, 0x85, 0x49, 0x03, 0x00, 0x00, 0x49, 0x8b,
    0x46, 0x20, 0x49, 0x89, 0x44, 0x24, 0x30, 0x49, 0x8b, 0x46, 0x28, 0x49,
    0x83, 0xc6, 0x30, 0x49, 0x8d, 0x7c, 0x24, 0x40, 0x49, 0x89, 0x44, 0x24,
    0x38, 0xe9, 0x32, 0x03, 0x00, 0x00, 0x4c, 0x01, 0xeb, 0x48, 0x89, 0x1d,
    0xdc, 0x52, 0x01, 0x00, 0x4d, 0x29, 0xe8, 0x49, 0x83, 0xc8, 0x01, 0x4f,
    0x89, 0x44, 0x2e, 0xf8, 0x49, 0x8b, 0x46, 0xf8, 0x83, 0xe0, 0x01, 0x4c,
    0x09, 0xe8, 0x49, 0x89, 0x46, 0xf8, 0x48, 0x8b, 0x7d, 0xd0, 0xe8, 0xd9,
    0xf4, 0xff, 0xff, 0x4c, 0x89, 0xf0, 0xe9, 0xc8, 0xfe, 0xff, 0xff, 0x48,
    0x8b, 0x46, 0x10, 0x48, 0x8b, 0x4e, 0x18, 0x48, 0x89, 0x48, 0x18, 0x48,
    0x89, 0x41, 0x10, 0xe9, 0x4a, 0xfe, 0xff, 0xff, 0x49, 0x8d, 0x45, 0x20,
    0x49, 0x39, 0xc2, 0x0f, 0x8d, 0x77, 0x01, 0x00, 0x00, 0x4d, 0x01, 0xf8,
    0x4d, 0x39, 0xe8, 0x0f, 0x8d, 0xad, 0x00, 0x00, 0x00, 0x48, 0x8b, 0x7d,
    0xd0, 0x4c, 0x89, 0xe6, 0xe8, 0x17, 0xec, 0xff, 0xff, 0x48, 0x85, 0xc0,
    0x0f, 0x84, 0x88, 0x00, 0x00, 0x00, 0x48, 0x8d, 0x48, 0xf0, 0x49, 0x8b,
    0x56, 0xf8, 0x48, 0x83, 0xe2, 0xfe, 0x48, 0x01, 0xda, 0x48, 0x39, 0xd1,
    0x0f, 0x84, 0x0a, 0x01, 0x00, 0x00, 0x49, 0x83, 0xc7, 0xf8, 0x49, 0x83,
    0xff, 0x48, 0x0f, 0x87, 0x0c, 0x01, 0x00, 0x00, 0x4c, 0x89, 0xf1, 0x48,
    0x89, 0xc2, 0x49, 0x83, 0xff, 0x28, 0x0f, 0x82, 0xfb, 0x01, 0x00, 0x00,
    0x49, 0x8b, 0x0e, 0x48, 0x89, 0x08, 0x49, 0x8b, 0x4e, 0x08, 0x48, 0x89,
    0x48, 0x08, 0x49, 0x83, 0xff, 0x38, 0x0f, 0x82, 0xa7, 0x01, 0x00, 0x00,
    0x49, 0x8b, 0x4e, 0x10, 0x48, 0x89, 0x48, 0x10, 0x49, 0x8b, 0x4e, 0x18,
    0x48, 0x89, 0x48, 0x18, 0x49, 0x83, 0xff, 0x48, 0x0f, 0x85, 0xbe, 0x01,
    0x00, 0x00, 0x49, 0x8b, 0x4e, 0x20, 0x48, 0x89, 0x48, 0x20, 0x49, 0x8d,
    0x4e, 0x30, 0x49, 0x8b, 0x76, 0x28, 0x48, 0x89, 0xc2, 0x48, 0x83, 0xc2,
    0x30, 0x48, 0x89, 0x70, 0x28, 0xe9, 0xa9, 0x01, 0x00, 0x00, 0x48, 0x8b,
    0x7d, 0xd0, 0xe8, 0xfd, 0xf3, 0xff, 0xff, 0x31, 0xc0, 0xe9, 0xed, 0xfd,
    0xff, 0xff, 0x49, 0x89, 0xf4, 0x48, 0x8b, 0x46, 0x10, 0x48, 0x8b, 0x4e,
    0x18, 0x48, 0x8d, 0x7e, 0x10, 0x48, 0x89, 0x48, 0x18, 0x48, 0x89, 0x41,
    0x10, 0x49, 0x83, 0xc7, 0xf8, 0x49, 0x83, 0xff, 0x48, 0x0f, 0x87, 0x8b,
    0x00, 0x00, 0x00, 0x49, 0x83, 0xff, 0x28, 0x48, 0x8b, 0x5d, 0xd0, 0x0f,
    0x82, 0xba, 0x01, 0x00, 0x00, 0x49, 0x8b, 0x06, 0x49, 0x89, 0x44, 0x24,
    0x10, 0x49, 0x8b, 0x46, 0x08, 0x49, 0x89, 0x44, 0x24, 0x18, 0x49, 0x83,
    0xff, 0x38, 0x0f, 0x82, 0x35, 0x01, 0x00, 0x00, 0x49, 0x8b, 0x46, 0x10,
    0x49, 0x89, 0x44, 0x24, 0x20, 0x49, 0x8b, 0x46, 0x18, 0x49, 0x89, 0x44,
    0x24, 0x28, 0x49, 0x83, 0xff, 0x48, 0x0f, 0x85, 0x7a, 0x01, 0x00, 0x00,
    0x49, 0x8b, 0x46, 0x20, 0x49, 0x89, 0x44, 0x24, 0x30, 0x49, 0x8b, 0x46,
    0x28, 0x49, 0x83, 0xc6, 0x30, 0x49, 0x8d, 0x7c, 0x24, 0x40, 0x49, 0x89,
    0x44, 0x24, 0x38, 0xe9, 0x63, 0x01, 0x00, 0x00, 0x4c, 0x8b, 0x50, 0xf8,
    0x49, 0x83, 0xe2, 0xfc, 0x4d, 0x01, 0xfa, 0xe9, 0xea, 0xfc, 0xff, 0xff,
    0x48, 0x89, 0xc3, 0x48, 0x89, 0xc7, 0x4c, 0x89, 0xf6, 0x4c, 0x89, 0xfa,
    0xe8, 0xbb, 0xc6, 0x00, 0x00, 0xe9, 0x02, 0x01, 0x00, 0x00, 0x4c, 0x89,
    0xf6, 0x4c, 0x89, 0xfa, 0x4c, 0x89, 0xc3, 0xe9, 0x92, 0x00, 0x00, 0x00,
    0x49, 0x89, 0xf4, 0x48, 0x8b, 0x46, 0x10, 0x48, 0x8b, 0x4e, 0x18, 0x48,
    0x8d, 0x7e, 0x10, 0x48, 0x89, 0x48, 0x18, 0x48, 0x89, 0x41, 0x10, 0x49,
    0x83, 0xc7, 0xf8, 0x49, 0x83, 0xff, 0x48, 0x0f, 0x87, 0x87, 0x00, 0x00,
    0x00, 0x49, 0x83, 0xff, 0x28, 0x0f, 0x82, 0xe4, 0x00, 0x00, 0x00, 0x49,
    0x8b, 0x06, 0x49, 0x89, 0x44, 0x24, 0x10, 0x49, 0x8b, 0x46, 0x08, 0x49,
    0x89, 0x44, 0x24, 0x18, 0x49, 0x83, 0xff, 0x38, 0x0f, 0x82, 0x03, 0x01,
    0x00, 0x00, 0x49, 0x8b, 0x46, 0x10, 0x49, 0x89, 0x44, 0x24, 0x20, 0x49,
    0x8b, 0x46, 0x18, 0x49, 0x89, 0x44, 0x24, 0x28, 0x48, 0x89, 0xfb, 0x49,
    0x83, 0xff, 0x48, 0x0f, 0x85, 0x16, 0x01, 0x00, 0x00, 0x49, 0x8b, 0x46,
    0x20, 0x49, 0x89, 0x44, 0x24, 0x30, 0x49, 0x8b, 0x4e, 0x28, 0x49, 0x83,
    0xc6, 0x30, 0x49, 0x8d, 0x44, 0x24, 0x40, 0x49, 0x89, 0x4c, 0x24, 0x38,
    0xe9, 0xff, 0x00, 0x00, 0x00, 0x4c, 0x89, 0xf6, 0x4c, 0x89, 0xfa, 0x4c,
    0x89, 0xd3, 0xe8, 0x11, 0xc6, 0x00, 0x00, 0x49, 0x89, 0xda, 0xe9, 0x2a,
    0xfc, 0xff, 0xff, 0x49, 0x8d, 0x4e, 0x10, 0x48, 0x89, 0xc2, 0x48, 0x83,
    0xc2, 0x10, 0xeb, 0x2f, 0x48, 0x89, 0xfb, 0x4c, 0x89, 0xf6, 0x4c, 0x89,
    0xfa, 0x4d, 0x89, 0xd6, 0xe8, 0xeb, 0xc5, 0x00, 0x00, 0x4d, 0x89, 0xf2,
    0xe9, 0xd9, 0x00, 0x00, 0x00, 0x49, 0x83, 0xc6, 0x10, 0x49, 0x8d, 0x7c,
    0x24, 0x20, 0xeb, 0x5f, 0x49, 0x8d, 0x4e, 0x20, 0x48, 0x89, 0xc2, 0x48,
    0x83, 0xc2, 0x20, 0x48, 0x89, 0xc3, 0x48, 0x8b, 0x01, 0x48, 0x89, 0x02,
    0x48, 0x8b, 0x41, 0x08, 0x48, 0x89, 0x42, 0x08, 0x48, 0x8b, 0x41, 0x10,
    0x48, 0x89, 0x42, 0x10, 0x4c, 0x8b, 0x7d, 0xd0, 0x4c, 0x89, 0xff, 0x4c,
    0x89, 0xf6, 0xe8, 0x25, 0xe6, 0xff, 0xff, 0x4c, 0x89, 0xff, 0xe8, 0x2d,
    0xf2, 0xff, 0xff, 0x48, 0x89, 0xd8, 0xe9, 0x1c, 0xfc, 0xff, 0xff, 0x48,
    0x89, 0xfb, 0x48, 0x89, 0xf8, 0xeb, 0x6d, 0x49, 0x83, 0xc6, 0x10, 0x49,
    0x8d, 0x7c, 0x24, 0x20, 0xeb, 0x3e, 0x49, 0x83, 0xc6, 0x20, 0x49, 0x8d,
    0x7c, 0x24, 0x30, 0x49, 0x8b, 0x06, 0x48, 0x89, 0x07, 0x49, 0x8b, 0x46,
    0x08, 0x48, 0x89, 0x47, 0x08, 0x49, 0x8b, 0x46, 0x10, 0x48, 0x89, 0x47,
    0x10, 0x4d, 0x89, 0xc2, 0xe9, 0x80, 0xfb, 0xff, 0xff, 0x48, 0x89, 0xfb,
    0x49, 0x83, 0xc6, 0x10, 0x49, 0x8d, 0x44, 0x24, 0x20, 0xeb, 0x2d, 0x49,
    0x83, 0xc6, 0x20, 0x49, 0x8d, 0x7c, 0x24, 0x30, 0x49, 0x8b, 0x06, 0x48,
    0x89, 0x07, 0x49, 0x8b, 0x46, 0x08, 0x48, 0x89, 0x47, 0x08, 0x49, 0x8b,
    0x46, 0x10, 0x48, 0x89, 0x47, 0x10, 0xe9, 0x4e, 0xfb, 0xff, 0xff, 0x49,
    0x83, 0xc6, 0x20, 0x49, 0x8d, 0x44, 0x24, 0x30, 0x49, 0x8b, 0x0e, 0x48,
    0x89, 0x08, 0x49, 0x8b, 0x4e, 0x08, 0x48, 0x89, 0x48, 0x08, 0x49, 0x8b,
    0x4e, 0x10, 0x48, 0x89, 0x48, 0x10, 0x4b, 0x8d, 0x04, 0x2c, 0x48, 0x89,
    0x05, 0x6f, 0x4f, 0x01, 0x00, 0x4d, 0x29, 0xea, 0x49, 0x83, 0xca, 0x01,
    0x4f, 0x89, 0x54, 0x2c, 0x08, 0x49, 0x8b, 0x44, 0x24, 0x08, 0x83, 0xe0,
    0x01, 0x4c, 0x09, 0xe8, 0x49, 0x89, 0x44, 0x24, 0x08, 0x48, 0x8b, 0x7d,
    0xd0, 0xe9, 0x38, 0xff, 0xff, 0xff, 0xcc, 0xcc, 0xcc, 0xcc, 0xcc, 0xcc,
    0xcc, 0xcc, 0xcc, 0xcc, 0x55, 0x48, 0x89, 0xe5, 0x48, 0x81, 0xec, 0xd0,
    0x00, 0x00, 0x00, 0x49, 0x89, 0xf2, 0x48, 0x89, 0x95, 0x40, 0xff, 0xff,
    0xff, 0x48, 0x89, 0x8d, 0x48, 0xff, 0xff, 0xff, 0x4c, 0x89, 0x85, 0x50,
    0xff, 0xff, 0xff, 0x4c, 0x89, 0x8d, 0x58, 0xff, 0xff, 0xff, 0x84, 0xc0,
    0x74, 0x26, 0x0f, 0x29, 0x85, 0x60, 0xff, 0xff, 0xff, 0x0f, 0x29, 0x8d,
    0x70, 0xff, 0xff, 0xff, 0x0f, 0x29, 0x55, 0x80, 0x0f, 0x29, 0x5d, 0x90,
    0x0f, 0x29, 0x65, 0xa0, 0x0f, 0x29, 0x6d, 0xb0, 0x0f, 0x29, 0x75, 0xc0,
    0x0f, 0x29, 0x7d, 0xd0, 0x48, 0x8d, 0x85, 0x30, 0xff, 0xff, 0xff, 0x48,
    0x89, 0x45, 0xf0, 0x48, 0x8d, 0x45, 0x10, 0x48, 0x89, 0x45, 0xe8, 0x48,
    0xb8, 0x10, 0x00, 0x00, 0x00, 0x30, 0x00, 0x00, 0x00, 0x48, 0x89, 0x45,
    0xe0, 0x48, 0x8b, 0x77, 0x10, 0x48, 0x8d, 0x4d, 0xe0, 0x4c, 0x89, 0xd2,
    0xe8, 0xcb, 0x00, 0x00, 0x00, 0x48, 0x81, 0xc4, 0xd0, 0x00, 0x00, 0x00,
    0x5d, 0xc3, 0x66, 0x90, 0x55, 0x48, 0x89, 0xe5, 0x48, 0x81, 0xec, 0xd0,
    0x00, 0x00, 0x00, 0x49, 0x89, 0xfa, 0x48, 0x89, 0xb5, 0x38, 0xff, 0xff,
    0xff, 0x48, 0x89, 0x95, 0x40, 0xff, 0xff, 0xff, 0x48, 0x89, 0x8d, 0x48,
    0xff, 0xff, 0xff, 0x4c, 0x89, 0x85, 0x50, 0xff, 0xff, 0xff, 0x4c, 0x89,
    0x8d, 0x58, 0xff, 0xff, 0xff, 0x84, 0xc0, 0x74, 0x26, 0x0f, 0x29, 0x85,
    0x60, 0xff, 0xff, 0xff, 0x0f, 0x29, 0x8d, 0x70, 0xff, 0xff, 0xff, 0x0f,
    0x29, 0x55, 0x80, 0x0f, 0x29, 0x5d, 0x90, 0x0f, 0x29, 0x65, 0xa0, 0x0f,
    0x29, 0x6d, 0xb0, 0x0f, 0x29, 0x75, 0xc0, 0x0f, 0x29, 0x7d, 0xd0, 0x48,
    0x8b, 0x3d, 0x76, 0x59, 0x01, 0x00, 0x48, 0xb8, 0x08, 0x00, 0x00, 0x00,
    0x30, 0x00, 0x00, 0x00, 0x48, 0x89, 0x45, 0xe0, 0x48, 0x8d, 0x45, 0x10,
    0x48, 0x89, 0x45, 0xe8, 0x48, 0x8d, 0x85, 0x30, 0xff, 0xff, 0xff, 0x48,
    0x89, 0x45, 0xf0, 0x48, 0x8b, 0x77, 0x10, 0x48, 0x8d, 0x4d, 0xe0, 0x4c,
    0x89, 0xd2, 0xe8, 0x2d, 0x00, 0x00, 0x00, 0x48, 0x81, 0xc4, 0xd0, 0x00,
    0x00, 0x00, 0x5d, 0xc3, 0xcc, 0xcc, 0xcc, 0xcc, 0x55, 0x48, 0x89, 0xe5,
    0x48, 0x89, 0xd1, 0x48, 0x89, 0xf2, 0x48, 0x89, 0xfe, 0x48, 0x8b, 0x3d,
    0x24, 0x59, 0x01, 0x00, 0x5d, 0xe9, 0x06, 0x00, 0x00, 0x00, 0x66, 0x0f,
    0x1f, 0x44, 0x00, 0x00, 0x55, 0x48, 0x89, 0xe5, 0x41, 0x57, 0x41, 0x56,
    0x41, 0x55, 0x41, 0x54, 0x53, 0x48, 0x81, 0xec, 0x88, 0x01, 0x00, 0x00,
    0x48, 0x89, 0x8d, 0x70, 0xff, 0xff, 0xff, 0x49, 0x89, 0xd5, 0x49, 0x89,
    0xf4, 0x48, 0x89, 0xfb, 0xe8, 0xb7, 0xf0, 0x00, 0x00, 0x4c, 0x8b, 0x38,
    0x4c, 0x89, 0xff, 0xe8, 0x7c, 0xce, 0x00, 0x00, 0x48, 0x89, 0x85, 0x50,
    0xff, 0xff, 0xff, 0x48, 0x85, 0xdb, 0x74, 0x0f, 0x48, 0x83, 0x7b, 0x48,
    0x00, 0x75, 0x08, 0x48, 0x89, 0xdf, 0xe8, 0x01, 0xb6, 0x00, 0x00, 0x41,
    0x0f, 0xb7, 0x44, 0x24, 0x10, 0x41, 0x8b, 0x8c, 0x24, 0xac, 0x00, 0x00,
    0x00, 0xa9, 0x00, 0x20, 0x00, 0x00, 0x48, 0x89, 0x5d, 0xc0, 0x75, 0x19,
    0x0d, 0x00, 0x20, 0x00, 0x00, 0x66, 0x41, 0x89, 0x44, 0x24, 0x10, 0x81,
    0xe1, 0xff, 0xdf, 0xff, 0xff, 0x41, 0x89, 0x8c, 0x24, 0xac, 0x00, 0x00,
    0x00, 0x41, 0xbe, 0xff, 0xff, 0xff, 0xff, 0xf7, 0xc1, 0x00, 0x20, 0x00,
    0x00, 0x0f, 0x85, 0xb7, 0x1b, 0x00, 0x00, 0xa8, 0x08, 0x74, 0x08, 0x49,
    0x83, 0x7c, 0x24, 0x18, 0x00, 0x75, 0x1a, 0x48, 0x8b, 0x7d, 0xc0, 0x4c,
    0x89, 0xe6, 0xe8, 0x35, 0xbc, 0x00, 0x00, 0x85, 0xc0, 0x0f, 0x85, 0x97,
    0x1b, 0x00, 0x00, 0x41, 0x0f, 0xb7, 0x44, 0x24, 0x10, 0x83, 0xe0, 0x1a,
    0x66, 0x83, 0xf8, 0x0a, 0x75, 0x30, 0x66, 0x41, 0x83, 0x7c, 0x24, 0x12,
    0x00, 0x78, 0x27, 0x48, 0x8b, 0x7d, 0xc0, 0x4c, 0x89, 0xe6, 0x4c, 0x89,
    0xea, 0x48, 0x8b, 0x8d, 0x70, 0xff, 0xff, 0xff, 0x48, 0x81, 0xc4, 0x88,
    0x01, 0x00, 0x00, 0x5b, 0x41, 0x5c, 0x41, 0x5d, 0x41, 0x5e, 0x41, 0x5f,
    0x5d, 0xe9, 0x9e, 0x1b, 0x00, 0x00, 0x48, 0x8d, 0x9d, 0x60, 0xfe, 0xff,
    0xff, 0x48, 0x89, 0x5d, 0xa8, 0x48, 0xc7, 0x45, 0xb8, 0x00, 0x00, 0x00,
    0x00, 0xc7, 0x45, 0xb0, 0x00, 0x00, 0x00, 0x00, 0x48, 0x8b, 0x85, 0x50,
    0xff, 0xff, 0xff, 0xff, 0xc0, 0x89, 0x85, 0x2c, 0xff, 0xff, 0xff, 0x48,
    0xc7, 0x85, 0x78, 0xff, 0xff, 0xff, 0x00, 0x00, 0x00, 0x00, 0x45, 0x31,
    0xf6, 0x66, 0x0f, 0x57, 0xc9, 0x48, 0xc7, 0x85, 0x18, 0xff, 0xff, 0xff,
    0x00, 0x00, 0x00, 0x00, 0x48, 0xc7, 0x85, 0x30, 0xff, 0xff, 0xff, 0x00,
    0x00, 0x00, 0x00, 0x4c, 0x89, 0x65, 0xc8, 0x4c, 0x89, 0xbd, 0x48, 0xff,
    0xff, 0xff, 0x44, 0x89, 0xb5, 0x64, 0xff, 0xff, 0xff, 0x4d, 0x8d, 0x75,
    0x01, 0x45, 0x31, 0xff, 0x31, 0xc0, 0x66, 0x90, 0x41, 0x0f, 0xb6, 0x4e,
    0xff, 0x85, 0xc9, 0x74, 0x27, 0x83, 0xf9, 0x25, 0x74, 0x22, 0x49, 0xff,
    0xc6, 0x48, 0xb9, 0x00, 0x00, 0x00, 0x00, 0x01, 0x00, 0x00, 0x00, 0x48,
    0x01, 0xc8, 0x41, 0xff, 0xcf, 0xeb, 0xdd, 0x66, 0x66, 0x66, 0x66, 0x2e,
    0x0f, 0x1f, 0x84, 0x00, 0x00, 0x00, 0x00, 0x00, 0x45, 0x85, 0xff, 0x74,
    0x57, 0x4c, 0x89, 0x2b, 0x48, 0xc1, 0xf8, 0x20, 0x48, 0x89, 0x43, 0x08,
    0x48, 0x01, 0x45, 0xb8, 0x8b, 0x45, 0xb0, 0x8d, 0x48, 0x01, 0x89, 0x4d,
    0xb0, 0x83, 0xf8, 0x07, 0x7c, 0x2a, 0x48, 0x8b, 0x7d, 0xc0, 0x4c, 0x89,
    0xe6, 0x48, 0x8d, 0x55, 0xa8, 0x66, 0x0f, 0x29, 0x4d, 0x80, 0xe8, 0x29,
    0x83, 0x00, 0x00, 0x66, 0x0f, 0x28, 0x4d, 0x80, 0x48, 0x8d, 0x9d, 0x60,
    0xfe, 0xff, 0xff, 0x85, 0xc0, 0x74, 0x09, 0xe9, 0x57, 0x1a, 0x00, 0x00,
    0x48, 0x83, 0xc3, 0x10, 0x44, 0x29, 0xbd, 0x64, 0xff, 0xff, 0xff, 0x41,
    0x0f, 0xb6, 0x4e, 0xff, 0x84, 0xc9, 0x0f, 0x84, 0x6b, 0x1a, 0x00, 0x00,
    0xc6, 0x45, 0xd7, 0x00, 0x41, 0xb8, 0xff, 0xff, 0xff, 0xff, 0x31, 0xc0,
    0xc7, 0x45, 0xd0, 0x00, 0x00, 0x00, 0x00, 0x4d, 0x89, 0xf5, 0x45, 0x31,
    0xf6, 0x45, 0x0f, 0xbe, 0x7d, 0x00, 0x49, 0xff, 0xc5, 0x41, 0x83, 0xff,
    0x78, 0x0f, 0x87, 0xb3, 0x05, 0x00, 0x00, 0x44, 0x89, 0xf9, 0xff, 0x24,
    0xcd, 0xf0, 0xee, 0x41, 0x00, 0x45, 0x0f, 0xbe, 0x7d, 0x00, 0x49, 0xff,
    0xc5, 0x41, 0x83, 0xff, 0x2a, 0x0f, 0x84, 0xd2, 0x00, 0x00, 0x00, 0x41,
    0x8d, 0x57, 0xd0, 0x31, 0xc9, 0x83, 0xfa, 0x09, 0x77, 0x21, 0x31, 0xc9,
    0x0f, 0x1f, 0x84, 0x00, 0x00, 0x00, 0x00, 0x00, 0x8d, 0x0c, 0x89, 0x8d,
    0x0c, 0x4a, 0x45, 0x0f, 0xbe, 0x7d, 0x00, 0x49, 0xff, 0xc5, 0x41, 0x8d,
    0x57, 0xd0, 0x83, 0xfa, 0x0a, 0x72, 0xe9, 0x85, 0xc9, 0x41, 0xb8, 0xff,
    0xff, 0xff, 0xff, 0x44, 0x0f, 0x49, 0xc1, 0xeb, 0xa0, 0x45, 0x31, 0xf6,
    0x0f, 0x1f, 0x84, 0x00, 0x00, 0x00, 0x00, 0x00, 0x43, 0x8d, 0x0c, 0xb6,
    0x45, 0x8d, 0x34, 0x4f, 0x41, 0x83, 0xc6, 0xd0, 0x45, 0x0f, 0xbe, 0x7d,
    0x00, 0x49, 0xff, 0xc5, 0x41, 0x8d, 0x4f, 0xd0, 0x83, 0xf9, 0x0a, 0x72,
    0xe3, 0xe9, 0x73, 0xff, 0xff, 0xff, 0x83, 0x4d, 0xd0, 0x10, 0xe9, 0x62,
    0xff, 0xff, 0xff, 0xc6, 0x45, 0xd7, 0x2b, 0xb0, 0x2b, 0xe9, 0x57, 0xff,
    0xff, 0xff, 0x48, 0x8b, 0xb5, 0x70, 0xff, 0xff, 0xff, 0x8b, 0x16, 0x48,
    0x83, 0xfa, 0x28, 0x77, 0x65, 0x48, 0x89, 0xd1, 0x48, 0x03, 0x4e, 0x10,
    0x83, 0xc2, 0x08, 0x89, 0x16, 0xeb, 0x63, 0x84, 0xc0, 0x0f, 0x85, 0x32,
    0xff, 0xff, 0xff, 0xc6, 0x45, 0xd7, 0x20, 0xb0, 0x20, 0xe9, 0x27, 0xff,
    0xff, 0xff, 0x81, 0x4d, 0xd0, 0x80, 0x00, 0x00, 0x00, 0xe9, 0x1b, 0xff,
    0xff, 0xff, 0x83, 0x4d, 0xd0, 0x01, 0xe9, 0x12, 0xff, 0xff, 0xff, 0x83,
    0x4d, 0xd0, 0x08, 0xe9, 0x09, 0xff, 0xff, 0xff, 0x83, 0x4d, 0xd0, 0x40,
    0xe9, 0x00, 0xff, 0xff, 0xff, 0x48, 0x8b, 0xb5, 0x70, 0xff, 0xff, 0xff,
    0x8b, 0x16, 0x48, 0x83, 0xfa, 0x28, 0x77, 0x32, 0x48, 0x89, 0xd1, 0x48,
    0x03, 0x4e, 0x10, 0x83, 0xc2, 0x08, 0x89, 0x16, 0xeb, 0x30, 0x48, 0x8b,
    0x4e, 0x08, 0x48, 0x8d, 0x51, 0x08, 0x48, 0x89, 0x56, 0x08, 0x44, 0x8b,
    0x31, 0x45, 0x85, 0xf6, 0x0f, 0x89, 0xcb, 0xfe, 0xff, 0xff, 0x41, 0xf7,
    0xde, 0x83, 0x4d, 0xd0, 0x04, 0xe9, 0xbf, 0xfe, 0xff, 0xff, 0x48, 0x8b,
    0x4e, 0x08, 0x48, 0x8d, 0x51, 0x08, 0x48, 0x89, 0x56, 0x08, 0x8b, 0x09,
    0x85, 0xc9, 0x41, 0xb8, 0xff, 0xff, 0xff, 0xff, 0x44, 0x0f, 0x49, 0xc1,
    0xe9, 0xa0, 0xfe, 0xff, 0xff, 0x8b, 0x45, 0xd0, 0xa8, 0x10, 0x75, 0x21,
    0xa8, 0x40, 0x75, 0x3a, 0x48, 0x8b, 0x95, 0x70, 0xff, 0xff, 0xff, 0x8b,
    0x0a, 0x48, 0x83, 0xf9, 0x28, 0x77, 0x66, 0x48, 0x89, 0xc8, 0x48, 0x03,
    0x42, 0x10, 0x83, 0xc1, 0x08, 0x89, 0x0a, 0xeb, 0x64, 0x48, 0x8b, 0x95,
    0x70, 0xff, 0xff, 0xff, 0x8b, 0x0a, 0x48, 0x83, 0xf9, 0x28, 0x77, 0x2b,
    0x48, 0x89, 0xc8, 0x48, 0x03, 0x42, 0x10, 0x83, 0xc1, 0x08, 0x89, 0x0a,
    0xeb, 0x29, 0x48, 0x8b, 0x95, 0x70, 0xff, 0xff, 0xff, 0x8b, 0x0a, 0x48,
    0x83, 0xf9, 0x28, 0x77, 0x48, 0x48, 0x89, 0xc8, 0x48, 0x03, 0x42, 0x10,
    0x83, 0xc1, 0x08, 0x89, 0x0a, 0xeb, 0x46, 0x48, 0x8b, 0x42, 0x08, 0x48,
    0x8d, 0x48, 0x08, 0x48, 0x89, 0x4a, 0x08, 0x48, 0x63, 0x8d, 0x64, 0xff,
    0xff, 0xff, 0x48, 0x8b, 0x00, 0x48, 0x89, 0x08, 0xe9, 0x68, 0xfd, 0xff,
    0xff, 0x48, 0x8b, 0x42, 0x08, 0x48, 0x8d, 0x48, 0x08, 0x48, 0x89, 0x4a,
    0x08, 0x48, 0x8b, 0x00, 0x8b, 0x8d, 0x64, 0xff, 0xff, 0xff, 0x89, 0x08,
    0xe9, 0x4c, 0xfd, 0xff, 0xff, 0x48, 0x8b, 0x42, 0x08, 0x48, 0x8d, 0x48,
    0x08, 0x48, 0x89, 0x4a, 0x08, 0x48, 0x8b, 0x00, 0x8b, 0x8d, 0x64, 0xff,
    0xff, 0xff, 0x66, 0x89, 0x08, 0xe9, 0x2f, 0xfd, 0xff, 0xff, 0x44, 0x8b,
    0x65, 0xd0, 0x41, 0xf6, 0xc4, 0x08, 0x4c, 0x89, 0x85, 0x68, 0xff, 0xff,
    0xff, 0x75, 0x22, 0x48, 0x8b, 0x95, 0x70, 0xff, 0xff, 0xff, 0x8b, 0x4a,
    0x04, 0x48, 0x81, 0xf9, 0xa0, 0x00, 0x00, 0x00, 0x77, 0x44, 0x48, 0x89,
    0xc8, 0x48, 0x03, 0x42, 0x10, 0x83, 0xc1, 0x10, 0x89, 0x4a, 0x04, 0xeb,
    0x41, 0x48, 0x8b, 0x95, 0x70, 0xff, 0xff, 0xff, 0x48, 0x8b, 0x42, 0x08,
    0x48, 0x83, 0xc0, 0x0f, 0x48, 0x83, 0xe0, 0xf0, 0x48, 0x8d, 0x48, 0x10,
    0x48, 0x89, 0x4a, 0x08, 0xdb, 0x28, 0xdd, 0x9d, 0x58, 0xfe, 0xff, 0xff,
    0xf2, 0x0f, 0x10, 0x85, 0x58, 0xfe, 0xff, 0xff, 0xeb, 0x18, 0x8b, 0x7d,
    0xd0, 0xe9, 0xe1, 0x01, 0x00, 0x00, 0x48, 0x8b, 0x42, 0x08, 0x48, 0x8d,
    0x48, 0x08, 0x48, 0x89, 0x4a, 0x08, 0xf2, 0x0f, 0x10, 0x00, 0x66, 0x0f,
    0x29, 0x45, 0x80, 0xe8, 0x48, 0xf2, 0x00, 0x00, 0x83, 0xf8, 0x01, 0x4c,
    0x89, 0xb5, 0x58, 0xff, 0xff, 0xff, 0x75, 0x27, 0x66, 0x0f, 0x57, 0xc0,
    0x66, 0x0f, 0x28, 0x4d, 0x80, 0x66, 0x0f, 0x2e, 0xc1, 0x76, 0x04, 0xc6,
    0x45, 0xd7, 0x2d, 0x41, 0x83, 0xff, 0x48, 0xb8, 0xc5, 0x0f, 0x42, 0x00,
    0x41, 0xbc, 0x97, 0x0c, 0x42, 0x00, 0xe9, 0x30, 0x03, 0x00, 0x00, 0x66,
    0x0f, 0x28, 0x45, 0x80, 0xe8, 0x0b, 0xf2, 0x00, 0x00, 0x85, 0xc0, 0x0f,
    0x84, 0xfc, 0x02, 0x00, 0x00, 0x45, 0x89, 0xfe, 0x41, 0x83, 0xe6, 0xdf,
    0x44, 0x89, 0xf0, 0x83, 0xf0, 0x47, 0x48, 0x8b, 0x8d, 0x68, 0xff, 0xff,
    0xff, 0x09, 0xc8, 0xb8, 0x01, 0x00, 0x00, 0x00, 0x0f, 0x45, 0xc1, 0x83,
    0xf9, 0xff, 0xb9, 0x06, 0x00, 0x00, 0x00, 0x0f, 0x45, 0xc8, 0x66, 0x0f,
    0x28, 0x05, 0xf2, 0x42, 0x01, 0x00, 0x66, 0x0f, 0x54, 0x45, 0x80, 0x31,
    0xf6, 0x41, 0x83, 0xfe, 0x46, 0x40, 0x0f, 0x94, 0xc6, 0x31, 0xd2, 0x41,
    0x83, 0xfe, 0x45, 0x0f, 0x94, 0xc2, 0x89, 0x8d, 0x68, 0xff, 0xff, 0xff,
    0x01, 0xca, 0x83, 0xce, 0x02, 0x48, 0x8d, 0x4d, 0x98, 0x4c, 0x8d, 0x85,
    0x54, 0xfe, 0xff, 0xff, 0x4c, 0x8d, 0x8d, 0x38, 0xff, 0xff, 0xff, 0x48,
    0x8b, 0x7d, 0xc0, 0x89, 0x55, 0xa0, 0xe8, 0x41, 0x19, 0x00, 0x00, 0x44,
    0x89, 0xe1, 0x49, 0x89, 0xc4, 0x89, 0xcf, 0x83, 0xe7, 0x01, 0xf6, 0xc1,
    0x01, 0x48, 0x89, 0xbd, 0x40, 0xff, 0xff, 0xff, 0x0f, 0x85, 0xb6, 0x02,
    0x00, 0x00, 0x41, 0x83, 0xfe, 0x47, 0x0f, 0x85, 0xac, 0x02, 0x00, 0x00,
    0x8b, 0x85, 0x38, 0xff, 0xff, 0xff, 0x44, 0x29, 0xe0, 0x48, 0x89, 0x85,
    0x78, 0xff, 0xff, 0xff, 0x4c, 0x8b, 0x75, 0xc0, 0x66, 0x0f, 0x28, 0x4d,
    0x80, 0xe9, 0x62, 0x07, 0x00, 0x00, 0x8b, 0x7d, 0xd0, 0x83, 0xcf, 0x10,
    0xe9, 0xca, 0x01, 0x00, 0x00, 0x48, 0x8b, 0x95, 0x70, 0xff, 0xff, 0xff,
    0x8b, 0x0a, 0x48, 0x83, 0xf9, 0x28, 0x4c, 0x89, 0xb5, 0x58, 0xff, 0xff,
    0xff, 0x0f, 0x87, 0xe7, 0x02, 0x00, 0x00, 0x48, 0x89, 0xc8, 0x48, 0x03,
    0x42, 0x10, 0x83, 0xc1, 0x08, 0x89, 0x0a, 0xe9, 0xe2, 0x02, 0x00, 0x00,
    0x48, 0x8b, 0x95, 0x70, 0xff, 0xff, 0xff, 0x8b, 0x0a, 0x48, 0x83, 0xf9,
    0x28, 0x4c, 0x89, 0xb5, 0x58, 0xff, 0xff, 0xff, 0x0f, 0x87, 0xfa, 0x02,
    0x00, 0x00, 0x48, 0x89, 0xc8, 0x48, 0x03, 0x42, 0x10, 0x83, 0xc1, 0x08,
    0x89, 0x0a, 0xe9, 0xf5, 0x02, 0x00, 0x00, 0x8b, 0x7d, 0xd0, 0x83, 0xcf,
    0x10, 0xeb, 0x03, 0x8b, 0x7d, 0xd0, 0x40, 0xf6, 0xc7, 0x10, 0x48, 0x8b,
    0x95, 0x70, 0xff, 0xff, 0xff, 0x4c, 0x89, 0xb5, 0x58, 0xff, 0xff, 0xff,
    0x75, 0x2a, 0x8b, 0x02, 0x40, 0xf6, 0xc7, 0x40, 0x0f, 0x85, 0xfc, 0x02,
    0x00, 0x00, 0x83, 0xf8, 0x28, 0x4c, 0x8b, 0x75, 0xc0, 0x0f, 0x87, 0x6f,
    0x04, 0x00, 0x00, 0x48, 0x89, 0xc1, 0x48, 0x03, 0x4a, 0x10, 0x83, 0xc0,
    0x08, 0x89, 0x02, 0xe9, 0x6a, 0x04, 0x00, 0x00, 0x8b, 0x0a, 0x48, 0x83,
    0xf9, 0x28, 0x0f, 0x87, 0xf0, 0x02, 0x00, 0x00, 0x48, 0x89, 0xc8, 0x48,
    0x03, 0x42, 0x10, 0x83, 0xc1, 0x08, 0x89, 0x0a, 0xe9, 0xeb, 0x02, 0x00,
    0x00, 0x8b, 0x7d, 0xd0, 0x83, 0xcf, 0x10, 0x40, 0xf6, 0xc7, 0x10, 0x48,
    0x8b, 0x95, 0x70, 0xff, 0xff, 0xff, 0x4c, 0x89, 0xb5, 0x58, 0xff, 0xff,
    0xff, 0x75, 0x2a, 0x8b, 0x02, 0x40, 0xf6, 0xc7, 0x40, 0x0f, 0x85, 0xe5,
    0x01, 0x00, 0x00, 0x83, 0xf8, 0x28, 0x4c, 0x8b, 0x75, 0xc0, 0x0f, 0x87,
    0x9d, 0x03, 0x00, 0x00, 0x48, 0x89, 0xc1, 0x48, 0x03, 0x4a, 0x10, 0x83,
    0xc0, 0x08, 0x89, 0x02, 0xe9, 0x98, 0x03, 0x00, 0x00, 0x8b, 0x02, 0x48,
    0x83, 0xf8, 0x28, 0x0f, 0x87, 0xdd, 0x01, 0x00, 0x00, 0x48, 0x89, 0xc1,
    0x48, 0x03, 0x4a, 0x10, 0x83, 0xc0, 0x08, 0x89, 0x02, 0x48, 0x8b, 0x09,
    0x4c, 0x8b, 0x75, 0xc0, 0xe9, 0x89, 0x03, 0x00, 0x00, 0xb9, 0xa2, 0x16,
    0x42, 0x00, 0xeb, 0x30, 0x48, 0x8b, 0x95, 0x70, 0xff, 0xff, 0xff, 0x8b,
    0x0a, 0x48, 0x83, 0xf9, 0x28, 0x4c, 0x89, 0xb5, 0x58, 0xff, 0xff, 0xff,
    0x0f, 0x87, 0xe1, 0x02, 0x00, 0x00, 0x48, 0x89, 0xc8, 0x48, 0x03, 0x42,
    0x10, 0x83, 0xc1, 0x08, 0x89, 0x0a, 0xe9, 0xdc, 0x02, 0x00, 0x00, 0xb9,
    0x3d, 0x07, 0x42, 0x00, 0x8b, 0x7d, 0xd0, 0x40, 0xf6, 0xc7, 0x10, 0x48,
    0x8b, 0x95, 0x70, 0xff, 0xff, 0xff, 0x48, 0x89, 0x8d, 0x30, 0xff, 0xff,
    0xff, 0x4c, 0x89, 0xb5, 0x58, 0xff, 0xff, 0xff, 0x75, 0x2a, 0x8b, 0x02,
    0x40, 0xf6, 0xc7, 0x40, 0x0f, 0x85, 0x6b, 0x02, 0x00, 0x00, 0x83, 0xf8,
    0x28, 0x4c, 0x8b, 0x75, 0xc0, 0x0f, 0x87, 0xbb, 0x03, 0x00, 0x00, 0x48,
    0x89, 0xc1, 0x48, 0x03, 0x4a, 0x10, 0x83, 0xc0, 0x08, 0x89, 0x02, 0xe9,
    0xb6, 0x03, 0x00, 0x00, 0x8b, 0x02, 0x48, 0x83, 0xf8, 0x28, 0x0f, 0x87,
    0x5f, 0x02, 0x00, 0x00, 0x48, 0x89, 0xc1, 0x48, 0x03, 0x4a, 0x10, 0x83,
    0xc0, 0x08, 0x89, 0x02, 0x48, 0x8b, 0x09, 0x4c, 0x8b, 0x75, 0xc0, 0xe9,
    0xa5, 0x03, 0x00, 0x00, 0x8b, 0x7d, 0xd0, 0x40, 0xf6, 0xc7, 0x10, 0x48,
    0x8b, 0x95, 0x70, 0xff, 0xff, 0xff, 0x4c, 0x89, 0xb5, 0x58, 0xff, 0xff,
    0xff, 0x75, 0x2a, 0x8b, 0x02, 0x40, 0xf6, 0xc7, 0x40, 0x0f, 0x85, 0xcb,
    0x01, 0x00, 0x00, 0x83, 0xf8, 0x28, 0x4c, 0x8b, 0x75, 0xc0, 0x0f, 0x87,
    0x2b, 0x03, 0x00, 0x00, 0x48, 0x89, 0xc1, 0x48, 0x03, 0x4a, 0x10, 0x83,
    0xc0, 0x08, 0x89, 0x02, 0xe9, 0x26, 0x03, 0x00, 0x00, 0x8b, 0x0a, 0x48,
    0x83, 0xf9, 0x28, 0x0f, 0x87, 0xbf, 0x01, 0x00, 0x00, 0x48, 0x89, 0xc8,
    0x48, 0x03, 0x42, 0x10, 0x83, 0xc1, 0x08, 0x89, 0x0a, 0xe9, 0xba, 0x01,
    0x00, 0x00, 0x4c, 0x89, 0xb5, 0x58, 0xff, 0xff, 0xff, 0x44, 0x88, 0xbd,
    0xf0, 0xfe, 0xff, 0xff, 0xc6, 0x45, 0xd7, 0x00, 0xe9, 0x22, 0x01, 0x00,
    0x00, 0x66, 0x0f, 0x6f, 0x4d, 0x80, 0x66, 0x48, 0x0f, 0x7e, 0xc8, 0x48,
    0x85, 0xc0, 0x79, 0x04, 0xc6, 0x45, 0xd7, 0x2d, 0x41, 0x83, 0xff, 0x48,
    0xb8, 0xc6, 0x15, 0x42, 0x00, 0x41, 0xbc, 0x9e, 0x16, 0x42, 0x00, 0x4c,
    0x0f, 0x42, 0xe0, 0x8b, 0x75, 0xd0, 0x81, 0xe6, 0x7f, 0xff, 0xff, 0xff,
    0xb9, 0x03, 0x00, 0x00, 0x00, 0xc7, 0x45, 0x9c, 0x00, 0x00, 0x00, 0x00,
    0x45, 0x31, 0xc0, 0x4c, 0x8b, 0x75, 0xc0, 0xe9, 0xa3, 0x05, 0x00, 0x00,
    0x48, 0x63, 0x4d, 0xa0, 0x48, 0x01, 0xc8, 0x41, 0x83, 0xfe, 0x46, 0x0f,
    0x85, 0xee, 0x01, 0x00, 0x00, 0x66, 0x0f, 0x57, 0xc0, 0x66, 0x0f, 0x28,
    0x4d, 0x80, 0x66, 0x0f, 0x2e, 0xc8, 0x75, 0x06, 0x0f, 0x8b, 0x57, 0x04,
    0x00, 0x00, 0x41, 0x80, 0x3c, 0x24, 0x30, 0x0f, 0x85, 0x4c, 0x04, 0x00,
    0x00, 0xb9, 0x01, 0x00, 0x00, 0x00, 0x2b, 0x8d, 0x68, 0xff, 0xff, 0xff,
    0x89, 0x4d, 0x98, 0xe9, 0x3c, 0x04, 0x00, 0x00, 0x83, 0xf8, 0x28, 0x4c,
    0x8b, 0x75, 0xc0, 0x0f, 0x87, 0xc9, 0x01, 0x00, 0x00, 0x48, 0x8b, 0x4a,
    0x10, 0x48, 0x01, 0xc1, 0x83, 0xc0, 0x08, 0x89, 0x02, 0x48, 0x0f, 0xbf,
    0x09, 0xe9, 0xc4, 0x01, 0x00, 0x00, 0x48, 0x8b, 0x42, 0x08, 0x48, 0x8d,
    0x48, 0x08, 0x48, 0x89, 0x4a, 0x08, 0x48, 0x8b, 0x08, 0x4c, 0x8b, 0x75,
    0xc0, 0xe9, 0xac, 0x01, 0x00, 0x00, 0x48, 0x8b, 0x42, 0x08, 0x48, 0x8d,
    0x48, 0x08, 0x48, 0x89, 0x4a, 0x08, 0x8b, 0x7d, 0xd0, 0x48, 0x8b, 0x08,
    0x83, 0xcf, 0x02, 0x66, 0xc7, 0x85, 0x62, 0xff, 0xff, 0xff, 0x30, 0x78,
    0x41, 0xbf, 0x78, 0x00, 0x00, 0x00, 0xb8, 0xa2, 0x16, 0x42, 0x00, 0x48,
    0x89, 0x85, 0x30, 0xff, 0xff, 0xff, 0xb8, 0x02, 0x00, 0x00, 0x00, 0x4c,
    0x8b, 0x75, 0xc0, 0xe9, 0x4e, 0x02, 0x00, 0x00, 0x48, 0x8b, 0x42, 0x08,
    0x48, 0x8d, 0x48, 0x08, 0x48, 0x89, 0x4a, 0x08, 0x0f, 0xb6, 0x00, 0x88,
    0x85, 0xf0, 0xfe, 0xff, 0xff, 0xc6, 0x45, 0xd7, 0x00, 0x41, 0xbf, 0x63,
    0x00, 0x00, 0x00, 0xb9, 0x01, 0x00, 0x00, 0x00, 0xc7, 0x45, 0x9c, 0x00,
    0x00, 0x00, 0x00, 0x4c, 0x8d, 0xa5, 0xf0, 0xfe, 0xff, 0xff, 0x45, 0x31,
    0xc0, 0x4c, 0x8b, 0x75, 0xc0, 0xe9, 0xa6, 0x04, 0x00, 0x00, 0x83, 0xf8,
    0x28, 0x4c, 0x8b, 0x75, 0xc0, 0x0f, 0x87, 0x85, 0x01, 0x00, 0x00, 0x48,
    0x8b, 0x4a, 0x10, 0x48, 0x01, 0xc1, 0x83, 0xc0, 0x08, 0x89, 0x02, 0xe9,
    0x80, 0x01, 0x00, 0x00, 0x48, 0x8b, 0x42, 0x08, 0x48, 0x8d, 0x48, 0x08,
    0x48, 0x89, 0x4a, 0x08, 0x4c, 0x8b, 0x75, 0xc0, 0x48, 0x8b, 0x08, 0x31,
    0xc0, 0xe9, 0xd8, 0x01, 0x00, 0x00, 0x83, 0xf8, 0x28, 0x4c, 0x8b, 0x75,
    0xc0, 0x0f, 0x87, 0x75, 0x01, 0x00, 0x00, 0x48, 0x8b, 0x4a, 0x10, 0x48,
    0x01, 0xc1, 0x83, 0xc0, 0x08, 0x89, 0x02, 0xe9, 0x70, 0x01, 0x00, 0x00,
    0x48, 0x8b, 0x42, 0x08, 0x48, 0x8d, 0x48, 0x08, 0x48, 0x89, 0x4a, 0x08,
    0x4c, 0x8b, 0x75, 0xc0, 0x48, 0x8b, 0x08, 0xb8, 0x01, 0x00, 0x00, 0x00,
    0xe9, 0x9d, 0x01, 0x00, 0x00, 0x83, 0xf8, 0x28, 0x4c, 0x8b, 0x75, 0xc0,
    0x0f, 0x87, 0x60, 0x01, 0x00, 0x00, 0x48, 0x8b, 0x4a, 0x10, 0x48, 0x01,
    0xc1, 0x83, 0xc0, 0x08, 0x89, 0x02, 0xe9, 0x5b, 0x01, 0x00, 0x00, 0x48,
    0x8b, 0x42, 0x08, 0x48, 0x8d, 0x48, 0x08, 0x48, 0x89, 0x4a, 0x08, 0x48,
    0x8b, 0x08, 0x4c, 0x8b, 0x75, 0xc0, 0xe9, 0x46, 0x01, 0x00, 0x00, 0x48,
    0x8b, 0x42, 0x08, 0x48, 0x8d, 0x48, 0x08, 0x48, 0x89, 0x4a, 0x08, 0x4c,
    0x8b, 0x20, 0xc6, 0x45, 0xd7, 0x00, 0x4d, 0x85, 0xe4, 0x4c, 0x8b, 0x75,
    0xc0, 0x0f, 0x84, 0x8f, 0x00, 0x00, 0x00, 0x66, 0x0f, 0x29, 0x4d, 0x80,
    0x45, 0x85, 0xc0, 0x0f, 0x88, 0x87, 0x02, 0x00, 0x00, 0x44, 0x89, 0xc2,
    0xc7, 0x45, 0x9c, 0x00, 0x00, 0x00, 0x00, 0x4c, 0x89, 0xe7, 0x31, 0xf6,
    0x4d, 0x89, 0xc7, 0xe8, 0x08, 0xb8, 0x00, 0x00, 0x89, 0xc1, 0x44, 0x29,
    0xe1, 0x48, 0x85, 0xc0, 0x41, 0x0f, 0x44, 0xcf, 0x41, 0xbf, 0x73, 0x00,
    0x00, 0x00, 0xe9, 0x71, 0x02, 0x00, 0x00, 0x66, 0x0f, 0x28, 0x4d, 0x80,
    0xe9, 0x7d, 0x02, 0x00, 0x00, 0x48, 0x8b, 0x4a, 0x08, 0x48, 0x8d, 0x41,
    0x08, 0x48, 0x89, 0x42, 0x08, 0x48, 0x63, 0x09, 0xeb, 0x10, 0x48, 0x8b,
    0x42, 0x08, 0x48, 0x8d, 0x48, 0x08, 0x48, 0x89, 0x4a, 0x08, 0x48, 0x0f,
    0xbf, 0x08, 0xb8, 0x01, 0x00, 0x00, 0x00, 0x48, 0x85, 0xc9, 0x0f, 0x89,
    0xd6, 0x00, 0x00, 0x00, 0x48, 0xf7, 0xd9, 0xc6, 0x45, 0xd7, 0x2d, 0x89,
    0xfe, 0x81, 0xe6, 0x7f, 0xff, 0xff, 0xff, 0x45, 0x85, 0xc0, 0x0f, 0x48,
    0xf7, 0xe9, 0xf2, 0x00, 0x00, 0x00, 0x41, 0x83, 0xf8, 0x06, 0xb9, 0x06,
    0x00, 0x00, 0x00, 0x41, 0x0f, 0x42, 0xc8, 0x41, 0xbf, 0x73, 0x00, 0x00,
    0x00, 0xc7, 0x45, 0x9c, 0x00, 0x00, 0x00, 0x00, 0x41, 0xbc, 0xb1, 0x19,
    0x42, 0x00, 0x45, 0x31, 0xc0, 0xe9, 0x26, 0x03, 0x00, 0x00, 0x48, 0x8b,
    0x4a, 0x08, 0x48, 0x8d, 0x41, 0x08, 0x48, 0x89, 0x42, 0x08, 0x8b, 0x09,
    0x31, 0xc0, 0xeb, 0x7e, 0x48, 0x8b, 0x4a, 0x08, 0x48, 0x8d, 0x41, 0x08,
    0x48, 0x89, 0x42, 0x08, 0x0f, 0xb7, 0x09, 0x31, 0xc0, 0xeb, 0x6b, 0x48,
    0x8b, 0x4a, 0x08, 0x48, 0x8d, 0x41, 0x08, 0x48, 0x89, 0x42, 0x08, 0x8b,
    0x09, 0xb8, 0x01, 0x00, 0x00, 0x00, 0xeb, 0x56, 0x48, 0x8b, 0x4a, 0x08,
    0x48, 0x8d, 0x41, 0x08, 0x48, 0x89, 0x42, 0x08, 0x0f, 0xb7, 0x09, 0xb8,
    0x01, 0x00, 0x00, 0x00, 0xeb, 0x40, 0x48, 0x8b, 0x4a, 0x08, 0x48, 0x8d,
    0x41, 0x08, 0x48, 0x89, 0x42, 0x08, 0x8b, 0x09, 0xeb, 0x0f, 0x48, 0x8b,
    0x4a, 0x08, 0x48, 0x8d, 0x41, 0x08, 0x48, 0x89, 0x42, 0x08, 0x0f, 0xb7,
    0x09, 0xb8, 0x02, 0x00, 0x00, 0x00, 0x40, 0xf6, 0xc7, 0x01, 0x74, 0x16,
    0x48, 0x85, 0xc9, 0x74, 0x11, 0xc6, 0x85, 0x62, 0xff, 0xff, 0xff, 0x30,
    0x44, 0x88, 0xbd, 0x63, 0xff, 0xff, 0xff, 0x83, 0xcf, 0x02, 0xc6, 0x45,
    0xd7, 0x00, 0x89, 0xfe, 0x81, 0xe6, 0x7f, 0xff, 0xff, 0xff, 0x45, 0x85,
    0xc0, 0x0f, 0x48, 0xf7, 0x48, 0x85, 0xc9, 0x75, 0x1a, 0x45, 0x85, 0xc0,
    0x75, 0x15, 0x45, 0x31, 0xc0, 0x85, 0xc0, 0x75, 0x36, 0x83, 0xe7, 0x01,
    0x74, 0x31, 0xc6, 0x85, 0x17, 0xff, 0xff, 0xff, 0x30, 0xeb, 0x1c, 0x85,
    0xc0, 0x74, 0x30, 0x83, 0xf8, 0x01, 0x75, 0x78, 0x48, 0x83, 0xf9, 0x0a,
    0x0f, 0x83, 0xa2, 0x00, 0x00, 0x00, 0x80, 0xc9, 0x30, 0x88, 0x8d, 0x17,
    0xff, 0xff, 0xff, 0x4c, 0x8d, 0xa5, 0x17, 0xff, 0xff, 0xff, 0xe9, 0xdd,
    0x00, 0x00, 0x00, 0x4c, 0x8d, 0xa5, 0x18, 0xff, 0xff, 0xff, 0xe9, 0xd1,
    0x00, 0x00, 0x00, 0x4c, 0x8d, 0xa5, 0x17, 0xff, 0xff, 0xff, 0x48, 0x89,
    0xca, 0x0f, 0x1f, 0x80, 0x00, 0x00, 0x00, 0x00, 0x89, 0xc8, 0x24, 0x07,
    0x8d, 0x78, 0x30, 0x41, 0x88, 0x3c, 0x24, 0x48, 0xc1, 0xea, 0x03, 0x49,
    0xff, 0xcc, 0x48, 0x83, 0xf9, 0x07, 0x48, 0x89, 0xd1, 0x77, 0xe5, 0x49,
    0x8d, 0x4c, 0x24, 0x01, 0x40, 0xf6, 0xc6, 0x01, 0x0f, 0x84, 0x8b, 0x00,
    0x00, 0x00, 0x84, 0xc0, 0x0f, 0x84, 0x83, 0x00, 0x00, 0x00, 0x41, 0xc6,
    0x04, 0x24, 0x30, 0xe9, 0x84, 0x00, 0x00, 0x00, 0x4c, 0x8d, 0xa5, 0x18,
    0xff, 0xff, 0xff, 0x48, 0x89, 0xc8, 0x48, 0x8b, 0xbd, 0x30, 0xff, 0xff,
    0xff, 0x0f, 0x1f, 0x00, 0x89, 0xca, 0x83, 0xe2, 0x0f, 0x0f, 0xb6, 0x14,
    0x17, 0x41, 0x88, 0x54, 0x24, 0xff, 0x49, 0xff, 0xcc, 0x48, 0xc1, 0xe8,
    0x04, 0x48, 0x83, 0xf9, 0x10, 0x48, 0x89, 0xc1, 0x73, 0xe2, 0xeb, 0x50,
    0x4c, 0x8d, 0xa5, 0x18, 0xff, 0xff, 0xff, 0x66, 0x0f, 0x1f, 0x84, 0x00,
    0x00, 0x00, 0x00, 0x00, 0x48, 0xba, 0xcd, 0xcc, 0xcc, 0xcc, 0xcc, 0xcc,
    0xcc, 0xcc, 0x48, 0x89, 0xc8, 0x48, 0xf7, 0xe2, 0x48, 0xc1, 0xea, 0x03,
    0x8d, 0x04, 0x12, 0x8d, 0x04, 0x80, 0x89, 0xcf, 0x29, 0xc7, 0x40, 0x80,
    0xcf, 0x30, 0x41, 0x88, 0x7c, 0x24, 0xff, 0x49, 0xff, 0xcc, 0x48, 0x83,
    0xf9, 0x0a, 0x48, 0x89, 0xd1, 0x73, 0xcd, 0xeb, 0x0b, 0x49, 0x89, 0xcc,
    0x0f, 0x1f, 0x84, 0x00, 0x00, 0x00, 0x00, 0x00, 0x48, 0x8d, 0x85, 0x18,
    0xff, 0xff, 0xff, 0x89, 0xc1, 0x44, 0x29, 0xe1, 0xc7, 0x45, 0x9c, 0x00,
    0x00, 0x00, 0x00, 0xe9, 0x4b, 0x01, 0x00, 0x00, 0x4c, 0x89, 0xe7, 0xe8,
    0x20, 0xc2, 0x00, 0x00, 0x48, 0x89, 0xc1, 0x41, 0xbf, 0x73, 0x00, 0x00,
    0x00, 0xc7, 0x45, 0x9c, 0x00, 0x00, 0x00, 0x00, 0x45, 0x31, 0xc0, 0x66,
    0x0f, 0x28, 0x4d, 0x80, 0xe9, 0x23, 0x01, 0x00, 0x00, 0x8b, 0x4d, 0x98,
    0x48, 0x63, 0xc9, 0x48, 0x01, 0xc8, 0x66, 0x0f, 0x57, 0xc0, 0x66, 0x0f,
    0x2e, 0xc8, 0x75, 0x07, 0x7a, 0x05, 0x48, 0x89, 0xc2, 0xeb, 0x29, 0x48,
    0x8b, 0x8d, 0x38, 0xff, 0xff, 0xff, 0x48, 0x89, 0xca, 0x48, 0x39, 0xc1,
    0x73, 0x1a, 0x48, 0x8d, 0x4a, 0x01, 0x48, 0x89, 0x8d, 0x38, 0xff, 0xff,
    0xff, 0xc6, 0x02, 0x30, 0x48, 0x8b, 0x95, 0x38, 0xff, 0xff, 0xff, 0x48,
    0x39, 0xc2, 0x72, 0xe6, 0x44, 0x29, 0xe2, 0x48, 0x89, 0x95, 0x78, 0xff,
    0xff, 0xff, 0x41, 0x83, 0xfe, 0x47, 0x75, 0x3f, 0x4c, 0x8b, 0x75, 0xc0,
    0x8b, 0x75, 0x98, 0x41, 0x83, 0xc7, 0xfe, 0x83, 0xfe, 0xfd, 0x7c, 0x40,
    0x3b, 0xb5, 0x68, 0xff, 0xff, 0xff, 0x7f, 0x38, 0x48, 0x8b, 0x8d, 0x78,
    0xff, 0xff, 0xff, 0x39, 0xce, 0x89, 0x75, 0x9c, 0x7d, 0x7a, 0x48, 0x8b,
    0x85, 0x50, 0xff, 0xff, 0xff, 0x01, 0xc1, 0x41, 0xbf, 0x67, 0x00, 0x00,
    0x00, 0x85, 0xf6, 0x7f, 0x7f, 0x29, 0xf1, 0xff, 0xc1, 0xeb, 0x79, 0x41,
    0x83, 0xff, 0x65, 0x4c, 0x8b, 0x75, 0xc0, 0x0f, 0x87, 0x99, 0x0a, 0x00,
    0x00, 0x8b, 0x75, 0x98, 0xff, 0xce, 0x89, 0x75, 0x98, 0x48, 0x8d, 0xbd,
    0xe9, 0xfe, 0xff, 0xff, 0x44, 0x89, 0xfa, 0xe8, 0xfc, 0x0f, 0x00, 0x00,
    0x66, 0x0f, 0x28, 0x4d, 0x80, 0x48, 0x89, 0x85, 0x18, 0xff, 0xff, 0xff,
    0x48, 0x8b, 0x95, 0x78, 0xff, 0xff, 0xff, 0x01, 0xd0, 0x48, 0x8b, 0xb5,
    0x40, 0xff, 0xff, 0xff, 0x85, 0xf6, 0x48, 0x8b, 0x8d, 0x50, 0xff, 0xff,
    0xff, 0x0f, 0x45, 0xf1, 0x83, 0xfa, 0x02, 0x0f, 0x4d, 0xf1, 0x01, 0xc6,
    0x48, 0x89, 0xf1, 0xc7, 0x45, 0x9c, 0x00, 0x00, 0x00, 0x00, 0xeb, 0x18,
    0x48, 0x8b, 0x8d, 0x40, 0xff, 0xff, 0xff, 0x85, 0xc9, 0x0f, 0x45, 0x8d,
    0x50, 0xff, 0xff, 0xff, 0x01, 0xf1, 0x41, 0xbf, 0x67, 0x00, 0x00, 0x00,
    0x81, 0x4d, 0xd0, 0x00, 0x01, 0x00, 0x00, 0x66, 0x48, 0x0f, 0x7e, 0xc8,
    0x45, 0x31, 0xc0, 0x48, 0x85, 0xc0, 0x79, 0x04, 0xc6, 0x45, 0xd7, 0x2d,
    0x8b, 0x75, 0xd0, 0x41, 0x39, 0xc8, 0x48, 0x89, 0x8d, 0x40, 0xff, 0xff,
    0xff, 0x41, 0x0f, 0x4f, 0xc8, 0x89, 0xf0, 0x83, 0xe0, 0x02, 0x89, 0x85,
    0x20, 0xff, 0xff, 0xff, 0x01, 0xc1, 0x80, 0x7d, 0xd7, 0x01, 0x83, 0xd9,
    0xff, 0x48, 0x8b, 0x85, 0x58, 0xff, 0xff, 0xff, 0x89, 0x8d, 0x28, 0xff,
    0xff, 0xff, 0x29, 0xc8, 0x89, 0x75, 0xd0, 0x81, 0xe6, 0x84, 0x00, 0x00,
    0x00, 0x89, 0xb5, 0x24, 0xff, 0xff, 0xff, 0x66, 0x0f, 0x29, 0x4d, 0x80,
    0x4c, 0x89, 0x85, 0x68, 0xff, 0xff, 0xff, 0x48, 0x89, 0x45, 0xa0, 0x0f,
    0x85, 0xc9, 0x00, 0x00, 0x00, 0x85, 0xc0, 0x0f, 0x8e, 0xc1, 0x00, 0x00,
    0x00, 0x83, 0xf8, 0x11, 0x72, 0x6a, 0x41, 0x89, 0xc6, 0xeb, 0x16, 0x0f,
    0x1f, 0x44, 0x00, 0x00, 0x48, 0x83, 0xc3, 0x10, 0x41, 0x8d, 0x46, 0xf0,
    0x41, 0x83, 0xfe, 0x20, 0x41, 0x89, 0xc6, 0x7e, 0x4f, 0x48, 0xc7, 0x03,
    0xc0, 0xf2, 0x41, 0x00, 0x48, 0xc7, 0x43, 0x08, 0x10, 0x00, 0x00, 0x00,
    0x48, 0x83, 0x45, 0xb8, 0x10, 0x8b, 0x45, 0xb0, 0x8d, 0x48, 0x01, 0x89,
    0x4d, 0xb0, 0x83, 0xf8, 0x07, 0x7c, 0xcd, 0x48, 0x8b, 0x7d, 0xc0, 0x48,
    0x8b, 0x75, 0xc8, 0x48, 0x8d, 0x55, 0xa8, 0xe8, 0x6c, 0x76, 0x00, 0x00,
    0x4c, 0x8b, 0x85, 0x68, 0xff, 0xff, 0xff, 0x66, 0x0f, 0x28, 0x4d, 0x80,
    0x48, 0x8d, 0x9d, 0x60, 0xfe, 0xff, 0xff, 0x85, 0xc0, 0x74, 0xa9, 0xe9,
    0x8f, 0x0d, 0x00, 0x00, 0x48, 0xc7, 0x03, 0xc0, 0xf2, 0x41, 0x00, 0x89,
    0xc0, 0x48, 0x89, 0x43, 0x08, 0x48, 0x01, 0x45, 0xb8, 0x8b, 0x45, 0xb0,
    0x8d, 0x48, 0x01, 0x89, 0x4d, 0xb0, 0x83, 0xf8, 0x07, 0x0f, 0x8c, 0x88,
    0x00, 0x00, 0x00, 0x4c, 0x8b, 0x75, 0xc0, 0x4c, 0x89, 0xf7, 0x48, 0x8b,
    0x75, 0xc8, 0x48, 0x8d, 0x55, 0xa8, 0xe8, 0x19, 0x76, 0x00, 0x00, 0x4c,
    0x8b, 0x85, 0x68, 0xff, 0xff, 0xff, 0x66, 0x0f, 0x28, 0x4d, 0x80, 0x48,
    0x8d, 0x9d, 0x60, 0xfe, 0xff, 0xff, 0x85, 0xc0, 0x0f, 0x85, 0x3d, 0x0d,
    0x00, 0x00, 0x80, 0x7d, 0xd7, 0x00, 0x74, 0x68, 0x48, 0x8d, 0x45, 0xd7,
    0x48, 0x89, 0x03, 0x48, 0xc7, 0x43, 0x08, 0x01, 0x00, 0x00, 0x00, 0x48,
    0xff, 0x45, 0xb8, 0x8b, 0x45, 0xb0, 0x8d, 0x48, 0x01, 0x89, 0x4d, 0xb0,
    0x83, 0xf8, 0x07, 0x7c, 0x2c, 0x4c, 0x89, 0xf7, 0x48, 0x8b, 0x75, 0xc8,
    0x48, 0x8d, 0x55, 0xa8, 0xe8, 0xc7, 0x75, 0x00, 0x00, 0x4c, 0x8b, 0x85,
    0x68, 0xff, 0xff, 0xff, 0x66, 0x0f, 0x28, 0x4d, 0x80, 0x48, 0x8d, 0x9d,
    0x60, 0xfe, 0xff, 0xff, 0x85, 0xc0, 0x74, 0x20, 0xe9, 0xea, 0x0c, 0x00,
    0x00, 0x48, 0x83, 0xc3, 0x10, 0xeb, 0x15, 0x48, 0x83, 0xc3, 0x10, 0x4c,
    0x8b, 0x75, 0xc0, 0x80, 0x7d, 0xd7, 0x00, 0x75, 0x9f, 0x0f, 0x1f, 0x80,
    0x00, 0x00, 0x00, 0x00, 0x83, 0xbd, 0x20, 0xff, 0xff, 0xff, 0x00, 0x74,
    0x50, 0x48, 0x8d, 0x85, 0x62, 0xff, 0xff, 0xff, 0x48, 0x89, 0x03, 0x48,
    0xc7, 0x43, 0x08, 0x02, 0x00, 0x00, 0x00, 0x48, 0x83, 0x45, 0xb8, 0x02,
    0x8b, 0x45, 0xb0, 0x8d, 0x48, 0x01, 0x89, 0x4d, 0xb0, 0x83, 0xf8, 0x07,
    0x7c, 0x3c, 0x4c, 0x89, 0xf7, 0x48, 0x8b, 0x75, 0xc8, 0x48, 0x8d, 0x55,
    0xa8, 0xe8, 0x52, 0x75, 0x00, 0x00, 0x4c, 0x8b, 0x85, 0x68, 0xff, 0xff,
    0xff, 0x66, 0x0f, 0x28, 0x4d, 0x80, 0x48, 0x8d, 0x9d, 0x60, 0xfe, 0xff,
    0xff, 0x85, 0xc0, 0x0f, 0x85, 0x76, 0x0c, 0x00, 0x00, 0x81, 0xbd, 0x24,
    0xff, 0xff, 0xff, 0x80, 0x00, 0x00, 0x00, 0x74, 0x19, 0xe9, 0xe8, 0x00,
    0x00, 0x00, 0x48, 0x83, 0xc3, 0x10, 0x81, 0xbd, 0x24, 0xff, 0xff, 0xff,
    0x80, 0x00, 0x00, 0x00, 0x0f, 0x85, 0xd4, 0x00, 0x00, 0x00, 0x48, 0x8b,
    0x45, 0xa0, 0x85, 0xc0, 0x0f, 0x8e, 0xc8, 0x00, 0x00, 0x00, 0x83, 0xf8,
    0x11, 0x72, 0x71, 0x41, 0x89, 0xc6, 0xeb, 0x1d, 0x66, 0x66, 0x66, 0x2e,
    0x0f, 0x1f, 0x84, 0x00, 0x00, 0x00, 0x00, 0x00, 0x48, 0x83, 0xc3, 0x10,
    0x41, 0x8d, 0x46, 0xf0, 0x41, 0x83, 0xfe, 0x20, 0x41, 0x89, 0xc6, 0x7e,
    0x4f, 0x48, 0xc7, 0x03, 0xd0, 0xf2, 0x41, 0x00, 0x48, 0xc7, 0x43, 0x08,
    0x10, 0x00, 0x00, 0x00, 0x48, 0x83, 0x45, 0xb8, 0x10, 0x8b, 0x45, 0xb0,
    0x8d, 0x48, 0x01, 0x89, 0x4d, 0xb0, 0x83, 0xf8, 0x07, 0x7c, 0xcd, 0x48,
    0x8b, 0x7d, 0xc0, 0x48, 0x8b, 0x75, 0xc8, 0x48, 0x8d, 0x55, 0xa8, 0xe8,
    0xac, 0x74, 0x00, 0x00, 0x4c, 0x8b, 0x85, 0x68, 0xff, 0xff, 0xff, 0x66,
    0x0f, 0x28, 0x4d, 0x80, 0x48, 0x8d, 0x9d, 0x60, 0xfe, 0xff, 0xff, 0x85,
    0xc0, 0x74, 0xa9, 0xe9, 0xcf, 0x0b, 0x00, 0x00, 0x48, 0xc7, 0x03, 0xd0,
    0xf2, 0x41, 0x00, 0x89, 0xc0, 0x48, 0x89, 0x43, 0x08, 0x48, 0x01, 0x45,
    0xb8, 0x8b, 0x45, 0xb0, 0x8d, 0x48, 0x01, 0x89, 0x4d, 0xb0, 0x83, 0xf8,
    0x07, 0x0f, 0x8c, 0x4c, 0x01, 0x00, 0x00, 0x4c, 0x8b, 0x75, 0xc0, 0x4c,
    0x89, 0xf7, 0x48, 0x8b, 0x75, 0xc8, 0x48, 0x8d, 0x55, 0xa8, 0xe8, 0x59,
    0x74, 0x00, 0x00, 0x4c, 0x8b, 0x85, 0x68, 0xff, 0xff, 0xff, 0x66, 0x0f,
    0x28, 0x4d, 0x80, 0x48, 0x8d, 0x9d, 0x60, 0xfe, 0xff, 0xff, 0x85, 0xc0,
    0x0f, 0x85, 0x7d, 0x0b, 0x00, 0x00, 0x44, 0x2b, 0x85, 0x40, 0xff, 0xff,
    0xff, 0x0f, 0x8e, 0x31, 0x01, 0x00, 0x00, 0x41, 0x83, 0xf8, 0x11, 0x0f,
    0x83, 0x9c, 0x00, 0x00, 0x00, 0x44, 0x89, 0xc0, 0x48, 0xc7, 0x03, 0xd0,
    0xf2, 0x41, 0x00, 0x89, 0xc0, 0x48, 0x89, 0x43, 0x08, 0x48, 0x01, 0x45,
    0xb8, 0x8b, 0x45, 0xb0, 0x8d, 0x48, 0x01, 0x89, 0x4d, 0xb0, 0x83, 0xf8,
    0x07, 0x0f, 0x8c, 0xc3, 0x00, 0x00, 0x00, 0x4c, 0x89, 0xf7, 0x48, 0x8b,
    0x75, 0xc8, 0x48, 0x8d, 0x55, 0xa8, 0xe8, 0xf1, 0x73, 0x00, 0x00, 0x66,
    0x0f, 0x28, 0x4d, 0x80, 0x48, 0x8d, 0x9d, 0x60, 0xfe, 0xff, 0xff, 0x85,
    0xc0, 0x4c, 0x8b, 0x45, 0xa0, 0x0f, 0x85, 0x18, 0x0b, 0x00, 0x00, 0xf7,
    0x45, 0xd0, 0x00, 0x01, 0x00, 0x00, 0x0f, 0x85, 0xdd, 0x00, 0x00, 0x00,
    0x4c, 0x89, 0x23, 0x48, 0x63, 0x85, 0x40, 0xff, 0xff, 0xff, 0x48, 0x89,
    0x43, 0x08, 0x48, 0x01, 0x45, 0xb8, 0x8b, 0x45, 0xb0, 0x8d, 0x48, 0x01,
    0x89, 0x4d, 0xb0, 0x83, 0xf8, 0x07, 0x7c, 0x74, 0x4c, 0x89, 0xf7, 0x4c,
    0x8b, 0x65, 0xc8, 0xe9, 0xab, 0x08, 0x00, 0x00, 0x48, 0x83, 0xc3, 0x10,
    0x41, 0x8d, 0x40, 0xf0, 0x41, 0x83, 0xf8, 0x20, 0x41, 0x89, 0xc0, 0x0f,
    0x8e, 0x67, 0xff, 0xff, 0xff, 0x48, 0xc7, 0x03, 0xd0, 0xf2, 0x41, 0x00,
    0x48, 0xc7, 0x43, 0x08, 0x10, 0x00, 0x00, 0x00, 0x48, 0x83, 0x45, 0xb8,
    0x10, 0x8b, 0x45, 0xb0, 0x8d, 0x48, 0x01, 0x89, 0x4d, 0xb0, 0x83, 0xf8,
    0x07, 0x7c, 0xc9, 0x4c, 0x89, 0xf7, 0x48, 0x8b, 0x75, 0xc8, 0x48, 0x8d,
    0x55, 0xa8, 0x4c, 0x89, 0xc3, 0xe8, 0x56, 0x73, 0x00, 0x00, 0x49, 0x89,
    0xd8, 0x66, 0x0f, 0x28, 0x4d, 0x80, 0x48, 0x8d, 0x9d, 0x60, 0xfe, 0xff,
    0xff, 0x85, 0xc0, 0x74, 0xa7, 0xe9, 0x7d, 0x0a, 0x00, 0x00, 0x48, 0x83,
    0xc3, 0x10, 0xeb, 0x38, 0x48, 0x83, 0xc3, 0x10, 0x4c, 0x8b, 0x65, 0xc8,
    0xf6, 0x45, 0xd0, 0x04, 0x0f, 0x85, 0x5b, 0x08, 0x00, 0x00, 0xe9, 0xa7,
    0x08, 0x00, 0x00, 0x48, 0x83, 0xc3, 0x10, 0x4c, 0x8b, 0x75, 0xc0, 0x44,
    0x2b, 0x85, 0x40, 0xff, 0xff, 0xff, 0x0f, 0x8f, 0xdb, 0xfe, 0xff, 0xff,
    0x66, 0x66, 0x66, 0x2e, 0x0f, 0x1f, 0x84, 0x00, 0x00, 0x00, 0x00, 0x00,
    0x4c, 0x8b, 0x45, 0xa0, 0xf7, 0x45, 0xd0, 0x00, 0x01, 0x00, 0x00, 0x0f,
    0x84, 0x23, 0xff, 0xff, 0xff, 0x41, 0x83, 0xff, 0x66, 0x7c, 0x70, 0x66,
    0x0f, 0x57, 0xc0, 0x66, 0x0f, 0x2e, 0xc8, 0x0f, 0x85, 0x37, 0x01, 0x00,
    0x00, 0x0f, 0x8a, 0x31, 0x01, 0x00, 0x00, 0x48, 0xc7, 0x03, 0x0d, 0x14,
    0x42, 0x00, 0x48, 0xc7, 0x43, 0x08, 0x01, 0x00, 0x00, 0x00, 0x48, 0xff,
    0x45, 0xb8, 0x8b, 0x45, 0xb0, 0x8d, 0x48, 0x01, 0x89, 0x4d, 0xb0, 0x83,
    0xf8, 0x07, 0x4c, 0x8b, 0xbd, 0x48, 0xff, 0xff, 0xff, 0x0f, 0x8c, 0x7c,
    0x01, 0x00, 0x00, 0x4c, 0x89, 0xf7, 0x4c, 0x8b, 0x65, 0xc8, 0x4c, 0x89,
    0xe6, 0x48, 0x8d, 0x55, 0xa8, 0xe8, 0x96, 0x72, 0x00, 0x00, 0x4c, 0x8b,
    0x45, 0xa0, 0x66, 0x0f, 0x28, 0x4d, 0x80, 0x48, 0x8d, 0x9d, 0x60, 0xfe,
    0xff, 0xff, 0x85, 0xc0, 0x0f, 0x84, 0x59, 0x01, 0x00, 0x00, 0xe9, 0xbc,
    0x09, 0x00, 0x00, 0x4c, 0x89, 0x23, 0x48, 0xc7, 0x43, 0x08, 0x01, 0x00,
    0x00, 0x00, 0x48, 0x8b, 0x45, 0xb8, 0x48, 0xff, 0xc0, 0x48, 0x83, 0xc3,
    0x10, 0x8b, 0x55, 0xb0, 0x8d, 0x4a, 0x01, 0x48, 0x89, 0x45, 0xb8, 0x89,
    0x4d, 0xb0, 0x83, 0xbd, 0x78, 0xff, 0xff, 0xff, 0x01, 0x7f, 0x1d, 0x8b,
    0x75, 0xd0, 0x83, 0xe6, 0x01, 0x75, 0x15, 0x83, 0xfa, 0x07, 0x4c, 0x8b,
    0x65, 0xc8, 0x0f, 0x8c, 0x15, 0x07, 0x00, 0x00, 0x4c, 0x89, 0xf7, 0xe9,
    0xb2, 0x01, 0x00, 0x00, 0x83, 0xfa, 0x07, 0x4c, 0x8b, 0xbd, 0x48, 0xff,
    0xff, 0xff, 0x7c, 0x2f, 0x4c, 0x89, 0xf7, 0x48, 0x8b, 0x75, 0xc8, 0x48,
    0x8d, 0x55, 0xa8, 0xe8, 0x14, 0x72, 0x00, 0x00, 0x85, 0xc0, 0x0f, 0x85,
    0x4b, 0x09, 0x00, 0x00, 0x48, 0x8b, 0x45, 0xb8, 0x8b, 0x4d, 0xb0, 0x48,
    0x8d, 0x9d, 0x60, 0xfe, 0xff, 0xff, 0x66, 0x0f, 0x28, 0x4d, 0x80, 0x4c,
    0x8b, 0x45, 0xa0, 0x4c, 0x89, 0x3b, 0x48, 0x8b, 0x95, 0x50, 0xff, 0xff,
    0xff, 0x48, 0x89, 0x53, 0x08, 0x48, 0x01, 0xd0, 0x48, 0x89, 0x45, 0xb8,
    0x8d, 0x41, 0x01, 0x89, 0x45, 0xb0, 0x83, 0xf9, 0x07, 0x0f, 0x8c, 0x12,
    0x01, 0x00, 0x00, 0x4c, 0x89, 0xf7, 0x48, 0x8b, 0x75, 0xc8, 0x48, 0x8d,
    0x55, 0xa8, 0xe8, 0xc1, 0x71, 0x00, 0x00, 0x4c, 0x8b, 0x45, 0xa0, 0x66,
    0x0f, 0x28, 0x4d, 0x80, 0x48, 0x8d, 0x9d, 0x60, 0xfe, 0xff, 0xff, 0x85,
    0xc0, 0x0f, 0x84, 0xee, 0x00, 0x00, 0x00, 0xe9, 0xe3, 0x08, 0x00, 0x00,
    0x8b, 0x45, 0x98, 0x85, 0xc0, 0x0f, 0x8e, 0x51, 0x02, 0x00, 0x00, 0x48,
    0x8b, 0x85, 0x78, 0xff, 0xff, 0xff, 0x41, 0x89, 0xc7, 0x44, 0x8b, 0x75,
    0x9c, 0x45, 0x29, 0xf7, 0x44, 0x0f, 0x4c, 0xf0, 0x45, 0x85, 0xf6, 0x0f,
    0x8e, 0xa5, 0x02, 0x00, 0x00, 0x4c, 0x89, 0x23, 0x44, 0x89, 0xf0, 0x48,
    0x89, 0x43, 0x08, 0x48, 0x01, 0x45, 0xb8, 0x8b, 0x45, 0xb0, 0x8d, 0x48,
    0x01, 0x89, 0x4d, 0xb0, 0x83, 0xf8, 0x07, 0x0f, 0x8c, 0x81, 0x02, 0x00,
    0x00, 0x48, 0x8b, 0x7d, 0xc0, 0x48, 0x8b, 0x75, 0xc8, 0x48, 0x8d, 0x55,
    0xa8, 0xe8, 0x4a, 0x71, 0x00, 0x00, 0x4c, 0x8b, 0x45, 0xa0, 0x66, 0x0f,
    0x28, 0x4d, 0x80, 0x48, 0x8d, 0x9d, 0x60, 0xfe, 0xff, 0xff, 0x85, 0xc0,
    0x0f, 0x84, 0x5c, 0x02, 0x00, 0x00, 0xe9, 0x6c, 0x08, 0x00, 0x00, 0x48,
    0x83, 0xc3, 0x10, 0x4c, 0x8b, 0x65, 0xc8, 0xf6, 0x45, 0xd0, 0x01, 0x75,
    0x10, 0x48, 0x8b, 0x85, 0x78, 0xff, 0xff, 0xff, 0x39, 0x45, 0x98, 0x0f,
    0x8d, 0x3e, 0x06, 0x00, 0x00, 0x4c, 0x89, 0x3b, 0x48, 0x8b, 0x85, 0x50,
    0xff, 0xff, 0xff, 0x48, 0x89, 0x43, 0x08, 0x48, 0x01, 0x45, 0xb8, 0x8b,
    0x45, 0xb0, 0x8d, 0x48, 0x01, 0x89, 0x4d, 0xb0, 0x83, 0xf8, 0x07, 0x0f,
    0x8c, 0x16, 0x01, 0x00, 0x00, 0x4c, 0x89, 0xf7, 0x4c, 0x89, 0xe6, 0x48,
    0x8d, 0x55, 0xa8, 0xe8, 0xdc, 0x70, 0x00, 0x00, 0x4c, 0x8b, 0x45, 0xa0,
    0x66, 0x0f, 0x28, 0x4d, 0x80, 0x48, 0x8d, 0x9d, 0x60, 0xfe, 0xff, 0xff,
    0x85, 0xc0, 0x0f, 0x84, 0xf3, 0x00, 0x00, 0x00, 0xe9, 0x02, 0x08, 0x00,
    0x00, 0x48, 0x83, 0xc3, 0x10, 0x66, 0x0f, 0x57, 0xc0, 0x66, 0x0f, 0x2e,
    0xc8, 0x75, 0x02, 0x7b, 0x5a, 0x49, 0xff, 0xc4, 0x4c, 0x89, 0x23, 0x48,
    0x63, 0x85, 0x78, 0xff, 0xff, 0xff, 0x48, 0xff, 0xc8, 0x48, 0x89, 0x43,
    0x08, 0x48, 0x01, 0x45, 0xb8, 0x8b, 0x45, 0xb0, 0x8d, 0x48, 0x01, 0x89,
    0x4d, 0xb0, 0x83, 0xf8, 0x07, 0x0f, 0x8c, 0x30, 0x01, 0x00, 0x00, 0x4c,
    0x89, 0xf7, 0x4c, 0x8b, 0x65, 0xc8, 0x4c, 0x89, 0xe6, 0x48, 0x8d, 0x55,
    0xa8, 0xe8, 0x72, 0x70, 0x00, 0x00, 0x4c, 0x8b, 0x45, 0xa0, 0x66, 0x0f,
    0x28, 0x4d, 0x80, 0x48, 0x8d, 0x9d, 0x60, 0xfe, 0xff, 0xff, 0x85, 0xc0,
    0x0f, 0x84, 0x37, 0x05, 0x00, 0x00, 0xe9, 0x98, 0x07, 0x00, 0x00, 0x48,
    0x8b, 0x85, 0x78, 0xff, 0xff, 0xff, 0x83, 0xf8, 0x02, 0x0f, 0x8c, 0x59,
    0x01, 0x00, 0x00, 0x83, 0xf8, 0x12, 0x0f, 0x82, 0xbf, 0x04, 0x00, 0x00,
    0x44, 0x8d, 0x70, 0x0f, 0x4c, 0x8b, 0x65, 0xc8, 0xeb, 0x12, 0x48, 0x83,
    0xc3, 0x10, 0x41, 0x83, 0xc6, 0xf0, 0x41, 0x83, 0xfe, 0x20, 0x0f, 0x8e,
    0xc8, 0x04, 0x00, 0x00, 0x48, 0xc7, 0x03, 0xd0, 0xf2, 0x41, 0x00, 0x48,
    0xc7, 0x43, 0x08, 0x10, 0x00, 0x00, 0x00, 0x48, 0x83, 0x45, 0xb8, 0x10,
    0x8b, 0x45, 0xb0, 0x8d, 0x48, 0x01, 0x89, 0x4d, 0xb0, 0x83, 0xf8, 0x07,
    0x7c, 0xcc, 0x48, 0x8b, 0x7d, 0xc0, 0x4c, 0x89, 0xe6, 0x48, 0x8d, 0x55,
    0xa8, 0xe8, 0xee, 0x6f, 0x00, 0x00, 0x4c, 0x8b, 0x45, 0xa0, 0x66, 0x0f,
    0x28, 0x4d, 0x80, 0x48, 0x8d, 0x9d, 0x60, 0xfe, 0xff, 0xff, 0x85, 0xc0,
    0x74, 0xac, 0xe9, 0x18, 0x07, 0x00, 0x00, 0x48, 0x83, 0xc3, 0x10, 0x48,
    0x8b, 0x85, 0x78, 0xff, 0xff, 0xff, 0x83, 0xf8, 0x02, 0x0f, 0x8c, 0xf0,
    0x04, 0x00, 0x00, 0x83, 0xf8, 0x12, 0x0f, 0x82, 0xd5, 0x00, 0x00, 0x00,
    0x44, 0x8d, 0x70, 0x0f, 0xeb, 0x12, 0x48, 0x83, 0xc3, 0x10, 0x41, 0x83,
    0xc6, 0xf0, 0x41, 0x83, 0xfe, 0x20, 0x0f, 0x8e, 0xdf, 0x03, 0x00, 0x00,
    0x48, 0xc7, 0x03, 0xd0, 0xf2, 0x41, 0x00, 0x48, 0xc7, 0x43, 0x08, 0x10,
    0x00, 0x00, 0x00, 0x48, 0x83, 0x45, 0xb8, 0x10, 0x8b, 0x45, 0xb0, 0x8d,
    0x48, 0x01, 0x89, 0x4d, 0xb0, 0x83, 0xf8, 0x07, 0x7c, 0xcc, 0x48, 0x8b,
    0x7d, 0xc0, 0x4c, 0x89, 0xe6, 0x48, 0x8d, 0x55, 0xa8, 0xe8, 0x6e, 0x6f,
    0x00, 0x00, 0x4c, 0x8b, 0x45, 0xa0, 0x66, 0x0f, 0x28, 0x4d, 0x80, 0x48,
    0x8d, 0x9d, 0x60, 0xfe, 0xff, 0xff, 0x85, 0xc0, 0x74, 0xac, 0xe9, 0x98,
    0x06, 0x00, 0x00, 0x48, 0x83, 0xc3, 0x10, 0x4c, 0x8b, 0x65, 0xc8, 0xe9,
    0x25, 0x04, 0x00, 0x00, 0x48, 0xc7, 0x03, 0x0d, 0x14, 0x42, 0x00, 0x48,
    0xc7, 0x43, 0x08, 0x01, 0x00, 0x00, 0x00, 0x48, 0xff, 0x45, 0xb8, 0x8b,
    0x4d, 0xb0, 0x8d, 0x51, 0x01, 0x89, 0x55, 0xb0, 0x83, 0xf9, 0x07, 0x4c,
    0x8b, 0xbd, 0x48, 0xff, 0xff, 0xff, 0x0f, 0x8c, 0x35, 0x01, 0x00, 0x00,
    0x4c, 0x89, 0xf7, 0x48, 0x8b, 0x75, 0xc8, 0x48, 0x8d, 0x55, 0xa8, 0xe8,
    0x0c, 0x6f, 0x00, 0x00, 0x85, 0xc0, 0x0f, 0x85, 0x43, 0x06, 0x00, 0x00,
    0x8b, 0x45, 0x98, 0x48, 0x8d, 0x9d, 0x60, 0xfe, 0xff, 0xff, 0x66, 0x0f,
    0x28, 0x4d, 0x80, 0x4c, 0x8b, 0x45, 0xa0, 0xe9, 0x09, 0x01, 0x00, 0x00,
    0x4c, 0x8b, 0x65, 0xc8, 0xe9, 0xc0, 0x03, 0x00, 0x00, 0x44, 0x8d, 0x70,
    0xff, 0xe9, 0x1d, 0x03, 0x00, 0x00, 0x48, 0x83, 0xc3, 0x10, 0x44, 0x89,
    0xbd, 0x68, 0xff, 0xff, 0xff, 0x45, 0x85, 0xf6, 0xb8, 0x00, 0x00, 0x00,
    0x00, 0x44, 0x0f, 0x4e, 0xf0, 0x8b, 0x45, 0x9c, 0x41, 0x89, 0xc7, 0x45,
    0x29, 0xf7, 0x0f, 0x8e, 0xc7, 0x00, 0x00, 0x00, 0x41, 0x83, 0xff, 0x11,
    0x4c, 0x8b, 0x75, 0xc0, 0x73, 0x72, 0x44, 0x89, 0xf8, 0x48, 0xc7, 0x03,
    0xd0, 0xf2, 0x41, 0x00, 0x89, 0xc0, 0x48, 0x89, 0x43, 0x08, 0x48, 0x01,
    0x45, 0xb8, 0x8b, 0x45, 0xb0, 0x8d, 0x48, 0x01, 0x89, 0x4d, 0xb0, 0x83,
    0xf8, 0x07, 0x0f, 0x8c, 0x09, 0x01, 0x00, 0x00, 0x4c, 0x89, 0xf7, 0x48,
    0x8b, 0x75, 0xc8, 0x48, 0x8d, 0x55, 0xa8, 0xe8, 0x74, 0x6e, 0x00, 0x00,
    0x4c, 0x8b, 0x45, 0xa0, 0x66, 0x0f, 0x28, 0x4d, 0x80, 0x48, 0x8d, 0x9d,
    0x60, 0xfe, 0xff, 0xff, 0x85, 0xc0, 0x48, 0x8b, 0x8d, 0x48, 0xff, 0xff,
    0xff, 0x4c, 0x8b, 0xbd, 0x78, 0xff, 0xff, 0xff, 0x0f, 0x84, 0xe5, 0x00,
    0x00, 0x00, 0xe9, 0x88, 0x05, 0x00, 0x00, 0x48, 0x83, 0xc3, 0x10, 0x41,
    0x8d, 0x47, 0xf0, 0x41, 0x83, 0xff, 0x20, 0x41, 0x89, 0xc7, 0x7e, 0x91,
    0x48, 0xc7, 0x03, 0xd0, 0xf2, 0x41, 0x00, 0x48, 0xc7, 0x43, 0x08, 0x10,
    0x00, 0x00, 0x00, 0x48, 0x83, 0x45, 0xb8, 0x10, 0x8b, 0x45, 0xb0, 0x8d,
    0x48, 0x01, 0x89, 0x4d, 0xb0, 0x83, 0xf8, 0x07, 0x7c, 0xcd, 0x4c, 0x89,
    0xf7, 0x48, 0x8b, 0x75, 0xc8, 0x48, 0x8d, 0x55, 0xa8, 0xe8, 0x06, 0x6e,
    0x00, 0x00, 0x4c, 0x8b, 0x45, 0xa0, 0x66, 0x0f, 0x28, 0x4d, 0x80, 0x48,
    0x8d, 0x9d, 0x60, 0xfe, 0xff, 0xff, 0x85, 0xc0, 0x74, 0xad, 0xe9, 0x2c,
    0x05, 0x00, 0x00, 0x4c, 0x8b, 0x75, 0xc0, 0xeb, 0x70, 0x48, 0x83, 0xc3,
    0x10, 0x8b, 0x4d, 0xd0, 0x83, 0xe1, 0x01, 0x09, 0xc1, 0x0b, 0x8d, 0x78,
    0xff, 0xff, 0xff, 0x0f, 0x84, 0x9b, 0xfa, 0xff, 0xff, 0x4c, 0x89, 0x3b,
    0x48, 0x8b, 0x8d, 0x50, 0xff, 0xff, 0xff, 0x48, 0x89, 0x4b, 0x08, 0x48,
    0x01, 0x4d, 0xb8, 0x8b, 0x4d, 0xb0, 0x8d, 0x51, 0x01, 0x89, 0x55, 0xb0,
    0x83, 0xf9, 0x07, 0x0f, 0x8c, 0x38, 0x02, 0x00, 0x00, 0x4c, 0x89, 0xf7,
    0x48, 0x8b, 0x75, 0xc8, 0x48, 0x8d, 0x55, 0xa8, 0xe8, 0x9b, 0x6d, 0x00,
    0x00, 0x85, 0xc0, 0x0f, 0x85, 0xd2, 0x04, 0x00, 0x00, 0x8b, 0x45, 0x98,
    0x48, 0x8d, 0x9d, 0x60, 0xfe, 0xff, 0xff, 0x66, 0x0f, 0x28, 0x4d, 0x80,
    0x4c, 0x8b, 0x45, 0xa0, 0xe9, 0x0c, 0x02, 0x00, 0x00, 0x48, 0x83, 0xc3,
    0x10, 0x48, 0x8b, 0x8d, 0x48, 0xff, 0xff, 0xff, 0x4c, 0x8b, 0xbd, 0x78,
    0xff, 0xff, 0xff, 0x8b, 0x45, 0x98, 0xf6, 0x45, 0xd0, 0x01, 0x75, 0x09,
    0x44, 0x39, 0xf8, 0x0f, 0x8d, 0x94, 0x00, 0x00, 0x00, 0x48, 0x89, 0x0b,
    0x48, 0x8b, 0x8d, 0x50, 0xff, 0xff, 0xff, 0x48, 0x89, 0x4b, 0x08, 0x48,
    0x01, 0x4d, 0xb8, 0x8b, 0x4d, 0xb0, 0x8d, 0x51, 0x01, 0x89, 0x55, 0xb0,
    0x83, 0xf9, 0x07, 0x7c, 0x70, 0x4c, 0x89, 0xf7, 0x48, 0x8b, 0x75, 0xc8,
    0x48, 0x8d, 0x55, 0xa8, 0xe8, 0x27, 0x6d, 0x00, 0x00, 0x85, 0xc0, 0x0f,
    0x85, 0x5e, 0x04, 0x00, 0x00, 0x8b, 0x45, 0x98, 0x48, 0x8d, 0x9d, 0x60,
    0xfe, 0xff, 0xff, 0x66, 0x0f, 0x28, 0x4d, 0x80, 0x4c, 0x8b, 0x45, 0xa0,
    0xeb, 0x47, 0x8b, 0x75, 0x98, 0x41, 0x83, 0xff, 0x66, 0x0f, 0x85, 0x25,
    0xf5, 0xff, 0xff, 0x8b, 0x85, 0x68, 0xff, 0xff, 0xff, 0x09, 0xc7, 0x85,
    0xf6, 0x89, 0x75, 0x9c, 0x0f, 0x8e, 0xfa, 0x03, 0x00, 0x00, 0x41, 0xbf,
    0x66, 0x00, 0x00, 0x00, 0x85, 0xff, 0x0f, 0x84, 0x14, 0x04, 0x00, 0x00,
    0x8b, 0x85, 0x68, 0xff, 0xff, 0xff, 0x03, 0x85, 0x50, 0xff, 0xff, 0xff,
    0x01, 0xf0, 0x89, 0xc1, 0xe9, 0x8f, 0xf5, 0xff, 0xff, 0x48, 0x83, 0xc3,
    0x10, 0x41, 0x29, 0xc7, 0x8b, 0x8d, 0x68, 0xff, 0xff, 0xff, 0x44, 0x39,
    0xf9, 0x44, 0x0f, 0x4c, 0xf9, 0x45, 0x85, 0xff, 0x7e, 0x57, 0x48, 0x63,
    0x4d, 0x9c, 0x49, 0x01, 0xcc, 0x4c, 0x89, 0x23, 0x44, 0x89, 0xf9, 0x48,
    0x89, 0x4b, 0x08, 0x48, 0x01, 0x4d, 0xb8, 0x8b, 0x4d, 0xb0, 0x8d, 0x51,
    0x01, 0x89, 0x55, 0xb0, 0x83, 0xf9, 0x07, 0x7c, 0x30, 0x4c, 0x89, 0xf7,
    0x4c, 0x8b, 0x65, 0xc8, 0x4c, 0x89, 0xe6, 0x48, 0x8d, 0x55, 0xa8, 0xe8,
    0x78, 0x6c, 0x00, 0x00, 0x85, 0xc0, 0x0f, 0x85, 0xb3, 0x03, 0x00, 0x00,
    0x8b, 0x45, 0x98, 0x48, 0x8d, 0x9d, 0x60, 0xfe, 0xff, 0xff, 0x66, 0x0f,
    0x28, 0x4d, 0x80, 0x4c, 0x8b, 0x45, 0xa0, 0xeb, 0x08, 0x48, 0x83, 0xc3,
    0x10, 0x4c, 0x8b, 0x65, 0xc8, 0x45, 0x85, 0xff, 0xb9, 0x00, 0x00, 0x00,
    0x00, 0x44, 0x0f, 0x4e, 0xf9, 0x41, 0x01, 0xc7, 0x4c, 0x8b, 0xb5, 0x78,
    0xff, 0xff, 0xff, 0x45, 0x29, 0xfe, 0x45, 0x85, 0xf6, 0x0f, 0x8e, 0xa1,
    0x00, 0x00, 0x00, 0x41, 0x83, 0xfe, 0x11, 0x73, 0x1f, 0x44, 0x89, 0xf0,
    0x48, 0xc7, 0x03, 0xd0, 0xf2, 0x41, 0x00, 0x89, 0xc0, 0xeb, 0x6a, 0x48,
    0x83, 0xc3, 0x10, 0x41, 0x8d, 0x46, 0xf0, 0x41, 0x83, 0xfe, 0x20, 0x41,
    0x89, 0xc6, 0x7e, 0xe4, 0x48, 0xc7, 0x03, 0xd0, 0xf2, 0x41, 0x00, 0x48,
    0xc7, 0x43, 0x08, 0x10, 0x00, 0x00, 0x00, 0x48, 0x83, 0x45, 0xb8, 0x10,
    0x8b, 0x45, 0xb0, 0x8d, 0x48, 0x01, 0x89, 0x4d, 0xb0, 0x83, 0xf8, 0x07,
    0x7c, 0xcd, 0x48, 0x8b, 0x7d, 0xc0, 0x4c, 0x89, 0xe6, 0x48, 0x8d, 0x55,
    0xa8, 0xe8, 0xda, 0x6b, 0x00, 0x00, 0x4c, 0x8b, 0x45, 0xa0, 0x66, 0x0f,
    0x28, 0x4d, 0x80, 0x48, 0x8d, 0x9d, 0x60, 0xfe, 0xff, 0xff, 0x85, 0xc0,
    0x74, 0xad, 0xe9, 0x04, 0x03, 0x00, 0x00, 0x41, 0x83, 0xc6, 0xf0, 0x48,
    0xc7, 0x03, 0xd0, 0xf2, 0x41, 0x00, 0x44, 0x89, 0xf0, 0x48, 0x89, 0x43,
    0x08, 0x48, 0x01, 0x45, 0xb8, 0x8b, 0x45, 0xb0, 0x8d, 0x48, 0x01, 0x89,
    0x4d, 0xb0, 0x83, 0xf8, 0x07, 0x7c, 0x09, 0x4c, 0x8b, 0x75, 0xc0, 0xe9,
    0x9c, 0x00, 0x00, 0x00, 0x48, 0x83, 0xc3, 0x10, 0x4c, 0x8b, 0x75, 0xc0,
    0xf6, 0x45, 0xd0, 0x04, 0x0f, 0x85, 0xb7, 0x00, 0x00, 0x00, 0xe9, 0x03,
    0x01, 0x00, 0x00, 0x44, 0x8d, 0x70, 0xff, 0x4c, 0x8b, 0x65, 0xc8, 0xeb,
    0x1f, 0x48, 0x83, 0xc3, 0x10, 0x85, 0xc0, 0x0f, 0x88, 0xbb, 0x01, 0x00,
    0x00, 0x4c, 0x89, 0x23, 0x48, 0x63, 0x85, 0x78, 0xff, 0xff, 0xff, 0xe9,
    0x96, 0xf7, 0xff, 0xff, 0x41, 0x83, 0xc6, 0xf0, 0x48, 0xc7, 0x03, 0xd0,
    0xf2, 0x41, 0x00, 0x44, 0x89, 0xf0, 0x48, 0x89, 0x43, 0x08, 0x48, 0x01,
    0x45, 0xb8, 0x8b, 0x45, 0xb0, 0x8d, 0x48, 0x01, 0x89, 0x4d, 0xb0, 0x83,
    0xf8, 0x07, 0x7c, 0x09, 0x4c, 0x8b, 0x75, 0xc0, 0xe9, 0xf3, 0xf8, 0xff,
    0xff, 0x48, 0x83, 0xc3, 0x10, 0x4c, 0x8b, 0x75, 0xc0, 0x48, 0x8d, 0x85,
    0xe9, 0xfe, 0xff, 0xff, 0x48, 0x89, 0x03, 0x48, 0x63, 0x85, 0x18, 0xff,
    0xff, 0xff, 0x48, 0x89, 0x43, 0x08, 0x48, 0x01, 0x45, 0xb8, 0x8b, 0x45,
    0xb0, 0x8d, 0x48, 0x01, 0x89, 0x4d, 0xb0, 0x83, 0xf8, 0x07, 0x0f, 0x8c,
    0x39, 0x01, 0x00, 0x00, 0x4c, 0x89, 0xf7, 0x4c, 0x89, 0xe6, 0x48, 0x8d,
    0x55, 0xa8, 0xe8, 0xe9, 0x6a, 0x00, 0x00, 0x4c, 0x8b, 0x45, 0xa0, 0x66,
    0x0f, 0x28, 0x4d, 0x80, 0x48, 0x8d, 0x9d, 0x60, 0xfe, 0xff, 0xff, 0x85,
    0xc0, 0x0f, 0x85, 0x14, 0x02, 0x00, 0x00, 0xf6, 0x45, 0xd0, 0x04, 0x74,
    0x51, 0x45, 0x85, 0xc0, 0x7e, 0x4c, 0x41, 0x83, 0xf8, 0x11, 0x0f, 0x83,
    0xb1, 0x00, 0x00, 0x00, 0x44, 0x89, 0xc0, 0x48, 0xc7, 0x03, 0xc0, 0xf2,
    0x41, 0x00, 0x89, 0xc0, 0x48, 0x89, 0x43, 0x08, 0x48, 0x03, 0x45, 0xb8,
    0x48, 0x89, 0x45, 0xb8, 0x8b, 0x4d, 0xb0, 0x8d, 0x51, 0x01, 0x89, 0x55,
    0xb0, 0x83, 0xf9, 0x07, 0x7c, 0x20, 0x4c, 0x89, 0xf7, 0x4c, 0x89, 0xe6,
    0x48, 0x8d, 0x55, 0xa8, 0xe8, 0x87, 0x6a, 0x00, 0x00, 0x66, 0x0f, 0x28,
    0x4d, 0x80, 0x85, 0xc0, 0x0f, 0x85, 0xbd, 0x01, 0x00, 0x00, 0x48, 0x8b,
    0x45, 0xb8, 0x4c, 0x89, 0xf7, 0x48, 0x8b, 0x8d, 0x58, 0xff, 0xff, 0xff,
    0x44, 0x8b, 0xb5, 0x28, 0xff, 0xff, 0xff, 0x44, 0x39, 0xf1, 0x44, 0x0f,
    0x4f, 0xf1, 0x44, 0x03, 0xb5, 0x64, 0xff, 0xff, 0xff, 0x48, 0x85, 0xc0,
    0x74, 0x19, 0x4c, 0x89, 0xe6, 0x48, 0x8d, 0x55, 0xa8, 0xe8, 0x46, 0x6a,
    0x00, 0x00, 0x66, 0x0f, 0x28, 0x4d, 0x80, 0x85, 0xc0, 0x0f, 0x85, 0xc1,
    0x01, 0x00, 0x00, 0xc7, 0x45, 0xb0, 0x00, 0x00, 0x00, 0x00, 0x48, 0x8d,
    0x9d, 0x60, 0xfe, 0xff, 0xff, 0xe9, 0x84, 0xe6, 0xff, 0xff, 0x66, 0x0f,
    0x1f, 0x44, 0x00, 0x00, 0x48, 0x83, 0xc3, 0x10, 0x41, 0x8d, 0x40, 0xf0,
    0x41, 0x83, 0xf8, 0x20, 0x41, 0x89, 0xc0, 0x0f, 0x8e, 0x52, 0xff, 0xff,
    0xff, 0x48, 0xc7, 0x03, 0xc0, 0xf2, 0x41, 0x00, 0x48, 0xc7, 0x43, 0x08,
    0x10, 0x00, 0x00, 0x00, 0x48, 0x83, 0x45, 0xb8, 0x10, 0x8b, 0x45, 0xb0,
    0x8d, 0x48, 0x01, 0x89, 0x4d, 0xb0, 0x83, 0xf8, 0x07, 0x7c, 0xc9, 0x4c,
    0x89, 0xf7, 0x4c, 0x89, 0xe6, 0x48, 0x8d, 0x55, 0xa8, 0x4c, 0x89, 0xc3,
    0xe8, 0xd7, 0x69, 0x00, 0x00, 0x49, 0x89, 0xd8, 0x66, 0x0f, 0x28, 0x4d,
    0x80, 0x48, 0x8d, 0x9d, 0x60, 0xfe, 0xff, 0xff, 0x85, 0xc0, 0x74, 0xa8,
    0xe9, 0x02, 0x01, 0x00, 0x00, 0x48, 0x83, 0xc3, 0x10, 0xf6, 0x45, 0xd0,
    0x04, 0x0f, 0x85, 0xe6, 0xfe, 0xff, 0xff, 0xe9, 0x32, 0xff, 0xff, 0xff,
    0x41, 0x89, 0xc6, 0x41, 0xf7, 0xde, 0x83, 0xf8, 0xef, 0x76, 0x68, 0x44,
    0x89, 0xf0, 0x48, 0xc7, 0x03, 0xd0, 0xf2, 0x41, 0x00, 0x89, 0xc0, 0x48,
    0x89, 0x43, 0x08, 0x48, 0x01, 0x45, 0xb8, 0x8b, 0x45, 0xb0, 0x8d, 0x48,
    0x01, 0x89, 0x4d, 0xb0, 0x83, 0xf8, 0x07, 0x0f, 0x8c, 0xa6, 0x00, 0x00,
    0x00, 0x4c, 0x8b, 0x75, 0xc0, 0x4c, 0x89, 0xf7, 0x48, 0x8b, 0x75, 0xc8,
    0x48, 0x8d, 0x55, 0xa8, 0xe8, 0x67, 0x69, 0x00, 0x00, 0x4c, 0x8b, 0x45,
    0xa0, 0x66, 0x0f, 0x28, 0x4d, 0x80, 0x48, 0x8d, 0x9d, 0x60, 0xfe, 0xff,
    0xff, 0x85, 0xc0, 0x0f, 0x84, 0xe8, 0xfd, 0xff, 0xff, 0xe9, 0x89, 0x00,
    0x00, 0x00, 0x48, 0x83, 0xc3, 0x10, 0x41, 0x8d, 0x46, 0xf0, 0x41, 0x83,
    0xfe, 0x20, 0x41, 0x89, 0xc6, 0x7e, 0x9b, 0x48, 0xc7, 0x03, 0xd0, 0xf2,
    0x41, 0x00, 0x48, 0xc7, 0x43, 0x08, 0x10, 0x00, 0x00, 0x00, 0x48, 0x83,
    0x45, 0xb8, 0x10, 0x8b, 0x45, 0xb0, 0x8d, 0x48, 0x01, 0x89, 0x4d, 0xb0,
    0x83, 0xf8, 0x07, 0x7c, 0xcd, 0x48, 0x8b, 0x7d, 0xc0, 0x48, 0x8b, 0x75,
    0xc8, 0x48, 0x8d, 0x55, 0xa8, 0xe8, 0x06, 0x69, 0x00, 0x00, 0x4c, 0x8b,
    0x45, 0xa0, 0x66, 0x0f, 0x28, 0x4d, 0x80, 0x48, 0x8d, 0x9d, 0x60, 0xfe,
    0xff, 0xff, 0x85, 0xc0, 0x74, 0xac, 0xeb, 0x2f, 0x03, 0x85, 0x2c, 0xff,
    0xff, 0xff, 0x85, 0xff, 0xb9, 0x01, 0x00, 0x00, 0x00, 0x0f, 0x45, 0xc8,
    0x41, 0xbf, 0x66, 0x00, 0x00, 0x00, 0xe9, 0x9d, 0xf1, 0xff, 0xff, 0x48,
    0x83, 0xc3, 0x10, 0x4c, 0x8b, 0x75, 0xc0, 0xe9, 0x61, 0xfd, 0xff, 0xff,
    0x89, 0xf1, 0xe9, 0x89, 0xf1, 0xff, 0xff, 0x4c, 0x8b, 0x65, 0xc8, 0x41,
    0x0f, 0xb6, 0x44, 0x24, 0x10, 0x24, 0x40, 0x45, 0x31, 0xf6, 0xf6, 0xd8,
    0x45, 0x19, 0xf6, 0x44, 0x0b, 0xb5, 0x64, 0xff, 0xff, 0xff, 0x44, 0x89,
    0xf0, 0x48, 0x81, 0xc4, 0x88, 0x01, 0x00, 0x00, 0x5b, 0x41, 0x5c, 0x41,
    0x5d, 0x41, 0x5e, 0x41, 0x5f, 0x5d, 0xc3, 0x48, 0x83, 0x7d, 0xb8, 0x00,
    0x74, 0xcd, 0x48, 0x8d, 0x55, 0xa8, 0x48, 0x8b, 0x7d, 0xc0, 0x4c, 0x89,
    0xe6, 0xe8, 0x7a, 0x68, 0x00, 0x00, 0xeb, 0xbb, 0x44, 0x89, 0xb5, 0x64,
    0xff, 0xff, 0xff, 0xeb, 0xb2, 0x66, 0x66, 0x66, 0x66, 0x66, 0x66, 0x2e,
    0x0f, 0x1f, 0x84, 0x00, 0x00, 0x00, 0x00, 0x00, 0x55, 0x48, 0x89, 0xe5,
    0x41, 0x56, 0x53, 0x48, 0x81, 0xec, 0xb0, 0x04, 0x00, 0x00, 0x48, 0x89,
    0xf3, 0x49, 0x89, 0xfe, 0x0f, 0xb7, 0x46, 0x10, 0x83, 0xe0, 0xfd, 0x66,
    0x89, 0x85, 0x50, 0xff, 0xff, 0xff, 0x8b, 0x86, 0xac, 0x00, 0x00, 0x00,
    0x89, 0x45, 0xec, 0x0f, 0xb7, 0x46, 0x12, 0x66, 0x89, 0x85, 0x52, 0xff,
    0xff, 0xff, 0x48, 0x8b, 0x46, 0x30, 0x48, 0x89, 0x85, 0x70, 0xff, 0xff,
    0xff, 0x48, 0x8b, 0x46, 0x40, 0x48, 0x89, 0x45, 0x80, 0x48, 0x8d, 0x85,
    0x40, 0xfb, 0xff, 0xff, 0x48, 0x89, 0x85, 0x40, 0xff, 0xff, 0xff, 0x48,
    0x89, 0x85, 0x58, 0xff, 0xff, 0xff, 0xc7, 0x85, 0x4c, 0xff, 0xff, 0xff,
    0x00, 0x04, 0x00, 0x00, 0xc7, 0x85, 0x60, 0xff, 0xff, 0xff, 0x00, 0x04,
    0x00, 0x00, 0xc7, 0x85, 0x68, 0xff, 0xff, 0xff, 0x00, 0x00, 0x00, 0x00,
    0x48, 0x8d, 0xb5, 0x40, 0xff, 0xff, 0xff, 0xe8, 0xe8, 0xe2, 0xff, 0xff,
    0x85, 0xc0, 0x78, 0x1f, 0x48, 0x8d, 0xb5, 0x40, 0xff, 0xff, 0xff, 0x4c,
    0x89, 0xf7, 0x41, 0x89, 0xc6, 0xe8, 0x82, 0x70, 0x00, 0x00, 0x89, 0xc1,
    0x44, 0x89, 0xf0, 0x31, 0xd2, 0xf7, 0xd9, 0x19, 0xd2, 0x09, 0xd0, 0xf6,
    0x85, 0x50, 0xff, 0xff, 0xff, 0x40, 0x74, 0x04, 0x80, 0x4b, 0x10, 0x40,
    0x48, 0x81, 0xc4, 0xb0, 0x04, 0x00, 0x00, 0x5b, 0x41, 0x5e, 0x5d, 0xc3,
    0x66, 0x66, 0x66, 0x2e, 0x0f, 0x1f, 0x84, 0x00, 0x00, 0x00, 0x00, 0x00,
    0x88, 0x17, 0x89, 0xf0, 0xc1, 0xe8, 0x1f, 0x00, 0xc0, 0x04, 0x2b, 0x41,
    0x89, 0xf0, 0x41, 0xf7, 0xd8, 0x44, 0x0f, 0x48, 0xc6, 0x88, 0x47, 0x01,
    0x41, 0x83, 0xf8, 0x0a, 0x0f, 0x82, 0x06, 0x01, 0x00, 0x00, 0x55, 0x48,
    0x89, 0xe5, 0x53, 0x48, 0x8d, 0x47, 0x02, 0x48, 0xc7, 0xc2, 0xf8, 0xff,
    0xff, 0xff, 0xbe, 0x06, 0x00, 0x00, 0x00, 0x48, 0x8d, 0x4d, 0x07, 0x41,
    0xb9, 0xcd, 0xcc, 0xcc, 0xcc, 0x66, 0x66, 0x66, 0x66, 0x66, 0x66, 0x2e,
    0x0f, 0x1f, 0x84, 0x00, 0x00, 0x00, 0x00, 0x00, 0x45, 0x89, 0xc2, 0x45,
    0x89, 0xc0, 0x4d, 0x0f, 0xaf, 0xc1, 0x49, 0xc1, 0xe8, 0x23, 0x47, 0x8d,
    0x1c, 0x00, 0x47, 0x8d, 0x1c, 0x9b, 0x44, 0x89, 0xd3, 0x44, 0x29, 0xdb,
    0x80, 0xcb, 0x30, 0x88, 0x59, 0xf0, 0x48, 0xff, 0xc2, 0x48, 0xff, 0xc9,
    0x48, 0xff, 0xce, 0x41, 0x83, 0xfa, 0x63, 0x77, 0xcf, 0x41, 0x80, 0xc8,
    0x30, 0x44, 0x88, 0x41, 0xf0, 0x49, 0x89, 0xd0, 0x49, 0xf7, 0xd8, 0x49,
    0x83, 0xf8, 0x08, 0x0f, 0x8f, 0x8a, 0x00, 0x00, 0x00, 0x48, 0x83, 0xfe,
    0x07, 0x41, 0xb8, 0x06, 0x00, 0x00, 0x00, 0x41, 0xb9, 0x06, 0x00, 0x00,
    0x00, 0x4c, 0x0f, 0x4d, 0xce, 0x49, 0x01, 0xd1, 0x49, 0x83, 0xc1, 0x03,
    0x49, 0x83, 0xf9, 0x20, 0x72, 0x49, 0x48, 0x83, 0xc2, 0x03, 0x4d, 0x89,
    0xca, 0x49, 0x83, 0xe2, 0xe0, 0x4c, 0x01, 0xd0, 0x48, 0x83, 0xfe, 0x07,
    0x4c, 0x0f, 0x4d, 0xc6, 0x4c, 0x01, 0xd6, 0x49, 0x01, 0xd0, 0x49, 0x83,
    0xe0, 0xe0, 0x31, 0xd2, 0x0f, 0x1f, 0x40, 0x00, 0x0f, 0x10, 0x41, 0xf0,
    0x0f, 0x10, 0x09, 0x0f, 0x11, 0x44, 0x17, 0x02, 0x0f, 0x11, 0x4c, 0x17,
    0x12, 0x48, 0x83, 0xc2, 0x20, 0x48, 0x83, 0xc1, 0x20, 0x49, 0x39, 0xd0,
    0x75, 0xe2, 0x4d, 0x39, 0xd1, 0x74, 0x20, 0x48, 0xff, 0xce, 0x66, 0x2e,
    0x0f, 0x1f, 0x84, 0x00, 0x00, 0x00, 0x00, 0x00, 0x0f, 0xb6, 0x4c, 0x35,
    0xf2, 0x88, 0x08, 0x48, 0xff, 0xc0, 0x48, 0xff, 0xc6, 0x48, 0x83, 0xfe,
    0x06, 0x7c, 0xed, 0x5b, 0x5d, 0x29, 0xf8, 0xc3, 0xc6, 0x47, 0x02, 0x30,
    0x41, 0x80, 0xc8, 0x30, 0x48, 0x8d, 0x47, 0x04, 0x44, 0x88, 0x47, 0x03,
    0x29, 0xf8, 0xc3, 0xcc, 0xcc, 0xcc, 0xcc, 0xcc, 0x55, 0x48, 0x89, 0xe5,
    0x41, 0x57, 0x41, 0x56, 0x41, 0x55, 0x41, 0x54, 0x53, 0x48, 0x81, 0xec,
    0xb8, 0x00, 0x00, 0x00, 0x4d, 0x89, 0xcf, 0x4c, 0x89, 0xc3, 0x49, 0x89,
    0xcc, 0x48, 0x89, 0x55, 0xa0, 0x41, 0x89, 0xf6, 0x66, 0x0f, 0x6f, 0xc8,
    0x49, 0x89, 0xfd, 0x48, 0x8b, 0x77, 0x50, 0x48, 0x85, 0xf6, 0x74, 0x31,
    0x41, 0x8b, 0x4d, 0x58, 0x89, 0x4e, 0x08, 0xb8, 0x01, 0x00, 0x00, 0x00,
    0xd3, 0xe0, 0x89, 0x46, 0x0c, 0x4c, 0x89, 0xef, 0x66, 0x0f, 0x7f, 0x8d,
    0x60, 0xff, 0xff, 0xff, 0xe8, 0x6b, 0x14, 0x00, 0x00, 0x66, 0x0f, 0x6f,
    0x8d, 0x60, 0xff, 0xff, 0xff, 0x49, 0xc7, 0x45, 0x50, 0x00, 0x00, 0x00,
    0x00, 0x4c, 0x89, 0x6d, 0xd0, 0x66, 0x48, 0x0f, 0x7e, 0xc9, 0x48, 0x89,
    0xc8, 0x48, 0xc1, 0xe8, 0x3f, 0x48, 0x85, 0xc9, 0x66, 0x0f, 0x6f, 0x05,
    0xf0, 0x28, 0x01, 0x00, 0x66, 0x0f, 0xdb, 0xc1, 0x66, 0x48, 0x0f, 0x7e,
    0xc2, 0x48, 0x0f, 0x49, 0xd1, 0x78, 0x04, 0x66, 0x0f, 0x6f, 0xc1, 0x89,
    0x03, 0x49, 0x89, 0xd5, 0x49, 0xc1, 0xed, 0x20, 0x44, 0x89, 0xe8, 0x25,
    0x00, 0x00, 0xf0, 0x7f, 0x3d, 0x00, 0x00, 0xf0, 0x7f, 0x75, 0x61, 0x41,
    0xc7, 0x04, 0x24, 0x0f, 0x27, 0x00, 0x00, 0x41, 0x81, 0xe5, 0xff, 0xff,
    0x0f, 0x00, 0x41, 0x09, 0xd5, 0x0f, 0x94, 0xc2, 0xb9, 0xa7, 0x18, 0x42,
    0x00, 0xbe, 0x8d, 0x10, 0x42, 0x00, 0xb8, 0x8d, 0x10, 0x42, 0x00, 0x48,
    0x0f, 0x44, 0xc1, 0x4d, 0x85, 0xff, 0x0f, 0x84, 0x18, 0x11, 0x00, 0x00,
    0x84, 0xd2, 0x48, 0x0f, 0x45, 0xf1, 0xb9, 0xaa, 0x18, 0x42, 0x00, 0xba,
    0x90, 0x10, 0x42, 0x00, 0x48, 0x0f, 0x45, 0xd1, 0xb9, 0xaf, 0x18, 0x42,
    0x00, 0x41, 0xbc, 0x95, 0x10, 0x42, 0x00, 0x4c, 0x0f, 0x45, 0xe1, 0x80,
    0x7e, 0x03, 0x00, 0x4c, 0x0f, 0x44, 0xe2, 0xe9, 0xe5, 0x10, 0x00, 0x00,
    0x66, 0x0f, 0xef, 0xc9, 0x66, 0x0f, 0x2e, 0xc1, 0x75, 0x02, 0x7b, 0x6b,
    0x89, 0x85, 0x30, 0xff, 0xff, 0xff, 0x48, 0x89, 0x95, 0x48, 0xff, 0xff,
    0xff, 0x48, 0x8d, 0xb5, 0x44, 0xff, 0xff, 0xff, 0x48, 0x8d, 0x95, 0x40,
    0xff, 0xff, 0xff, 0x48, 0x8b, 0x7d, 0xd0, 0x0f, 0x29, 0x85, 0x70, 0xff,
    0xff, 0xff, 0xe8, 0xcd, 0x23, 0x00, 0x00, 0x48, 0x89, 0x45, 0xc8, 0x44,
    0x89, 0xee, 0xc1, 0xee, 0x14, 0x81, 0xe6, 0xff, 0x07, 0x00, 0x00, 0x74,
    0x4f, 0x48, 0xb9, 0xff, 0xff, 0xff, 0xff, 0xff, 0xff, 0x0f, 0x00, 0x48,
    0x23, 0x8d, 0x48, 0xff, 0xff, 0xff, 0x48, 0xb8, 0x00, 0x00, 0x00, 0x00,
    0x00, 0x00, 0xf0, 0x3f, 0x48, 0x09, 0xc8, 0x8d, 0x9e, 0x01, 0xfc, 0xff,
    0xff, 0x66, 0x0f, 0x28, 0x9d, 0x70, 0xff, 0xff, 0xff, 0xeb, 0x71, 0x41,
    0xc7, 0x04, 0x24, 0x01, 0x00, 0x00, 0x00, 0x41, 0xbc, 0x0e, 0x14, 0x42,
    0x00, 0xb8, 0x0d, 0x14, 0x42, 0x00, 0x4d, 0x85, 0xff, 0x0f, 0x85, 0x52,
    0x10, 0x00, 0x00, 0xe9, 0x50, 0x10, 0x00, 0x00, 0x8b, 0x9d, 0x44, 0xff,
    0xff, 0xff, 0x03, 0x9d, 0x40, 0xff, 0xff, 0xff, 0x81, 0xfb, 0xef, 0xfb,
    0xff, 0xff, 0x48, 0x8b, 0x85, 0x48, 0xff, 0xff, 0xff, 0x7c, 0x09, 0x8d,
    0x4b, 0x12, 0x44, 0x0f, 0xad, 0xe8, 0xeb, 0x06, 0xb1, 0xee, 0x28, 0xd9,
    0xd3, 0xe0, 0x66, 0x0f, 0x28, 0x9d, 0x70, 0xff, 0xff, 0xff, 0x89, 0xc0,
    0x0f, 0x57, 0xc0, 0xf2, 0x48, 0x0f, 0x2a, 0xc0, 0x66, 0x48, 0x0f, 0x7e,
    0xc1, 0x48, 0xb8, 0x00, 0x00, 0x00, 0x00, 0x00, 0x00, 0x10, 0xfe, 0x48,
    0x01, 0xc8, 0xff, 0xcb, 0x66, 0x48, 0x0f, 0x6e, 0xc0, 0xf2, 0x0f, 0x58,
    0x05, 0xa7, 0x10, 0x01, 0x00, 0xf2, 0x0f, 0x59, 0x05, 0x3f, 0x11, 0x01,
    0x00, 0xf2, 0x0f, 0x58, 0x05, 0x1f, 0x11, 0x01, 0x00, 0x0f, 0x57, 0xc9,
    0xf2, 0x0f, 0x2a, 0xcb, 0xf2, 0x0f, 0x59, 0x0d, 0x18, 0x11, 0x01, 0x00,
    0xf2, 0x0f, 0x58, 0xc8, 0xf2, 0x0f, 0x2c, 0xc1, 0x66, 0x0f, 0xe6, 0xc1,
    0xf3, 0x0f, 0xe6, 0xc0, 0xf2, 0x0f, 0xc2, 0xc1, 0x04, 0x66, 0x0f, 0x57,
    0xd2, 0xf2, 0x0f, 0xc2, 0xca, 0x01, 0x66, 0x0f, 0x54, 0xc8, 0x66, 0x0f,
    0x7e, 0xca, 0x01, 0xc2, 0x89, 0xd0, 0x83, 0xfa, 0x16, 0x77, 0x16, 0x89,
    0xd0, 0xf2, 0x0f, 0x10, 0x04, 0xc5, 0x20, 0xf3, 0x41, 0x00, 0x66, 0x0f,
    0x2e, 0xc3, 0x89, 0xd0, 0x76, 0x03, 0x8d, 0x42, 0xff, 0x4c, 0x89, 0xa5,
    0x20, 0xff, 0xff, 0xff, 0xf7, 0xd3, 0x03, 0x9d, 0x40, 0xff, 0xff, 0xff,
    0x89, 0xd9, 0xf7, 0xd9, 0x31, 0xff, 0x85, 0xdb, 0x0f, 0x48, 0xdf, 0x0f,
    0x49, 0xcf, 0x85, 0xc0, 0x4c, 0x89, 0x7d, 0xb0, 0x48, 0x89, 0x85, 0x60,
    0xff, 0xff, 0xff, 0x48, 0x89, 0x55, 0xb8, 0x48, 0x89, 0xb5, 0x38, 0xff,
    0xff, 0xff, 0x78, 0x3a, 0x48, 0x89, 0x4d, 0x88, 0x01, 0xc3, 0xc7, 0x45,
    0xac, 0x00, 0x00, 0x00, 0x00, 0x45, 0x31, 0xe4, 0x41, 0x83, 0xfe, 0x0a,
    0x45, 0x0f, 0x42, 0xe6, 0x41, 0x8d, 0x4c, 0x24, 0xfc, 0x41, 0x83, 0xfc,
    0x06, 0x41, 0x0f, 0x42, 0xcc, 0xba, 0x01, 0x00, 0x00, 0x00, 0x89, 0xc7,
    0x48, 0x89, 0x8d, 0x50, 0xff, 0xff, 0xff, 0xff, 0x24, 0xcd, 0xe0, 0xf2,
    0x41, 0x00, 0x29, 0xc1, 0x48, 0x89, 0x4d, 0x88, 0x89, 0xc1, 0xf7, 0xd9,
    0x89, 0x4d, 0xac, 0x45, 0x31, 0xe4, 0x41, 0x83, 0xfe, 0x0a, 0x45, 0x0f,
    0x42, 0xe6, 0x41, 0x8d, 0x4c, 0x24, 0xfc, 0x41, 0x83, 0xfc, 0x06, 0x41,
    0x0f, 0x42, 0xcc, 0xba, 0x01, 0x00, 0x00, 0x00, 0x48, 0x89, 0x8d, 0x50,
    0xff, 0xff, 0xff, 0xff, 0x24, 0xcd, 0xe0, 0xf2, 0x41, 0x00, 0x89, 0x7d,
    0x9c, 0x4c, 0x8b, 0x75, 0xd0, 0x41, 0xc7, 0x46, 0x58, 0x00, 0x00, 0x00,
    0x00, 0x41, 0xbf, 0xff, 0xff, 0xff, 0xff, 0xc7, 0x85, 0x58, 0xff, 0xff,
    0xff, 0x01, 0x00, 0x00, 0x00, 0x48, 0xc7, 0x45, 0xa0, 0x00, 0x00, 0x00,
    0x00, 0xc7, 0x45, 0xc4, 0xff, 0xff, 0xff, 0xff, 0x31, 0xf6, 0xe9, 0x95,
    0x00, 0x00, 0x00, 0x31, 0xd2, 0x89, 0x95, 0x58, 0xff, 0xff, 0xff, 0x48,
    0x8b, 0x45, 0xa0, 0x83, 0xf8, 0x02, 0xb9, 0x01, 0x00, 0x00, 0x00, 0x0f,
    0x4d, 0xc8, 0x41, 0x89, 0xcf, 0x89, 0xc8, 0x89, 0x4d, 0xc4, 0x48, 0x89,
    0x4d, 0xa0, 0xeb, 0x26, 0x31, 0xd2, 0x89, 0x95, 0x58, 0xff, 0xff, 0xff,
    0x48, 0x8b, 0x4d, 0xa0, 0x8d, 0x14, 0x08, 0x89, 0x55, 0xc4, 0x44, 0x8d,
    0x3c, 0x08, 0x41, 0xff, 0xc7, 0x41, 0x83, 0xff, 0x02, 0xb8, 0x01, 0x00,
    0x00, 0x00, 0x41, 0x0f, 0x4d, 0xc7, 0x48, 0x8b, 0x4d, 0xd0, 0xc7, 0x41,
    0x58, 0x00, 0x00, 0x00, 0x00, 0x31, 0xf6, 0x83, 0xf8, 0x20, 0x89, 0x7d,
    0x9c, 0x73, 0x06, 0x4c, 0x8b, 0x75, 0xd0, 0xeb, 0x2f, 0x89, 0xc0, 0xb9,
    0x04, 0x00, 0x00, 0x00, 0x31, 0xf6, 0x66, 0x66, 0x66, 0x66, 0x66, 0x2e,
    0x0f, 0x1f, 0x84, 0x00, 0x00, 0x00, 0x00, 0x00, 0xff, 0xc6, 0x01, 0xc9,
    0x48, 0x63, 0xd1, 0x48, 0x83, 0xc2, 0x1c, 0x48, 0x39, 0xc2, 0x76, 0xf0,
    0x4c, 0x8b, 0x75, 0xd0, 0x41, 0x89, 0x76, 0x58, 0x4c, 0x89, 0xf7, 0xe8,
    0x50, 0x10, 0x00, 0x00, 0x48, 0x85, 0xc0, 0x0f, 0x84, 0x4f, 0x0e, 0x00,
    0x00, 0x49, 0x89, 0xc1, 0x49, 0x89, 0x46, 0x50, 0x41, 0x83, 0xfc, 0x05,
    0x4c, 0x8b, 0x85, 0x60, 0xff, 0xff, 0xff, 0x48, 0x89, 0x45, 0x90, 0x66,
    0x0f, 0x28, 0xad, 0x70, 0xff, 0xff, 0xff, 0x0f, 0x87, 0x2a, 0x03, 0x00,
    0x00, 0x41, 0x83, 0xff, 0x0e, 0x0f, 0x87, 0x20, 0x03, 0x00, 0x00, 0x45,
    0x85, 0xc0, 0x7e, 0x20, 0x44, 0x89, 0xc2, 0x83, 0xe2, 0x0f, 0x44, 0x89,
    0xc0, 0xc1, 0xe8, 0x04, 0xb9, 0x02, 0x00, 0x00, 0x00, 0x41, 0xf7, 0xc0,
    0x00, 0x01, 0x00, 0x00, 0x75, 0x55, 0x66, 0x0f, 0x28, 0xc5, 0xeb, 0x63,
    0xb9, 0x02, 0x00, 0x00, 0x00, 0x0f, 0x84, 0xce, 0x00, 0x00, 0x00, 0x44,
    0x89, 0xc0, 0xf7, 0xd8, 0x89, 0xc2, 0x83, 0xe2, 0x0f, 0xf2, 0x0f, 0x10,
    0x04, 0xd5, 0x20, 0xf3, 0x41, 0x00, 0xf2, 0x0f, 0x59, 0xc5, 0x83, 0xf8,
    0x10, 0x72, 0x7c, 0xc1, 0xe8, 0x04, 0xba, 0xf0, 0xf3, 0x41, 0x00, 0xeb,
    0x12, 0x0f, 0x1f, 0x00, 0x89, 0xc6, 0xd1, 0xee, 0x48, 0x83, 0xc2, 0x08,
    0x83, 0xf8, 0x01, 0x89, 0xf0, 0x76, 0x60, 0xa8, 0x01, 0x74, 0xed, 0xff,
    0xc1, 0xf2, 0x0f, 0x59, 0x02, 0xeb, 0xe5, 0x83, 0xe0, 0x0f, 0x66, 0x0f,
    0x28, 0xc5, 0xf2, 0x0f, 0x5e, 0x05, 0xa6, 0xfe, 0x00, 0x00, 0xb9, 0x03,
    0x00, 0x00, 0x00, 0xf2, 0x0f, 0x10, 0x0c, 0xd5, 0x20, 0xf3, 0x41, 0x00,
    0x85, 0xc0, 0x74, 0x2f, 0xba, 0xf0, 0xf3, 0x41, 0x00, 0xeb, 0x1c, 0x66,
    0x66, 0x66, 0x66, 0x2e, 0x0f, 0x1f, 0x84, 0x00, 0x00, 0x00, 0x00, 0x00,
    0x89, 0xc6, 0xd1, 0xee, 0x48, 0x83, 0xc2, 0x08, 0x83, 0xf8, 0x01, 0x89,
    0xf0, 0x76, 0x0c, 0xa8, 0x01, 0x74, 0xed, 0xff, 0xc1, 0xf2, 0x0f, 0x59,
    0x0a, 0xeb, 0xe5, 0xf2, 0x0f, 0x5e, 0xc1, 0x83, 0x7d, 0xb8, 0x17, 0x72,
    0x3a, 0xf2, 0x0f, 0x10, 0x0d, 0xe3, 0x0d, 0x01, 0x00, 0x66, 0x0f, 0x2e,
    0xc8, 0x76, 0x2c, 0x45, 0x85, 0xff, 0x7e, 0x27, 0x83, 0x7d, 0xc4, 0x00,
    0x0f, 0x8e, 0x35, 0x02, 0x00, 0x00, 0x41, 0x8d, 0x40, 0xff, 0xf2, 0x0f,
    0x59, 0x05, 0xd2, 0x0d, 0x01, 0x00, 0xff, 0xc1, 0x8b, 0x55, 0xc4, 0xeb,
    0x10, 0x66, 0x0f, 0x28, 0xc5, 0x83, 0x7d, 0xb8, 0x17, 0x73, 0xc6, 0x44,
    0x89, 0xc0, 0x44, 0x89, 0xfa, 0x0f, 0x57, 0xc9, 0xf2, 0x0f, 0x2a, 0xc9,
    0xf2, 0x0f, 0x59, 0xc8, 0xf2, 0x0f, 0x58, 0x0d, 0xc8, 0x0d, 0x01, 0x00,
    0x66, 0x48, 0x0f, 0x7e, 0xc9, 0x48, 0xbe, 0x00, 0x00, 0x00, 0x00, 0x00,
    0x00, 0xc0, 0xfc, 0x48, 0x01, 0xce, 0x66, 0x48, 0x0f, 0x6e, 0xde, 0x85,
    0xd2, 0x0f, 0x84, 0xc1, 0x00, 0x00, 0x00, 0x8d, 0x4a, 0xff, 0xf2, 0x0f,
    0x10, 0x0c, 0xcd, 0x20, 0xf3, 0x41, 0x00, 0x83, 0xbd, 0x58, 0xff, 0xff,
    0xff, 0x00, 0x0f, 0x84, 0xd3, 0x00, 0x00, 0x00, 0xf2, 0x0f, 0x10, 0x15,
    0x78, 0x0d, 0x01, 0x00, 0xf2, 0x0f, 0x5e, 0xd1, 0xf2, 0x0f, 0x5c, 0xd3,
    0xf2, 0x0f, 0x2c, 0xc8, 0x66, 0x0f, 0xe6, 0xc8, 0xf3, 0x0f, 0xe6, 0xc9,
    0xf2, 0x0f, 0x5c, 0xc1, 0x80, 0xc1, 0x30, 0x4d, 0x8d, 0x61, 0x01, 0x41,
    0x88, 0x09, 0x66, 0x0f, 0x2e, 0xd0, 0x0f, 0x87, 0xc9, 0x07, 0x00, 0x00,
    0x83, 0xfa, 0x02, 0xb9, 0x01, 0x00, 0x00, 0x00, 0x0f, 0x4d, 0xca, 0xff,
    0xc9, 0xf2, 0x0f, 0x10, 0x0d, 0x17, 0x0d, 0x01, 0x00, 0xf2, 0x0f, 0x10,
    0x1d, 0x1f, 0x0d, 0x01, 0x00, 0x66, 0x66, 0x66, 0x66, 0x66, 0x66, 0x2e,
    0x0f, 0x1f, 0x84, 0x00, 0x00, 0x00, 0x00, 0x00, 0x66, 0x0f, 0x28, 0xe1,
    0xf2, 0x0f, 0x5c, 0xe0, 0x66, 0x0f, 0x2e, 0xd4, 0x0f, 0x87, 0x1d, 0x01,
    0x00, 0x00, 0x83, 0xe9, 0x01, 0x0f, 0x82, 0x4c, 0x01, 0x00, 0x00, 0xf2,
    0x0f, 0x59, 0xd3, 0xf2, 0x0f, 0x59, 0xc3, 0xf2, 0x0f, 0x2c, 0xd0, 0x66,
    0x0f, 0xe6, 0xe0, 0xf3, 0x0f, 0xe6, 0xe4, 0xf2, 0x0f, 0x5c, 0xc4, 0x80,
    0xc2, 0x30, 0x41, 0x88, 0x14, 0x24, 0x49, 0xff, 0xc4, 0x66, 0x0f, 0x2e,
    0xd0, 0x76, 0xbd, 0xe9, 0x55, 0x07, 0x00, 0x00, 0xf2, 0x0f, 0x58, 0x05,
    0xf8, 0x0c, 0x01, 0x00, 0x66, 0x0f, 0x2e, 0xc3, 0x0f, 0x86, 0xe9, 0x00,
    0x00, 0x00, 0x45, 0x31, 0xf6, 0x41, 0x89, 0xc0, 0x31, 0xc9, 0x4c, 0x8b,
    0x7d, 0xb0, 0x4c, 0x8b, 0x6d, 0xd0, 0x48, 0x8b, 0x5d, 0xc8, 0xe9, 0x44,
    0x05, 0x00, 0x00, 0xf2, 0x0f, 0x2c, 0xf0, 0x66, 0x0f, 0xe6, 0xd0, 0xf2,
    0x0f, 0x59, 0xcb, 0xf3, 0x0f, 0xe6, 0xd2, 0xf2, 0x0f, 0x5c, 0xc2, 0x40,
    0x80, 0xc6, 0x30, 0x4d, 0x8d, 0x61, 0x01, 0x41, 0x88, 0x31, 0x83, 0xfa,
    0x01, 0x0f, 0x84, 0x7e, 0x00, 0x00, 0x00, 0x83, 0xfa, 0x02, 0x74, 0x52,
    0x89, 0xca, 0x83, 0xe2, 0xfe, 0xf2, 0x0f, 0x10, 0x15, 0x63, 0x0c, 0x01,
    0x00, 0x0f, 0x1f, 0x00, 0xf2, 0x0f, 0x59, 0xc2, 0xf2, 0x0f, 0x2c, 0xf0,
    0x66, 0x0f, 0xe6, 0xd8, 0xf3, 0x0f, 0xe6, 0xdb, 0xf2, 0x0f, 0x5c, 0xc3,
    0x40, 0x80, 0xc6, 0x30, 0xf2, 0x0f, 0x59, 0xc2, 0xf2, 0x0f, 0x2c, 0xf8,
    0x66, 0x0f, 0xe6, 0xd8, 0x41, 0x88, 0x34, 0x24, 0xf3, 0x0f, 0xe6, 0xdb,
    0xf2, 0x0f, 0x5c, 0xc3, 0x40, 0x80, 0xc7, 0x30, 0x41, 0x88, 0x7c, 0x24,
    0x01, 0x49, 0x83, 0xc4, 0x02, 0x83, 0xc2, 0xfe, 0x75, 0xbe, 0xf6, 0xc1,
    0x01, 0x74, 0x22, 0xf2, 0x0f, 0x59, 0x05, 0x11, 0x0c, 0x01, 0x00, 0xf2,
    0x0f, 0x2c, 0xc8, 0x66, 0x0f, 0xe6, 0xd0, 0xf3, 0x0f, 0xe6, 0xd2, 0xf2,
    0x0f, 0x5c, 0xc2, 0x80, 0xc1, 0x30, 0x41, 0x88, 0x0c, 0x24, 0x49, 0xff,
    0xc4, 0xf2, 0x0f, 0x10, 0x15, 0xff, 0x0b, 0x01, 0x00, 0xf2, 0x0f, 0x58,
    0xd1, 0x66, 0x0f, 0x2e, 0xc2, 0x0f, 0x86, 0x43, 0x06, 0x00, 0x00, 0x41,
    0x89, 0xc0, 0x4c, 0x8b, 0x7d, 0xb0, 0x4c, 0x8b, 0x6d, 0xd0, 0x48, 0x8b,
    0x5d, 0xc8, 0xe9, 0xdb, 0x05, 0x00, 0x00, 0x66, 0x0f, 0x57, 0x1d, 0x65,
    0x22, 0x01, 0x00, 0x66, 0x0f, 0x2e, 0xd8, 0x76, 0x16, 0x45, 0x31, 0xf6,
    0x31, 0xf6, 0x4c, 0x8b, 0x7d, 0xb0, 0x4c, 0x8b, 0x6d, 0xd0, 0x48, 0x8b,
    0x5d, 0xc8, 0xe9, 0x99, 0x06, 0x00, 0x00, 0x8b, 0x8d, 0x44, 0xff, 0xff,
    0xff, 0x85, 0xc9, 0x0f, 0x99, 0xc0, 0x41, 0x83, 0xf8, 0x0f, 0x0f, 0x9c,
    0xc2, 0x84, 0xc2, 0x48, 0x8b, 0x75, 0x88, 0x74, 0x50, 0x49, 0x63, 0xc0,
    0xf2, 0x0f, 0x10, 0x04, 0xc5, 0x20, 0xf3, 0x41, 0x00, 0x83, 0x7d, 0xa0,
    0x00, 0x79, 0x7f, 0x45, 0x85, 0xff, 0x7f, 0x7a, 0x45, 0x31, 0xf6, 0x45,
    0x85, 0xff, 0x4c, 0x8b, 0x6d, 0xd0, 0x48, 0x8b, 0x5d, 0xc8, 0x0f, 0x88,
    0x4e, 0x06, 0x00, 0x00, 0xf2, 0x0f, 0x59, 0x05, 0x64, 0x0b, 0x01, 0x00,
    0x66, 0x0f, 0x2e, 0xc5, 0xbe, 0x00, 0x00, 0x00, 0x00, 0xb9, 0x00, 0x00,
    0x00, 0x00, 0x4c, 0x8b, 0x7d, 0xb0, 0x0f, 0x82, 0xeb, 0x03, 0x00, 0x00,
    0xe9, 0x2f, 0x06, 0x00, 0x00, 0x83, 0xbd, 0x58, 0xff, 0xff, 0xff, 0x00,
    0x0f, 0x84, 0xd4, 0x00, 0x00, 0x00, 0x83, 0xbd, 0x50, 0xff, 0xff, 0xff,
    0x01, 0x0f, 0x8f, 0xda, 0x00, 0x00, 0x00, 0x81, 0xc1, 0x33, 0x04, 0x00,
    0x00, 0xb8, 0x36, 0x00, 0x00, 0x00, 0x2b, 0x85, 0x40, 0xff, 0xff, 0xff,
    0x83, 0xbd, 0x38, 0xff, 0xff, 0xff, 0x00, 0x0f, 0x44, 0xc1, 0x41, 0x89,
    0xf4, 0x44, 0x8b, 0x75, 0xac, 0xe9, 0xed, 0x00, 0x00, 0x00, 0x66, 0x0f,
    0x28, 0xcd, 0xf2, 0x0f, 0x5e, 0xc8, 0xf2, 0x0f, 0x2c, 0xc1, 0x66, 0x0f,
    0xe6, 0xc9, 0xf3, 0x0f, 0xe6, 0xc9, 0xf2, 0x0f, 0x59, 0xc8, 0xf2, 0x0f,
    0x5c, 0xe9, 0x8d, 0x48, 0x30, 0x4d, 0x8d, 0x61, 0x01, 0x41, 0x88, 0x09,
    0x41, 0x83, 0xff, 0x01, 0x4c, 0x8b, 0x6d, 0xd0, 0x48, 0x8b, 0x5d, 0xc8,
    0x74, 0x55, 0x41, 0xff, 0xcf, 0xf2, 0x0f, 0x10, 0x0d, 0xbf, 0x0a, 0x01,
    0x00, 0x66, 0x0f, 0x57, 0xd2, 0x66, 0x66, 0x2e, 0x0f, 0x1f, 0x84, 0x00,
    0x00, 0x00, 0x00, 0x00, 0xf2, 0x0f, 0x59, 0xe9, 0x66, 0x0f, 0x2e, 0xea,
    0x75, 0x06, 0x0f, 0x8b, 0x45, 0x05, 0x00, 0x00, 0x66, 0x0f, 0x28, 0xdd,
    0xf2, 0x0f, 0x5e, 0xd8, 0xf2, 0x0f, 0x2c, 0xc3, 0x66, 0x0f, 0xe6, 0xdb,
    0xf3, 0x0f, 0xe6, 0xdb, 0xf2, 0x0f, 0x59, 0xd8, 0xf2, 0x0f, 0x5c, 0xeb,
    0x8d, 0x48, 0x30, 0x41, 0x88, 0x0c, 0x24, 0x49, 0xff, 0xc4, 0x41, 0xff,
    0xcf, 0x75, 0xc5, 0xf2, 0x0f, 0x58, 0xed, 0x66, 0x0f, 0x2e, 0xe8, 0x0f,
    0x86, 0x58, 0x04, 0x00, 0x00, 0x4c, 0x8b, 0x7d, 0xb0, 0xe9, 0x6c, 0x04,
    0x00, 0x00, 0xb2, 0x01, 0x31, 0xc0, 0x44, 0x8b, 0x75, 0xac, 0x89, 0xf1,
    0x48, 0x89, 0x8d, 0x58, 0xff, 0xff, 0xff, 0xeb, 0x58, 0x41, 0x8d, 0x4f,
    0xff, 0x8b, 0x7d, 0xac, 0x89, 0xfa, 0x29, 0xca, 0x41, 0x89, 0xce, 0x44,
    0x0f, 0x4f, 0xf7, 0xf7, 0xda, 0x31, 0xc0, 0x29, 0xcf, 0x0f, 0x4c, 0xf8,
    0x89, 0x7d, 0xac, 0x0f, 0x4d, 0xd0, 0x01, 0x55, 0x9c, 0x44, 0x89, 0xf9,
    0xc1, 0xf9, 0x1f, 0x44, 0x21, 0xf9, 0x41, 0x89, 0xf4, 0x41, 0x29, 0xcc,
    0x45, 0x85, 0xff, 0x41, 0x0f, 0x4f, 0xc7, 0x01, 0xc6, 0x48, 0x89, 0xb5,
    0x58, 0xff, 0xff, 0xff, 0x01, 0xc3, 0x48, 0x8b, 0x7d, 0xd0, 0xbe, 0x01,
    0x00, 0x00, 0x00, 0xe8, 0x38, 0x10, 0x00, 0x00, 0x31, 0xd2, 0x44, 0x89,
    0xe6, 0x85, 0xf6, 0x7e, 0x1f, 0x85, 0xdb, 0x7e, 0x1b, 0x39, 0xde, 0x89,
    0xd9, 0x0f, 0x42, 0xce, 0x48, 0x8b, 0xbd, 0x58, 0xff, 0xff, 0xff, 0x29,
    0xcf, 0x48, 0x89, 0xbd, 0x58, 0xff, 0xff, 0xff, 0x29, 0xce, 0x29, 0xcb,
    0x45, 0x85, 0xf6, 0x48, 0x89, 0x75, 0x88, 0x48, 0x89, 0x85, 0x70, 0xff,
    0xff, 0xff, 0x89, 0x95, 0x38, 0xff, 0xff, 0xff, 0x7e, 0x6a, 0x84, 0xd2,
    0x75, 0x6c, 0x8b, 0x55, 0xac, 0x85, 0xd2, 0x7e, 0x5a, 0x44, 0x89, 0xb5,
    0x34, 0xff, 0xff, 0xff, 0x4c, 0x8b, 0x75, 0xd0, 0x4c, 0x89, 0xf7, 0x48,
    0x8b, 0xb5, 0x70, 0xff, 0xff, 0xff, 0xe8, 0xa5, 0x13, 0x00, 0x00, 0x4c,
    0x89, 0xf7, 0x48, 0x89, 0x85, 0x70, 0xff, 0xff, 0xff, 0x48, 0x89, 0xc6,
    0x4c, 0x8b, 0x65, 0xc8, 0x4c, 0x89, 0xe2, 0xe8, 0x5c, 0x10, 0x00, 0x00,
    0x48, 0x89, 0x85, 0x28, 0xff, 0xff, 0xff, 0x4c, 0x89, 0xf7, 0x44, 0x8b,
    0xb5, 0x34, 0xff, 0xff, 0xff, 0x4c, 0x89, 0xe6, 0xe8, 0x43, 0x0b, 0x00,
    0x00, 0x8b, 0x55, 0xac, 0x48, 0x8b, 0x85, 0x28, 0xff, 0xff, 0xff, 0x48,
    0x89, 0x45, 0xc8, 0x41, 0x29, 0xd6, 0x75, 0x06, 0x4c, 0x8b, 0x75, 0xd0,
    0xeb, 0x17, 0x44, 0x89, 0xf2, 0x4c, 0x8b, 0x75, 0xd0, 0x4c, 0x89, 0xf7,
    0x48, 0x8b, 0x75, 0xc8, 0xe8, 0x47, 0x13, 0x00, 0x00, 0x48, 0x89, 0x45,
    0xc8, 0x41, 0xbc, 0x01, 0x00, 0x00, 0x00, 0x4c, 0x89, 0xf7, 0xbe, 0x01,
    0x00, 0x00, 0x00, 0xe8, 0x60, 0x0f, 0x00, 0x00, 0x48, 0x89, 0xc6, 0x8b,
    0x55, 0x9c, 0x85, 0xd2, 0x7e, 0x0e, 0x4c, 0x89, 0xf7, 0xe8, 0x1e, 0x13,
    0x00, 0x00, 0x8b, 0x55, 0x9c, 0x48, 0x89, 0xc6, 0x4c, 0x8b, 0xb5, 0x70,
    0xff, 0xff, 0xff, 0x83, 0xbd, 0x50, 0xff, 0xff, 0xff, 0x02, 0x0f, 0x9c,
    0xc0, 0x41, 0x81, 0xe5, 0xff, 0xff, 0x0f, 0x00, 0x44, 0x0b, 0xad, 0x48,
    0xff, 0xff, 0xff, 0x0f, 0x94, 0xc1, 0x83, 0xbd, 0x30, 0xff, 0xff, 0xff,
    0x00, 0x40, 0x0f, 0x95, 0xc7, 0x40, 0x20, 0xc7, 0x40, 0x20, 0xcf, 0x40,
    0x88, 0x7d, 0x9c, 0x44, 0x0f, 0xb6, 0xef, 0x44, 0x01, 0xeb, 0x85, 0xd2,
    0x74, 0x1c, 0x48, 0x63, 0x46, 0x14, 0x8b, 0x7c, 0x86, 0x14, 0x49, 0x89,
    0xf4, 0xe8, 0xe6, 0x0d, 0x00, 0x00, 0x4c, 0x89, 0xe6, 0x41, 0xbc, 0x20,
    0x00, 0x00, 0x00, 0x41, 0x29, 0xc4, 0x48, 0x8b, 0x95, 0x58, 0xff, 0xff,
    0xff, 0x44, 0x01, 0xea, 0x41, 0x01, 0xdc, 0x41, 0x83, 0xe4, 0x1f, 0xb8,
    0x20, 0x00, 0x00, 0x00, 0x44, 0x29, 0xe0, 0x45, 0x85, 0xe4, 0x41, 0x0f,
    0x44, 0xc4, 0x83, 0xf8, 0x05, 0x72, 0x19, 0x01, 0xc2, 0x83, 0xc2, 0xfc,
    0x48, 0x8b, 0x4d, 0x88, 0x01, 0xc1, 0x83, 0xc1, 0xfc, 0x01, 0xc3, 0x83,
    0xc3, 0xfc, 0x48, 0x8b, 0x7d, 0xd0, 0xeb, 0x1c, 0x83, 0xf8, 0x04, 0x48,
    0x8b, 0x7d, 0xd0, 0x48, 0x8b, 0x4d, 0x88, 0x74, 0x0f, 0x01, 0xc2, 0x83,
    0xc2, 0x1c, 0x01, 0xc1, 0x83, 0xc1, 0x1c, 0x01, 0xc3, 0x83, 0xc3, 0x1c,
    0x48, 0x89, 0x4d, 0x88, 0x4d, 0x89, 0xfc, 0x85, 0xd2, 0x7e, 0x37, 0x49,
    0x89, 0xff, 0x49, 0x89, 0xf5, 0x48, 0x8b, 0x75, 0xc8, 0xe8, 0xa6, 0x13,
    0x00, 0x00, 0x4c, 0x89, 0xee, 0x48, 0x89, 0x45, 0xc8, 0x85, 0xdb, 0x7e,
    0x24, 0x4d, 0x89, 0xfd, 0x4c, 0x89, 0xff, 0x89, 0xda, 0xe8, 0x8e, 0x13,
    0x00, 0x00, 0x48, 0x89, 0xc6, 0x48, 0x8b, 0x5d, 0xc8, 0x4c, 0x8b, 0x85,
    0x60, 0xff, 0xff, 0xff, 0xeb, 0x15, 0x49, 0x89, 0xff, 0x85, 0xdb, 0x7f,
    0xdc, 0x48, 0x8b, 0x5d, 0xc8, 0x4c, 0x8b, 0x85, 0x60, 0xff, 0xff, 0xff,
    0x4d, 0x89, 0xfd, 0x83, 0x7d, 0xb8, 0x17, 0x48, 0x89, 0x75, 0xb8, 0x4d,
    0x89, 0xe7, 0x72, 0x1f, 0x48, 0x89, 0xdf, 0x48, 0x8b, 0x75, 0xb8, 0xe8,
    0xb0, 0x15, 0x00, 0x00, 0x48, 0x8b, 0x75, 0xb8, 0x4c, 0x8b, 0x85, 0x60,
    0xff, 0xff, 0xff, 0x85, 0xc0, 0x0f, 0x88, 0x5e, 0x01, 0x00, 0x00, 0x83,
    0xbd, 0x50, 0xff, 0xff, 0xff, 0x03, 0x0f, 0x8c, 0x8b, 0x00, 0x00, 0x00,
    0x45, 0x85, 0xff, 0x0f, 0x8f, 0x82, 0x00, 0x00, 0x00, 0x44, 0x89, 0xf9,
    0x4c, 0x8b, 0x7d, 0xb0, 0x85, 0xc9, 0x0f, 0x88, 0x90, 0x01, 0x00, 0x00,
    0x4c, 0x89, 0xef, 0xba, 0x05, 0x00, 0x00, 0x00, 0x31, 0xc9, 0x4c, 0x89,
    0xb5, 0x70, 0xff, 0xff, 0xff, 0x4d, 0x89, 0xc6, 0xe8, 0x8f, 0x09, 0x00,
    0x00, 0x4d, 0x89, 0xfc, 0x4d, 0x89, 0xef, 0x49, 0x89, 0xc5, 0x48, 0x89,
    0xdf, 0x48, 0x89, 0xc6, 0xe8, 0x4b, 0x15, 0x00, 0x00, 0x4c, 0x89, 0xee,
    0x4d, 0x89, 0xfd, 0x4d, 0x89, 0xe7, 0x4d, 0x89, 0xf0, 0x4c, 0x8b, 0xb5,
    0x70, 0xff, 0xff, 0xff, 0x48, 0x89, 0xf1, 0x85, 0xc0, 0x4c, 0x8b, 0x4d,
    0x90, 0x0f, 0x8e, 0x49, 0x02, 0x00, 0x00, 0x4d, 0x89, 0xcc, 0x49, 0xff,
    0xc4, 0x41, 0xc6, 0x01, 0x31, 0x41, 0xff, 0xc0, 0x4c, 0x89, 0x85, 0x60,
    0xff, 0xff, 0xff, 0x48, 0xc7, 0x45, 0xa0, 0x00, 0x00, 0x00, 0x00, 0x48,
    0x89, 0xce, 0xe9, 0xed, 0x05, 0x00, 0x00, 0x80, 0xbd, 0x38, 0xff, 0xff,
    0xff, 0x00, 0x0f, 0x84, 0x89, 0x00, 0x00, 0x00, 0x4c, 0x89, 0x85, 0x60,
    0xff, 0xff, 0xff, 0x48, 0x89, 0xdf, 0xe8, 0xa9, 0x06, 0x00, 0x00, 0x41,
    0x89, 0xc6, 0x41, 0x83, 0xc6, 0x30, 0x48, 0x8b, 0x45, 0x90, 0x4c, 0x8d,
    0x60, 0x01, 0x44, 0x88, 0x30, 0x41, 0x83, 0xff, 0x02, 0x0f, 0x8c, 0xab,
    0x01, 0x00, 0x00, 0x41, 0xff, 0xcf, 0x48, 0xc7, 0x45, 0xa0, 0x00, 0x00,
    0x00, 0x00, 0x4c, 0x8b, 0x6d, 0xb8, 0x66, 0x66, 0x66, 0x66, 0x66, 0x2e,
    0x0f, 0x1f, 0x84, 0x00, 0x00, 0x00, 0x00, 0x00, 0x48, 0x8b, 0x7d, 0xd0,
    0x48, 0x89, 0xde, 0xba, 0x0a, 0x00, 0x00, 0x00, 0x31, 0xc9, 0xe8, 0xcd,
    0x08, 0x00, 0x00, 0x48, 0x89, 0xc3, 0x48, 0x89, 0xc7, 0x4c, 0x89, 0xee,
    0xe8, 0x4f, 0x06, 0x00, 0x00, 0x41, 0x89, 0xc6, 0x41, 0x83, 0xc6, 0x30,
    0x45, 0x88, 0x34, 0x24, 0x49, 0xff, 0xc4, 0x41, 0xff, 0xcf, 0x75, 0xcc,
    0x4c, 0x8b, 0x7d, 0xb0, 0x4c, 0x8b, 0x6d, 0xd0, 0xe9, 0x59, 0x01, 0x00,
    0x00, 0x44, 0x89, 0xf9, 0x89, 0x4d, 0xc4, 0x4c, 0x89, 0x85, 0x60, 0xff,
    0xff, 0xff, 0x48, 0x8b, 0x55, 0x88, 0x85, 0xd2, 0x0f, 0x8e, 0xba, 0x01,
    0x00, 0x00, 0x4c, 0x89, 0xef, 0x4c, 0x89, 0xf6, 0xe8, 0xeb, 0x11, 0x00,
    0x00, 0x49, 0x89, 0xc6, 0x48, 0x89, 0x45, 0xa0, 0xe9, 0xa7, 0x01, 0x00,
    0x00, 0x41, 0xff, 0xc8, 0x4d, 0x89, 0xc6, 0x4c, 0x89, 0xef, 0x48, 0x89,
    0xde, 0xba, 0x0a, 0x00, 0x00, 0x00, 0x31, 0xc9, 0xe8, 0x57, 0x08, 0x00,
    0x00, 0x48, 0x89, 0xc3, 0x80, 0xbd, 0x38, 0xff, 0xff, 0xff, 0x00, 0x0f,
    0x84, 0x50, 0x03, 0x00, 0x00, 0x83, 0xbd, 0x50, 0xff, 0xff, 0xff, 0x03,
    0x4c, 0x8b, 0x7d, 0xb0, 0x8b, 0x4d, 0xc4, 0x0f, 0x8c, 0x61, 0x05, 0x00,
    0x00, 0x85, 0xc9, 0x4d, 0x89, 0xf0, 0x48, 0x8b, 0x75, 0xb8, 0x0f, 0x8f,
    0x4a, 0x05, 0x00, 0x00, 0x4c, 0x8b, 0xb5, 0x70, 0xff, 0xff, 0xff, 0xe9,
    0x68, 0xfe, 0xff, 0xff, 0x4c, 0x8b, 0x4d, 0x90, 0xe9, 0xff, 0x00, 0x00,
    0x00, 0x66, 0x0f, 0x2e, 0xe8, 0x4c, 0x8b, 0x7d, 0xb0, 0x0f, 0x85, 0xe7,
    0x04, 0x00, 0x00, 0x0f, 0x8a, 0xe1, 0x04, 0x00, 0x00, 0x83, 0xe0, 0x01,
    0x0f, 0x84, 0xd8, 0x04, 0x00, 0x00, 0x49, 0xff, 0xcc, 0x66, 0x66, 0x66,
    0x66, 0x66, 0x66, 0x2e, 0x0f, 0x1f, 0x84, 0x00, 0x00, 0x00, 0x00, 0x00,
    0x4c, 0x89, 0xe0, 0x41, 0x0f, 0xb6, 0x0c, 0x24, 0x80, 0xf9, 0x39, 0x75,
    0x1b, 0x4c, 0x8d, 0x60, 0xff, 0x4c, 0x39, 0xc8, 0x75, 0xea, 0x41, 0xff,
    0xc0, 0x4c, 0x89, 0x85, 0x60, 0xff, 0xff, 0xff, 0x41, 0xc6, 0x01, 0x30,
    0xb1, 0x31, 0xeb, 0x0c, 0x4c, 0x89, 0x85, 0x60, 0xff, 0xff, 0xff, 0xfe,
    0xc1, 0x49, 0x89, 0xc1, 0x41, 0x88, 0x09, 0x48, 0xff, 0xc0, 0x49, 0x89,
    0xc4, 0xe9, 0x84, 0x04, 0x00, 0x00, 0xf2, 0x0f, 0x10, 0x15, 0xa6, 0x05,
    0x01, 0x00, 0xf2, 0x0f, 0x5c, 0xd1, 0x66, 0x0f, 0x2e, 0xd0, 0x0f, 0x86,
    0xd2, 0x02, 0x00, 0x00, 0x49, 0xff, 0xc4, 0x0f, 0x1f, 0x44, 0x00, 0x00,
    0x41, 0x80, 0x7c, 0x24, 0xfe, 0x30, 0x4d, 0x8d, 0x64, 0x24, 0xff, 0x74,
    0xf3, 0x48, 0x89, 0x85, 0x60, 0xff, 0xff, 0xff, 0x4c, 0x8b, 0x7d, 0xb0,
    0x4c, 0x8b, 0x6d, 0xd0, 0x48, 0x8b, 0x5d, 0xc8, 0xe9, 0x41, 0x04, 0x00,
    0x00, 0x4c, 0x8b, 0x7d, 0xb0, 0xe9, 0x38, 0x04, 0x00, 0x00, 0x48, 0xc7,
    0x45, 0xa0, 0x00, 0x00, 0x00, 0x00, 0x4c, 0x8b, 0x7d, 0xb0, 0x4c, 0x89,
    0xef, 0x48, 0x89, 0xde, 0xba, 0x01, 0x00, 0x00, 0x00, 0xe8, 0xa6, 0x10,
    0x00, 0x00, 0x48, 0x89, 0xc3, 0x48, 0x89, 0xc7, 0x48, 0x8b, 0x75, 0xb8,
    0xe8, 0xf7, 0x12, 0x00, 0x00, 0x85, 0xc0, 0x7e, 0x30, 0x48, 0x8b, 0xb5,
    0x60, 0xff, 0xff, 0xff, 0x48, 0x8b, 0x7d, 0x90, 0xeb, 0x3e, 0x31, 0xf6,
    0x4c, 0x8b, 0x7d, 0xb0, 0x48, 0x8b, 0x45, 0xa0, 0xf7, 0xd0, 0x48, 0xc7,
    0x45, 0xa0, 0x00, 0x00, 0x00, 0x00, 0x48, 0x89, 0x85, 0x60, 0xff, 0xff,
    0xff, 0x4d, 0x89, 0xcc, 0xe9, 0xab, 0x03, 0x00, 0x00, 0x48, 0x8b, 0xb5,
    0x60, 0xff, 0xff, 0xff, 0x48, 0x8b, 0x7d, 0x90, 0x0f, 0x85, 0x3b, 0x03,
    0x00, 0x00, 0x41, 0x83, 0xe6, 0x01, 0x0f, 0x84, 0x31, 0x03, 0x00, 0x00,
    0x4c, 0x8b, 0xb5, 0x70, 0xff, 0xff, 0xff, 0xe9, 0xe3, 0x02, 0x00, 0x00,
    0x4c, 0x89, 0x75, 0xa0, 0x48, 0x8b, 0x45, 0x90, 0x48, 0x8b, 0x8d, 0x48,
    0xff, 0xff, 0xff, 0x0f, 0xb6, 0x55, 0x9c, 0x84, 0xd2, 0x74, 0x5c, 0x49,
    0x89, 0xde, 0x4c, 0x8b, 0x7d, 0xa0, 0x41, 0x8b, 0x77, 0x08, 0x4c, 0x89,
    0xef, 0xe8, 0xf2, 0x05, 0x00, 0x00, 0x48, 0x85, 0xc0, 0x0f, 0x84, 0x07,
    0x04, 0x00, 0x00, 0x48, 0x89, 0xc3, 0x48, 0x89, 0xc7, 0x48, 0x83, 0xc7,
    0x10, 0x49, 0x8d, 0x77, 0x10, 0x49, 0x63, 0x47, 0x14, 0x48, 0x8d, 0x14,
    0x85, 0x08, 0x00, 0x00, 0x00, 0xe8, 0x9a, 0xc6, 0x00, 0x00, 0x4c, 0x89,
    0xef, 0x48, 0x89, 0xde, 0xba, 0x01, 0x00, 0x00, 0x00, 0xe8, 0xda, 0x0f,
    0x00, 0x00, 0x4c, 0x89, 0xf3, 0x49, 0x89, 0xc6, 0x48, 0x8b, 0x45, 0x90,
    0x48, 0x8b, 0x8d, 0x48, 0xff, 0xff, 0xff, 0x49, 0x89, 0xdd, 0x83, 0xe1,
    0x01, 0x0b, 0x8d, 0x50, 0xff, 0xff, 0xff, 0x48, 0x89, 0x8d, 0x48, 0xff,
    0xff, 0xff, 0xff, 0x4d, 0xc4, 0x4c, 0x8d, 0x60, 0x01, 0x4c, 0x8b, 0x7d,
    0xb8, 0x4c, 0x89, 0xf3, 0xeb, 0x2f, 0x48, 0x89, 0xdf, 0xba, 0x0a, 0x00,
    0x00, 0x00, 0x31, 0xc9, 0xe8, 0x27, 0x06, 0x00, 0x00, 0x48, 0x89, 0x45,
    0xa0, 0x48, 0x89, 0xdf, 0x4c, 0x89, 0xf6, 0xba, 0x0a, 0x00, 0x00, 0x00,
    0x31, 0xc9, 0xe8, 0x11, 0x06, 0x00, 0x00, 0x48, 0x89, 0xc3, 0x49, 0xff,
    0xc4, 0x4c, 0x8b, 0x7d, 0xb8, 0x4c, 0x89, 0xef, 0x4c, 0x89, 0xfe, 0xe8,
    0x8c, 0x03, 0x00, 0x00, 0x41, 0x89, 0xc6, 0x4c, 0x89, 0x6d, 0xc8, 0x4c,
    0x89, 0xef, 0x48, 0x8b, 0x75, 0xa0, 0xe8, 0xb9, 0x11, 0x00, 0x00, 0x89,
    0x45, 0x88, 0x4c, 0x8b, 0x6d, 0xd0, 0x4c, 0x89, 0xef, 0x4c, 0x89, 0xfe,
    0x48, 0x89, 0x9d, 0x70, 0xff, 0xff, 0xff, 0x48, 0x89, 0xda, 0xe8, 0xed,
    0x11, 0x00, 0x00, 0x49, 0x89, 0xc7, 0x4c, 0x89, 0xeb, 0x41, 0xbd, 0x01,
    0x00, 0x00, 0x00, 0x83, 0x78, 0x10, 0x00, 0x75, 0x0f, 0x48, 0x8b, 0x7d,
    0xc8, 0x4c, 0x89, 0xfe, 0xe8, 0x7f, 0x11, 0x00, 0x00, 0x41, 0x89, 0xc5,
    0x4c, 0x89, 0xb5, 0x50, 0xff, 0xff, 0xff, 0x41, 0x83, 0xc6, 0x30, 0x48,
    0x89, 0xdf, 0x4c, 0x89, 0xfe, 0xe8, 0x76, 0x05, 0x00, 0x00, 0x48, 0x8b,
    0x8d, 0x48, 0xff, 0xff, 0xff, 0x89, 0xc8, 0x44, 0x09, 0xe8, 0x0f, 0x84,
    0xff, 0x00, 0x00, 0x00, 0x8b, 0x45, 0x88, 0x85, 0xc0, 0x4c, 0x8b, 0x7d,
    0xb0, 0x0f, 0x88, 0x08, 0x01, 0x00, 0x00, 0x09, 0xc8, 0x0f, 0x84, 0x00,
    0x01, 0x00, 0x00, 0x45, 0x85, 0xed, 0x0f, 0x8f, 0x51, 0x01, 0x00, 0x00,
    0x45, 0x88, 0x74, 0x24, 0xff, 0x8b, 0x45, 0xc4, 0x83, 0xe8, 0x01, 0x4c,
    0x8b, 0x6d, 0xd0, 0x48, 0x8b, 0x5d, 0xc8, 0x0f, 0x82, 0x05, 0xfe, 0xff,
    0xff, 0x89, 0x45, 0xc4, 0x4c, 0x89, 0xef, 0x48, 0x89, 0xde, 0xba, 0x0a,
    0x00, 0x00, 0x00, 0x31, 0xc9, 0xe8, 0x36, 0x05, 0x00, 0x00, 0x4c, 0x89,
    0xeb, 0x49, 0x89, 0xc5, 0x4c, 0x8b, 0xb5, 0x70, 0xff, 0xff, 0xff, 0x48,
    0x8b, 0x75, 0xa0, 0x4c, 0x39, 0xf6, 0x0f, 0x85, 0xe6, 0xfe, 0xff, 0xff,
    0x48, 0x89, 0xdf, 0x4c, 0x89, 0xf6, 0xba, 0x0a, 0x00, 0x00, 0x00, 0x31,
    0xc9, 0xe8, 0x0a, 0x05, 0x00, 0x00, 0x48, 0x89, 0xc3, 0x49, 0xff, 0xc4,
    0x48, 0x89, 0x45, 0xa0, 0x4c, 0x8b, 0x7d, 0xb8, 0xe9, 0xf0, 0xfe, 0xff,
    0xff, 0x4c, 0x89, 0xef, 0x48, 0x8b, 0xb5, 0x70, 0xff, 0xff, 0xff, 0xba,
    0x0a, 0x00, 0x00, 0x00, 0x31, 0xc9, 0xe8, 0xe1, 0x04, 0x00, 0x00, 0x83,
    0xbd, 0x50, 0xff, 0xff, 0xff, 0x03, 0x4c, 0x8b, 0x7d, 0xb0, 0x0f, 0x8c,
    0x0d, 0x02, 0x00, 0x00, 0x8b, 0x4d, 0xc4, 0x85, 0xc9, 0x4d, 0x89, 0xf0,
    0x49, 0x89, 0xc6, 0x48, 0x8b, 0x75, 0xb8, 0x0f, 0x8e, 0x0b, 0xfb, 0xff,
    0xff, 0xe9, 0x1a, 0xfc, 0xff, 0xff, 0x31, 0xc0, 0xb2, 0x01, 0x41, 0x83,
    0xf8, 0x0e, 0x0f, 0x8f, 0xf3, 0x01, 0x00, 0x00, 0x83, 0xbd, 0x44, 0xff,
    0xff, 0xff, 0x00, 0x44, 0x8b, 0x75, 0xac, 0x48, 0x8b, 0x75, 0x88, 0x89,
    0xf1, 0x48, 0x89, 0x8d, 0x58, 0xff, 0xff, 0xff, 0x0f, 0x89, 0xfb, 0xf6,
    0xff, 0xff, 0xe9, 0x92, 0xf8, 0xff, 0xff, 0x41, 0x83, 0xfe, 0x39, 0x4c,
    0x8b, 0x7d, 0xb0, 0x0f, 0x85, 0xe2, 0x00, 0x00, 0x00, 0x4c, 0x8b, 0x6d,
    0xd0, 0x48, 0x8b, 0x5d, 0xc8, 0xeb, 0x6c, 0x45, 0x85, 0xed, 0x0f, 0x8e,
    0x04, 0x01, 0x00, 0x00, 0x4c, 0x8b, 0x6d, 0xd0, 0x4c, 0x89, 0xef, 0x48,
    0x8b, 0x75, 0xc8, 0xba, 0x01, 0x00, 0x00, 0x00, 0xe8, 0xbf, 0x0d, 0x00,
    0x00, 0x48, 0x89, 0xc3, 0x48, 0x89, 0xc7, 0x48, 0x8b, 0x75, 0xb8, 0xe8,
    0x10, 0x10, 0x00, 0x00, 0x85, 0xc0, 0x48, 0x8b, 0x8d, 0x50, 0xff, 0xff,
    0xff, 0x7f, 0x11, 0x0f, 0x85, 0xd7, 0x00, 0x00, 0x00, 0x89, 0xc8, 0x83,
    0xe0, 0x01, 0x0f, 0x84, 0xcc, 0x00, 0x00, 0x00, 0x41, 0x83, 0xfe, 0x39,
    0x74, 0x1d, 0x83, 0xc1, 0x31, 0x41, 0x89, 0xce, 0xe9, 0xbb, 0x00, 0x00,
    0x00, 0x41, 0x83, 0xfe, 0x39, 0x4c, 0x8b, 0x6d, 0xd0, 0x48, 0x8b, 0x5d,
    0xc8, 0x0f, 0x85, 0x90, 0x00, 0x00, 0x00, 0x48, 0x8b, 0xb5, 0x60, 0xff,
    0xff, 0xff, 0x48, 0x8b, 0x7d, 0x90, 0x4c, 0x8b, 0xb5, 0x70, 0xff, 0xff,
    0xff, 0x41, 0xc6, 0x44, 0x24, 0xff, 0x39, 0x48, 0x89, 0xf9, 0x4c, 0x29,
    0xe1, 0x4c, 0x89, 0xe2, 0x48, 0x89, 0xd0, 0x0f, 0xb6, 0x52, 0xff, 0x80,
    0xfa, 0x39, 0x75, 0x1c, 0x48, 0x8d, 0x50, 0xff, 0x48, 0x39, 0xfa, 0x75,
    0xeb, 0xff, 0xc6, 0x48, 0x89, 0xb5, 0x60, 0xff, 0xff, 0xff, 0x41, 0xc6,
    0x04, 0x0c, 0x31, 0x49, 0x89, 0xc4, 0xeb, 0x6c, 0x48, 0x89, 0xb5, 0x60,
    0xff, 0xff, 0xff, 0xfe, 0xc2, 0x88, 0x50, 0xff, 0x49, 0x89, 0xc4, 0xeb,
    0x5b, 0x49, 0xff, 0xc4, 0x41, 0x80, 0x7c, 0x24, 0xfe, 0x30, 0x4d, 0x8d,
    0x64, 0x24, 0xff, 0x74, 0xf3, 0xeb, 0x42, 0x48, 0x8b, 0x85, 0x50, 0xff,
    0xff, 0xff, 0x83, 0xc0, 0x31, 0x83, 0x7d, 0x88, 0x00, 0x0f, 0xb6, 0xc0,
    0x44, 0x0f, 0x4f, 0xf0, 0x45, 0x88, 0x74, 0x24, 0xff, 0x4c, 0x8b, 0x6d,
    0xd0, 0x48, 0x8b, 0x5d, 0xc8, 0xeb, 0x1e, 0x48, 0x8b, 0x85, 0x50, 0xff,
    0xff, 0xff, 0x83, 0xc0, 0x31, 0x41, 0x88, 0x44, 0x24, 0xff, 0xeb, 0x0d,
    0x4c, 0x8b, 0x6d, 0xd0, 0x48, 0x8b, 0x5d, 0xc8, 0x45, 0x88, 0x74, 0x24,
    0xff, 0x4c, 0x8b, 0xb5, 0x70, 0xff, 0xff, 0xff, 0x48, 0x8b, 0x75, 0xb8,
    0x4c, 0x89, 0xef, 0xe8, 0x20, 0x03, 0x00, 0x00, 0x4d, 0x85, 0xf6, 0x74,
    0x21, 0x48, 0x8b, 0x75, 0xa0, 0x48, 0x85, 0xf6, 0x74, 0x0d, 0x4c, 0x39,
    0xf6, 0x74, 0x08, 0x4c, 0x89, 0xef, 0xe8, 0x05, 0x03, 0x00, 0x00, 0x4c,
    0x89, 0xef, 0x4c, 0x89, 0xf6, 0xe8, 0xfa, 0x02, 0x00, 0x00, 0x4c, 0x89,
    0xef, 0x48, 0x89, 0xde, 0xe8, 0xef, 0x02, 0x00, 0x00, 0x41, 0xc6, 0x04,
    0x24, 0x00, 0x48, 0x8b, 0x8d, 0x60, 0xff, 0xff, 0xff, 0xff, 0xc1, 0x48,
    0x8b, 0x85, 0x20, 0xff, 0xff, 0xff, 0x89, 0x08, 0x4d, 0x85, 0xff, 0x48,
    0x8b, 0x45, 0x90, 0x74, 0x03, 0x4d, 0x89, 0x27, 0x48, 0x81, 0xc4, 0xb8,
    0x00, 0x00, 0x00, 0x5b, 0x41, 0x5c, 0x41, 0x5d, 0x41, 0x5e, 0x41, 0x5f,
    0x5d, 0xc3, 0x41, 0x89, 0xcf, 0xe9, 0xaa, 0xf9, 0xff, 0xff, 0x41, 0x89,
    0xcf, 0x4d, 0x89, 0xf0, 0x48, 0x8b, 0x75, 0xb8, 0xe9, 0x9b, 0xf9, 0xff,
    0xff, 0x4d, 0x89, 0xf0, 0x8b, 0x4d, 0xc4, 0x49, 0x89, 0xc6, 0xe9, 0x19,
    0xfa, 0xff, 0xff, 0x44, 0x8b, 0x75, 0xac, 0x48, 0x8b, 0x75, 0x88, 0xe9,
    0x52, 0xf6, 0xff, 0xff, 0xbf, 0x2f, 0x14, 0x42, 0x00, 0xb9, 0x4e, 0x07,
    0x42, 0x00, 0xbe, 0xaf, 0x01, 0x00, 0x00, 0x31, 0xd2, 0xe8, 0xa2, 0x19,
    0x00, 0x00, 0xbf, 0x2f, 0x14, 0x42, 0x00, 0xb9, 0x4e, 0x07, 0x42, 0x00,
    0xbe, 0xef, 0x02, 0x00, 0x00, 0x31, 0xd2, 0xe8, 0x8c, 0x19, 0x00, 0x00,
    0x66, 0x66, 0x66, 0x2e, 0x0f, 0x1f, 0x84, 0x00, 0x00, 0x00, 0x00, 0x00,
    0x55, 0x48, 0x89, 0xe5, 0x41, 0x57, 0x41, 0x56, 0x41, 0x55, 0x41, 0x54,
    0x53, 0x48, 0x83, 0xec, 0x28, 0x48, 0x89, 0xfb, 0x48, 0x63, 0x7e, 0x14,
    0x31, 0xc0, 0x39, 0x7b, 0x14, 0x0f, 0x8c, 0x8a, 0x01, 0x00, 0x00, 0x4c,
    0x8d, 0x7e, 0x18, 0x4c, 0x8d, 0x77, 0xff, 0x4c, 0x8d, 0x24, 0xbe, 0x49,
    0x83, 0xc4, 0x14, 0x4c, 0x8d, 0x6b, 0x18, 0x8b, 0x4c, 0xbb, 0x14, 0x44,
    0x8b, 0x44, 0xbe, 0x14, 0x41, 0xff, 0xc0, 0x45, 0x31, 0xc9, 0x89, 0xc8,
    0x31, 0xd2, 0x41, 0xf7, 0xf0, 0x41, 0x39, 0xc8, 0x89, 0x45, 0xd4, 0x0f,
    0x87, 0xbf, 0x00, 0x00, 0x00, 0x48, 0x89, 0x75, 0xc8, 0x48, 0x89, 0x5d,
    0xb8, 0x48, 0x89, 0x7d, 0xc0, 0x48, 0x8d, 0x0c, 0xbd, 0xfc, 0xff, 0xff,
    0xff, 0x45, 0x31, 0xd2, 0x4c, 0x89, 0xea, 0x4d, 0x89, 0xf8, 0x66, 0x2e,
    0x0f, 0x1f, 0x84, 0x00, 0x00, 0x00, 0x00, 0x00, 0x45, 0x8b, 0x18, 0x49,
    0x83, 0xc0, 0x04, 0x41, 0x0f, 0xb7, 0xdb, 0x0f, 0xaf, 0xd8, 0x44, 0x01,
    0xd3, 0x41, 0xc1, 0xeb, 0x10, 0x44, 0x0f, 0xaf, 0xd8, 0x0f, 0xb7, 0xfb,
    0xc1, 0xeb, 0x10, 0x44, 0x01, 0xdb, 0x44, 0x0f, 0xb7, 0xdb, 0x41, 0x89,
    0xda, 0x41, 0xc1, 0xea, 0x10, 0x8b, 0x1a, 0x0f, 0xb7, 0xf3, 0x29, 0xfe,
    0x44, 0x01, 0xce, 0x0f, 0xb7, 0xfe, 0xc1, 0xfe, 0x10, 0xc1, 0xeb, 0x10,
    0x44, 0x29, 0xdb, 0x01, 0xf3, 0x41, 0x89, 0xd9, 0x41, 0xc1, 0xf9, 0x10,
    0xc1, 0xe3, 0x10, 0x09, 0xdf, 0x89, 0x3a, 0x48, 0x83, 0xc2, 0x04, 0x4d,
    0x39, 0xe0, 0x76, 0xa4, 0x48, 0x8b, 0x5d, 0xb8, 0x83, 0x7c, 0x0b, 0x18,
    0x00, 0x74, 0x06, 0x48, 0x8b, 0x75, 0xc8, 0xeb, 0x2b, 0x83, 0x7d, 0xc0,
    0x03, 0x48, 0x8b, 0x75, 0xc8, 0x7c, 0x1d, 0x48, 0x83, 0xc1, 0x18, 0x0f,
    0x1f, 0x44, 0x00, 0x00, 0x83, 0x7c, 0x0b, 0xfc, 0x00, 0x75, 0x0d, 0x41,
    0xff, 0xce, 0x48, 0x83, 0xc1, 0xfc, 0x48, 0x83, 0xf9, 0x1c, 0x7f, 0xec,
    0x44, 0x89, 0x73, 0x14, 0x48, 0x89, 0xdf, 0xe8, 0x20, 0x0d, 0x00, 0x00,
    0x85, 0xc0, 0x0f, 0x88, 0x82, 0x00, 0x00, 0x00, 0x31, 0xc9, 0x8b, 0x45,
    0xd4, 0x0f, 0x1f, 0x00, 0x41, 0x8b, 0x17, 0x49, 0x83, 0xc7, 0x04, 0x0f,
    0xb7, 0xfa, 0xc1, 0xea, 0x10, 0x41, 0x8b, 0x75, 0x00, 0x44, 0x0f, 0xb7,
    0xc6, 0x41, 0x29, 0xf8, 0x41, 0x01, 0xc8, 0x41, 0x0f, 0xb7, 0xf8, 0x41,
    0xc1, 0xf8, 0x10, 0xc1, 0xee, 0x10, 0x29, 0xd6, 0x44, 0x01, 0xc6, 0x89,
    0xf1, 0xc1, 0xf9, 0x10, 0xc1, 0xe6, 0x10, 0x09, 0xf7, 0x41, 0x89, 0x7d,
    0x00, 0x49, 0x83, 0xc5, 0x04, 0x4d, 0x39, 0xe7, 0x76, 0xbe, 0xff, 0xc0,
    0x49, 0x63, 0xce, 0x83, 0x7c, 0x8b, 0x18, 0x00, 0x75, 0x2f, 0x41, 0x83,
    0xfe, 0x02, 0x7c, 0x20, 0x48, 0xc1, 0xe1, 0x02, 0x48, 0x83, 0xc1, 0x18,
    0x0f, 0x1f, 0x40, 0x00, 0x83, 0x7c, 0x0b, 0xfc, 0x00, 0x75, 0x0d, 0x41,
    0xff, 0xce, 0x48, 0x83, 0xc1, 0xfc, 0x48, 0x83, 0xf9, 0x1c, 0x7f, 0xec,
    0x44, 0x89, 0x73, 0x14, 0xeb, 0x03, 0x8b, 0x45, 0xd4, 0x48, 0x83, 0xc4,
    0x28, 0x5b, 0x41, 0x5c, 0x41, 0x5d, 0x41, 0x5e, 0x41, 0x5f, 0x5d, 0xc3,
    0xcc, 0xcc, 0xcc, 0xcc, 0x55, 0x48, 0x89, 0xe5, 0x41, 0x56, 0x53, 0x89,
    0xf3, 0x48, 0x8b, 0x4f, 0x68, 0x48, 0x85, 0xc9, 0x75, 0x21, 0xbe, 0x08,
    0x00, 0x00, 0x00, 0xba, 0x41, 0x00, 0x00, 0x00, 0x49, 0x89, 0xfe, 0xe8,
    0xec, 0x16, 0x00, 0x00, 0x4c, 0x89, 0xf7, 0x48, 0x89, 0xc1, 0x49, 0x89,
    0x46, 0x68, 0x48, 0x85, 0xc0, 0x74, 0x4c, 0x48, 0x63, 0xd3, 0x48, 0x8b,
    0x04, 0xd1, 0x48, 0x85, 0xc0, 0x74, 0x09, 0x48, 0x8b, 0x30, 0x48, 0x89,
    0x34, 0xd1, 0xeb, 0x2d, 0x41, 0xbe, 0x01, 0x00, 0x00, 0x00, 0x89, 0xd9,
    0x41, 0xd3, 0xe6, 0x41, 0x8d, 0x46, 0xff, 0x48, 0x8d, 0x14, 0x85, 0x20,
    0x00, 0x00, 0x00, 0xbe, 0x01, 0x00, 0x00, 0x00, 0xe8, 0xa7, 0x16, 0x00,
    0x00, 0x48, 0x85, 0xc0, 0x74, 0x11, 0x89, 0x58, 0x08, 0x44, 0x89, 0x70,
    0x0c, 0x48, 0xc7, 0x40, 0x10, 0x00, 0x00, 0x00, 0x00, 0xeb, 0x02, 0x31,
    0xc0, 0x5b, 0x41, 0x5e, 0x5d, 0xc3, 0x66, 0x2e, 0x0f, 0x1f, 0x84, 0x00,
    0x00, 0x00, 0x00, 0x00, 0x48, 0x85, 0xf6, 0x74, 0x18, 0x55, 0x48, 0x89,
    0xe5, 0x48, 0x8b, 0x47, 0x68, 0x48, 0x63, 0x4e, 0x08, 0x48, 0x8b, 0x14,
    0xc8, 0x48, 0x89, 0x16, 0x48, 0x89, 0x34, 0xc8, 0x5d, 0xc3, 0x66, 0x90,
    0x55, 0x48, 0x89, 0xe5, 0x41, 0x57, 0x41, 0x56, 0x41, 0x55, 0x41, 0x54,
    0x53, 0x50, 0x41, 0x89, 0xce, 0x48, 0x89, 0xfb, 0x4c, 0x63, 0x6e, 0x14,
    0x41, 0x83, 0xfd, 0x02, 0xb8, 0x01, 0x00, 0x00, 0x00, 0x41, 0x0f, 0x4d,
    0xc5, 0x31, 0xc9, 0x66, 0x0f, 0x1f, 0x84, 0x00, 0x00, 0x00, 0x00, 0x00,
    0x44, 0x8b, 0x44, 0x8e, 0x18, 0x41, 0x0f, 0xb7, 0xf8, 0x0f, 0xaf, 0xfa,
    0x44, 0x01, 0xf7, 0x41, 0xc1, 0xe8, 0x10, 0x44, 0x0f, 0xaf, 0xc2, 0x44,
    0x0f, 0xb7, 0xcf, 0xc1, 0xef, 0x10, 0x44, 0x01, 0xc7, 0x41, 0x89, 0xfe,
    0x41, 0xc1, 0xee, 0x10, 0x41, 0x89, 0xf8, 0x41, 0xc1, 0xe0, 0x10, 0x45,
    0x09, 0xc1, 0x44, 0x89, 0x4c, 0x8e, 0x18, 0x48, 0xff, 0xc1, 0x39, 0xc8,
    0x75, 0xc2, 0x81, 0xff, 0x00, 0x00, 0x01, 0x00, 0x0f, 0x82, 0xdf, 0x00,
    0x00, 0x00, 0x44, 0x3b, 0x6e, 0x0c, 0x0f, 0x8c, 0xc9, 0x00, 0x00, 0x00,
    0x4c, 0x63, 0x7e, 0x08, 0x48, 0x8b, 0x43, 0x68, 0x48, 0x85, 0xc0, 0x75,
    0x25, 0x49, 0x89, 0xf4, 0xbe, 0x08, 0x00, 0x00, 0x00, 0xba, 0x41, 0x00,
    0x00, 0x00, 0x48, 0x89, 0xdf, 0xe8, 0xba, 0x15, 0x00, 0x00, 0x4c, 0x89,
    0xe6, 0x48, 0x89, 0x43, 0x68, 0x48, 0x85, 0xc0, 0x0f, 0x84, 0xb5, 0x00,
    0x00, 0x00, 0x4e, 0x8b, 0x64, 0xf8, 0x08, 0x4d, 0x85, 0xe4, 0x74, 0x0b,
    0x49, 0x8b, 0x0c, 0x24, 0x4a, 0x89, 0x4c, 0xf8, 0x08, 0xeb, 0x43, 0x41,
    0xff, 0xc7, 0xb8, 0x01, 0x00, 0x00, 0x00, 0x44, 0x89, 0xf9, 0xd3, 0xe0,
    0x48, 0x89, 0x45, 0xd0, 0xff, 0xc8, 0x48, 0x8d, 0x14, 0x85, 0x20, 0x00,
    0x00, 0x00, 0x49, 0x89, 0xf4, 0xbe, 0x01, 0x00, 0x00, 0x00, 0x48, 0x89,
    0xdf, 0xe8, 0x6a, 0x15, 0x00, 0x00, 0x48, 0x85, 0xc0, 0x74, 0x70, 0x4c,
    0x89, 0xe6, 0x49, 0x89, 0xc4, 0x44, 0x89, 0x78, 0x08, 0x48, 0x8b, 0x45,
    0xd0, 0x41, 0x89, 0x44, 0x24, 0x0c, 0x49, 0x8d, 0x7c, 0x24, 0x10, 0x49,
    0xc7, 0x44, 0x24, 0x10, 0x00, 0x00, 0x00, 0x00, 0x48, 0x8d, 0x46, 0x10,
    0x48, 0x63, 0x4e, 0x14, 0x48, 0x8d, 0x14, 0x8d, 0x08, 0x00, 0x00, 0x00,
    0x49, 0x89, 0xf7, 0x48, 0x89, 0xc6, 0xe8, 0xe9, 0xbe, 0x00, 0x00, 0x48,
    0x8b, 0x43, 0x68, 0x49, 0x63, 0x4f, 0x08, 0x48, 0x8b, 0x14, 0xc8, 0x49,
    0x89, 0x17, 0x4c, 0x89, 0x3c, 0xc8, 0x4c, 0x89, 0xe6, 0x41, 0x8d, 0x45,
    0x01, 0x46, 0x89, 0x74, 0xae, 0x18, 0x89, 0x46, 0x14, 0x48, 0x89, 0xf0,
    0x48, 0x83, 0xc4, 0x08, 0x5b, 0x41, 0x5c, 0x41, 0x5d, 0x41, 0x5e, 0x41,
    0x5f, 0x5d, 0xc3, 0xbf, 0xe0, 0x0a, 0x42, 0x00, 0xb9, 0x4e, 0x07, 0x42,
    0x00, 0xbe, 0xba, 0x00, 0x00, 0x00, 0x31, 0xd2, 0xe8, 0x8f, 0x15, 0x00,
    0x00, 0x66, 0x66, 0x66, 0x66, 0x66, 0x66, 0x2e, 0x0f, 0x1f, 0x84, 0x00,
    0x00, 0x00, 0x00, 0x00, 0x55, 0x48, 0x89, 0xe5, 0x41, 0x57, 0x41, 0x56,
    0x41, 0x55, 0x41, 0x54, 0x53, 0x48, 0x83, 0xec, 0x18, 0x89, 0xcb, 0x48,
    0x89, 0x55, 0xc8, 0x49, 0x89, 0xf6, 0x49, 0x89, 0xff, 0x45, 0x31, 0xed,
    0x83, 0xf9, 0x0a, 0x7c, 0x34, 0x8d, 0x43, 0x08, 0x48, 0x98, 0x48, 0x69,
    0xc0, 0x39, 0x8e, 0xe3, 0x38, 0x48, 0x89, 0xc1, 0x48, 0xc1, 0xe9, 0x3f,
    0x48, 0xc1, 0xf8, 0x21, 0x01, 0xc8, 0x45, 0x31, 0xed, 0xb9, 0x01, 0x00,
    0x00, 0x00, 0x66, 0x2e, 0x0f, 0x1f, 0x84, 0x00, 0x00, 0x00, 0x00, 0x00,
    0x01, 0xc9, 0x41, 0xff, 0xc5, 0x39, 0xc8, 0x7f, 0xf7, 0x49, 0x8b, 0x4f,
    0x68, 0x48, 0x85, 0xc9, 0x75, 0x28, 0xbe, 0x08, 0x00, 0x00, 0x00, 0xba,
    0x41, 0x00, 0x00, 0x00, 0x4c, 0x89, 0xff, 0x45, 0x89, 0xc4, 0xe8, 0x59,
    0x14, 0x00, 0x00, 0x45, 0x89, 0xe0, 0x48, 0x89, 0xc1, 0x49, 0x89, 0x47,
    0x68, 0x48, 0x85, 0xc0, 0x0f, 0x84, 0xf5, 0x00, 0x00, 0x00, 0x44, 0x89,
    0xea, 0x48, 0x8b, 0x04, 0xd1, 0x48, 0x85, 0xc0, 0x74, 0x09, 0x48, 0x8b,
    0x30, 0x48, 0x89, 0x34, 0xd1, 0xeb, 0x3f, 0x41, 0xbc, 0x01, 0x00, 0x00,
    0x00, 0x44, 0x89, 0xe9, 0x41, 0xd3, 0xe4, 0x41, 0x8d, 0x44, 0x24, 0xff,
    0x48, 0x8d, 0x14, 0x85, 0x20, 0x00, 0x00, 0x00, 0xbe, 0x01, 0x00, 0x00,
    0x00, 0x4c, 0x89, 0xff, 0x44, 0x89, 0x45, 0xd4, 0xe8, 0x07, 0x14, 0x00,
    0x00, 0x44, 0x8b, 0x45, 0xd4, 0x48, 0x85, 0xc0, 0x0f, 0x84, 0xa9, 0x00,
    0x00, 0x00, 0x44, 0x89, 0x68, 0x08, 0x44, 0x89, 0x60, 0x0c, 0x48, 0xb9,
    0x00, 0x00, 0x00, 0x00, 0x01, 0x00, 0x00, 0x00, 0x48, 0x89, 0x48, 0x10,
    0x44, 0x89, 0x40, 0x18, 0x4c, 0x8b, 0x65, 0xc8, 0x41, 0x83, 0xfc, 0x0a,
    0x7c, 0x3d, 0x45, 0x8d, 0x6c, 0x24, 0xf7, 0x49, 0x83, 0xc6, 0x0a, 0x66,
    0x66, 0x66, 0x66, 0x2e, 0x0f, 0x1f, 0x84, 0x00, 0x00, 0x00, 0x00, 0x00,
    0x41, 0x0f, 0xbe, 0x4e, 0xff, 0x83, 0xc1, 0xd0, 0x4c, 0x89, 0xff, 0x48,
    0x89, 0xc6, 0xba, 0x0a, 0x00, 0x00, 0x00, 0xe8, 0x48, 0xfd, 0xff, 0xff,
    0x49, 0xff, 0xc6, 0x41, 0xff, 0xcd, 0x75, 0xe0, 0x44, 0x29, 0xe3, 0x7f,
    0x11, 0xeb, 0x39, 0x49, 0x83, 0xc6, 0x0a, 0x41, 0xbc, 0x09, 0x00, 0x00,
    0x00, 0x44, 0x29, 0xe3, 0x7e, 0x2a, 0x45, 0x31, 0xe4, 0x0f, 0x1f, 0x80,
    0x00, 0x00, 0x00, 0x00, 0x43, 0x0f, 0xbe, 0x0c, 0x26, 0x83, 0xc1, 0xd0,
    0x4c, 0x89, 0xff, 0x48, 0x89, 0xc6, 0xba, 0x0a, 0x00, 0x00, 0x00, 0xe8,
    0x08, 0xfd, 0xff, 0xff, 0x49, 0xff, 0xc4, 0x44, 0x39, 0xe3, 0x75, 0xe0,
    0x48, 0x83, 0xc4, 0x18, 0x5b, 0x41, 0x5c, 0x41, 0x5d, 0x41, 0x5e, 0x41,
    0x5f, 0x5d, 0xc3, 0xbf, 0xe0, 0x0a, 0x42, 0x00, 0xb9, 0x4e, 0x07, 0x42,
    0x00, 0xbe, 0xd3, 0x00, 0x00, 0x00, 0x31, 0xd2, 0xe8, 0xeb, 0x13, 0x00,
    0x00, 0x66, 0x66, 0x2e, 0x0f, 0x1f, 0x84, 0x00, 0x00, 0x00, 0x00, 0x00,
    0x55, 0x48, 0x89, 0xe5, 0x89, 0xf8, 0xc1, 0xe0, 0x10, 0x31, 0xc9, 0x81,
    0xff, 0x00, 0x00, 0x01, 0x00, 0x0f, 0x92, 0xc1, 0x0f, 0x43, 0xc7, 0xc1,
    0xe1, 0x04, 0x8d, 0x51, 0x08, 0x89, 0xc6, 0xc1, 0xe6, 0x08, 0x3d, 0x00,
    0x00, 0x00, 0x01, 0x0f, 0x43, 0xf0, 0x0f, 0x43, 0xd1, 0x8d, 0x42, 0x04,
    0x89, 0xf1, 0xc1, 0xe1, 0x04, 0x81, 0xfe, 0x00, 0x00, 0x00, 0x10, 0x0f,
    0x43, 0xce, 0x0f, 0x43, 0xc2, 0x8d, 0x14, 0x8d, 0x00, 0x00, 0x00, 0x00,
    0x81, 0xf9, 0x00, 0x00, 0x00, 0x40, 0x0f, 0x43, 0xd1, 0x8d, 0x48, 0x02,
    0x0f, 0x43, 0xc8, 0x8d, 0x71, 0x01, 0x81, 0xfa, 0x00, 0x00, 0x00, 0x40,
    0xb8, 0x20, 0x00, 0x00, 0x00, 0x0f, 0x43, 0xc6, 0x85, 0xd2, 0x0f, 0x48,
    0xc1, 0x5d, 0xc3, 0x90, 0x55, 0x48, 0x89, 0xe5, 0x8b, 0x0f, 0xf6, 0xc1,
    0x07, 0x74, 0x16, 0x31, 0xc0, 0xf6, 0xc1, 0x01, 0x75, 0x76, 0xf6, 0xc1,
    0x02, 0x75, 0x68, 0xc1, 0xe9, 0x02, 0xb8, 0x02, 0x00, 0x00, 0x00, 0xeb,
    0x65, 0x89, 0xc8, 0xc1, 0xe8, 0x10, 0x31, 0xd2, 0xf7, 0xc1, 0xf8, 0xff,
    0x00, 0x00, 0x0f, 0x45, 0xc1, 0x0f, 0x94, 0xc2, 0xc1, 0xe2, 0x04, 0x8d,
    0x4a, 0x08, 0x89, 0xc6, 0xc1, 0xee, 0x08, 0x84, 0xc0, 0x0f, 0x45, 0xca,
    0x0f, 0x45, 0xf0, 0x8d, 0x51, 0x04, 0x41, 0x89, 0xf0, 0x41, 0xc1, 0xe8,
    0x04, 0x40, 0xf6, 0xc6, 0x0f, 0x0f, 0x45, 0xd1, 0x44, 0x0f, 0x45, 0xc6,
    0x8d, 0x42, 0x02, 0x44, 0x89, 0xc1, 0xc1, 0xe9, 0x02, 0x41, 0xf6, 0xc0,
    0x03, 0x0f, 0x45, 0xc2, 0x41, 0x0f, 0x45, 0xc8, 0xf6, 0xc1, 0x01, 0x75,
    0x11, 0x85, 0xc9, 0x74, 0x11, 0xff, 0xc0, 0xd1, 0xe9, 0xeb, 0x07, 0xd1,
    0xe9, 0xb8, 0x01, 0x00, 0x00, 0x00, 0x89, 0x0f, 0x5d, 0xc3, 0xb8, 0x20,
    0x00, 0x00, 0x00, 0x5d, 0xc3, 0x66, 0x66, 0x66, 0x66, 0x66, 0x66, 0x2e,
    0x0f, 0x1f, 0x84, 0x00, 0x00, 0x00, 0x00, 0x00, 0x55, 0x48, 0x89, 0xe5,
    0x41, 0x56, 0x53, 0x89, 0xf3, 0x48, 0x8b, 0x4f, 0x68, 0x48, 0x85, 0xc9,
    0x75, 0x21, 0xbe, 0x08, 0x00, 0x00, 0x00, 0xba, 0x41, 0x00, 0x00, 0x00,
    0x49, 0x89, 0xfe, 0xe8, 0xfc, 0x11, 0x00, 0x00, 0x4c, 0x89, 0xf7, 0x48,
    0x89, 0xc1, 0x49, 0x89, 0x46, 0x68, 0x48, 0x85, 0xc0, 0x74, 0x4a, 0x48,
    0x8b, 0x41, 0x08, 0x48, 0x85, 0xc0, 0x74, 0x09, 0x48, 0x8b, 0x10, 0x48,
    0x89, 0x51, 0x08, 0xeb, 0x22, 0xbe, 0x01, 0x00, 0x00, 0x00, 0xba, 0x24,
    0x00, 0x00, 0x00, 0xe8, 0xcc, 0x11, 0x00, 0x00, 0x48, 0x85, 0xc0, 0x74,
    0x24, 0x48, 0xb9, 0x01, 0x00, 0x00, 0x00, 0x02, 0x00, 0x00, 0x00, 0x48,
    0x89, 0x48, 0x08, 0x48, 0xb9, 0x00, 0x00, 0x00, 0x00, 0x01, 0x00, 0x00,
    0x00, 0x48, 0x89, 0x48, 0x10, 0x89, 0x58, 0x18, 0x5b, 0x41, 0x5e, 0x5d,
    0xc3, 0xbf, 0xe0, 0x0a, 0x42, 0x00, 0xb9, 0x4e, 0x07, 0x42, 0x00, 0xbe,
    0x45, 0x01, 0x00, 0x00, 0x31, 0xd2, 0xe8, 0x3d, 0x12, 0x00, 0x00, 0x66,
    0x66, 0x66, 0x66, 0x2e, 0x0f, 0x1f, 0x84, 0x00, 0x00, 0x00, 0x00, 0x00,
    0x55, 0x48, 0x89, 0xe5, 0x41, 0x57, 0x41, 0x56, 0x41, 0x55, 0x41, 0x54,
    0x53, 0x48, 0x83, 0xec, 0x28, 0x48, 0x89, 0xf3, 0x8b, 0x46, 0x14, 0x3b,
    0x42, 0x14, 0x49, 0x89, 0xd5, 0x4c, 0x0f, 0x4c, 0xee, 0x48, 0x0f, 0x4c,
    0xda, 0x48, 0x63, 0x43, 0x14, 0x4d, 0x63, 0x5d, 0x14, 0x48, 0x89, 0x45,
    0xb8, 0x45, 0x8d, 0x24, 0x03, 0x45, 0x31, 0xff, 0x44, 0x3b, 0x63, 0x0c,
    0x4c, 0x63, 0x73, 0x08, 0x0f, 0x9f, 0xc0, 0x48, 0x8b, 0x4f, 0x68, 0x48,
    0x85, 0xc9, 0x75, 0x3a, 0xbe, 0x08, 0x00, 0x00, 0x00, 0xba, 0x41, 0x00,
    0x00, 0x00, 0x48, 0x89, 0x7d, 0xc0, 0x48, 0x8b, 0x7d, 0xc0, 0x4c, 0x89,
    0x5d, 0xc8, 0x88, 0x45, 0xd7, 0xe8, 0x16, 0x11, 0x00, 0x00, 0x4c, 0x8b,
    0x5d, 0xc8, 0x48, 0x8b, 0x7d, 0xc0, 0x48, 0x89, 0xc1, 0x0f, 0xb6, 0x45,
    0xd7, 0x48, 0x89, 0x4f, 0x68, 0x48, 0x85, 0xc9, 0x0f, 0x84, 0x87, 0x02,
    0x00, 0x00, 0x41, 0x88, 0xc7, 0x4d, 0x01, 0xfe, 0x4a, 0x8b, 0x04, 0xf1,
    0x48, 0x85, 0xc0, 0x74, 0x09, 0x48, 0x8b, 0x10, 0x4a, 0x89, 0x14, 0xf1,
    0xeb, 0x3b, 0x41, 0xbf, 0x01, 0x00, 0x00, 0x00, 0x44, 0x89, 0xf1, 0x41,
    0xd3, 0xe7, 0x41, 0x8d, 0x47, 0xff, 0x48, 0x8d, 0x14, 0x85, 0x20, 0x00,
    0x00, 0x00, 0xbe, 0x01, 0x00, 0x00, 0x00, 0x4c, 0x89, 0x5d, 0xc8, 0xe8,
    0xbc, 0x10, 0x00, 0x00, 0x4c, 0x8b, 0x5d, 0xc8, 0x48, 0x85, 0xc0, 0x0f,
    0x84, 0x3c, 0x02, 0x00, 0x00, 0x44, 0x89, 0x70, 0x08, 0x44, 0x89, 0x78,
    0x0c, 0x48, 0xc7, 0x40, 0x10, 0x00, 0x00, 0x00, 0x00, 0x48, 0x8d, 0x50,
    0x18, 0x49, 0x63, 0xf4, 0x48, 0x8d, 0x0c, 0xb5, 0x00, 0x00, 0x00, 0x00,
    0x45, 0x85, 0xe4, 0x48, 0x89, 0x4d, 0xc8, 0x0f, 0x8e, 0x82, 0x00, 0x00,
    0x00, 0x48, 0x8d, 0x3c, 0x01, 0x48, 0x83, 0xc7, 0x18, 0x4c, 0x8d, 0x40,
    0x1c, 0x4c, 0x39, 0xc7, 0x4c, 0x0f, 0x47, 0xc7, 0x49, 0x29, 0xc0, 0x49,
    0x83, 0xc0, 0xe7, 0x48, 0x89, 0xd7, 0x49, 0x83, 0xf8, 0x1c, 0x72, 0x3a,
    0x49, 0xc1, 0xe8, 0x02, 0x49, 0xff, 0xc0, 0x4d, 0x89, 0xc1, 0x49, 0x83,
    0xe1, 0xf8, 0x4a, 0x8d, 0x3c, 0x8a, 0x45, 0x31, 0xd2, 0x0f, 0x57, 0xc0,
    0x0f, 0x1f, 0x84, 0x00, 0x00, 0x00, 0x00, 0x00, 0x42, 0x0f, 0x11, 0x44,
    0x90, 0x18, 0x42, 0x0f, 0x11, 0x44, 0x90, 0x28, 0x49, 0x83, 0xc2, 0x08,
    0x4d, 0x39, 0xd1, 0x75, 0xeb, 0x4d, 0x39, 0xc8, 0x74, 0x25, 0x48, 0x8d,
    0x34, 0xb0, 0x48, 0x83, 0xc6, 0x18, 0x66, 0x66, 0x66, 0x66, 0x66, 0x2e,
    0x0f, 0x1f, 0x84, 0x00, 0x00, 0x00, 0x00, 0x00, 0xc7, 0x07, 0x00, 0x00,
    0x00, 0x00, 0x48, 0x83, 0xc7, 0x04, 0x48, 0x39, 0xf7, 0x72, 0xf1, 0x45,
    0x85, 0xdb, 0x0f, 0x8e, 0x3a, 0x01, 0x00, 0x00, 0x48, 0x8b, 0x4d, 0xb8,
    0x48, 0x8d, 0x34, 0x8b, 0x48, 0x83, 0xc6, 0x18, 0x48, 0x83, 0xc3, 0x18,
    0x4a, 0x8d, 0x3c, 0x9d, 0x18, 0x00, 0x00, 0x00, 0x4c, 0x01, 0xef, 0x49,
    0x83, 0xc5, 0x18, 0xeb, 0x18, 0x0f, 0x1f, 0x80, 0x00, 0x00, 0x00, 0x00,
    0x49, 0x83, 0xc5, 0x04, 0x48, 0x83, 0xc2, 0x04, 0x49, 0x39, 0xfd, 0x0f,
    0x83, 0x01, 0x01, 0x00, 0x00, 0x45, 0x8b, 0x45, 0x00, 0x45, 0x89, 0xc1,
    0x41, 0x81, 0xe1, 0xff, 0xff, 0x00, 0x00, 0x74, 0x6d, 0x45, 0x31, 0xc0,
    0x45, 0x31, 0xf6, 0x66, 0x0f, 0x1f, 0x84, 0x00, 0x00, 0x00, 0x00, 0x00,
    0x46, 0x8b, 0x1c, 0x03, 0x45, 0x0f, 0xb7, 0xfb, 0x45, 0x0f, 0xaf, 0xf9,
    0x46, 0x8b, 0x14, 0x02, 0x41, 0x0f, 0xb7, 0xca, 0x44, 0x01, 0xf1, 0x44,
    0x01, 0xf9, 0x44, 0x0f, 0xb7, 0xf9, 0xc1, 0xe9, 0x10, 0x41, 0xc1, 0xeb,
    0x10, 0x45, 0x0f, 0xaf, 0xd9, 0x41, 0xc1, 0xea, 0x10, 0x45, 0x01, 0xda,
    0x41, 0x01, 0xca, 0x45, 0x89, 0xd6, 0x41, 0xc1, 0xee, 0x10, 0x41, 0xc1,
    0xe2, 0x10, 0x45, 0x09, 0xd7, 0x46, 0x89, 0x3c, 0x02, 0x4a, 0x8d, 0x0c,
    0x03, 0x48, 0x83, 0xc1, 0x04, 0x49, 0x83, 0xc0, 0x04, 0x48, 0x39, 0xf1,
    0x72, 0xaa, 0x46, 0x89, 0x34, 0x02, 0x45, 0x8b, 0x45, 0x00, 0x41, 0x81,
    0xf8, 0x00, 0x00, 0x01, 0x00, 0x0f, 0x82, 0x65, 0xff, 0xff, 0xff, 0x41,
    0xc1, 0xe8, 0x10, 0x44, 0x8b, 0x12, 0x45, 0x31, 0xc9, 0x45, 0x31, 0xf6,
    0x45, 0x89, 0xd3, 0x0f, 0x1f, 0x44, 0x00, 0x00, 0x42, 0x0f, 0xb7, 0x0c,
    0x0b, 0x41, 0x0f, 0xaf, 0xc8, 0x41, 0xc1, 0xea, 0x10, 0x45, 0x01, 0xf2,
    0x41, 0x01, 0xca, 0x44, 0x89, 0xd1, 0xc1, 0xe9, 0x10, 0x41, 0xc1, 0xe2,
    0x10, 0x45, 0x0f, 0xb7, 0xdb, 0x45, 0x09, 0xd3, 0x46, 0x89, 0x1c, 0x0a,
    0x46, 0x0f, 0xb7, 0x74, 0x0b, 0x02, 0x45, 0x0f, 0xaf, 0xf0, 0x46, 0x8b,
    0x54, 0x0a, 0x04, 0x45, 0x0f, 0xb7, 0xda, 0x45, 0x01, 0xf3, 0x41, 0x01,
    0xcb, 0x45, 0x89, 0xde, 0x41, 0xc1, 0xee, 0x10, 0x4a, 0x8d, 0x0c, 0x0b,
    0x48, 0x83, 0xc1, 0x04, 0x49, 0x83, 0xc1, 0x04, 0x48, 0x39, 0xf1, 0x72,
    0xa7, 0x46, 0x89, 0x1c, 0x0a, 0xe9, 0xee, 0xfe, 0xff, 0xff, 0x45, 0x85,
    0xe4, 0x7e, 0x33, 0x48, 0x8b, 0x4d, 0xc8, 0x48, 0x01, 0xc1, 0x48, 0x83,
    0xc1, 0x14, 0x66, 0x66, 0x66, 0x66, 0x66, 0x2e, 0x0f, 0x1f, 0x84, 0x00,
    0x00, 0x00, 0x00, 0x00, 0x83, 0x39, 0x00, 0x75, 0x15, 0x48, 0x83, 0xc1,
    0xfc, 0x41, 0x83, 0xfc, 0x01, 0x41, 0x8d, 0x54, 0x24, 0xff, 0x41, 0x89,
    0xd4, 0x7f, 0xe9, 0x45, 0x31, 0xe4, 0x44, 0x89, 0x60, 0x14, 0x48, 0x83,
    0xc4, 0x28, 0x5b, 0x41, 0x5c, 0x41, 0x5d, 0x41, 0x5e, 0x41, 0x5f, 0x5d,
    0xc3, 0xbf, 0xe0, 0x0a, 0x42, 0x00, 0xb9, 0x4e, 0x07, 0x42, 0x00, 0xbe,
    0x62, 0x01, 0x00, 0x00, 0x31, 0xd2, 0xe8, 0x0d, 0x0f, 0x00, 0x00, 0x66,
    0x66, 0x66, 0x66, 0x2e, 0x0f, 0x1f, 0x84, 0x00, 0x00, 0x00, 0x00, 0x00,
    0x55, 0x48, 0x89, 0xe5, 0x41, 0x57, 0x41, 0x56, 0x41, 0x54, 0x53, 0x89,
    0xd3, 0x49, 0x89, 0xf6, 0x49, 0x89, 0xff, 0x89, 0xd0, 0x83, 0xe0, 0x03,
    0x74, 0x19, 0xff, 0xc8, 0x8b, 0x14, 0x85, 0x10, 0xf3, 0x41, 0x00, 0x4c,
    0x89, 0xff, 0x4c, 0x89, 0xf6, 0x31, 0xc9, 0xe8, 0xc0, 0xf7, 0xff, 0xff,
    0x49, 0x89, 0xc6, 0x83, 0xfb, 0x04, 0x73, 0x0c, 0x4c, 0x89, 0xf0, 0x5b,
    0x41, 0x5c, 0x41, 0x5e, 0x41, 0x5f, 0x5d, 0xc3, 0x49, 0x8b, 0x47, 0x60,
    0x48, 0x85, 0xc0, 0x0f, 0x85, 0x86, 0x00, 0x00, 0x00, 0x49, 0x8b, 0x4f,
    0x68, 0x48, 0x85, 0xc9, 0x75, 0x22, 0xbe, 0x08, 0x00, 0x00, 0x00, 0xba,
    0x41, 0x00, 0x00, 0x00, 0x4c, 0x89, 0xff, 0xe8, 0xe4, 0x0d, 0x00, 0x00,
    0x48, 0x89, 0xc1, 0x49, 0x89, 0x47, 0x68, 0x48, 0x85, 0xc0, 0x0f, 0x84,
    0xc4, 0x00, 0x00, 0x00, 0x48, 0x8b, 0x41, 0x08, 0x48, 0x85, 0xc0, 0x74,
    0x09, 0x48, 0x8b, 0x10, 0x48, 0x89, 0x51, 0x08, 0xeb, 0x29, 0xbe, 0x01,
    0x00, 0x00, 0x00, 0xba, 0x24, 0x00, 0x00, 0x00, 0x4c, 0x89, 0xff, 0xe8,
    0xb0, 0x0d, 0x00, 0x00, 0x48, 0x85, 0xc0, 0x0f, 0x84, 0x97, 0x00, 0x00,
    0x00, 0x48, 0xb9, 0x01, 0x00, 0x00, 0x00, 0x02, 0x00, 0x00, 0x00, 0x48,
    0x89, 0x48, 0x08, 0x48, 0xb9, 0x00, 0x00, 0x00, 0x00, 0x01, 0x00, 0x00,
    0x00, 0x48, 0x89, 0x48, 0x10, 0xc7, 0x40, 0x18, 0x71, 0x02, 0x00, 0x00,
    0x49, 0x89, 0x47, 0x60, 0x48, 0xc7, 0x00, 0x00, 0x00, 0x00, 0x00, 0xc1,
    0xfb, 0x02, 0x66, 0x0f, 0x1f, 0x44, 0x00, 0x00, 0x49, 0x89, 0xc4, 0xf6,
    0xc3, 0x01, 0x74, 0x29, 0x4c, 0x89, 0xff, 0x4c, 0x89, 0xf6, 0x4c, 0x89,
    0xe2, 0xe8, 0xda, 0xfb, 0xff, 0xff, 0x4d, 0x85, 0xf6, 0x74, 0x13, 0x49,
    0x8b, 0x4f, 0x68, 0x49, 0x63, 0x56, 0x08, 0x48, 0x8b, 0x34, 0xd1, 0x49,
    0x89, 0x36, 0x4c, 0x89, 0x34, 0xd1, 0x49, 0x89, 0xc6, 0x83, 0xfb, 0x02,
    0x0f, 0x82, 0x1e, 0xff, 0xff, 0xff, 0xd1, 0xfb, 0x49, 0x8b, 0x04, 0x24,
    0x48, 0x85, 0xc0, 0x75, 0xbb, 0x4c, 0x89, 0xff, 0x4c, 0x89, 0xe6, 0x4c,
    0x89, 0xe2, 0xe8, 0x9d, 0xfb, 0xff, 0xff, 0x49, 0x89, 0x04, 0x24, 0x48,
    0xc7, 0x00, 0x00, 0x00, 0x00, 0x00, 0xeb, 0xa0, 0xbf, 0xe0, 0x0a, 0x42,
    0x00, 0xb9, 0x4e, 0x07, 0x42, 0x00, 0xbe, 0x45, 0x01, 0x00, 0x00, 0x31,
    0xd2, 0xe8, 0xaa, 0x0d, 0x00, 0x00, 0x66, 0x2e, 0x0f, 0x1f, 0x84, 0x00,
    0x00, 0x00, 0x00, 0x00, 0x55, 0x48, 0x89, 0xe5, 0x41, 0x57, 0x41, 0x56,
    0x41, 0x55, 0x41, 0x54, 0x53, 0x48, 0x83, 0xec, 0x18, 0x41, 0x89, 0xd6,
    0x48, 0x89, 0xf3, 0x41, 0x89, 0xd7, 0x41, 0xc1, 0xff, 0x05, 0x44, 0x8b,
    0x66, 0x08, 0x8b, 0x46, 0x0c, 0x44, 0x8b, 0x6e, 0x14, 0x45, 0x01, 0xfd,
    0x41, 0x39, 0xc5, 0x7c, 0x19, 0x66, 0x66, 0x66, 0x66, 0x66, 0x66, 0x2e,
    0x0f, 0x1f, 0x84, 0x00, 0x00, 0x00, 0x00, 0x00, 0x41, 0xff, 0xc4, 0x01,
    0xc0, 0x41, 0x39, 0xc5, 0x7d, 0xf6, 0x48, 0x8b, 0x4f, 0x68, 0x48, 0x85,
    0xc9, 0x75, 0x27, 0xbe, 0x08, 0x00, 0x00, 0x00, 0xba, 0x41, 0x00, 0x00,
    0x00, 0x48, 0x89, 0x7d, 0xd0, 0xe8, 0x8a, 0x0c, 0x00, 0x00, 0x48, 0x8b,
    0x7d, 0xd0, 0x48, 0x89, 0xc1, 0x48, 0x89, 0x47, 0x68, 0x48, 0x85, 0xc0,
    0x0f, 0x84, 0xce, 0x01, 0x00, 0x00, 0x49, 0x63, 0xd4, 0x48, 0x8b, 0x04,
    0xd1, 0x48, 0x85, 0xc0, 0x74, 0x09, 0x48, 0x8b, 0x30, 0x48, 0x89, 0x34,
    0xd1, 0xeb, 0x3e, 0xb8, 0x01, 0x00, 0x00, 0x00, 0x44, 0x89, 0xe1, 0xd3,
    0xe0, 0x48, 0x89, 0x45, 0xc8, 0xff, 0xc8, 0x48, 0x8d, 0x14, 0x85, 0x20,
    0x00, 0x00, 0x00, 0xbe, 0x01, 0x00, 0x00, 0x00, 0x48, 0x89, 0x7d, 0xd0,
    0xe8, 0x3b, 0x0c, 0x00, 0x00, 0x48, 0x8b, 0x7d, 0xd0, 0x48, 0x85, 0xc0,
    0x0f, 0x84, 0x86, 0x01, 0x00, 0x00, 0x44, 0x89, 0x60, 0x08, 0x48, 0x8b,
    0x4d, 0xc8, 0x89, 0x48, 0x0c, 0x48, 0xc7, 0x40, 0x10, 0x00, 0x00, 0x00,
    0x00, 0x48, 0x8d, 0x70, 0x18, 0x45, 0x85, 0xff, 0x7e, 0x61, 0x31, 0xc9,
    0x41, 0x83, 0xff, 0x08, 0x72, 0x43, 0x44, 0x89, 0xfa, 0x89, 0xd1, 0x81,
    0xe1, 0xf8, 0xff, 0xff, 0x7f, 0x4c, 0x8d, 0x0c, 0x8d, 0x00, 0x00, 0x00,
    0x00, 0x48, 0x8d, 0x34, 0x8e, 0x45, 0x31, 0xc0, 0x0f, 0x57, 0xc0, 0x66,
    0x66, 0x66, 0x66, 0x2e, 0x0f, 0x1f, 0x84, 0x00, 0x00, 0x00, 0x00, 0x00,
    0x42, 0x0f, 0x11, 0x44, 0x00, 0x18, 0x42, 0x0f, 0x11, 0x44, 0x00, 0x28,
    0x49, 0x83, 0xc0, 0x20, 0x4d, 0x39, 0xc1, 0x75, 0xeb, 0x39, 0xd1, 0x74,
    0x16, 0x41, 0x29, 0xcf, 0x0f, 0x1f, 0x40, 0x00, 0xc7, 0x06, 0x00, 0x00,
    0x00, 0x00, 0x48, 0x83, 0xc6, 0x04, 0x41, 0xff, 0xcf, 0x75, 0xf1, 0x4c,
    0x8d, 0x5b, 0x18, 0x48, 0x63, 0x4b, 0x14, 0x4c, 0x8d, 0x04, 0x8b, 0x49,
    0x83, 0xc0, 0x18, 0x41, 0x83, 0xe6, 0x1f, 0x74, 0x3f, 0xba, 0x20, 0x00,
    0x00, 0x00, 0x44, 0x29, 0xf2, 0x45, 0x31, 0xc9, 0x45, 0x8b, 0x13, 0x44,
    0x89, 0xf1, 0x41, 0xd3, 0xe2, 0x45, 0x09, 0xca, 0x44, 0x89, 0x16, 0x48,
    0x83, 0xc6, 0x04, 0x45, 0x8b, 0x0b, 0x49, 0x83, 0xc3, 0x04, 0x89, 0xd1,
    0x41, 0xd3, 0xe9, 0x4d, 0x39, 0xc3, 0x72, 0xdc, 0x44, 0x89, 0x0e, 0x41,
    0x83, 0xf9, 0x01, 0x41, 0x83, 0xdd, 0xff, 0xe9, 0x8e, 0x00, 0x00, 0x00,
    0x48, 0x8d, 0x53, 0x1c, 0x49, 0x39, 0xd0, 0x49, 0x0f, 0x47, 0xd0, 0x48,
    0x29, 0xda, 0x48, 0x83, 0xc2, 0xe7, 0x48, 0x83, 0xfa, 0x2c, 0x73, 0x05,
    0x48, 0x89, 0xf1, 0xeb, 0x5f, 0x48, 0x89, 0xf1, 0x48, 0x29, 0xd9, 0x48,
    0x83, 0xc1, 0xe8, 0x48, 0x83, 0xf9, 0x20, 0x73, 0x05, 0x48, 0x89, 0xf1,
    0xeb, 0x4a, 0x48, 0xc1, 0xea, 0x02, 0x48, 0xff, 0xc2, 0x49, 0x89, 0xd1,
    0x49, 0x83, 0xe1, 0xf8, 0x4f, 0x8d, 0x1c, 0x8b, 0x4a, 0x8d, 0x0c, 0x8e,
    0x45, 0x31, 0xd2, 0x90, 0x42, 0x0f, 0x10, 0x44, 0x93, 0x18, 0x42, 0x0f,
    0x10, 0x4c, 0x93, 0x28, 0x42, 0x0f, 0x11, 0x04, 0x96, 0x42, 0x0f, 0x11,
    0x4c, 0x96, 0x10, 0x49, 0x83, 0xc2, 0x08, 0x4d, 0x39, 0xd1, 0x75, 0xe0,
    0x4c, 0x39, 0xca, 0x74, 0x1d, 0x66, 0x66, 0x2e, 0x0f, 0x1f, 0x84, 0x00,
    0x00, 0x00, 0x00, 0x00, 0x41, 0x8b, 0x13, 0x49, 0x83, 0xc3, 0x04, 0x89,
    0x11, 0x48, 0x83, 0xc1, 0x04, 0x4d, 0x39, 0xc3, 0x72, 0xee, 0x44, 0x89,
    0x68, 0x14, 0x48, 0x8b, 0x4f, 0x68, 0x48, 0x63, 0x53, 0x08, 0x48, 0x8b,
    0x34, 0xd1, 0x48, 0x89, 0x33, 0x48, 0x89, 0x1c, 0xd1, 0x48, 0x83, 0xc4,
    0x18, 0x5b, 0x41, 0x5c, 0x41, 0x5d, 0x41, 0x5e, 0x41, 0x5f, 0x5d, 0xc3,
    0xbf, 0xe0, 0x0a, 0x42, 0x00, 0xb9, 0x4e, 0x07, 0x42, 0x00, 0xbe, 0xde,
    0x01, 0x00, 0x00, 0x31, 0xd2, 0xe8, 0x42, 0x0b, 0x00, 0x00, 0x66, 0x90,
    0x55, 0x48, 0x89, 0xe5, 0x8b, 0x47, 0x14, 0x48, 0x63, 0x4e, 0x14, 0x29,
    0xc8, 0x74, 0x02, 0x5d, 0xc3, 0x48, 0x8d, 0x04, 0x8d, 0x1c, 0x00, 0x00,
    0x00, 0x0f, 0x1f, 0x80, 0x00, 0x00, 0x00, 0x00, 0x8b, 0x4c, 0x06, 0xf8,
    0x39, 0x4c, 0x07, 0xf8, 0x75, 0x0e, 0x48, 0x83, 0xc0, 0xfc, 0x48, 0x83,
    0xf8, 0x1c, 0x7f, 0xec, 0x31, 0xc0, 0x5d, 0xc3, 0x0f, 0x93, 0xc0, 0x0f,
    0xb6, 0xc0, 0x8d, 0x04, 0x45, 0xff, 0xff, 0xff, 0xff, 0x5d, 0xc3, 0x66,
    0x0f, 0x1f, 0x84, 0x00, 0x00, 0x00, 0x00, 0x00, 0x55, 0x48, 0x89, 0xe5,
    0x41, 0x57, 0x41, 0x56, 0x41, 0x55, 0x41, 0x54, 0x53, 0x50, 0x48, 0x89,
    0xf3, 0x44, 0x8b, 0x6e, 0x14, 0x48, 0x63, 0x42, 0x14, 0x41, 0x29, 0xc5,
    0x0f, 0x85, 0x7f, 0x00, 0x00, 0x00, 0x48, 0x8d, 0x04, 0x85, 0x1c, 0x00,
    0x00, 0x00, 0x66, 0x0f, 0x1f, 0x44, 0x00, 0x00, 0x8b, 0x4c, 0x02, 0xf8,
    0x39, 0x4c, 0x03, 0xf8, 0x75, 0x59, 0x48, 0x83, 0xc0, 0xfc, 0x48, 0x83,
    0xf8, 0x1c, 0x7f, 0xec, 0x48, 0x8b, 0x4f, 0x68, 0x48, 0x85, 0xc9, 0x75,
    0x25, 0xbe, 0x08, 0x00, 0x00, 0x00, 0xba, 0x41, 0x00, 0x00, 0x00, 0x48,
    0x89, 0xfb, 0xe8, 0xe1, 0x09, 0x00, 0x00, 0x48, 0x89, 0xdf, 0x48, 0x89,
    0xc1, 0x48, 0x89, 0x43, 0x68, 0x48, 0x85, 0xc0, 0x0f, 0x84, 0xe6, 0x01,
    0x00, 0x00, 0x48, 0x8b, 0x01, 0x48, 0xbb, 0x00, 0x00, 0x00, 0x00, 0x01,
    0x00, 0x00, 0x00, 0x48, 0x85, 0xc0, 0x0f, 0x84, 0x95, 0x01, 0x00, 0x00,
    0x48, 0x8b, 0x10, 0x48, 0x89, 0x11, 0xe9, 0xa2, 0x01, 0x00, 0x00, 0x0f,
    0x93, 0xc0, 0x0f, 0xb6, 0xc0, 0x44, 0x8d, 0x2c, 0x45, 0xff, 0xff, 0xff,
    0xff, 0x45, 0x85, 0xed, 0x49, 0x89, 0xd4, 0x4c, 0x0f, 0x48, 0xe3, 0x48,
    0x0f, 0x48, 0xda, 0x44, 0x8b, 0x73, 0x08, 0x48, 0x8b, 0x4f, 0x68, 0x48,
    0x85, 0xc9, 0x75, 0x25, 0xbe, 0x08, 0x00, 0x00, 0x00, 0xba, 0x41, 0x00,
    0x00, 0x00, 0x49, 0x89, 0xff, 0xe8, 0x72, 0x09, 0x00, 0x00, 0x4c, 0x89,
    0xff, 0x48, 0x89, 0xc1, 0x49, 0x89, 0x47, 0x68, 0x48, 0x85, 0xc0, 0x0f,
    0x84, 0x61, 0x01, 0x00, 0x00, 0x49, 0x63, 0xd6, 0x48, 0x8b, 0x04, 0xd1,
    0x48, 0x85, 0xc0, 0x74, 0x09, 0x48, 0x8b, 0x30, 0x48, 0x89, 0x34, 0xd1,
    0xeb, 0x33, 0x41, 0xbf, 0x01, 0x00, 0x00, 0x00, 0x44, 0x89, 0xf1, 0x41,
    0xd3, 0xe7, 0x41, 0x8d, 0x47, 0xff, 0x48, 0x8d, 0x14, 0x85, 0x20, 0x00,
    0x00, 0x00, 0xbe, 0x01, 0x00, 0x00, 0x00, 0xe8, 0x28, 0x09, 0x00, 0x00,
    0x48, 0x85, 0xc0, 0x0f, 0x84, 0x21, 0x01, 0x00, 0x00, 0x44, 0x89, 0x70,
    0x08, 0x44, 0x89, 0x78, 0x0c, 0x41, 0xc1, 0xed, 0x1f, 0xc7, 0x40, 0x14,
    0x00, 0x00, 0x00, 0x00, 0x44, 0x89, 0x68, 0x10, 0x48, 0x63, 0x4b, 0x14,
    0x48, 0x83, 0xc3, 0x18, 0x49, 0x63, 0x54, 0x24, 0x14, 0x49, 0x8d, 0x3c,
    0x94, 0x48, 0x83, 0xc7, 0x18, 0x49, 0x83, 0xc4, 0x18, 0x48, 0x8d, 0x50,
    0x18, 0x45, 0x31, 0xc0, 0x48, 0x89, 0xde, 0x0f, 0x1f, 0x44, 0x00, 0x00,
    0x44, 0x8b, 0x0e, 0x45, 0x0f, 0xb7, 0xd9, 0x45, 0x8b, 0x14, 0x24, 0x45,
    0x0f, 0xb7, 0xf2, 0x45, 0x29, 0xf3, 0x45, 0x01, 0xc3, 0x45, 0x0f, 0xb7,
    0xf3, 0x41, 0xc1, 0xfb, 0x10, 0x48, 0x83, 0xc6, 0x04, 0x41, 0xc1, 0xe9,
    0x10, 0x49, 0x83, 0xc4, 0x04, 0x41, 0xc1, 0xea, 0x10, 0x45, 0x29, 0xd1,
    0x45, 0x01, 0xd9, 0x45, 0x89, 0xc8, 0x41, 0xc1, 0xf8, 0x10, 0x41, 0xc1,
    0xe1, 0x10, 0x45, 0x09, 0xce, 0x44, 0x89, 0x32, 0x48, 0x83, 0xc2, 0x04,
    0x49, 0x39, 0xfc, 0x72, 0xb3, 0x48, 0x8d, 0x3c, 0x8b, 0x48, 0x39, 0xfe,
    0x73, 0x41, 0x66, 0x2e, 0x0f, 0x1f, 0x84, 0x00, 0x00, 0x00, 0x00, 0x00,
    0x44, 0x8b, 0x0e, 0x45, 0x0f, 0xb7, 0xd1, 0x45, 0x01, 0xc2, 0x45, 0x0f,
    0xb7, 0xda, 0x41, 0xc1, 0xfa, 0x10, 0x48, 0x83, 0xc6, 0x04, 0x41, 0xc1,
    0xe9, 0x10, 0x45, 0x01, 0xd1, 0x45, 0x89, 0xc8, 0x41, 0xc1, 0xf8, 0x10,
    0x41, 0xc1, 0xe1, 0x10, 0x45, 0x09, 0xcb, 0x44, 0x89, 0x1a, 0x48, 0x83,
    0xc2, 0x04, 0x48, 0x39, 0xfe, 0x72, 0xc9, 0xff, 0xc1, 0x48, 0x83, 0xc2,
    0xfc, 0x0f, 0x1f, 0x00, 0xff, 0xc9, 0x83, 0x3a, 0x00, 0x48, 0x8d, 0x52,
    0xfc, 0x74, 0xf5, 0x89, 0x48, 0x14, 0x48, 0x83, 0xc4, 0x08, 0x5b, 0x41,
    0x5c, 0x41, 0x5d, 0x41, 0x5e, 0x41, 0x5f, 0x5d, 0xc3, 0xbe, 0x01, 0x00,
    0x00, 0x00, 0xba, 0x20, 0x00, 0x00, 0x00, 0xe8, 0x14, 0x08, 0x00, 0x00,
    0x48, 0x85, 0xc0, 0x74, 0x27, 0x48, 0x89, 0x58, 0x08, 0x48, 0x89, 0x58,
    0x10, 0xc7, 0x40, 0x18, 0x00, 0x00, 0x00, 0x00, 0xeb, 0xcc, 0xbf, 0xe0,
    0x0a, 0x42, 0x00, 0xb9, 0x4e, 0x07, 0x42, 0x00, 0xbe, 0x45, 0x02, 0x00,
    0x00, 0x31, 0xd2, 0xe8, 0x98, 0x08, 0x00, 0x00, 0xbf, 0xe0, 0x0a, 0x42,
    0x00, 0xb9, 0x4e, 0x07, 0x42, 0x00, 0xbe, 0x37, 0x02, 0x00, 0x00, 0x31,
    0xd2, 0xe8, 0x82, 0x08, 0x00, 0x00, 0x66, 0x90, 0x55, 0x48, 0x89, 0xe5,
    0x66, 0x48, 0x0f, 0x7e, 0xc2, 0x48, 0xc1, 0xea, 0x20, 0x81, 0xe2, 0x00,
    0x00, 0xf0, 0x7f, 0x81, 0xfa, 0x01, 0x00, 0x40, 0x03, 0x72, 0x0c, 0x81,
    0xc2, 0x00, 0x00, 0xc0, 0xfc, 0x48, 0xc1, 0xe2, 0x20, 0xeb, 0x3d, 0xb9,
    0x00, 0x00, 0x40, 0x03, 0x29, 0xd1, 0xc1, 0xe9, 0x14, 0x81, 0xfa, 0x01,
    0x00, 0x00, 0x02, 0x72, 0x0d, 0xba, 0x00, 0x00, 0x08, 0x00, 0xd3, 0xea,
    0x48, 0xc1, 0xe2, 0x20, 0xeb, 0x1e, 0xb0, 0x33, 0x28, 0xc8, 0xbe, 0x01,
    0x00, 0x00, 0x00, 0xbf, 0x01, 0x00, 0x00, 0x00, 0x89, 0xc1, 0xd3, 0xe7,
    0x81, 0xfa, 0x00, 0x00, 0x20, 0x00, 0x0f, 0x42, 0xfe, 0x48, 0x89, 0xfa,
    0x66, 0x48, 0x0f, 0x6e, 0xc2, 0x5d, 0xc3, 0x0f, 0x1f, 0x44, 0x00, 0x00,
    0x55, 0x48, 0x89, 0xe5, 0x4c, 0x63, 0x57, 0x14, 0x46, 0x8b, 0x44, 0x97,
    0x14, 0x44, 0x89, 0xc0, 0xc1, 0xe0, 0x10, 0x31, 0xc9, 0x41, 0x81, 0xf8,
    0x00, 0x00, 0x01, 0x00, 0x0f, 0x92, 0xc1, 0x41, 0x0f, 0x43, 0xc0, 0xc1,
    0xe1, 0x04, 0x8d, 0x51, 0x08, 0x41, 0x89, 0xc1, 0x41, 0xc1, 0xe1, 0x08,
    0x3d, 0x00, 0x00, 0x00, 0x01, 0x44, 0x0f, 0x43, 0xc8, 0x0f, 0x43, 0xd1,
    0x8d, 0x42, 0x04, 0x44, 0x89, 0xc9, 0xc1, 0xe1, 0x04, 0x41, 0x81, 0xf9,
    0x00, 0x00, 0x00, 0x10, 0x41, 0x0f, 0x43, 0xc9, 0x0f, 0x43, 0xc2, 0x8d,
    0x14, 0x8d, 0x00, 0x00, 0x00, 0x00, 0x81, 0xf9, 0x00, 0x00, 0x00, 0x40,
    0x0f, 0x43, 0xd1, 0x8d, 0x48, 0x02, 0x0f, 0x43, 0xc8, 0x8d, 0x41, 0x01,
    0x81, 0xfa, 0x00, 0x00, 0x00, 0x40, 0x41, 0xb9, 0x20, 0x00, 0x00, 0x00,
    0x41, 0x0f, 0x42, 0xc1, 0x85, 0xd2, 0x0f, 0x48, 0xc1, 0x4e, 0x8d, 0x1c,
    0x95, 0x14, 0x00, 0x00, 0x00, 0x41, 0x29, 0xc1, 0x44, 0x89, 0x0e, 0x83,
    0xf8, 0x0a, 0x77, 0x2d, 0xba, 0x0b, 0x00, 0x00, 0x00, 0x29, 0xc2, 0x44,
    0x89, 0xc6, 0x89, 0xd1, 0xd3, 0xee, 0x45, 0x31, 0xc9, 0x41, 0x83, 0xfa,
    0x02, 0x7c, 0x05, 0x46, 0x8b, 0x4c, 0x1f, 0xfc, 0x04, 0x15, 0x89, 0xc1,
    0x41, 0xd3, 0xe0, 0x89, 0xd1, 0x41, 0xd3, 0xe9, 0x45, 0x09, 0xc1, 0xeb,
    0x54, 0x45, 0x31, 0xc9, 0x41, 0x83, 0xfa, 0x02, 0x7c, 0x10, 0x49, 0xc1,
    0xe2, 0x02, 0x46, 0x8b, 0x4c, 0x17, 0x10, 0x49, 0x83, 0xc2, 0x10, 0x4d,
    0x89, 0xd3, 0x89, 0xc2, 0x83, 0xc2, 0xf5, 0x74, 0x31, 0x89, 0xd1, 0x41,
    0xd3, 0xe0, 0xbe, 0x2b, 0x00, 0x00, 0x00, 0x29, 0xc6, 0x44, 0x89, 0xc8,
    0x89, 0xf1, 0xd3, 0xe8, 0x45, 0x31, 0xd2, 0x49, 0x83, 0xfb, 0x19, 0x7c,
    0x05, 0x46, 0x8b, 0x54, 0x1f, 0xfc, 0x89, 0xd1, 0x41, 0xd3, 0xe1, 0x89,
    0xf1, 0x41, 0xd3, 0xea, 0x41, 0x09, 0xc0, 0x45, 0x09, 0xd1, 0x44, 0x89,
    0xc6, 0x81, 0xce, 0x00, 0x00, 0xf0, 0x3f, 0x48, 0xc1, 0xe6, 0x20, 0x44,
    0x89, 0xc8, 0x48, 0x09, 0xf0, 0x66, 0x48, 0x0f, 0x6e, 0xc0, 0x5d, 0xc3,
    0x0f, 0x1f, 0x40, 0x00, 0x55, 0x48, 0x89, 0xe5, 0x41, 0x57, 0x41, 0x56,
    0x53, 0x50, 0x48, 0x89, 0xd3, 0x49, 0x89, 0xf6, 0x48, 0x8b, 0x4f, 0x68,
    0x48, 0x85, 0xc9, 0x75, 0x2f, 0xbe, 0x08, 0x00, 0x00, 0x00, 0xba, 0x41,
    0x00, 0x00, 0x00, 0x49, 0x89, 0xff, 0xf2, 0x0f, 0x11, 0x45, 0xe0, 0xe8,
    0x00, 0x06, 0x00, 0x00, 0xf3, 0x0f, 0x7e, 0x45, 0xe0, 0x4c, 0x89, 0xff,
    0x48, 0x89, 0xc1, 0x49, 0x89, 0x47, 0x68, 0x48, 0x85, 0xc0, 0x0f, 0x84,
    0xf1, 0x02, 0x00, 0x00, 0x48, 0x8b, 0x41, 0x08, 0x48, 0x85, 0xc0, 0x74,
    0x09, 0x48, 0x8b, 0x10, 0x48, 0x89, 0x51, 0x08, 0xeb, 0x30, 0xbe, 0x01,
    0x00, 0x00, 0x00, 0xba, 0x24, 0x00, 0x00, 0x00, 0x66, 0x0f, 0xd6, 0x45,
    0xe0, 0xe8, 0xc2, 0x05, 0x00, 0x00, 0xf3, 0x0f, 0x7e, 0x45, 0xe0, 0x48,
    0x85, 0xc0, 0x0f, 0x84, 0xbd, 0x02, 0x00, 0x00, 0x48, 0xb9, 0x01, 0x00,
    0x00, 0x00, 0x02, 0x00, 0x00, 0x00, 0x48, 0x89, 0x48, 0x08, 0xc7, 0x40,
    0x10, 0x00, 0x00, 0x00, 0x00, 0x66, 0x48, 0x0f, 0x7e, 0xc1, 0x48, 0x89,
    0xca, 0x48, 0xc1, 0xea, 0x20, 0x81, 0xe2, 0xff, 0xff, 0x0f, 0x00, 0x48,
    0xbe, 0xff, 0xff, 0xff, 0xff, 0xff, 0xff, 0xff, 0x7f, 0x48, 0x21, 0xce,
    0x48, 0xc1, 0xee, 0x34, 0x8d, 0xba, 0x00, 0x00, 0x10, 0x00, 0x48, 0x85,
    0xf6, 0x0f, 0x44, 0xfa, 0x85, 0xc9, 0x74, 0x24, 0xf6, 0xc1, 0x07, 0x74,
    0x4c, 0xf6, 0xc1, 0x01, 0x0f, 0x85, 0xca, 0x00, 0x00, 0x00, 0xf6, 0xc1,
    0x02, 0x0f, 0x85, 0x54, 0x01, 0x00, 0x00, 0xc1, 0xe9, 0x02, 0xba, 0x02,
    0x00, 0x00, 0x00, 0xe9, 0x4e, 0x01, 0x00, 0x00, 0x40, 0xf6, 0xc7, 0x07,
    0x0f, 0x84, 0xb8, 0x00, 0x00, 0x00, 0x31, 0xd2, 0x40, 0xf6, 0xc7, 0x01,
    0x0f, 0x85, 0x00, 0x02, 0x00, 0x00, 0x40, 0xf6, 0xc7, 0x02, 0x0f, 0x85,
    0xef, 0x01, 0x00, 0x00, 0xc1, 0xef, 0x02, 0xba, 0x02, 0x00, 0x00, 0x00,
    0xe9, 0xe9, 0x01, 0x00, 0x00, 0x89, 0xca, 0xc1, 0xea, 0x10, 0x45, 0x31,
    0xc0, 0xf7, 0xc1, 0xf8, 0xff, 0x00, 0x00, 0x0f, 0x45, 0xd1, 0x41, 0x0f,
    0x94, 0xc0, 0x41, 0xc1, 0xe0, 0x04, 0x45, 0x8d, 0x48, 0x08, 0x41, 0x89,
    0xd2, 0x41, 0xc1, 0xea, 0x08, 0x84, 0xd2, 0x45, 0x0f, 0x45, 0xc8, 0x44,
    0x0f, 0x45, 0xd2, 0x45, 0x8d, 0x59, 0x04, 0x45, 0x89, 0xd7, 0x41, 0xc1,
    0xef, 0x04, 0x41, 0xf6, 0xc2, 0x0f, 0x45, 0x0f, 0x45, 0xd9, 0x45, 0x0f,
    0x45, 0xfa, 0x41, 0x8d, 0x53, 0x02, 0x45, 0x89, 0xf8, 0x41, 0xc1, 0xe8,
    0x02, 0x41, 0xf6, 0xc7, 0x03, 0x41, 0x0f, 0x45, 0xd3, 0x45, 0x0f, 0x45,
    0xc7, 0x41, 0xf6, 0xc0, 0x01, 0x0f, 0x85, 0xab, 0x00, 0x00, 0x00, 0xff,
    0xc2, 0x45, 0x89, 0xc1, 0x41, 0xd1, 0xe9, 0x45, 0x85, 0xc0, 0x41, 0xb8,
    0x20, 0x00, 0x00, 0x00, 0x41, 0x0f, 0x44, 0xd0, 0x44, 0x0f, 0x44, 0xc9,
    0x45, 0x89, 0xc8, 0xe9, 0x9d, 0x00, 0x00, 0x00, 0x41, 0x89, 0xc8, 0x44,
    0x89, 0x40, 0x18, 0x31, 0xd2, 0xe9, 0xa4, 0x00, 0x00, 0x00, 0x89, 0xf9,
    0xc1, 0xe9, 0x10, 0x31, 0xd2, 0xf7, 0xc7, 0xf8, 0xff, 0x00, 0x00, 0x0f,
    0x45, 0xcf, 0x0f, 0x94, 0xc2, 0xc1, 0xe2, 0x04, 0x44, 0x8d, 0x42, 0x08,
    0x41, 0x89, 0xc9, 0x41, 0xc1, 0xe9, 0x08, 0x84, 0xc9, 0x44, 0x0f, 0x45,
    0xc2, 0x44, 0x0f, 0x45, 0xc9, 0x45, 0x8d, 0x50, 0x04, 0x45, 0x89, 0xcb,
    0x41, 0xc1, 0xeb, 0x04, 0x41, 0xf6, 0xc1, 0x0f, 0x45, 0x0f, 0x45, 0xd0,
    0x45, 0x0f, 0x45, 0xd9, 0x41, 0x8d, 0x52, 0x02, 0x44, 0x89, 0xd9, 0xc1,
    0xe9, 0x02, 0x41, 0xf6, 0xc3, 0x03, 0x41, 0x0f, 0x45, 0xd2, 0x41, 0x0f,
    0x45, 0xcb, 0xf6, 0xc1, 0x01, 0x0f, 0x85, 0xe8, 0x00, 0x00, 0x00, 0xff,
    0xc2, 0x41, 0x89, 0xc8, 0x41, 0xd1, 0xe8, 0x85, 0xc9, 0x41, 0x0f, 0x45,
    0xf8, 0xb9, 0x20, 0x00, 0x00, 0x00, 0x0f, 0x44, 0xd1, 0xe9, 0xd8, 0x00,
    0x00, 0x00, 0x85, 0xd2, 0x75, 0x0f, 0xe9, 0x70, 0xff, 0xff, 0xff, 0xd1,
    0xe9, 0xba, 0x01, 0x00, 0x00, 0x00, 0x41, 0x89, 0xc8, 0x89, 0xd1, 0xf6,
    0xd9, 0x41, 0x89, 0xf9, 0x41, 0xd3, 0xe1, 0x45, 0x09, 0xc1, 0x44, 0x89,
    0x48, 0x18, 0x89, 0xd1, 0xd3, 0xef, 0x89, 0x78, 0x1c, 0x83, 0xff, 0x01,
    0xb9, 0x02, 0x00, 0x00, 0x00, 0x83, 0xd9, 0x00, 0x89, 0x48, 0x14, 0x48,
    0x85, 0xf6, 0x0f, 0x85, 0xb1, 0x00, 0x00, 0x00, 0x81, 0xc2, 0xce, 0xfb,
    0xff, 0xff, 0x41, 0x89, 0x16, 0x89, 0xca, 0xc1, 0xe1, 0x05, 0x8b, 0x54,
    0x90, 0x14, 0x89, 0xd6, 0xc1, 0xe6, 0x10, 0x31, 0xff, 0x81, 0xfa, 0x00,
    0x00, 0x01, 0x00, 0x40, 0x0f, 0x92, 0xc7, 0x0f, 0x43, 0xf2, 0xc1, 0xe7,
    0x04, 0x8d, 0x57, 0x08, 0x41, 0x89, 0xf0, 0x41, 0xc1, 0xe0, 0x08, 0x81,
    0xfe, 0x00, 0x00, 0x00, 0x01, 0x44, 0x0f, 0x43, 0xc6, 0x0f, 0x43, 0xd7,
    0x8d, 0x72, 0x04, 0x44, 0x89, 0xc7, 0xc1, 0xe7, 0x04, 0x41, 0x81, 0xf8,
    0x00, 0x00, 0x00, 0x10, 0x41, 0x0f, 0x43, 0xf8, 0x0f, 0x43, 0xf2, 0x8d,
    0x14, 0xbd, 0x00, 0x00, 0x00, 0x00, 0x81, 0xff, 0x00, 0x00, 0x00, 0x40,
    0x0f, 0x43, 0xd7, 0x8d, 0x7e, 0x02, 0x0f, 0x43, 0xfe, 0x8d, 0x77, 0x01,
    0x81, 0xfa, 0x00, 0x00, 0x00, 0x40, 0x41, 0xb8, 0x20, 0x00, 0x00, 0x00,
    0x44, 0x0f, 0x43, 0xc6, 0x85, 0xd2, 0x44, 0x0f, 0x48, 0xc7, 0x44, 0x29,
    0xc1, 0xeb, 0x39, 0x89, 0xcf, 0xeb, 0x07, 0xd1, 0xef, 0xba, 0x01, 0x00,
    0x00, 0x00, 0x89, 0x78, 0x18, 0xc7, 0x40, 0x14, 0x01, 0x00, 0x00, 0x00,
    0x83, 0xc2, 0x20, 0xb9, 0x01, 0x00, 0x00, 0x00, 0x48, 0x85, 0xf6, 0x0f,
    0x84, 0x4f, 0xff, 0xff, 0xff, 0x8d, 0x0c, 0x16, 0x81, 0xc1, 0xcd, 0xfb,
    0xff, 0xff, 0x41, 0x89, 0x0e, 0xb9, 0x35, 0x00, 0x00, 0x00, 0x29, 0xd1,
    0x89, 0x0b, 0x48, 0x83, 0xc4, 0x08, 0x5b, 0x41, 0x5e, 0x41, 0x5f, 0x5d,
    0xc3, 0xbf, 0xe0, 0x0a, 0x42, 0x00, 0xb9, 0x4e, 0x07, 0x42, 0x00, 0xbe,
    0x0f, 0x03, 0x00, 0x00, 0x31, 0xd2, 0xe8, 0x91, 0x03, 0x00, 0x00, 0x90,
    0x55, 0x48, 0x89, 0xe5, 0x41, 0x56, 0x53, 0x48, 0x83, 0xec, 0x10, 0x48,
    0x89, 0xf3, 0x49, 0x89, 0xfe, 0x48, 0x8d, 0x75, 0xe8, 0xe8, 0x66, 0xfb,
    0xff, 0xff, 0x66, 0x0f, 0xd6, 0x45, 0xe0, 0x48, 0x8d, 0x75, 0xec, 0x48,
    0x89, 0xdf, 0xe8, 0x55, 0xfb, 0xff, 0xff, 0x8b, 0x4d, 0xe8, 0x2b, 0x4d,
    0xec, 0x41, 0x8b, 0x46, 0x14, 0x2b, 0x43, 0x14, 0xc1, 0xe0, 0x05, 0x01,
    0xc8, 0x7e, 0x23, 0xc1, 0xe0, 0x14, 0xf3, 0x0f, 0x7e, 0x4d, 0xe0, 0x66,
    0x48, 0x0f, 0x7e, 0xc9, 0x89, 0xca, 0x48, 0xc1, 0xe9, 0x20, 0x01, 0xc1,
    0x48, 0xc1, 0xe1, 0x20, 0x48, 0x09, 0xca, 0x66, 0x48, 0x0f, 0x6e, 0xca,
    0xeb, 0x21, 0x66, 0x48, 0x0f, 0x7e, 0xc1, 0x89, 0xca, 0x48, 0xc1, 0xe9,
    0x20, 0xc1, 0xe0, 0x14, 0x29, 0xc1, 0x48, 0xc1, 0xe1, 0x20, 0x48, 0x09,
    0xca, 0x66, 0x48, 0x0f, 0x6e, 0xc2, 0xf3, 0x0f, 0x7e, 0x4d, 0xe0, 0xf2,
    0x0f, 0x5e, 0xc8, 0x66, 0x0f, 0x28, 0xc1, 0x48, 0x83, 0xc4, 0x10, 0x5b,
    0x41, 0x5e, 0x5d, 0xc3, 0x66, 0x66, 0x66, 0x2e, 0x0f, 0x1f, 0x84, 0x00,
    0x00, 0x00, 0x00, 0x00, 0x83, 0xff, 0x18, 0x7d, 0x0d, 0x48, 0x63, 0xc7,
    0xf2, 0x0f, 0x10, 0x04, 0xc5, 0x20, 0xf3, 0x41, 0x00, 0xc3, 0x89, 0xf8,
    0x83, 0xe0, 0x07, 0x74, 0x25, 0x31, 0xc9, 0xf2, 0x0f, 0x10, 0x05, 0xad,
    0xe9, 0x00, 0x00, 0xf2, 0x0f, 0x10, 0x0d, 0xb5, 0xe9, 0x00, 0x00, 0x0f,
    0x1f, 0x44, 0x00, 0x00, 0xf2, 0x0f, 0x59, 0xc1, 0xff, 0xc1, 0x39, 0xc8,
    0x75, 0xf6, 0x29, 0xcf, 0xeb, 0x08, 0xf2, 0x0f, 0x10, 0x05, 0x8a, 0xe9,
    0x00, 0x00, 0x55, 0x48, 0x89, 0xe5, 0xff, 0xcf, 0xf2, 0x0f, 0x10, 0x0d,
    0x8c, 0xe9, 0x00, 0x00, 0x5d, 0x66, 0x66, 0x2e, 0x0f, 0x1f, 0x84, 0x00,
    0x00, 0x00, 0x00, 0x00, 0xf2, 0x0f, 0x59, 0xc1, 0xf2, 0x0f, 0x59, 0xc1,
    0xf2, 0x0f, 0x59, 0xc1, 0xf2, 0x0f, 0x59, 0xc1, 0xf2, 0x0f, 0x59, 0xc1,
    0xf2, 0x0f, 0x59, 0xc1, 0xf2, 0x0f, 0x59, 0xc1, 0xf2, 0x0f, 0x59, 0xc1,
    0x83, 0xc7, 0xf8, 0x83, 0xff, 0xfe, 0x72, 0xd8, 0xc3, 0x0f, 0x1f, 0x80,
    0x00, 0x00, 0x00, 0x00, 0x55, 0x48, 0x89, 0xe5, 0x53, 0xff, 0xce, 0xc1,
    0xfe, 0x05, 0x48, 0x63, 0xc6, 0x48, 0x8d, 0x34, 0x87, 0x48, 0x83, 0xc6,
    0x04, 0x4c, 0x63, 0x4a, 0x14, 0x48, 0x89, 0xf9, 0x4d, 0x85, 0xc9, 0x0f,
    0x8e, 0x9e, 0x00, 0x00, 0x00, 0x4a, 0x8d, 0x0c, 0x8d, 0x00, 0x00, 0x00,
    0x00, 0x48, 0x01, 0xd1, 0x48, 0x83, 0xc1, 0x18, 0x4c, 0x8d, 0x52, 0x1c,
    0x4c, 0x39, 0xd1, 0x4c, 0x0f, 0x47, 0xd1, 0x4c, 0x8d, 0x42, 0x18, 0x49,
    0x29, 0xd2, 0x49, 0x83, 0xc2, 0xe7, 0x48, 0x89, 0xf9, 0x49, 0x83, 0xfa,
    0x2c, 0x72, 0x4e, 0x48, 0x29, 0xd1, 0x48, 0x83, 0xc1, 0xe8, 0x48, 0x83,
    0xf9, 0x20, 0x73, 0x05, 0x48, 0x89, 0xf9, 0xeb, 0x3c, 0x49, 0xc1, 0xea,
    0x02, 0x49, 0xff, 0xc2, 0x4d, 0x89, 0xd3, 0x49, 0x83, 0xe3, 0xf8, 0x4a,
    0x8d, 0x0c, 0x9f, 0x4f, 0x8d, 0x04, 0x98, 0x31, 0xdb, 0x0f, 0x1f, 0x00,
    0x0f, 0x10, 0x44, 0x9a, 0x18, 0x0f, 0x10, 0x4c, 0x9a, 0x28, 0x0f, 0x11,
    0x04, 0x9f, 0x0f, 0x11, 0x4c, 0x9f, 0x10, 0x48, 0x83, 0xc3, 0x08, 0x49,
    0x39, 0xdb, 0x75, 0xe4, 0x4d, 0x39, 0xda, 0x74, 0x22, 0x4a, 0x8d, 0x14,
    0x8a, 0x48, 0x83, 0xc2, 0x18, 0x0f, 0x1f, 0x80, 0x00, 0x00, 0x00, 0x00,
    0x45, 0x8b, 0x08, 0x49, 0x83, 0xc0, 0x04, 0x44, 0x89, 0x09, 0x48, 0x83,
    0xc1, 0x04, 0x49, 0x39, 0xd0, 0x72, 0xed, 0x48, 0x39, 0xf1, 0x73, 0x68,
    0x48, 0x8d, 0x04, 0x87, 0x31, 0xf6, 0x48, 0x89, 0xc2, 0x48, 0x29, 0xca,
    0x48, 0x0f, 0x43, 0xf2, 0x48, 0x83, 0xc6, 0x03, 0x48, 0x83, 0xfe, 0x1c,
    0x73, 0x05, 0x48, 0x89, 0xca, 0xeb, 0x32, 0x48, 0xc1, 0xee, 0x02, 0x48,
    0xff, 0xc6, 0x48, 0x89, 0xf7, 0x48, 0x83, 0xe7, 0xf8, 0x48, 0x8d, 0x14,
    0xb9, 0x45, 0x31, 0xc0, 0x0f, 0x57, 0xc0, 0x90, 0x42, 0x0f, 0x11, 0x04,
    0x81, 0x42, 0x0f, 0x11, 0x44, 0x81, 0x10, 0x49, 0x83, 0xc0, 0x08, 0x4c,
    0x39, 0xc7, 0x75, 0xec, 0x48, 0x39, 0xfe, 0x74, 0x17, 0x48, 0x83, 0xc2,
    0xfc, 0x0f, 0x1f, 0x00, 0xc7, 0x42, 0x04, 0x00, 0x00, 0x00, 0x00, 0x48,
    0x83, 0xc2, 0x04, 0x48, 0x39, 0xc2, 0x72, 0xf0, 0x5b, 0x5d, 0xc3, 0x66,
    0x66, 0x66, 0x66, 0x2e, 0x0f, 0x1f, 0x84, 0x00, 0x00, 0x00, 0x00, 0x00,
    0x55, 0x48, 0x89, 0xe5, 0x8b, 0x4f, 0x14, 0x89, 0xf2, 0xc1, 0xfa, 0x05,
    0x39, 0xca, 0x7f, 0x2a, 0x7d, 0x26, 0x83, 0xe6, 0x1f, 0x74, 0x21, 0x4c,
    0x63, 0xc2, 0x41, 0xb9, 0xff, 0xff, 0xff, 0xff, 0x89, 0xf1, 0x41, 0xd3,
    0xe1, 0x41, 0xf7, 0xd1, 0xb8, 0x01, 0x00, 0x00, 0x00, 0x89, 0xd1, 0x46,
    0x85, 0x4c, 0x87, 0x18, 0x74, 0x04, 0xeb, 0x29, 0x89, 0xd1, 0x31, 0xc0,
    0x85, 0xc9, 0x7e, 0x21, 0x89, 0xc9, 0x48, 0x8d, 0x0c, 0x8d, 0x1c, 0x00,
    0x00, 0x00, 0x66, 0x0f, 0x1f, 0x44, 0x00, 0x00, 0x83, 0x7c, 0x0f, 0xf8,
    0x00, 0x75, 0x0c, 0x48, 0x83, 0xc1, 0xfc, 0x48, 0x83, 0xf9, 0x1d, 0x7d,
    0xef, 0x5d, 0xc3, 0xb8, 0x01, 0x00, 0x00, 0x00, 0x5d, 0xc3, 0xcc, 0xcc,
    0xcc, 0xcc, 0xcc, 0xcc, 0x55, 0x48, 0x89, 0xe5, 0x53, 0x50, 0x48, 0x89,
    0xf0, 0x48, 0xf7, 0xe2, 0x71, 0x0f, 0xe8, 0xed, 0xac, 0x00, 0x00, 0xc7,
    0x00, 0x0c, 0x00, 0x00, 0x00, 0x31, 0xc0, 0xeb, 0x7f, 0x48, 0x89, 0xc6,
    0xe8, 0x8b, 0x9d, 0xff, 0xff, 0x48, 0x85, 0xc0, 0x74, 0x3e, 0x48, 0x8b,
    0x50, 0xf8, 0x48, 0x83, 0xe2, 0xfc, 0x48, 0x83, 0xc2, 0xf8, 0x48, 0x83,
    0xfa, 0x48, 0x77, 0x30, 0x48, 0x89, 0xc1, 0x48, 0x83, 0xfa, 0x28, 0x72,
    0x49, 0x0f, 0x57, 0xc0, 0x0f, 0x11, 0x00, 0x48, 0x83, 0xfa, 0x38, 0x72,
    0x2d, 0x0f, 0x11, 0x40, 0x10, 0x48, 0x83, 0xfa, 0x48, 0x75, 0x2c, 0x0f,
    0x11, 0x40, 0x20, 0x48, 0x89, 0xc1, 0x48, 0x83, 0xc1, 0x30, 0xeb, 0x26,
    0x31, 0xc0, 0xeb, 0x30, 0x48, 0x89, 0xc7, 0x31, 0xf6, 0x48, 0x89, 0xc3,
    0xe8, 0x77, 0xaa, 0x00, 0x00, 0x48, 0x89, 0xd8, 0xeb, 0x1e, 0x48, 0x89,
    0xc1, 0x48, 0x83, 0xc1, 0x10, 0xeb, 0x07, 0x48, 0x89, 0xc1, 0x48, 0x83,
    0xc1, 0x20, 0x0f, 0x57, 0xc0, 0x0f, 0x11, 0x01, 0x48, 0xc7, 0x41, 0x10,
    0x00, 0x00, 0x00, 0x00, 0x48, 0x83, 0xc4, 0x08, 0x5b, 0x5d, 0xc3, 0xcc,
    0xcc, 0xcc, 0xcc, 0xcc, 0xcc, 0xcc, 0xcc, 0xcc, 0xcc, 0xcc, 0xcc, 0xcc,
    0x55, 0x48, 0x89, 0xe5, 0x48, 0x83, 0xec, 0x10, 0x41, 0x89, 0xf0, 0x48,
    0x89, 0xf8, 0x48, 0x8b, 0x35, 0x73, 0x0e, 0x01, 0x00, 0x48, 0x8b, 0x7e,
    0x18, 0x48, 0x85, 0xd2, 0xbe, 0x45, 0x09, 0x42, 0x00, 0x41, 0xb9, 0x5d,
    0x04, 0x42, 0x00, 0x4c, 0x0f, 0x44, 0xce, 0x48, 0x0f, 0x44, 0xd6, 0x48,
    0x89, 0x14, 0x24, 0xbe, 0xba, 0x14, 0x42, 0x00, 0x48, 0x89, 0xca, 0x48,
    0x89, 0xc1, 0x31, 0xc0, 0xe8, 0x9b, 0x00, 0x00, 0x00, 0xe8, 0x96, 0x10,
    0x00, 0x00, 0x66, 0x0f, 0x1f, 0x44, 0x00, 0x00, 0x55, 0x48, 0x89, 0xe5,
    0x48, 0x89, 0xd1, 0x31, 0xd2, 0xe8, 0xa2, 0xff, 0xff, 0xff, 0xcc, 0xcc,
    0x55, 0x48, 0x89, 0xe5, 0x48, 0x81, 0xec, 0xd0, 0x00, 0x00, 0x00, 0x48,
    0x89, 0x8d, 0x48, 0xff, 0xff, 0xff, 0x4c, 0x89, 0x85, 0x50, 0xff, 0xff,
    0xff, 0x4c, 0x89, 0x8d, 0x58, 0xff, 0xff, 0xff, 0x84, 0xc0, 0x74, 0x26,
    0x0f, 0x29, 0x85, 0x60, 0xff, 0xff, 0xff, 0x0f, 0x29, 0x8d, 0x70, 0xff,
    0xff, 0xff, 0x0f, 0x29, 0x55, 0x80, 0x0f, 0x29, 0x5d, 0x90, 0x0f, 0x29,
    0x65, 0xa0, 0x0f, 0x29, 0x6d, 0xb0, 0x0f, 0x29, 0x75, 0xc0, 0x0f, 0x29,
    0x7d, 0xd0, 0x48, 0x8d, 0x85, 0x30, 0xff, 0xff, 0xff, 0x48, 0x89, 0x45,
    0xf0, 0x48, 0x8d, 0x45, 0x10, 0x48, 0x89, 0x45, 0xe8, 0x48, 0xb8, 0x18,
    0x00, 0x00, 0x00, 0x30, 0x00, 0x00, 0x00, 0x48, 0x89, 0x45, 0xe0, 0x48,
    0x8d, 0x4d, 0xe0, 0xe8, 0xcc, 0x00, 0x00, 0x00, 0x48, 0x81, 0xc4, 0xd0,
    0x00, 0x00, 0x00, 0x5d, 0xc3, 0x0f, 0x1f, 0x00, 0x55, 0x48, 0x89, 0xe5,
    0x48, 0x81, 0xec, 0xd0, 0x00, 0x00, 0x00, 0x49, 0x89, 0xf2, 0x48, 0x89,
    0xfe, 0x48, 0x89, 0x95, 0x40, 0xff, 0xff, 0xff, 0x48, 0x89, 0x8d, 0x48,
    0xff, 0xff, 0xff, 0x4c, 0x89, 0x85, 0x50, 0xff, 0xff, 0xff, 0x4c, 0x89,
    0x8d, 0x58, 0xff, 0xff, 0xff, 0x84, 0xc0, 0x74, 0x26, 0x0f, 0x29, 0x85,
    0x60, 0xff, 0xff, 0xff, 0x0f, 0x29, 0x8d, 0x70, 0xff, 0xff, 0xff, 0x0f,
    0x29, 0x55, 0x80, 0x0f, 0x29, 0x5d, 0x90, 0x0f, 0x29, 0x65, 0xa0, 0x0f,
    0x29, 0x6d, 0xb0, 0x0f, 0x29, 0x75, 0xc0, 0x0f, 0x29, 0x7d, 0xd0, 0x48,
    0x8d, 0x85, 0x30, 0xff, 0xff, 0xff, 0x48, 0x89, 0x45, 0xf0, 0x48, 0x8d,
    0x45, 0x10, 0x48, 0x89, 0x45, 0xe8, 0x48, 0xb8, 0x10, 0x00, 0x00, 0x00,
    0x30, 0x00, 0x00, 0x00, 0x48, 0x89, 0x45, 0xe0, 0x48, 0x8b, 0x3d, 0x29,
    0x0d, 0x01, 0x00, 0x48, 0x8d, 0x4d, 0xe0, 0x4c, 0x89, 0xd2, 0xe8, 0x35,
    0x00, 0x00, 0x00, 0x48, 0x81, 0xc4, 0xd0, 0x00, 0x00, 0x00, 0x5d, 0xc3,
    0xcc, 0xcc, 0xcc, 0xcc, 0xcc, 0xcc, 0xcc, 0xcc, 0xcc, 0xcc, 0xcc, 0xcc,
    0x55, 0x48, 0x89, 0xe5, 0x48, 0x89, 0xd1, 0x48, 0x89, 0xf2, 0x48, 0x89,
    0xfe, 0x48, 0x8b, 0x3d, 0xf4, 0x0c, 0x01, 0x00, 0x5d, 0xe9, 0x06, 0x00,
    0x00, 0x00, 0x66, 0x0f, 0x1f, 0x44, 0x00, 0x00, 0x55, 0x48, 0x89, 0xe5,
    0x41, 0x57, 0x41, 0x56, 0x41, 0x55, 0x41, 0x54, 0x53, 0x48, 0x81, 0xec,
    0x28, 0x01, 0x00, 0x00, 0x49, 0x89, 0xce, 0x49, 0x89, 0xd4, 0x49, 0x89,
    0xf5, 0x48, 0x85, 0xff, 0x74, 0x12, 0x48, 0x83, 0x7f, 0x48, 0x00, 0x75,
    0x0b, 0x48, 0x89, 0xfb, 0xe8, 0xef, 0x69, 0x00, 0x00, 0x48, 0x89, 0xdf,
    0x41, 0x0f, 0xb7, 0x45, 0x10, 0x41, 0x8b, 0x8d, 0xac, 0x00, 0x00, 0x00,
    0xa9, 0x00, 0x20, 0x00, 0x00, 0x48, 0x89, 0x7d, 0xa8, 0x4c, 0x89, 0x75,
    0xa0, 0x75, 0x17, 0x0d, 0x00, 0x20, 0x00, 0x00, 0x66, 0x41, 0x89, 0x45,
    0x10, 0x81, 0xe1, 0xff, 0xdf, 0xff, 0xff, 0x41, 0x89, 0x8d, 0xac, 0x00,
    0x00, 0x00, 0x41, 0xbf, 0xff, 0xff, 0xff, 0xff, 0xf7, 0xc1, 0x00, 0x20,
    0x00, 0x00, 0x0f, 0x85, 0xd7, 0x0d, 0x00, 0x00, 0xa8, 0x08, 0x74, 0x07,
    0x49, 0x83, 0x7d, 0x18, 0x00, 0x75, 0x19, 0x48, 0x8b, 0x7d, 0xa8, 0x4c,
    0x89, 0xee, 0xe8, 0x21, 0x70, 0x00, 0x00, 0x85, 0xc0, 0x0f, 0x85, 0xb8,
    0x0d, 0x00, 0x00, 0x41, 0x0f, 0xb7, 0x45, 0x10, 0x83, 0xe0, 0x1a, 0x66,
    0x83, 0xf8, 0x0a, 0x75, 0x2c, 0x66, 0x41, 0x83, 0x7d, 0x12, 0x00, 0x78,
    0x24, 0x48, 0x8b, 0x7d, 0xa8, 0x4c, 0x89, 0xee, 0x4c, 0x89, 0xe2, 0x48,
    0x8b, 0x4d, 0xa0, 0x48, 0x81, 0xc4, 0x28, 0x01, 0x00, 0x00, 0x5b, 0x41,
    0x5c, 0x41, 0x5d, 0x41, 0x5e, 0x41, 0x5f, 0x5d, 0xe9, 0x9f, 0x0d, 0x00,
    0x00, 0x4c, 0x8d, 0xb5, 0xb0, 0xfe, 0xff, 0xff, 0x4c, 0x89, 0x75, 0xb8,
    0x48, 0xc7, 0x45, 0xc8, 0x00, 0x00, 0x00, 0x00, 0xc7, 0x45, 0xc0, 0x00,
    0x00, 0x00, 0x00, 0x31, 0xdb, 0x48, 0xba, 0x00, 0x00, 0x00, 0x00, 0x01,
    0x00, 0x00, 0x00, 0x48, 0xc7, 0x85, 0x78, 0xff, 0xff, 0xff, 0x00, 0x00,
    0x00, 0x00, 0x4c, 0x89, 0x6d, 0x90, 0x89, 0x5d, 0xb4, 0x4d, 0x8d, 0x7c,
    0x24, 0x01, 0x31, 0xdb, 0x31, 0xc0, 0x66, 0x66, 0x66, 0x66, 0x66, 0x2e,
    0x0f, 0x1f, 0x84, 0x00, 0x00, 0x00, 0x00, 0x00, 0x41, 0x0f, 0xb6, 0x4f,
    0xff, 0x85, 0xc9, 0x74, 0x17, 0x83, 0xf9, 0x25, 0x74, 0x12, 0x49, 0xff,
    0xc7, 0x48, 0x01, 0xd0, 0xff, 0xcb, 0xeb, 0xe8, 0x0f, 0x1f, 0x84, 0x00,
    0x00, 0x00, 0x00, 0x00, 0x85, 0xdb, 0x74, 0x49, 0x4d, 0x89, 0x26, 0x48,
    0xc1, 0xf8, 0x20, 0x49, 0x89, 0x46, 0x08, 0x48, 0x01, 0x45, 0xc8, 0x8b,
    0x45, 0xc0, 0x8d, 0x48, 0x01, 0x89, 0x4d, 0xc0, 0x83, 0xf8, 0x07, 0x7c,
    0x20, 0x48, 0x8b, 0x7d, 0xa8, 0x4c, 0x89, 0xee, 0x48, 0x8d, 0x55, 0xb8,
    0xe8, 0x4f, 0x37, 0x00, 0x00, 0x4c, 0x8d, 0xb5, 0xb0, 0xfe, 0xff, 0xff,
    0x85, 0xc0, 0x74, 0x09, 0xe9, 0xbb, 0x0c, 0x00, 0x00, 0x49, 0x83, 0xc6,
    0x10, 0x29, 0x5d, 0xb4, 0x41, 0x0f, 0xb6, 0x4f, 0xff, 0x84, 0xc9, 0x0f,
    0x84, 0x90, 0x0c, 0x00, 0x00, 0xc6, 0x45, 0xd7, 0x00, 0x41, 0xb8, 0xff,
    0xff, 0xff, 0xff, 0x31, 0xc0, 0x31, 0xdb, 0x4d, 0x89, 0xfc, 0x31, 0xff,
    0x41, 0x0f, 0xbe, 0x14, 0x24, 0x49, 0xff, 0xc4, 0x83, 0xfa, 0x78, 0x0f,
    0x87, 0x92, 0x02, 0x00, 0x00, 0x89, 0xd1, 0xff, 0x24, 0xcd, 0x50, 0xf4,
    0x41, 0x00, 0x41, 0x0f, 0xbe, 0x14, 0x24, 0x49, 0xff, 0xc4, 0x83, 0xfa,
    0x2a, 0x0f, 0x84, 0xb3, 0x00, 0x00, 0x00, 0x8d, 0x72, 0xd0, 0x31, 0xc9,
    0x83, 0xfe, 0x09, 0x77, 0x19, 0x31, 0xc9, 0x90, 0x8d, 0x0c, 0x89, 0x8d,
    0x0c, 0x4e, 0x41, 0x0f, 0xbe, 0x14, 0x24, 0x49, 0xff, 0xc4, 0x8d, 0x72,
    0xd0, 0x83, 0xfe, 0x0a, 0x72, 0xea, 0x85, 0xc9, 0x41, 0xb8, 0xff, 0xff,
    0xff, 0xff, 0x44, 0x0f, 0x49, 0xc1, 0xeb, 0xac, 0x31, 0xdb, 0x66, 0x2e,
    0x0f, 0x1f, 0x84, 0x00, 0x00, 0x00, 0x00, 0x00, 0x8d, 0x0c, 0x9b, 0x8d,
    0x1c, 0x4a, 0x83, 0xc3, 0xd0, 0x41, 0x0f, 0xbe, 0x14, 0x24, 0x49, 0xff,
    0xc4, 0x8d, 0x4a, 0xd0, 0x83, 0xf9, 0x0a, 0x72, 0xe7, 0xeb, 0x85, 0x83,
    0xcf, 0x10, 0xe9, 0x75, 0xff, 0xff, 0xff, 0x83, 0xcf, 0x40, 0xe9, 0x6d,
    0xff, 0xff, 0xff, 0x84, 0xc0, 0x0f, 0x85, 0x65, 0xff, 0xff, 0xff, 0xc6,
    0x45, 0xd7, 0x20, 0xb0, 0x20, 0xe9, 0x5a, 0xff, 0xff, 0xff, 0x83, 0xcf,
    0x01, 0xe9, 0x52, 0xff, 0xff, 0xff, 0x48, 0x8b, 0x75, 0xa0, 0x8b, 0x16,
    0x48, 0x83, 0xfa, 0x28, 0x77, 0x3e, 0x48, 0x89, 0xd1, 0x48, 0x03, 0x4e,
    0x10, 0x83, 0xc2, 0x08, 0x89, 0x16, 0xeb, 0x3c, 0xc6, 0x45, 0xd7, 0x2b,
    0xb0, 0x2b, 0xe9, 0x2d, 0xff, 0xff, 0xff, 0x81, 0xcf, 0x80, 0x00, 0x00,
    0x00, 0xe9, 0x22, 0xff, 0xff, 0xff, 0x48, 0x8b, 0x75, 0xa0, 0x8b, 0x16,
    0x48, 0x83, 0xfa, 0x28, 0x77, 0x2e, 0x48, 0x89, 0xd1, 0x48, 0x03, 0x4e,
    0x10, 0x83, 0xc2, 0x08, 0x89, 0x16, 0xeb, 0x2c, 0x48, 0x8b, 0x4e, 0x08,
    0x48, 0x8d, 0x51, 0x08, 0x48, 0x89, 0x56, 0x08, 0x8b, 0x19, 0x85, 0xdb,
    0x0f, 0x89, 0xf2, 0xfe, 0xff, 0xff, 0xf7, 0xdb, 0x83, 0xcf, 0x04, 0xe9,
    0xe8, 0xfe, 0xff, 0xff, 0x48, 0x8b, 0x4e, 0x08, 0x48, 0x8d, 0x51, 0x08,
    0x48, 0x89, 0x56, 0x08, 0x8b, 0x09, 0x85, 0xc9, 0x41, 0xb8, 0xff, 0xff,
    0xff, 0xff, 0x44, 0x0f, 0x49, 0xc1, 0xe9, 0xc9, 0xfe, 0xff, 0xff, 0x40,
    0xf6, 0xc7, 0x10, 0x75, 0x20, 0x40, 0xf6, 0xc7, 0x40, 0x48, 0x8b, 0x55,
    0xa0, 0x75, 0x30, 0x8b, 0x0a, 0x48, 0x83, 0xf9, 0x28, 0x77, 0x63, 0x48,
    0x89, 0xc8, 0x48, 0x03, 0x42, 0x10, 0x83, 0xc1, 0x08, 0x89, 0x0a, 0xeb,
    0x61, 0x48, 0x8b, 0x55, 0xa0, 0x8b, 0x0a, 0x48, 0x83, 0xf9, 0x28, 0x77,
    0x24, 0x48, 0x89, 0xc8, 0x48, 0x03, 0x42, 0x10, 0x83, 0xc1, 0x08, 0x89,
    0x0a, 0xeb, 0x22, 0x8b, 0x0a, 0x48, 0x83, 0xf9, 0x28, 0x77, 0x56, 0x48,
    0x89, 0xc8, 0x48, 0x03, 0x42, 0x10, 0x83, 0xc1, 0x08, 0x89, 0x0a, 0xeb,
    0x54, 0x48, 0x8b, 0x42, 0x08, 0x48, 0x8d, 0x48, 0x08, 0x48, 0x89, 0x4a,
    0x08, 0x48, 0x63, 0x4d, 0xb4, 0x48, 0x8b, 0x00, 0x48, 0x89, 0x08, 0x48,
    0xba, 0x00, 0x00, 0x00, 0x00, 0x01, 0x00, 0x00, 0x00, 0xe9, 0xaf, 0xfd,
    0xff, 0xff, 0x48, 0x8b, 0x42, 0x08, 0x48, 0x8d, 0x48, 0x08, 0x48, 0x89,
    0x4a, 0x08, 0x48, 0x8b, 0x00, 0x8b, 0x4d, 0xb4, 0x89, 0x08, 0x48, 0xba,
    0x00, 0x00, 0x00, 0x00, 0x01, 0x00, 0x00, 0x00, 0xe9, 0x8c, 0xfd, 0xff,
    0xff, 0x48, 0x8b, 0x42, 0x08, 0x48, 0x8d, 0x48, 0x08, 0x48, 0x89, 0x4a,
    0x08, 0x48, 0x8b, 0x00, 0x8b, 0x4d, 0xb4, 0x66, 0x89, 0x08, 0x48, 0xba,
    0x00, 0x00, 0x00, 0x00, 0x01, 0x00, 0x00, 0x00, 0xe9, 0x68, 0xfd, 0xff,
    0xff, 0x83, 0xcf, 0x10, 0x40, 0xf6, 0xc7, 0x10, 0x48, 0x8b, 0x55, 0xa0,
    0x75, 0x79, 0x8b, 0x02, 0x40, 0xf6, 0xc7, 0x40, 0x0f, 0x85, 0xf5, 0x01,
    0x00, 0x00, 0x83, 0xf8, 0x28, 0x0f, 0x87, 0x86, 0x03, 0x00, 0x00, 0x48,
    0x89, 0xc1, 0x48, 0x03, 0x4a, 0x10, 0x83, 0xc0, 0x08, 0x89, 0x02, 0xe9,
    0x81, 0x03, 0x00, 0x00, 0x83, 0xcf, 0x10, 0x40, 0xf6, 0xc7, 0x10, 0x48,
    0x8b, 0x55, 0xa0, 0x75, 0x26, 0x8b, 0x02, 0x40, 0xf6, 0xc7, 0x40, 0x0f,
    0x85, 0x90, 0x01, 0x00, 0x00, 0x83, 0xf8, 0x28, 0x0f, 0x87, 0xec, 0x02,
    0x00, 0x00, 0x48, 0x89, 0xc1, 0x48, 0x03, 0x4a, 0x10, 0x83, 0xc0, 0x08,
    0x89, 0x02, 0xe9, 0xe7, 0x02, 0x00, 0x00, 0x8b, 0x02, 0x48, 0x83, 0xf8,
    0x28, 0x0f, 0x87, 0x88, 0x01, 0x00, 0x00, 0x48, 0x89, 0xc1, 0x48, 0x03,
    0x4a, 0x10, 0x83, 0xc0, 0x08, 0x89, 0x02, 0x48, 0x8b, 0x09, 0xe9, 0xdc,
    0x02, 0x00, 0x00, 0x8b, 0x0a, 0x48, 0x83, 0xf9, 0x28, 0x0f, 0x87, 0x96,
    0x01, 0x00, 0x00, 0x48, 0x89, 0xc8, 0x48, 0x03, 0x42, 0x10, 0x83, 0xc1,
    0x08, 0x89, 0x0a, 0xe9, 0x91, 0x01, 0x00, 0x00, 0xb8, 0x3d, 0x07, 0x42,
    0x00, 0xeb, 0x25, 0x88, 0x95, 0x40, 0xff, 0xff, 0xff, 0xc6, 0x45, 0xd7,
    0x00, 0xb9, 0x01, 0x00, 0x00, 0x00, 0x45, 0x31, 0xc0, 0x89, 0xfe, 0x4c,
    0x8d, 0xbd, 0x40, 0xff, 0xff, 0xff, 0xe9, 0xa1, 0x04, 0x00, 0x00, 0xb8,
    0xa2, 0x16, 0x42, 0x00, 0x48, 0x89, 0x85, 0x78, 0xff, 0xff, 0xff, 0x40,
    0xf6, 0xc7, 0x10, 0x48, 0x8b, 0x75, 0xa0, 0x75, 0x26, 0x8b, 0x06, 0x40,
    0xf6, 0xc7, 0x40, 0x0f, 0x85, 0x55, 0x01, 0x00, 0x00, 0x83, 0xf8, 0x28,
    0x0f, 0x87, 0xde, 0x02, 0x00, 0x00, 0x48, 0x89, 0xc1, 0x48, 0x03, 0x4e,
    0x10, 0x83, 0xc0, 0x08, 0x89, 0x06, 0xe9, 0xd9, 0x02, 0x00, 0x00, 0x8b,
    0x06, 0x48, 0x83, 0xf8, 0x28, 0x0f, 0x87, 0x49, 0x01, 0x00, 0x00, 0x48,
    0x89, 0xc1, 0x48, 0x03, 0x4e, 0x10, 0x83, 0xc0, 0x08, 0x89, 0x06, 0x48,
    0x8b, 0x09, 0xe9, 0xcc, 0x02, 0x00, 0x00, 0x48, 0x8b, 0x55, 0xa0, 0x8b,
    0x0a, 0x48, 0x83, 0xf9, 0x28, 0x0f, 0x87, 0x39, 0x01, 0x00, 0x00, 0x48,
    0x89, 0xc8, 0x48, 0x03, 0x42, 0x10, 0x83, 0xc1, 0x08, 0x89, 0x0a, 0xe9,
    0x34, 0x01, 0x00, 0x00, 0x48, 0x8b, 0x55, 0xa0, 0x8b, 0x0a, 0x48, 0x83,
    0xf9, 0x28, 0x0f, 0x87, 0x47, 0x01, 0x00, 0x00, 0x48, 0x89, 0xc8, 0x48,
    0x03, 0x42, 0x10, 0x83, 0xc1, 0x08, 0x89, 0x0a, 0xe9, 0x42, 0x01, 0x00,
    0x00, 0x48, 0x8b, 0x55, 0xa0, 0x8b, 0x0a, 0x48, 0x83, 0xf9, 0x28, 0x89,
    0x7d, 0x9c, 0x0f, 0x87, 0x51, 0x01, 0x00, 0x00, 0x48, 0x89, 0xc8, 0x48,
    0x03, 0x42, 0x10, 0x83, 0xc1, 0x08, 0x89, 0x0a, 0xe9, 0x4c, 0x01, 0x00,
    0x00, 0x83, 0xcf, 0x10, 0x40, 0xf6, 0xc7, 0x10, 0x48, 0x8b, 0x55, 0xa0,
    0x75, 0x26, 0x8b, 0x02, 0x40, 0xf6, 0xc7, 0x40, 0x0f, 0x85, 0x6e, 0x01,
    0x00, 0x00, 0x83, 0xf8, 0x28, 0x0f, 0x87, 0x60, 0x02, 0x00, 0x00, 0x48,
    0x89, 0xc1, 0x48, 0x03, 0x4a, 0x10, 0x83, 0xc0, 0x08, 0x89, 0x02, 0xe9,
    0x5b, 0x02, 0x00, 0x00, 0x8b, 0x0a, 0x48, 0x83, 0xf9, 0x28, 0x0f, 0x87,
    0x62, 0x01, 0x00, 0x00, 0x48, 0x89, 0xc8, 0x48, 0x03, 0x42, 0x10, 0x83,
    0xc1, 0x08, 0x89, 0x0a, 0xe9, 0x5d, 0x01, 0x00, 0x00, 0x83, 0xf8, 0x28,
    0x0f, 0x87, 0x6d, 0x01, 0x00, 0x00, 0x48, 0x8b, 0x4a, 0x10, 0x48, 0x01,
    0xc1, 0x83, 0xc0, 0x08, 0x89, 0x02, 0x48, 0x0f, 0xbf, 0x09, 0xe9, 0x68,
    0x01, 0x00, 0x00, 0x48, 0x8b, 0x42, 0x08, 0x48, 0x8d, 0x48, 0x08, 0x48,
    0x89, 0x4a, 0x08, 0x48, 0x8b, 0x08, 0xe9, 0x54, 0x01, 0x00, 0x00, 0x83,
    0xf8, 0x28, 0x0f, 0x87, 0xa6, 0x01, 0x00, 0x00, 0x48, 0x8b, 0x4a, 0x10,
    0x48, 0x01, 0xc1, 0x83, 0xc0, 0x08, 0x89, 0x02, 0xe9, 0xa1, 0x01, 0x00,
    0x00, 0x48, 0x8b, 0x42, 0x08, 0x48, 0x8d, 0x48, 0x08, 0x48, 0x89, 0x4a,
    0x08, 0x48, 0x8b, 0x08, 0xb8, 0x01, 0x00, 0x00, 0x00, 0xe9, 0xee, 0x01,
    0x00, 0x00, 0x83, 0xf8, 0x28, 0x0f, 0x87, 0x99, 0x01, 0x00, 0x00, 0x48,
    0x8b, 0x4e, 0x10, 0x48, 0x01, 0xc1, 0x83, 0xc0, 0x08, 0x89, 0x06, 0xe9,
    0x94, 0x01, 0x00, 0x00, 0x48, 0x8b, 0x46, 0x08, 0x48, 0x8d, 0x48, 0x08,
    0x48, 0x89, 0x4e, 0x08, 0x48, 0x8b, 0x08, 0xe9, 0x83, 0x01, 0x00, 0x00,
    0x48, 0x8b, 0x42, 0x08, 0x48, 0x8d, 0x48, 0x08, 0x48, 0x89, 0x4a, 0x08,
    0x0f, 0xb6, 0x00, 0x88, 0x85, 0x40, 0xff, 0xff, 0xff, 0xc6, 0x45, 0xd7,
    0x00, 0xb9, 0x01, 0x00, 0x00, 0x00, 0x45, 0x31, 0xc0, 0x4c, 0x8d, 0xbd,
    0x40, 0xff, 0xff, 0xff, 0x89, 0xfe, 0xe9, 0xcd, 0x02, 0x00, 0x00, 0x48,
    0x8b, 0x42, 0x08, 0x48, 0x8d, 0x48, 0x08, 0x48, 0x89, 0x4a, 0x08, 0x48,
    0x8b, 0x08, 0x83, 0xcf, 0x02, 0x66, 0xc7, 0x45, 0xb2, 0x30, 0x78, 0xb8,
    0xa2, 0x16, 0x42, 0x00, 0x48, 0x89, 0x85, 0x78, 0xff, 0xff, 0xff, 0xb8,
    0x02, 0x00, 0x00, 0x00, 0xe9, 0x63, 0x01, 0x00, 0x00, 0x48, 0x8b, 0x42,
    0x08, 0x48, 0x8d, 0x48, 0x08, 0x48, 0x89, 0x4a, 0x08, 0x4c, 0x8b, 0x38,
    0xc6, 0x45, 0xd7, 0x00, 0x4d, 0x85, 0xff, 0x0f, 0x84, 0xa2, 0x00, 0x00,
    0x00, 0x45, 0x85, 0xc0, 0x0f, 0x88, 0x77, 0x07, 0x00, 0x00, 0x44, 0x89,
    0xc2, 0x4c, 0x89, 0xff, 0x31, 0xf6, 0x4c, 0x89, 0x45, 0x88, 0xe8, 0x4d,
    0x6f, 0x00, 0x00, 0x89, 0xc1, 0x44, 0x29, 0xf9, 0x48, 0x85, 0xc0, 0x0f,
    0x44, 0x4d, 0x88, 0xe9, 0x60, 0x07, 0x00, 0x00, 0x83, 0xf8, 0x28, 0x0f,
    0x87, 0x02, 0x01, 0x00, 0x00, 0x48, 0x8b, 0x4a, 0x10, 0x48, 0x01, 0xc1,
    0x83, 0xc0, 0x08, 0x89, 0x02, 0xe9, 0xfd, 0x00, 0x00, 0x00, 0x48, 0x8b,
    0x42, 0x08, 0x48, 0x8d, 0x48, 0x08, 0x48, 0x89, 0x4a, 0x08, 0x48, 0x8b,
    0x08, 0xe9, 0xec, 0x00, 0x00, 0x00, 0x48, 0x8b, 0x4a, 0x08, 0x48, 0x8d,
    0x41, 0x08, 0x48, 0x89, 0x42, 0x08, 0x48, 0x63, 0x09, 0xeb, 0x10, 0x48,
    0x8b, 0x42, 0x08, 0x48, 0x8d, 0x48, 0x08, 0x48, 0x89, 0x4a, 0x08, 0x48,
    0x0f, 0xbf, 0x08, 0xb8, 0x01, 0x00, 0x00, 0x00, 0x48, 0x85, 0xc9, 0x0f,
    0x89, 0xc3, 0x00, 0x00, 0x00, 0x48, 0xf7, 0xd9, 0xc6, 0x45, 0xd7, 0x2d,
    0x89, 0xfe, 0x81, 0xe6, 0x7f, 0xff, 0xff, 0xff, 0x45, 0x85, 0xc0, 0x0f,
    0x48, 0xf7, 0xe9, 0xdf, 0x00, 0x00, 0x00, 0x41, 0x83, 0xf8, 0x06, 0xb9,
    0x06, 0x00, 0x00, 0x00, 0x41, 0x0f, 0x42, 0xc8, 0x45, 0x31, 0xc0, 0x41,
    0xbf, 0xb1, 0x19, 0x42, 0x00, 0x8b, 0x75, 0x9c, 0xe9, 0xc3, 0x01, 0x00,
    0x00, 0x48, 0x8b, 0x4a, 0x08, 0x48, 0x8d, 0x41, 0x08, 0x48, 0x89, 0x42,
    0x08, 0x8b, 0x09, 0xb8, 0x01, 0x00, 0x00, 0x00, 0xeb, 0x72, 0x48, 0x8b,
    0x4a, 0x08, 0x48, 0x8d, 0x41, 0x08, 0x48, 0x89, 0x42, 0x08, 0x0f, 0xb7,
    0x09, 0xb8, 0x01, 0x00, 0x00, 0x00, 0xeb, 0x5c, 0x48, 0x8b, 0x4e, 0x08,
    0x48, 0x8d, 0x41, 0x08, 0x48, 0x89, 0x46, 0x08, 0x8b, 0x09, 0xeb, 0x0f,
    0x48, 0x8b, 0x4e, 0x08, 0x48, 0x8d, 0x41, 0x08, 0x48, 0x89, 0x46, 0x08,
    0x0f, 0xb7, 0x09, 0xb8, 0x02, 0x00, 0x00, 0x00, 0x40, 0xf6, 0xc7, 0x01,
    0x74, 0x32, 0x48, 0x85, 0xc9, 0x74, 0x2d, 0xc6, 0x45, 0xb2, 0x30, 0x88,
    0x55, 0xb3, 0x83, 0xcf, 0x02, 0xeb, 0x21, 0x48, 0x8b, 0x4a, 0x08, 0x48,
    0x8d, 0x41, 0x08, 0x48, 0x89, 0x42, 0x08, 0x8b, 0x09, 0xeb, 0x0f, 0x48,
    0x8b, 0x4a, 0x08, 0x48, 0x8d, 0x41, 0x08, 0x48, 0x89, 0x42, 0x08, 0x0f,
    0xb7, 0x09, 0x31, 0xc0, 0xc6, 0x45, 0xd7, 0x00, 0x89, 0xfe, 0x81, 0xe6,
    0x7f, 0xff, 0xff, 0xff, 0x45, 0x85, 0xc0, 0x0f, 0x48, 0xf7, 0x48, 0x85,
    0xc9, 0x75, 0x1a, 0x45, 0x85, 0xc0, 0x75, 0x15, 0x45, 0x31, 0xc0, 0x85,
    0xc0, 0x75, 0x36, 0x83, 0xe7, 0x01, 0x74, 0x31, 0xc6, 0x85, 0x67, 0xff,
    0xff, 0xff, 0x30, 0xeb, 0x1c, 0x85, 0xc0, 0x74, 0x30, 0x83, 0xf8, 0x01,
    0x75, 0x6f, 0x48, 0x83, 0xf9, 0x0a, 0x0f, 0x83, 0x9b, 0x00, 0x00, 0x00,
    0x80, 0xc9, 0x30, 0x88, 0x8d, 0x67, 0xff, 0xff, 0xff, 0x4c, 0x8d, 0xbd,
    0x67, 0xff, 0xff, 0xff, 0xe9, 0xd7, 0x00, 0x00, 0x00, 0x4c, 0x8d, 0xbd,
    0x68, 0xff, 0xff, 0xff, 0xe9, 0xcb, 0x00, 0x00, 0x00, 0x4c, 0x8d, 0xbd,
    0x67, 0xff, 0xff, 0xff, 0x48, 0x89, 0xca, 0x90, 0x89, 0xc8, 0x24, 0x07,
    0x8d, 0x78, 0x30, 0x41, 0x88, 0x3f, 0x48, 0xc1, 0xea, 0x03, 0x49, 0xff,
    0xcf, 0x48, 0x83, 0xf9, 0x07, 0x48, 0x89, 0xd1, 0x77, 0xe6, 0x49, 0x8d,
    0x4f, 0x01, 0x40, 0xf6, 0xc6, 0x01, 0x0f, 0x84, 0x8c, 0x00, 0x00, 0x00,
    0x84, 0xc0, 0x0f, 0x84, 0x84, 0x00, 0x00, 0x00, 0x41, 0xc6, 0x07, 0x30,
    0xe9, 0x87, 0x00, 0x00, 0x00, 0x4c, 0x8d, 0xbd, 0x68, 0xff, 0xff, 0xff,
    0x48, 0x89, 0xc8, 0x48, 0x8b, 0xbd, 0x78, 0xff, 0xff, 0xff, 0x66, 0x0f,
    0x1f, 0x44, 0x00, 0x00, 0x89, 0xca, 0x83, 0xe2, 0x0f, 0x0f, 0xb6, 0x14,
    0x17, 0x41, 0x88, 0x57, 0xff, 0x49, 0xff, 0xcf, 0x48, 0xc1, 0xe8, 0x04,
    0x48, 0x83, 0xf9, 0x10, 0x48, 0x89, 0xc1, 0x73, 0xe3, 0xeb, 0x51, 0x4c,
    0x8d, 0xbd, 0x68, 0xff, 0xff, 0xff, 0x66, 0x2e, 0x0f, 0x1f, 0x84, 0x00,
    0x00, 0x00, 0x00, 0x00, 0x48, 0xba, 0xcd, 0xcc, 0xcc, 0xcc, 0xcc, 0xcc,
    0xcc, 0xcc, 0x48, 0x89, 0xc8, 0x48, 0xf7, 0xe2, 0x48, 0xc1, 0xea, 0x03,
    0x8d, 0x04, 0x12, 0x8d, 0x04, 0x80, 0x89, 0xcf, 0x29, 0xc7, 0x40, 0x80,
    0xcf, 0x30, 0x41, 0x88, 0x7f, 0xff, 0x49, 0xff, 0xcf, 0x48, 0x83, 0xf9,
    0x0a, 0x48, 0x89, 0xd1, 0x73, 0xce, 0xeb, 0x0c, 0x49, 0x89, 0xcf, 0x66,
    0x0f, 0x1f, 0x84, 0x00, 0x00, 0x00, 0x00, 0x00, 0x48, 0x8d, 0x85, 0x68,
    0xff, 0xff, 0xff, 0x89, 0xc1, 0x44, 0x29, 0xf9, 0x41, 0x39, 0xc8, 0x48,
    0x89, 0x4d, 0x80, 0x89, 0xc8, 0x41, 0x0f, 0x4f, 0xc0, 0x89, 0xf1, 0x83,
    0xe1, 0x02, 0x89, 0x8d, 0x68, 0xff, 0xff, 0xff, 0x01, 0xc8, 0x80, 0x7d,
    0xd7, 0x01, 0x83, 0xd8, 0xff, 0x89, 0xd9, 0x48, 0x89, 0x85, 0x38, 0xff,
    0xff, 0xff, 0x29, 0xc1, 0x89, 0x75, 0x9c, 0x81, 0xe6, 0x84, 0x00, 0x00,
    0x00, 0x89, 0xb5, 0x6c, 0xff, 0xff, 0xff, 0x4c, 0x89, 0x45, 0x88, 0x48,
    0x89, 0x8d, 0x70, 0xff, 0xff, 0xff, 0x0f, 0x85, 0xb8, 0x00, 0x00, 0x00,
    0x85, 0xc9, 0x0f, 0x8e, 0xb0, 0x00, 0x00, 0x00, 0x83, 0xf9, 0x11, 0x72,
    0x63, 0x41, 0x89, 0xcd, 0xeb, 0x17, 0x66, 0x0f, 0x1f, 0x44, 0x00, 0x00,
    0x49, 0x83, 0xc6, 0x10, 0x41, 0x8d, 0x45, 0xf0, 0x41, 0x83, 0xfd, 0x20,
    0x41, 0x89, 0xc5, 0x7e, 0x49, 0x49, 0xc7, 0x06, 0x20, 0xf8, 0x41, 0x00,
    0x49, 0xc7, 0x46, 0x08, 0x10, 0x00, 0x00, 0x00, 0x48, 0x83, 0x45, 0xc8,
    0x10, 0x8b, 0x45, 0xc0, 0x8d, 0x48, 0x01, 0x89, 0x4d, 0xc0, 0x83, 0xf8,
    0x07, 0x7c, 0xcd, 0x48, 0x8b, 0x7d, 0xa8, 0x48, 0x8b, 0x75, 0x90, 0x48,
    0x8d, 0x55, 0xb8, 0xe8, 0x0c, 0x2f, 0x00, 0x00, 0x4c, 0x8b, 0x45, 0x88,
    0x4c, 0x8d, 0xb5, 0xb0, 0xfe, 0xff, 0xff, 0x85, 0xc0, 0x74, 0xb1, 0xe9,
    0x57, 0x04, 0x00, 0x00, 0x89, 0xc8, 0x49, 0xc7, 0x06, 0x20, 0xf8, 0x41,
    0x00, 0x89, 0xc0, 0x49, 0x89, 0x46, 0x08, 0x48, 0x01, 0x45, 0xc8, 0x8b,
    0x45, 0xc0, 0x8d, 0x48, 0x01, 0x89, 0x4d, 0xc0, 0x83, 0xf8, 0x07, 0x7c,
    0x78, 0x48, 0x8b, 0x7d, 0xa8, 0x4c, 0x8b, 0x6d, 0x90, 0x4c, 0x89, 0xee,
    0x48, 0x8d, 0x55, 0xb8, 0xe8, 0xc3, 0x2e, 0x00, 0x00, 0x4c, 0x8b, 0x45,
    0x88, 0x4c, 0x8d, 0xb5, 0xb0, 0xfe, 0xff, 0xff, 0x85, 0xc0, 0x0f, 0x85,
    0x2c, 0x04, 0x00, 0x00, 0x80, 0x7d, 0xd7, 0x00, 0x74, 0x5a, 0x48, 0x8d,
    0x45, 0xd7, 0x49, 0x89, 0x06, 0x49, 0xc7, 0x46, 0x08, 0x01, 0x00, 0x00,
    0x00, 0x48, 0xff, 0x45, 0xc8, 0x8b, 0x45, 0xc0, 0x8d, 0x48, 0x01, 0x89,
    0x4d, 0xc0, 0x83, 0xf8, 0x07, 0x7c, 0x24, 0x48, 0x8b, 0x7d, 0xa8, 0x4c,
    0x89, 0xee, 0x48, 0x8d, 0x55, 0xb8, 0xe8, 0x79, 0x2e, 0x00, 0x00, 0x4c,
    0x8b, 0x45, 0x88, 0x4c, 0x8d, 0xb5, 0xb0, 0xfe, 0xff, 0xff, 0x85, 0xc0,
    0x74, 0x1a, 0xe9, 0xe1, 0x03, 0x00, 0x00, 0x49, 0x83, 0xc6, 0x10, 0xeb,
    0x0f, 0x49, 0x83, 0xc6, 0x10, 0x4c, 0x8b, 0x6d, 0x90, 0x80, 0x7d, 0xd7,
    0x00, 0x75, 0xa7, 0x90, 0x83, 0xbd, 0x68, 0xff, 0xff, 0xff, 0x00, 0x74,
    0x45, 0x48, 0x8d, 0x45, 0xb2, 0x49, 0x89, 0x06, 0x49, 0xc7, 0x46, 0x08,
    0x02, 0x00, 0x00, 0x00, 0x48, 0x83, 0x45, 0xc8, 0x02, 0x8b, 0x45, 0xc0,
    0x8d, 0x48, 0x01, 0x89, 0x4d, 0xc0, 0x83, 0xf8, 0x07, 0x7c, 0x34, 0x48,
    0x8b, 0x7d, 0xa8, 0x4c, 0x89, 0xee, 0x48, 0x8d, 0x55, 0xb8, 0xe8, 0x15,
    0x2e, 0x00, 0x00, 0x4c, 0x8b, 0x45, 0x88, 0x4c, 0x8d, 0xb5, 0xb0, 0xfe,
    0xff, 0xff, 0x85, 0xc0, 0x0f, 0x85, 0x7e, 0x03, 0x00, 0x00, 0x81, 0xbd,
    0x6c, 0xff, 0xff, 0xff, 0x80, 0x00, 0x00, 0x00, 0x74, 0x19, 0xe9, 0xd3,
    0x00, 0x00, 0x00, 0x49, 0x83, 0xc6, 0x10, 0x81, 0xbd, 0x6c, 0xff, 0xff,
    0xff, 0x80, 0x00, 0x00, 0x00, 0x0f, 0x85, 0xbf, 0x00, 0x00, 0x00, 0x48,
    0x8b, 0x85, 0x70, 0xff, 0xff, 0xff, 0x85, 0xc0, 0x0f, 0x8e, 0xb0, 0x00,
    0x00, 0x00, 0x83, 0xf8, 0x11, 0x72, 0x61, 0x41, 0x89, 0xc5, 0xeb, 0x15,
    0x0f, 0x1f, 0x40, 0x00, 0x49, 0x83, 0xc6, 0x10, 0x41, 0x8d, 0x45, 0xf0,
    0x41, 0x83, 0xfd, 0x20, 0x41, 0x89, 0xc5, 0x7e, 0x47, 0x49, 0xc7, 0x06,
    0x30, 0xf8, 0x41, 0x00, 0x49, 0xc7, 0x46, 0x08, 0x10, 0x00, 0x00, 0x00,
    0x48, 0x83, 0x45, 0xc8, 0x10, 0x8b, 0x45, 0xc0, 0x8d, 0x48, 0x01, 0x89,
    0x4d, 0xc0, 0x83, 0xf8, 0x07, 0x7c, 0xcd, 0x48, 0x8b, 0x7d, 0xa8, 0x48,
    0x8b, 0x75, 0x90, 0x48, 0x8d, 0x55, 0xb8, 0xe8, 0x7c, 0x2d, 0x00, 0x00,
    0x4c, 0x8b, 0x45, 0x88, 0x4c, 0x8d, 0xb5, 0xb0, 0xfe, 0xff, 0xff, 0x85,
    0xc0, 0x74, 0xb1, 0xe9, 0xc7, 0x02, 0x00, 0x00, 0x49, 0xc7, 0x06, 0x30,
    0xf8, 0x41, 0x00, 0x89, 0xc0, 0x49, 0x89, 0x46, 0x08, 0x48, 0x01, 0x45,
    0xc8, 0x8b, 0x45, 0xc0, 0x8d, 0x48, 0x01, 0x89, 0x4d, 0xc0, 0x83, 0xf8,
    0x07, 0x0f, 0x8c, 0xe4, 0x00, 0x00, 0x00, 0x48, 0x8b, 0x7d, 0xa8, 0x4c,
    0x8b, 0x6d, 0x90, 0x4c, 0x89, 0xee, 0x48, 0x8d, 0x55, 0xb8, 0xe8, 0x31,
    0x2d, 0x00, 0x00, 0x4c, 0x8b, 0x45, 0x88, 0x4c, 0x8d, 0xb5, 0xb0, 0xfe,
    0xff, 0xff, 0x85, 0xc0, 0x0f, 0x85, 0x9a, 0x02, 0x00, 0x00, 0x44, 0x2b,
    0x45, 0x80, 0x0f, 0x8e, 0xd4, 0x00, 0x00, 0x00, 0x41, 0x83, 0xf8, 0x11,
    0x73, 0x5f, 0x44, 0x89, 0xc0, 0x49, 0xc7, 0x06, 0x30, 0xf8, 0x41, 0x00,
    0x89, 0xc0, 0x49, 0x89, 0x46, 0x08, 0x48, 0x01, 0x45, 0xc8, 0x8b, 0x45,
    0xc0, 0x8d, 0x48, 0x01, 0x89, 0x4d, 0xc0, 0x83, 0xf8, 0x07, 0x0f, 0x8c,
    0x81, 0x00, 0x00, 0x00, 0x48, 0x8b, 0x7d, 0xa8, 0x4c, 0x89, 0xee, 0x48,
    0x8d, 0x55, 0xb8, 0xe8, 0xd8, 0x2c, 0x00, 0x00, 0x4c, 0x8d, 0xb5, 0xb0,
    0xfe, 0xff, 0xff, 0x85, 0xc0, 0x48, 0x8b, 0x45, 0x80, 0x0f, 0x84, 0x89,
    0x00, 0x00, 0x00, 0xe9, 0x3c, 0x02, 0x00, 0x00, 0x49, 0x83, 0xc6, 0x10,
    0x41, 0x8d, 0x40, 0xf0, 0x41, 0x83, 0xf8, 0x20, 0x41, 0x89, 0xc0, 0x7e,
    0xa4, 0x49, 0xc7, 0x06, 0x30, 0xf8, 0x41, 0x00, 0x49, 0xc7, 0x46, 0x08,
    0x10, 0x00, 0x00, 0x00, 0x48, 0x83, 0x45, 0xc8, 0x10, 0x8b, 0x45, 0xc0,
    0x8d, 0x48, 0x01, 0x89, 0x4d, 0xc0, 0x83, 0xf8, 0x07, 0x7c, 0xcd, 0x48,
    0x8b, 0x7d, 0xa8, 0x4c, 0x89, 0xee, 0x48, 0x8d, 0x55, 0xb8, 0x4d, 0x89,
    0xc6, 0xe8, 0x7a, 0x2c, 0x00, 0x00, 0x4d, 0x89, 0xf0, 0x4c, 0x8d, 0xb5,
    0xb0, 0xfe, 0xff, 0xff, 0x85, 0xc0, 0x74, 0xb0, 0xe9, 0xe3, 0x01, 0x00,
    0x00, 0x49, 0x83, 0xc6, 0x10, 0xeb, 0x21, 0x49, 0x83, 0xc6, 0x10, 0x4c,
    0x8b, 0x6d, 0x90, 0x44, 0x2b, 0x45, 0x80, 0x0f, 0x8f, 0x3b, 0xff, 0xff,
    0xff, 0x66, 0x66, 0x66, 0x66, 0x66, 0x66, 0x2e, 0x0f, 0x1f, 0x84, 0x00,
    0x00, 0x00, 0x00, 0x00, 0x48, 0x8b, 0x45, 0x80, 0x4d, 0x89, 0x3e, 0x48,
    0x98, 0x49, 0x89, 0x46, 0x08, 0x48, 0x01, 0x45, 0xc8, 0x8b, 0x45, 0xc0,
    0x8d, 0x48, 0x01, 0x89, 0x4d, 0xc0, 0x83, 0xf8, 0x07, 0x7c, 0x3b, 0x4c,
    0x8b, 0x7d, 0xa8, 0x4c, 0x89, 0xff, 0x4c, 0x89, 0xee, 0x48, 0x8d, 0x55,
    0xb8, 0xe8, 0x0e, 0x2c, 0x00, 0x00, 0x4c, 0x8d, 0xb5, 0xb0, 0xfe, 0xff,
    0xff, 0x85, 0xc0, 0x48, 0xba, 0x00, 0x00, 0x00, 0x00, 0x01, 0x00, 0x00,
    0x00, 0x4c, 0x8b, 0x85, 0x70, 0xff, 0xff, 0xff, 0x0f, 0x85, 0x6a, 0x01,
    0x00, 0x00, 0xf6, 0x45, 0x9c, 0x04, 0x75, 0x21, 0xeb, 0x7f, 0x49, 0x83,
    0xc6, 0x10, 0x4c, 0x8b, 0x7d, 0xa8, 0x48, 0xba, 0x00, 0x00, 0x00, 0x00,
    0x01, 0x00, 0x00, 0x00, 0x4c, 0x8b, 0x85, 0x70, 0xff, 0xff, 0xff, 0xf6,
    0x45, 0x9c, 0x04, 0x74, 0x60, 0x45, 0x85, 0xc0, 0x7e, 0x5b, 0x41, 0x83,
    0xf8, 0x11, 0x0f, 0x83, 0xbd, 0x00, 0x00, 0x00, 0x44, 0x89, 0xc0, 0x49,
    0xc7, 0x06, 0x20, 0xf8, 0x41, 0x00, 0x89, 0xc0, 0x49, 0x89, 0x46, 0x08,
    0x48, 0x03, 0x45, 0xc8, 0x48, 0x89, 0x45, 0xc8, 0x8b, 0x4d, 0xc0, 0x8d,
    0x51, 0x01, 0x89, 0x55, 0xc0, 0x48, 0xba, 0x00, 0x00, 0x00, 0x00, 0x01,
    0x00, 0x00, 0x00, 0x83, 0xf9, 0x07, 0x7c, 0x25, 0x4c, 0x89, 0xff, 0x4c,
    0x89, 0xee, 0x48, 0x8d, 0x55, 0xb8, 0xe8, 0x79, 0x2b, 0x00, 0x00, 0x48,
    0xba, 0x00, 0x00, 0x00, 0x00, 0x01, 0x00, 0x00, 0x00, 0x85, 0xc0, 0x0f,
    0x85, 0xe3, 0x00, 0x00, 0x00, 0x48, 0x8b, 0x45, 0xc8, 0x48, 0x8b, 0x8d,
    0x38, 0xff, 0xff, 0xff, 0x39, 0xcb, 0x0f, 0x4f, 0xcb, 0x48, 0x89, 0xcb,
    0x03, 0x5d, 0xb4, 0x48, 0x85, 0xc0, 0x74, 0x21, 0x4c, 0x89, 0xff, 0x4c,
    0x89, 0xee, 0x48, 0x8d, 0x55, 0xb8, 0xe8, 0x3d, 0x2b, 0x00, 0x00, 0x48,
    0xba, 0x00, 0x00, 0x00, 0x00, 0x01, 0x00, 0x00, 0x00, 0x85, 0xc0, 0x0f,
    0x85, 0xcf, 0x00, 0x00, 0x00, 0xc7, 0x45, 0xc0, 0x00, 0x00, 0x00, 0x00,
    0x4c, 0x8d, 0xb5, 0xb0, 0xfe, 0xff, 0xff, 0xe9, 0x5e, 0xf3, 0xff, 0xff,
    0x0f, 0x1f, 0x84, 0x00, 0x00, 0x00, 0x00, 0x00, 0x49, 0x83, 0xc6, 0x10,
    0x41, 0x8d, 0x40, 0xf0, 0x41, 0x83, 0xf8, 0x20, 0x41, 0x89, 0xc0, 0x0f,
    0x8e, 0x46, 0xff, 0xff, 0xff, 0x49, 0xc7, 0x06, 0x20, 0xf8, 0x41, 0x00,
    0x49, 0xc7, 0x46, 0x08, 0x10, 0x00, 0x00, 0x00, 0x48, 0x83, 0x45, 0xc8,
    0x10, 0x8b, 0x45, 0xc0, 0x8d, 0x48, 0x01, 0x89, 0x4d, 0xc0, 0x83, 0xf8,
    0x07, 0x7c, 0xc9, 0x4c, 0x89, 0xff, 0x4c, 0x89, 0xee, 0x48, 0x8d, 0x55,
    0xb8, 0x4d, 0x89, 0xc6, 0xe8, 0xc7, 0x2a, 0x00, 0x00, 0x4d, 0x89, 0xf0,
    0x4c, 0x8d, 0xb5, 0xb0, 0xfe, 0xff, 0xff, 0x85, 0xc0, 0x74, 0xad, 0xeb,
    0x33, 0x4c, 0x89, 0xff, 0xe8, 0x6f, 0x74, 0x00, 0x00, 0x48, 0x89, 0xc1,
    0x45, 0x31, 0xc0, 0x8b, 0x75, 0x9c, 0xe9, 0xed, 0xfa, 0xff, 0xff, 0x4c,
    0x8b, 0x6d, 0x90, 0xeb, 0x17, 0x48, 0x83, 0x7d, 0xc8, 0x00, 0x74, 0x10,
    0x48, 0x8d, 0x55, 0xb8, 0x48, 0x8b, 0x7d, 0xa8, 0x4c, 0x89, 0xee, 0xe8,
    0x84, 0x2a, 0x00, 0x00, 0x41, 0x0f, 0xb6, 0x45, 0x10, 0x24, 0x40, 0x45,
    0x31, 0xff, 0xf6, 0xd8, 0x45, 0x19, 0xff, 0x44, 0x0b, 0x7d, 0xb4, 0x44,
    0x89, 0xf8, 0x48, 0x81, 0xc4, 0x28, 0x01, 0x00, 0x00, 0x5b, 0x41, 0x5c,
    0x41, 0x5d, 0x41, 0x5e, 0x41, 0x5f, 0x5d, 0xc3, 0x89, 0x5d, 0xb4, 0xeb,
    0xd3, 0x0f, 0x1f, 0x80, 0x00, 0x00, 0x00, 0x00, 0x55, 0x48, 0x89, 0xe5,
    0x41, 0x56, 0x53, 0x48, 0x81, 0xec, 0xb0, 0x04, 0x00, 0x00, 0x48, 0x89,
    0xf3, 0x49, 0x89, 0xfe, 0x0f, 0xb7, 0x46, 0x10, 0x83, 0xe0, 0xfd, 0x66,
    0x89, 0x85, 0x50, 0xff, 0xff, 0xff, 0x8b, 0x86, 0xac, 0x00, 0x00, 0x00,
    0x89, 0x45, 0xec, 0x0f, 0xb7, 0x46, 0x12, 0x66, 0x89, 0x85, 0x52, 0xff,
    0xff, 0xff, 0x48, 0x8b, 0x46, 0x30, 0x48, 0x89, 0x85, 0x70, 0xff, 0xff,
    0xff, 0x48, 0x8b, 0x46, 0x40, 0x48, 0x89, 0x45, 0x80, 0x48, 0x8d, 0x85,
    0x40, 0xfb, 0xff, 0xff, 0x48, 0x89, 0x85, 0x40, 0xff, 0xff, 0xff, 0x48,
    0x89, 0x85, 0x58, 0xff, 0xff, 0xff, 0xc7, 0x85, 0x4c, 0xff, 0xff, 0xff,
    0x00, 0x04, 0x00, 0x00, 0xc7, 0x85, 0x60, 0xff, 0xff, 0xff, 0x00, 0x04,
    0x00, 0x00, 0xc7, 0x85, 0x68, 0xff, 0xff, 0xff, 0x00, 0x00, 0x00, 0x00,
    0x48, 0x8d, 0xb5, 0x40, 0xff, 0xff, 0xff, 0xe8, 0x08, 0xf1, 0xff, 0xff,
    0x85, 0xc0, 0x78, 0x1f, 0x48, 0x8d, 0xb5, 0x40, 0xff, 0xff, 0xff, 0x4c,
    0x89, 0xf7, 0x41, 0x89, 0xc6, 0xe8, 0x72, 0x32, 0x00, 0x00, 0x89, 0xc1,
    0x44, 0x89, 0xf0, 0x31, 0xd2, 0xf7, 0xd9, 0x19, 0xd2, 0x09, 0xd0, 0xf6,
    0x85, 0x50, 0xff, 0xff, 0xff, 0x40, 0x74, 0x04, 0x80, 0x4b, 0x10, 0x40,
    0x48, 0x81, 0xc4, 0xb0, 0x04, 0x00, 0x00, 0x5b, 0x41, 0x5e, 0x5d, 0xc3,
    0xcc, 0xcc, 0xcc, 0xcc, 0xcc, 0xcc, 0xcc, 0xcc, 0xcc, 0xcc, 0xcc, 0xcc,
    0x55, 0x48, 0x89, 0xe5, 0xbf, 0x06, 0x00, 0x00, 0x00, 0xe8, 0x82, 0x8f,
    0x00, 0x00, 0xbf, 0x01, 0x00, 0x00, 0x00, 0xe8, 0xc8, 0x4d, 0xff, 0xff,
    0xcc, 0xcc, 0xcc, 0xcc, 0xcc, 0xcc, 0xcc, 0xcc, 0x55, 0x48, 0x89, 0xe5,
    0x41, 0x57, 0x41, 0x56, 0x41, 0x55, 0x41, 0x54, 0x53, 0x48, 0x81, 0xec,
    0xd8, 0x00, 0x00, 0x00, 0x49, 0x89, 0xd1, 0x48, 0xc7, 0x45, 0x80, 0x00,
    0x00, 0x00, 0x00, 0x4c, 0x8d, 0x76, 0x01, 0xeb, 0x0e, 0x66, 0x66, 0x2e,
    0x0f, 0x1f, 0x84, 0x00, 0x00, 0x00, 0x00, 0x00, 0x49, 0xff, 0xc6, 0x45,
    0x0f, 0xb6, 0x7e, 0xff, 0x41, 0x0f, 0xb6, 0xc7, 0x8d, 0x50, 0xf7, 0x83,
    0xfa, 0x05, 0x72, 0xec, 0x83, 0xf8, 0x2a, 0x7f, 0x0f, 0x83, 0xf8, 0x20,
    0x74, 0xe2, 0x85, 0xc0, 0x0f, 0x84, 0x4d, 0x05, 0x00, 0x00, 0xeb, 0x27,
    0x83, 0xf8, 0x2b, 0x74, 0x0d, 0x83, 0xf8, 0x2d, 0x75, 0x1d, 0x41, 0xbc,
    0x01, 0x00, 0x00, 0x00, 0xeb, 0x03, 0x45, 0x31, 0xe4, 0x4c, 0x89, 0x75,
    0xc8, 0x45, 0x0f, 0xb6, 0x3e, 0x45, 0x84, 0xff, 0x75, 0x0f, 0xe9, 0x24,
    0x05, 0x00, 0x00, 0x49, 0xff, 0xce, 0x4c, 0x89, 0x75, 0xc8, 0x45, 0x31,
    0xe4, 0x41, 0x80, 0xff, 0x30, 0x4c, 0x89, 0x4d, 0xb8, 0x75, 0x7a, 0x41,
    0x0f, 0xb6, 0x46, 0x01, 0x49, 0xff, 0xc6, 0x83, 0xc8, 0x20, 0x83, 0xf8,
    0x78, 0x75, 0x4d, 0x48, 0x89, 0x0c, 0x24, 0x48, 0x8d, 0x75, 0xc8, 0x48,
    0x8d, 0x8d, 0x74, 0xff, 0xff, 0xff, 0x4c, 0x8d, 0x45, 0x80, 0xba, 0x98,
    0xf9, 0x41, 0x00, 0x49, 0x89, 0xff, 0x45, 0x89, 0xe1, 0xe8, 0x4a, 0x15,
    0x00, 0x00, 0x66, 0x0f, 0xef, 0xc0, 0x89, 0xc3, 0x83, 0xe3, 0x0f, 0x0f,
    0x84, 0x73, 0x0e, 0x00, 0x00, 0x83, 0xfb, 0x06, 0x4c, 0x8b, 0x4d, 0xb8,
    0x0f, 0x85, 0x03, 0x01, 0x00, 0x00, 0x4c, 0x89, 0x75, 0xc8, 0x45, 0x31,
    0xe4, 0xe9, 0xc0, 0x04, 0x00, 0x00, 0x66, 0x90, 0x4c, 0x89, 0x75, 0xc8,
    0x41, 0x0f, 0xb6, 0x06, 0x49, 0xff, 0xc6, 0x83, 0xf8, 0x30, 0x74, 0xf0,
    0x85, 0xc0, 0x0f, 0x84, 0xa2, 0x04, 0x00, 0x00, 0x49, 0xff, 0xce, 0xeb,
    0x03, 0x44, 0x89, 0xf8, 0x48, 0x89, 0x7d, 0xc0, 0x44, 0x89, 0x65, 0xd4,
    0x0f, 0xbe, 0xd0, 0x8d, 0x42, 0xd0, 0x3c, 0x09, 0x48, 0x89, 0x75, 0xb0,
    0x77, 0x4d, 0x49, 0x8d, 0x5e, 0x01, 0x45, 0x31, 0xe4, 0x45, 0x31, 0xed,
    0x31, 0xc9, 0xeb, 0x2b, 0x66, 0x66, 0x66, 0x2e, 0x0f, 0x1f, 0x84, 0x00,
    0x00, 0x00, 0x00, 0x00, 0x43, 0x8d, 0x04, 0xa4, 0x44, 0x8d, 0x24, 0x42,
    0x41, 0x83, 0xc4, 0xd0, 0xff, 0xc1, 0x48, 0x89, 0x5d, 0xc8, 0x0f, 0xbe,
    0x13, 0x8d, 0x42, 0xd0, 0x48, 0xff, 0xc3, 0x3c, 0x0a, 0x73, 0x2a, 0x83,
    0xf9, 0x08, 0x77, 0xdc, 0x43, 0x8d, 0x44, 0xad, 0x00, 0x44, 0x8d, 0x2c,
    0x42, 0x41, 0x83, 0xc5, 0xd0, 0xeb, 0xd9, 0x48, 0x89, 0x55, 0x90, 0xc7,
    0x45, 0xa8, 0x00, 0x00, 0x00, 0x00, 0x45, 0x31, 0xed, 0x45, 0x31, 0xe4,
    0x4c, 0x89, 0xf3, 0xeb, 0x0a, 0x48, 0x89, 0x55, 0x90, 0x89, 0x4d, 0xa8,
    0x48, 0xff, 0xcb, 0xbe, 0x3f, 0x09, 0x42, 0x00, 0xba, 0x01, 0x00, 0x00,
    0x00, 0x48, 0x89, 0xdf, 0xe8, 0x7b, 0x72, 0x00, 0x00, 0x85, 0xc0, 0x89,
    0x45, 0x88, 0x74, 0x14, 0x8b, 0x4d, 0xa8, 0x41, 0x89, 0xc8, 0x31, 0xc0,
    0x48, 0x8b, 0x55, 0x90, 0x45, 0x31, 0xd2, 0xe9, 0xed, 0x00, 0x00, 0x00,
    0x4c, 0x8d, 0x53, 0x01, 0x4c, 0x89, 0x55, 0xc8, 0x0f, 0xbe, 0x53, 0x01,
    0x31, 0xc9, 0x8b, 0x75, 0xa8, 0x85, 0xf6, 0x0f, 0x84, 0x81, 0x00, 0x00,
    0x00, 0x45, 0x31, 0xc9, 0x4c, 0x89, 0x75, 0x90, 0xe9, 0x0c, 0x11, 0x00,
    0x00, 0x48, 0x8b, 0x55, 0x80, 0x48, 0x85, 0xd2, 0x74, 0x27, 0x48, 0x8d,
    0xbd, 0x58, 0xff, 0xff, 0xff, 0xbe, 0x35, 0x00, 0x00, 0x00, 0x41, 0x89,
    0xc6, 0xe8, 0x9e, 0xea, 0xff, 0xff, 0x48, 0x8b, 0x75, 0x80, 0x4c, 0x89,
    0xff, 0xe8, 0xc2, 0xd5, 0xff, 0xff, 0x4c, 0x8b, 0x4d, 0xb8, 0x44, 0x89,
    0xf0, 0xff, 0xcb, 0x83, 0xfb, 0x04, 0x0f, 0x87, 0xd9, 0x01, 0x00, 0x00,
    0xff, 0x24, 0xdd, 0x40, 0xf8, 0x41, 0x00, 0x8b, 0x8d, 0x74, 0xff, 0xff,
    0xff, 0x8b, 0x95, 0x58, 0xff, 0xff, 0xff, 0xbe, 0xff, 0xff, 0xef, 0xff,
    0x23, 0xb5, 0x5c, 0xff, 0xff, 0xff, 0xc1, 0xe1, 0x14, 0x81, 0xc1, 0x00,
    0x00, 0x30, 0x43, 0x09, 0xf1, 0x48, 0xc1, 0xe1, 0x20, 0x48, 0x09, 0xd1,
    0x66, 0x48, 0x0f, 0x6e, 0xc1, 0xe9, 0xa3, 0x01, 0x00, 0x00, 0x45, 0x31,
    0xc0, 0xb9, 0x00, 0x00, 0x00, 0x00, 0x80, 0xfa, 0x30, 0x75, 0x20, 0x48,
    0x83, 0xc3, 0x02, 0x31, 0xc9, 0x0f, 0x1f, 0x00, 0xff, 0xc1, 0x48, 0x89,
    0x5d, 0xc8, 0x0f, 0xbe, 0x13, 0x48, 0xff, 0xc3, 0x83, 0xfa, 0x30, 0x74,
    0xef, 0x48, 0xff, 0xcb, 0x49, 0x89, 0xda, 0x44, 0x8d, 0x5a, 0xcf, 0x4c,
    0x89, 0xd7, 0x41, 0xb9, 0x00, 0x00, 0x00, 0x00, 0x4c, 0x89, 0x55, 0x90,
    0x4c, 0x89, 0xd3, 0x41, 0xba, 0x00, 0x00, 0x00, 0x00, 0x89, 0xc8, 0x41,
    0x83, 0xfb, 0x09, 0x0f, 0x82, 0x61, 0x10, 0x00, 0x00, 0x89, 0xd1, 0x83,
    0xe1, 0xdf, 0x45, 0x31, 0xdb, 0x83, 0xf9, 0x45, 0x0f, 0x85, 0xfb, 0x00,
    0x00, 0x00, 0x41, 0x80, 0xff, 0x30, 0x4c, 0x8b, 0x4d, 0xb8, 0x48, 0x8b,
    0x75, 0xb0, 0x74, 0x0d, 0x45, 0x85, 0xc0, 0x75, 0x08, 0x85, 0xc0, 0x0f,
    0x84, 0xca, 0x02, 0x00, 0x00, 0x44, 0x89, 0x55, 0x90, 0x48, 0x8d, 0x7b,
    0x01, 0x48, 0x89, 0x7d, 0xc8, 0x44, 0x0f, 0xb6, 0x4b, 0x01, 0xb2, 0x01,
    0x41, 0x83, 0xf9, 0x2b, 0x74, 0x08, 0x41, 0x83, 0xf9, 0x2d, 0x75, 0x0f,
    0x31, 0xd2, 0x48, 0x8d, 0x7b, 0x02, 0x48, 0x89, 0x7d, 0xc8, 0x44, 0x0f,
    0xb6, 0x4b, 0x02, 0x41, 0x0f, 0xbe, 0xc9, 0x48, 0x89, 0xce, 0x44, 0x8d,
    0x51, 0xd0, 0x41, 0x80, 0xfa, 0x09, 0x0f, 0x87, 0xad, 0x00, 0x00, 0x00,
    0x41, 0x80, 0xf9, 0x30, 0x44, 0x8b, 0x55, 0x90, 0x75, 0x1c, 0x48, 0xff,
    0xc7, 0x0f, 0x1f, 0x80, 0x00, 0x00, 0x00, 0x00, 0x48, 0x89, 0x7d, 0xc8,
    0x0f, 0xbe, 0x37, 0x48, 0xff, 0xc7, 0x83, 0xfe, 0x30, 0x74, 0xf1, 0x48,
    0xff, 0xcf, 0x44, 0x8d, 0x4e, 0xcf, 0x41, 0x83, 0xf9, 0x08, 0x0f, 0x87,
    0x82, 0x00, 0x00, 0x00, 0x48, 0x89, 0xf1, 0x89, 0x55, 0xb0, 0x83, 0xc1,
    0xd0, 0x48, 0x8d, 0x57, 0x01, 0x48, 0x89, 0x55, 0xc8, 0x44, 0x0f, 0xbe,
    0x4f, 0x01, 0x41, 0x8d, 0x51, 0xd0, 0x80, 0xfa, 0x09, 0x48, 0x89, 0xce,
    0x0f, 0x87, 0xcc, 0x00, 0x00, 0x00, 0x48, 0x8d, 0x57, 0x02, 0x66, 0x0f,
    0x1f, 0x44, 0x00, 0x00, 0x44, 0x8d, 0x14, 0xb6, 0x45, 0x89, 0xcb, 0x43,
    0x8d, 0x34, 0x53, 0x83, 0xc6, 0xd0, 0x48, 0x89, 0x55, 0xc8, 0x44, 0x0f,
    0xbe, 0x0a, 0x41, 0x8d, 0x49, 0xd0, 0x48, 0xff, 0xc2, 0x80, 0xf9, 0x0a,
    0x72, 0xde, 0x43, 0x8d, 0x0c, 0x53, 0x81, 0xf9, 0x50, 0x4e, 0x00, 0x00,
    0x41, 0x0f, 0x9d, 0xc2, 0x48, 0x83, 0xc2, 0xfe, 0xe9, 0x8f, 0x00, 0x00,
    0x00, 0x48, 0x89, 0xd6, 0x48, 0x8b, 0x5d, 0xb0, 0x4c, 0x8b, 0x4d, 0xb8,
    0xe9, 0xb1, 0x00, 0x00, 0x00, 0x48, 0x89, 0x5d, 0xc8, 0xe9, 0xa0, 0x00,
    0x00, 0x00, 0x4c, 0x8b, 0x4d, 0xb8, 0xe9, 0x9f, 0x00, 0x00, 0x00, 0xf3,
    0x0f, 0x7e, 0x05, 0x05, 0xd2, 0x00, 0x00, 0xeb, 0x18, 0xf3, 0x0f, 0x7e,
    0x85, 0x58, 0xff, 0xff, 0xff, 0xeb, 0x0e, 0xf3, 0x0f, 0x7e, 0x05, 0xd9,
    0xd1, 0x00, 0x00, 0xeb, 0x04, 0x66, 0x0f, 0xef, 0xc0, 0xa9, 0x00, 0x01,
    0x00, 0x00, 0x74, 0x08, 0x66, 0x0f, 0xeb, 0x05, 0x84, 0xe8, 0x00, 0x00,
    0x66, 0x48, 0x0f, 0x7e, 0xc0, 0x48, 0xb9, 0x00, 0x00, 0x00, 0x00, 0x00,
    0x00, 0xf0, 0x7f, 0x48, 0x85, 0xc8, 0x0f, 0x85, 0x8a, 0x01, 0x00, 0x00,
    0x66, 0x0f, 0x7f, 0x45, 0x90, 0xe8, 0x22, 0x97, 0x00, 0x00, 0x66, 0x0f,
    0x28, 0x45, 0x90, 0x4c, 0x8b, 0x4d, 0xb8, 0xc7, 0x00, 0x22, 0x00, 0x00,
    0x00, 0xe9, 0x6c, 0x01, 0x00, 0x00, 0x45, 0x31, 0xd2, 0x48, 0x89, 0xfa,
    0x48, 0x29, 0xfa, 0x48, 0xff, 0xc2, 0x41, 0xf6, 0xc2, 0x01, 0xb9, 0x1f,
    0x4e, 0x00, 0x00, 0x0f, 0x45, 0xf1, 0x48, 0x83, 0xfa, 0x09, 0x0f, 0x4d,
    0xf1, 0x41, 0x89, 0xf3, 0x41, 0xf7, 0xdb, 0x80, 0x7d, 0xb0, 0x00, 0x44,
    0x0f, 0x45, 0xde, 0x44, 0x89, 0xce, 0x4c, 0x8b, 0x4d, 0xb8, 0x44, 0x8b,
    0x55, 0x90, 0x45, 0x85, 0xc0, 0x74, 0x59, 0x44, 0x89, 0xdf, 0x44, 0x29,
    0xd7, 0x8b, 0x55, 0xa8, 0x85, 0xd2, 0x41, 0x0f, 0x44, 0xd0, 0x41, 0x83,
    0xf8, 0x10, 0xbe, 0x10, 0x00, 0x00, 0x00, 0x41, 0x0f, 0x4c, 0xf0, 0x44,
    0x89, 0xe8, 0xf2, 0x48, 0x0f, 0x2a, 0xc0, 0x41, 0x83, 0xf8, 0x0a, 0x0f,
    0x8c, 0xa6, 0x00, 0x00, 0x00, 0x8d, 0x46, 0xf7, 0x44, 0x89, 0xe1, 0xf2,
    0x48, 0x0f, 0x2a, 0xc9, 0xf2, 0x0f, 0x59, 0x04, 0xc5, 0x20, 0xf3, 0x41,
    0x00, 0xf2, 0x0f, 0x58, 0xc1, 0x41, 0x83, 0xf8, 0x0f, 0x48, 0x8b, 0x5d,
    0xc0, 0x0f, 0x86, 0x84, 0x00, 0x00, 0x00, 0xe9, 0x90, 0x01, 0x00, 0x00,
    0x66, 0x0f, 0x57, 0xc0, 0x41, 0x80, 0xff, 0x30, 0x0f, 0x84, 0x9c, 0x00,
    0x00, 0x00, 0x85, 0xc0, 0x44, 0x8b, 0x65, 0xd4, 0x0f, 0x85, 0xbc, 0x00,
    0x00, 0x00, 0x83, 0x7d, 0x88, 0x00, 0x0f, 0x84, 0xa4, 0x00, 0x00, 0x00,
    0x83, 0xc6, 0xb7, 0x83, 0xfe, 0x25, 0x0f, 0x87, 0x98, 0x00, 0x00, 0x00,
    0xff, 0x24, 0xf5, 0x68, 0xf8, 0x41, 0x00, 0x48, 0x8d, 0x7d, 0xc8, 0xbe,
    0x8c, 0x12, 0x42, 0x00, 0xe8, 0x53, 0x1c, 0x00, 0x00, 0x4c, 0x8b, 0x4d,
    0xb8, 0x48, 0x89, 0xde, 0x85, 0xc0, 0x74, 0x7b, 0x48, 0xff, 0x4d, 0xc8,
    0x48, 0x8d, 0x7d, 0xc8, 0xbe, 0x86, 0x15, 0x42, 0x00, 0xe8, 0x36, 0x1c,
    0x00, 0x00, 0xf2, 0x0f, 0x10, 0x05, 0x8e, 0xd0, 0x00, 0x00, 0x85, 0xc0,
    0x0f, 0x85, 0x6e, 0x09, 0x00, 0x00, 0x48, 0xff, 0x45, 0xc8, 0xe9, 0x65,
    0x09, 0x00, 0x00, 0x48, 0x8b, 0x5d, 0xc0, 0xd9, 0xbd, 0x60, 0xff, 0xff,
    0xff, 0x0f, 0xb7, 0x8d, 0x60, 0xff, 0xff, 0xff, 0xc1, 0xe9, 0x09, 0x80,
    0xe1, 0x06, 0xb8, 0x2d, 0x00, 0x00, 0x00, 0xd3, 0xe8, 0x83, 0xe0, 0x03,
    0x83, 0xf8, 0x01, 0x0f, 0x85, 0xeb, 0x00, 0x00, 0x00, 0x45, 0x39, 0xd3,
    0x75, 0x06, 0x44, 0x8b, 0x65, 0xd4, 0xeb, 0x26, 0x85, 0xff, 0x0f, 0x8e,
    0xaf, 0x00, 0x00, 0x00, 0x83, 0xff, 0x16, 0x0f, 0x87, 0xbf, 0x00, 0x00,
    0x00, 0x89, 0xf8, 0xe9, 0xff, 0x09, 0x00, 0x00, 0x48, 0x89, 0xde, 0x48,
    0x89, 0x75, 0xc8, 0x45, 0x31, 0xe4, 0x66, 0x0f, 0x57, 0xc0, 0x4d, 0x85,
    0xc9, 0x74, 0x07, 0x48, 0x8b, 0x45, 0xc8, 0x49, 0x89, 0x01, 0x45, 0x85,
    0xe4, 0x74, 0x08, 0x66, 0x0f, 0x57, 0x05, 0xc9, 0xe6, 0x00, 0x00, 0x48,
    0x81, 0xc4, 0xd8, 0x00, 0x00, 0x00, 0x5b, 0x41, 0x5c, 0x41, 0x5d, 0x41,
    0x5e, 0x41, 0x5f, 0x5d, 0xc3, 0x48, 0x8d, 0x7d, 0xc8, 0xbe, 0x1e, 0x19,
    0x42, 0x00, 0xe8, 0x89, 0x1b, 0x00, 0x00, 0x4c, 0x8b, 0x4d, 0xb8, 0x48,
    0x89, 0xde, 0x85, 0xc0, 0x74, 0xb1, 0x48, 0x8b, 0x45, 0xc8, 0x80, 0x38,
    0x28, 0x0f, 0x85, 0x52, 0x09, 0x00, 0x00, 0x48, 0x8d, 0x7d, 0xc8, 0x48,
    0x8d, 0x95, 0x20, 0xff, 0xff, 0xff, 0xbe, 0xac, 0xf9, 0x41, 0x00, 0xe8,
    0xac, 0x1b, 0x00, 0x00, 0x83, 0xf8, 0x05, 0x0f, 0x85, 0x34, 0x09, 0x00,
    0x00, 0xb8, 0x00, 0x00, 0xf0, 0x7f, 0x0b, 0x85, 0x24, 0xff, 0xff, 0xff,
    0x48, 0xc1, 0xe0, 0x20, 0x8b, 0x8d, 0x20, 0xff, 0xff, 0xff, 0x48, 0x09,
    0xc1, 0x66, 0x48, 0x0f, 0x6e, 0xc1, 0xe9, 0x79, 0x08, 0x00, 0x00, 0x83,
    0xff, 0xea, 0x72, 0x24, 0xf7, 0xdf, 0xf2, 0x0f, 0x5e, 0x04, 0xfd, 0x20,
    0xf3, 0x41, 0x00, 0x44, 0x8b, 0x65, 0xd4, 0xe9, 0x56, 0xff, 0xff, 0xff,
    0xb8, 0x25, 0x00, 0x00, 0x00, 0x44, 0x29, 0xc0, 0x39, 0xc7, 0x0f, 0x8e,
    0x21, 0x09, 0x00, 0x00, 0x44, 0x89, 0xc0, 0x29, 0xf0, 0x01, 0xf8, 0x7e,
    0x60, 0x89, 0xc1, 0x83, 0xe1, 0x0f, 0x74, 0x0b, 0x89, 0xc9, 0xf2, 0x0f,
    0x59, 0x04, 0xcd, 0x20, 0xf3, 0x41, 0x00, 0x49, 0x89, 0xfc, 0x89, 0xc1,
    0x81, 0xe1, 0xf0, 0xff, 0xff, 0x7f, 0x0f, 0x84, 0xad, 0x00, 0x00, 0x00,
    0x81, 0xf9, 0x35, 0x01, 0x00, 0x00, 0x0f, 0x83, 0x0a, 0x08, 0x00, 0x00,
    0x83, 0xf8, 0x20, 0x0f, 0x82, 0xc5, 0x07, 0x00, 0x00, 0xc1, 0xe8, 0x04,
    0x31, 0xc9, 0xeb, 0x12, 0x48, 0xff, 0xc1, 0x89, 0xc6, 0xd1, 0xee, 0x83,
    0xf8, 0x03, 0x89, 0xf0, 0x0f, 0x86, 0xae, 0x07, 0x00, 0x00, 0xa8, 0x01,
    0x74, 0xea, 0xf2, 0x0f, 0x59, 0x04, 0xcd, 0xf0, 0xf3, 0x41, 0x00, 0xeb,
    0xdf, 0x49, 0x89, 0xfc, 0x48, 0xc7, 0x45, 0xb0, 0x00, 0x00, 0x00, 0x00,
    0x85, 0xc0, 0x79, 0x69, 0xf7, 0xd8, 0x89, 0xc1, 0x83, 0xe1, 0x0f, 0x74,
    0x0b, 0x89, 0xc9, 0xf2, 0x0f, 0x5e, 0x04, 0xcd, 0x20, 0xf3, 0x41, 0x00,
    0x83, 0xf8, 0x10, 0x72, 0x50, 0x3d, 0xff, 0x01, 0x00, 0x00, 0x0f, 0x87,
    0x24, 0x0b, 0x00, 0x00, 0x89, 0xc1, 0xc1, 0xe9, 0x04, 0x31, 0xf6, 0x3d,
    0x00, 0x01, 0x00, 0x00, 0xbf, 0x6a, 0x00, 0x00, 0x00, 0x0f, 0x42, 0xfe,
    0x48, 0x89, 0x7d, 0xb0, 0xbf, 0xc0, 0xf9, 0x41, 0x00, 0xeb, 0x13, 0x89,
    0xce, 0xd1, 0xee, 0x48, 0x83, 0xc7, 0x08, 0x83, 0xf9, 0x01, 0x89, 0xf1,
    0x0f, 0x86, 0x7b, 0x08, 0x00, 0x00, 0xf6, 0xc1, 0x01, 0x74, 0xe8, 0xf2,
    0x0f, 0x59, 0x07, 0xeb, 0xe2, 0x48, 0xc7, 0x45, 0xb0, 0x00, 0x00, 0x00,
    0x00, 0x0f, 0x29, 0x45, 0x90, 0x48, 0x89, 0xdf, 0x4c, 0x89, 0xf6, 0x44,
    0x89, 0xc1, 0x45, 0x89, 0xe8, 0xe8, 0x22, 0xd2, 0xff, 0xff, 0x48, 0x85,
    0xc0, 0x0f, 0x84, 0x43, 0x07, 0x00, 0x00, 0x49, 0x89, 0xc5, 0x8b, 0x70,
    0x08, 0x48, 0x89, 0xdf, 0xe8, 0xcb, 0xcf, 0xff, 0xff, 0xf2, 0x0f, 0x10,
    0x05, 0x53, 0xce, 0x00, 0x00, 0x45, 0x31, 0xff, 0x48, 0x85, 0xc0, 0x0f,
    0x84, 0xd1, 0x06, 0x00, 0x00, 0x4c, 0x89, 0xee, 0x48, 0x83, 0xc6, 0x10,
    0x48, 0x89, 0xc7, 0x4d, 0x89, 0xe6, 0x44, 0x89, 0xf0, 0xf7, 0xd8, 0x45,
    0x85, 0xf6, 0x45, 0x0f, 0x48, 0xf7, 0x41, 0x0f, 0x49, 0xc7, 0x89, 0x85,
    0x28, 0xff, 0xff, 0xff, 0x49, 0x89, 0xff, 0x48, 0x83, 0xc7, 0x10, 0x49,
    0x63, 0x45, 0x14, 0x48, 0x8d, 0x14, 0x85, 0x08, 0x00, 0x00, 0x00, 0x48,
    0x89, 0xb5, 0x10, 0xff, 0xff, 0xff, 0xe8, 0x45, 0x90, 0x00, 0x00, 0x48,
    0x8d, 0xb5, 0x58, 0xff, 0xff, 0xff, 0x48, 0x8d, 0x95, 0x74, 0xff, 0xff,
    0xff, 0x48, 0x89, 0xdf, 0x66, 0x0f, 0x28, 0x45, 0x90, 0xe8, 0x3a, 0xe0,
    0xff, 0xff, 0x48, 0x89, 0x45, 0x80, 0x48, 0x85, 0xc0, 0x44, 0x8b, 0x65,
    0xd4, 0x0f, 0x84, 0xef, 0x06, 0x00, 0x00, 0x4c, 0x89, 0xb5, 0x08, 0xff,
    0xff, 0xff, 0x48, 0x89, 0xc1, 0x48, 0x8b, 0x45, 0xb0, 0x44, 0x01, 0xf0,
    0x89, 0x85, 0x2c, 0xff, 0xff, 0xff, 0x48, 0xb8, 0x00, 0x00, 0x00, 0x00,
    0x00, 0x00, 0xf0, 0x7f, 0x48, 0xff, 0xc8, 0x48, 0x89, 0x85, 0x18, 0xff,
    0xff, 0xff, 0x48, 0x89, 0xc8, 0x48, 0xc7, 0x45, 0xa8, 0x00, 0x00, 0x00,
    0x00, 0x4c, 0x89, 0xad, 0x78, 0xff, 0xff, 0xff, 0x4d, 0x89, 0xfe, 0x49,
    0x89, 0xc7, 0x48, 0x89, 0xdf, 0xbe, 0x01, 0x00, 0x00, 0x00, 0xe8, 0xe9,
    0xd3, 0xff, 0xff, 0x48, 0x85, 0xc0, 0x0f, 0x84, 0xa1, 0x06, 0x00, 0x00,
    0x49, 0x89, 0xc0, 0x4c, 0x89, 0x75, 0x88, 0x8b, 0xb5, 0x58, 0xff, 0xff,
    0xff, 0x31, 0xff, 0x85, 0xf6, 0x89, 0xf0, 0x0f, 0x49, 0xc7, 0x41, 0xb9,
    0x00, 0x00, 0x00, 0x00, 0x44, 0x0f, 0x49, 0xce, 0x8b, 0x95, 0x28, 0xff,
    0xff, 0xff, 0x41, 0x01, 0xd1, 0x2b, 0x75, 0xb0, 0x8b, 0x8d, 0x74, 0xff,
    0xff, 0xff, 0x01, 0xce, 0x41, 0xbe, 0x36, 0x00, 0x00, 0x00, 0x41, 0x29,
    0xce, 0x81, 0xfe, 0x02, 0xfc, 0xff, 0xff, 0x7f, 0x21, 0xb9, 0x03, 0xfc,
    0xff, 0xff, 0x29, 0xf1, 0x41, 0x29, 0xce, 0x81, 0xfe, 0xe4, 0xfb, 0xff,
    0xff, 0x72, 0x1b, 0xbe, 0x01, 0x00, 0x00, 0x00, 0xd3, 0xe6, 0x89, 0xb5,
    0x64, 0xff, 0xff, 0xff, 0xeb, 0x22, 0xc7, 0x85, 0x64, 0xff, 0xff, 0xff,
    0x01, 0x00, 0x00, 0x00, 0xeb, 0x16, 0xb1, 0xe3, 0x40, 0x28, 0xf1, 0xc7,
    0x85, 0x64, 0xff, 0xff, 0xff, 0x01, 0x00, 0x00, 0x00, 0xbf, 0x01, 0x00,
    0x00, 0x00, 0xd3, 0xe7, 0x89, 0xbd, 0x40, 0xff, 0xff, 0xff, 0x44, 0x8b,
    0xa5, 0x2c, 0xff, 0xff, 0xff, 0x41, 0x29, 0xc4, 0x45, 0x01, 0xf4, 0x45,
    0x01, 0xce, 0x45, 0x39, 0xe6, 0x45, 0x89, 0xe5, 0x45, 0x0f, 0x4c, 0xee,
    0x45, 0x39, 0xcd, 0x44, 0x89, 0x8d, 0x30, 0xff, 0xff, 0xff, 0x45, 0x0f,
    0x4d, 0xe9, 0x45, 0x85, 0xed, 0xb8, 0x00, 0x00, 0x00, 0x00, 0x44, 0x0f,
    0x4e, 0xe8, 0x85, 0xd2, 0x74, 0x57, 0x48, 0x89, 0xdf, 0x4c, 0x89, 0xc6,
    0xe8, 0xdf, 0xd6, 0xff, 0xff, 0x48, 0x85, 0xc0, 0x0f, 0x84, 0xf9, 0x07,
    0x00, 0x00, 0x48, 0x89, 0xdf, 0x48, 0x89, 0x85, 0x68, 0xff, 0xff, 0xff,
    0x48, 0x89, 0xc6, 0x4c, 0x89, 0xfa, 0xe8, 0x91, 0xd3, 0xff, 0xff, 0x48,
    0x89, 0xd9, 0x48, 0x85, 0xc0, 0x0f, 0x84, 0xef, 0x07, 0x00, 0x00, 0x48,
    0x89, 0xc3, 0x48, 0x89, 0xcf, 0x4c, 0x89, 0xfe, 0xe8, 0x77, 0xce, 0xff,
    0xff, 0x48, 0x89, 0x5d, 0x80, 0x48, 0x89, 0xde, 0x48, 0x8b, 0x5d, 0xc0,
    0x4c, 0x8b, 0xbd, 0x68, 0xff, 0xff, 0xff, 0xeb, 0x06, 0x4c, 0x89, 0xfe,
    0x4d, 0x89, 0xc7, 0x45, 0x29, 0xee, 0x45, 0x85, 0xf6, 0x7e, 0x18, 0x48,
    0x89, 0xdf, 0x44, 0x89, 0xf2, 0xe8, 0xda, 0xd7, 0xff, 0xff, 0x48, 0x89,
    0x45, 0x80, 0x48, 0x85, 0xc0, 0x0f, 0x84, 0x93, 0x07, 0x00, 0x00, 0x48,
    0x8b, 0x95, 0x08, 0xff, 0xff, 0xff, 0x85, 0xd2, 0x7e, 0x19, 0x48, 0x89,
    0xdf, 0x48, 0x8b, 0x75, 0x88, 0xe8, 0x56, 0xd6, 0xff, 0xff, 0x49, 0x89,
    0xc6, 0x48, 0x85, 0xc0, 0x75, 0x09, 0xe9, 0x48, 0x06, 0x00, 0x00, 0x4c,
    0x8b, 0x75, 0x88, 0x45, 0x29, 0xec, 0x45, 0x85, 0xe4, 0x7e, 0x1a, 0x48,
    0x89, 0xdf, 0x4c, 0x89, 0xf6, 0x44, 0x89, 0xe2, 0xe8, 0x8f, 0xd7, 0xff,
    0xff, 0x49, 0x89, 0xc6, 0x48, 0x85, 0xc0, 0x0f, 0x84, 0x22, 0x06, 0x00,
    0x00, 0x8b, 0x95, 0x30, 0xff, 0xff, 0xff, 0x44, 0x29, 0xea, 0x85, 0xd2,
    0x7e, 0x23, 0x48, 0x89, 0xdf, 0x4c, 0x89, 0xfe, 0xe8, 0x6b, 0xd7, 0xff,
    0xff, 0x49, 0x89, 0xc7, 0x48, 0x85, 0xc0, 0x44, 0x8b, 0x65, 0xd4, 0x4c,
    0x8b, 0xad, 0x78, 0xff, 0xff, 0xff, 0x75, 0x10, 0xe9, 0xe4, 0x04, 0x00,
    0x00, 0x44, 0x8b, 0x65, 0xd4, 0x4c, 0x8b, 0xad, 0x78, 0xff, 0xff, 0xff,
    0x48, 0x8b, 0x75, 0x80, 0x48, 0x89, 0xdf, 0x4c, 0x89, 0xf2, 0xe8, 0xe9,
    0xd9, 0xff, 0xff, 0x48, 0x85, 0xc0, 0x0f, 0x84, 0xe2, 0x05, 0x00, 0x00,
    0x8b, 0x58, 0x10, 0xc7, 0x40, 0x10, 0x00, 0x00, 0x00, 0x00, 0x48, 0x89,
    0x45, 0xa8, 0x48, 0x89, 0xc7, 0x4c, 0x89, 0xfe, 0xe8, 0x77, 0xd9, 0xff,
    0xff, 0x85, 0xc0, 0x0f, 0x88, 0xce, 0x05, 0x00, 0x00, 0x0f, 0x84, 0x4c,
    0x06, 0x00, 0x00, 0x48, 0x8b, 0x7d, 0xa8, 0x4c, 0x89, 0xbd, 0x68, 0xff,
    0xff, 0xff, 0x4c, 0x89, 0xfe, 0xe8, 0x06, 0xe1, 0xff, 0xff, 0xf2, 0x0f,
    0x10, 0x0d, 0x4e, 0xcb, 0x00, 0x00, 0x66, 0x0f, 0x2e, 0xc8, 0x66, 0x0f,
    0x6f, 0x5d, 0x90, 0x66, 0x49, 0x0f, 0x7e, 0xdf, 0x73, 0x56, 0xf2, 0x0f,
    0x10, 0x0d, 0x76, 0xcb, 0x00, 0x00, 0xf2, 0x0f, 0x59, 0xc1, 0x85, 0xdb,
    0x48, 0xba, 0x00, 0x00, 0x00, 0x00, 0xff, 0xff, 0xff, 0xff, 0x66, 0x0f,
    0x28, 0xe0, 0x75, 0x08, 0x66, 0x0f, 0x57, 0x25, 0xe8, 0xe1, 0x00, 0x00,
    0xd9, 0xbd, 0x62, 0xff, 0xff, 0xff, 0x0f, 0xb7, 0x8d, 0x62, 0xff, 0xff,
    0xff, 0xc1, 0xe9, 0x09, 0x80, 0xe1, 0x06, 0xb8, 0x2d, 0x00, 0x00, 0x00,
    0xd3, 0xe8, 0xa8, 0x03, 0x75, 0x0c, 0xf2, 0x0f, 0x10, 0x0d, 0x32, 0xcb,
    0x00, 0x00, 0xf2, 0x0f, 0x58, 0xe1, 0x66, 0x0f, 0x28, 0xd0, 0xeb, 0x70,
    0xf2, 0x0f, 0x10, 0x0d, 0x00, 0xcb, 0x00, 0x00, 0x66, 0x0f, 0x28, 0xd1,
    0x66, 0x0f, 0x28, 0xe1, 0x85, 0xdb, 0x48, 0xba, 0x00, 0x00, 0x00, 0x00,
    0xff, 0xff, 0xff, 0xff, 0x75, 0x52, 0x45, 0x85, 0xff, 0x74, 0x2a, 0x41,
    0x83, 0xff, 0x01, 0x0f, 0x95, 0xc0, 0x4c, 0x89, 0xf9, 0x48, 0xc1, 0xe9,
    0x20, 0x0f, 0x95, 0xc1, 0x08, 0xc1, 0xf2, 0x0f, 0x10, 0x15, 0xca, 0xca,
    0x00, 0x00, 0xf2, 0x0f, 0x10, 0x25, 0x8a, 0xca, 0x00, 0x00, 0x75, 0x28,
    0xe9, 0x5f, 0x07, 0x00, 0x00, 0xf2, 0x0f, 0x10, 0x15, 0xb3, 0xca, 0x00,
    0x00, 0xf2, 0x0f, 0x10, 0x25, 0x73, 0xca, 0x00, 0x00, 0x48, 0xb8, 0x00,
    0x00, 0x00, 0x00, 0xff, 0xff, 0x0f, 0x00, 0x49, 0x85, 0xc7, 0x0f, 0x84,
    0xd8, 0x02, 0x00, 0x00, 0x4c, 0x89, 0x75, 0x88, 0x4d, 0x89, 0xfe, 0x49,
    0xc1, 0xee, 0x20, 0x41, 0x81, 0xe6, 0x00, 0x00, 0xf0, 0x7f, 0x41, 0x81,
    0xfe, 0x00, 0x00, 0xe0, 0x7f, 0x0f, 0x85, 0xa3, 0x00, 0x00, 0x00, 0x66,
    0x0f, 0x29, 0x95, 0x40, 0xff, 0xff, 0xff, 0x4c, 0x89, 0xf8, 0x48, 0x21,
    0xd0, 0x48, 0xb9, 0x00, 0x00, 0x00, 0x00, 0x00, 0x00, 0xb0, 0xfc, 0x48,
    0x01, 0xc8, 0x44, 0x89, 0xf9, 0x48, 0x09, 0xc1, 0x66, 0x48, 0x0f, 0x6e,
    0xc1, 0x66, 0x0f, 0xd6, 0x45, 0x90, 0x49, 0x89, 0xd5, 0x0f, 0x29, 0xa5,
    0x30, 0xff, 0xff, 0xff, 0xe8, 0xdf, 0xda, 0xff, 0xff, 0x66, 0x0f, 0x28,
    0x8d, 0x30, 0xff, 0xff, 0xff, 0xf2, 0x0f, 0x59, 0xc8, 0xf2, 0x0f, 0x58,
    0x4d, 0x90, 0x66, 0x48, 0x0f, 0x7e, 0xc8, 0x48, 0x89, 0xc1, 0x48, 0xba,
    0x00, 0x00, 0x00, 0x00, 0x00, 0x00, 0xe0, 0x7f, 0x48, 0x21, 0xd1, 0x48,
    0xba, 0x01, 0x00, 0x00, 0x00, 0xff, 0xff, 0x9f, 0x7c, 0x48, 0x39, 0xd1,
    0x0f, 0x82, 0xb5, 0x00, 0x00, 0x00, 0xf2, 0x0f, 0x10, 0x0d, 0xe6, 0xc9,
    0x00, 0x00, 0x4c, 0x3b, 0xbd, 0x18, 0xff, 0xff, 0xff, 0x48, 0x8b, 0x5d,
    0xc0, 0x4c, 0x8b, 0x75, 0x88, 0x4c, 0x8b, 0xbd, 0x68, 0xff, 0xff, 0xff,
    0x4c, 0x8b, 0xad, 0x78, 0xff, 0xff, 0xff, 0x0f, 0x85, 0x85, 0x01, 0x00,
    0x00, 0xe9, 0xea, 0x02, 0x00, 0x00, 0x83, 0x7d, 0xb0, 0x00, 0x0f, 0x84,
    0xb2, 0x00, 0x00, 0x00, 0x41, 0x81, 0xfe, 0x00, 0x00, 0xa0, 0x06, 0x4c,
    0x8b, 0xbd, 0x68, 0xff, 0xff, 0xff, 0x0f, 0x87, 0x94, 0x00, 0x00, 0x00,
    0xf2, 0x0f, 0x10, 0x05, 0xe8, 0xc9, 0x00, 0x00, 0x66, 0x0f, 0x2e, 0xc2,
    0x72, 0x28, 0xf2, 0x48, 0x0f, 0x2c, 0xc2, 0x83, 0xf8, 0x02, 0xb9, 0x01,
    0x00, 0x00, 0x00, 0x0f, 0x42, 0xc1, 0x0f, 0x57, 0xd2, 0xf2, 0x48, 0x0f,
    0x2a, 0xd0, 0x66, 0x0f, 0x28, 0xe2, 0x85, 0xdb, 0x75, 0x08, 0x66, 0x0f,
    0x56, 0x25, 0x32, 0xe0, 0x00, 0x00, 0x66, 0x0f, 0x29, 0x95, 0x40, 0xff,
    0xff, 0xff, 0x66, 0x48, 0x0f, 0x7e, 0xe0, 0x89, 0xc1, 0x48, 0xc1, 0xe8,
    0x20, 0x44, 0x29, 0xf0, 0x05, 0x00, 0x00, 0xb0, 0x06, 0x48, 0xc1, 0xe0,
    0x20, 0x48, 0x09, 0xc1, 0x66, 0x48, 0x0f, 0x6e, 0xc1, 0x66, 0x0f, 0x7f,
    0x85, 0x30, 0xff, 0xff, 0xff, 0xeb, 0x4e, 0x48, 0x89, 0xc1, 0x4c, 0x21,
    0xe9, 0x89, 0xc0, 0x48, 0x01, 0xc8, 0x48, 0xb9, 0x00, 0x00, 0x00, 0x00,
    0x00, 0x00, 0x50, 0x03, 0x48, 0x01, 0xc8, 0x66, 0x48, 0x0f, 0x6e, 0xc8,
    0x4c, 0x8b, 0xbd, 0x68, 0xff, 0xff, 0xff, 0x4c, 0x8b, 0xad, 0x78, 0xff,
    0xff, 0xff, 0xeb, 0x3b, 0x66, 0x0f, 0x29, 0x95, 0x40, 0xff, 0xff, 0xff,
    0xeb, 0x0f, 0x66, 0x0f, 0x29, 0x95, 0x40, 0xff, 0xff, 0xff, 0x4c, 0x8b,
    0xbd, 0x68, 0xff, 0xff, 0xff, 0x66, 0x0f, 0x29, 0xa5, 0x30, 0xff, 0xff,
    0xff, 0x66, 0x0f, 0x6f, 0xc3, 0xe8, 0x9a, 0xd9, 0xff, 0xff, 0x66, 0x0f,
    0x28, 0x4d, 0x90, 0xf2, 0x0f, 0x59, 0x85, 0x30, 0xff, 0xff, 0xff, 0xf2,
    0x0f, 0x58, 0xc8, 0x83, 0x7d, 0xb0, 0x00, 0x66, 0x0f, 0x28, 0x95, 0x40,
    0xff, 0xff, 0xff, 0x75, 0x57, 0x66, 0x48, 0x0f, 0x7e, 0xc9, 0x48, 0x89,
    0xc8, 0x48, 0xc1, 0xe8, 0x20, 0x89, 0xc2, 0x81, 0xe2, 0x00, 0x00, 0xf0,
    0x7f, 0x41, 0x39, 0xd6, 0x75, 0x3e, 0xf2, 0x48, 0x0f, 0x2c, 0xd2, 0x0f,
    0x57, 0xc0, 0xf2, 0x48, 0x0f, 0x2a, 0xc2, 0xf2, 0x0f, 0x5c, 0xd0, 0x85,
    0xdb, 0x4c, 0x8b, 0x75, 0x88, 0x75, 0x2f, 0x89, 0xc9, 0x48, 0x85, 0xc9,
    0x75, 0x28, 0x25, 0xff, 0xff, 0x0f, 0x00, 0x75, 0x21, 0xf2, 0x0f, 0x10,
    0x05, 0x03, 0xc9, 0x00, 0x00, 0x66, 0x0f, 0x2e, 0xc2, 0x48, 0x8b, 0x5d,
    0xc0, 0x76, 0x33, 0xe9, 0xaa, 0x01, 0x00, 0x00, 0x48, 0x8b, 0x5d, 0xc0,
    0x4c, 0x8b, 0x75, 0x88, 0xeb, 0x24, 0xf2, 0x0f, 0x10, 0x05, 0xf2, 0xc8,
    0x00, 0x00, 0x66, 0x0f, 0x2e, 0xc2, 0x48, 0x8b, 0x5d, 0xc0, 0x0f, 0x87,
    0x8a, 0x01, 0x00, 0x00, 0x66, 0x0f, 0x2e, 0x15, 0xb4, 0xc8, 0x00, 0x00,
    0x0f, 0x87, 0x7c, 0x01, 0x00, 0x00, 0x0f, 0x29, 0x4d, 0x90, 0x48, 0x8b,
    0x75, 0x80, 0x48, 0x89, 0xdf, 0xe8, 0x36, 0xca, 0xff, 0xff, 0x48, 0x89,
    0xdf, 0x4c, 0x89, 0xf6, 0xe8, 0x2b, 0xca, 0xff, 0xff, 0x48, 0x89, 0xdf,
    0x4c, 0x89, 0xfe, 0xe8, 0x20, 0xca, 0xff, 0xff, 0x48, 0x89, 0xdf, 0x48,
    0x8b, 0x75, 0xa8, 0xe8, 0x14, 0xca, 0xff, 0xff, 0x41, 0x8b, 0x75, 0x08,
    0x48, 0x89, 0xdf, 0xe8, 0x78, 0xc9, 0xff, 0xff, 0x48, 0x85, 0xc0, 0x0f,
    0x84, 0x4a, 0x03, 0x00, 0x00, 0x49, 0x89, 0xc6, 0x48, 0x89, 0xc7, 0x48,
    0x83, 0xc7, 0x10, 0x49, 0x63, 0x45, 0x14, 0x48, 0x8d, 0x14, 0x85, 0x08,
    0x00, 0x00, 0x00, 0x48, 0x8b, 0xb5, 0x10, 0xff, 0xff, 0xff, 0xe8, 0x1d,
    0x8a, 0x00, 0x00, 0x48, 0x89, 0xdf, 0x66, 0x0f, 0x28, 0x45, 0x90, 0x48,
    0x8d, 0xb5, 0x58, 0xff, 0xff, 0xff, 0x48, 0x8d, 0x95, 0x74, 0xff, 0xff,
    0xff, 0xe8, 0x12, 0xda, 0xff, 0xff, 0x48, 0x89, 0x45, 0x80, 0x48, 0x85,
    0xc0, 0x0f, 0x85, 0x1c, 0xfa, 0xff, 0xff, 0xe9, 0xd4, 0x00, 0x00, 0x00,
    0x66, 0x0f, 0x28, 0xc8, 0xf2, 0x0f, 0x10, 0x25, 0xd4, 0xc7, 0x00, 0x00,
    0xf2, 0x0f, 0x59, 0xcc, 0xf2, 0x0f, 0xc2, 0x05, 0xa7, 0xc7, 0x00, 0x00,
    0x01, 0x66, 0x0f, 0x28, 0xd0, 0x66, 0x0f, 0x54, 0xd4, 0x66, 0x0f, 0x55,
    0xc1, 0x66, 0x0f, 0x56, 0xc2, 0x66, 0x0f, 0x28, 0xe0, 0x66, 0x0f, 0x57,
    0x25, 0x3b, 0xde, 0x00, 0x00, 0xe9, 0x78, 0xfc, 0xff, 0xff, 0x45, 0x31,
    0xf6, 0x48, 0xc7, 0x45, 0xa8, 0x00, 0x00, 0x00, 0x00, 0x44, 0x8b, 0x65,
    0xd4, 0xe9, 0x8e, 0x00, 0x00, 0x00, 0x31, 0xc9, 0x66, 0x48, 0x0f, 0x7e,
    0xc0, 0x48, 0xbe, 0x00, 0x00, 0x00, 0x00, 0x00, 0x00, 0xb0, 0xfc, 0x48,
    0x01, 0xc6, 0x66, 0x48, 0x0f, 0x6e, 0xc6, 0xf2, 0x0f, 0x59, 0x04, 0xcd,
    0xf0, 0xf3, 0x41, 0x00, 0x66, 0x48, 0x0f, 0x7e, 0xc0, 0x48, 0x89, 0xc1,
    0x48, 0xc1, 0xe9, 0x20, 0x81, 0xe1, 0x00, 0x00, 0xf0, 0x7f, 0x81, 0xf9,
    0x00, 0x00, 0xa0, 0x7c, 0x76, 0x1b, 0xc7, 0x03, 0x22, 0x00, 0x00, 0x00,
    0xf2, 0x0f, 0x10, 0x05, 0x18, 0xc7, 0x00, 0x00, 0x4c, 0x8b, 0x4d, 0xb8,
    0x44, 0x8b, 0x65, 0xd4, 0xe9, 0xe9, 0xf6, 0xff, 0xff, 0x48, 0xc7, 0x45,
    0xb0, 0x00, 0x00, 0x00, 0x00, 0x81, 0xf9, 0x00, 0x00, 0x90, 0x7c, 0x0f,
    0x86, 0x87, 0x00, 0x00, 0x00, 0xf2, 0x0f, 0x10, 0x05, 0xe7, 0xc6, 0x00,
    0x00, 0xe9, 0x63, 0xf8, 0xff, 0xff, 0x48, 0xc7, 0x45, 0xa8, 0x00, 0x00,
    0x00, 0x00, 0x4d, 0x89, 0xfe, 0x45, 0x31, 0xff, 0xf2, 0x0f, 0x10, 0x05,
    0xd4, 0xc6, 0x00, 0x00, 0xc7, 0x03, 0x22, 0x00, 0x00, 0x00, 0x66, 0x0f,
    0x28, 0xc8, 0x0f, 0x29, 0x4d, 0x90, 0x48, 0x8b, 0x75, 0x80, 0x48, 0x89,
    0xdf, 0xe8, 0xba, 0xc8, 0xff, 0xff, 0x48, 0x89, 0xdf, 0x4c, 0x89, 0xf6,
    0xe8, 0xaf, 0xc8, 0xff, 0xff, 0x48, 0x89, 0xdf, 0x4c, 0x89, 0xfe, 0xe8,
    0xa4, 0xc8, 0xff, 0xff, 0x48, 0x89, 0xdf, 0x4c, 0x89, 0xee, 0xe8, 0x99,
    0xc8, 0xff, 0xff, 0x48, 0x89, 0xdf, 0x48, 0x8b, 0x75, 0xa8, 0xe8, 0x8d,
    0xc8, 0xff, 0xff, 0x66, 0x0f, 0x6f, 0x45, 0x90, 0x4c, 0x8b, 0x4d, 0xb8,
    0xe9, 0x5d, 0xf6, 0xff, 0xff, 0xbf, 0x45, 0x09, 0x42, 0x00, 0xe8, 0xe5,
    0x8c, 0x00, 0x00, 0xe9, 0x58, 0xff, 0xff, 0xff, 0x48, 0xb9, 0x00, 0x00,
    0x00, 0x00, 0xff, 0xff, 0xff, 0xff, 0x48, 0x21, 0xc1, 0x89, 0xc0, 0x48,
    0x01, 0xc8, 0x48, 0xb9, 0x00, 0x00, 0x00, 0x00, 0x00, 0x00, 0x50, 0x03,
    0x48, 0x01, 0xc1, 0x66, 0x48, 0x0f, 0x6e, 0xc1, 0xe9, 0xc0, 0xf7, 0xff,
    0xff, 0xb8, 0x0f, 0x00, 0x00, 0x00, 0x44, 0x29, 0xc0, 0xf2, 0x0f, 0x59,
    0x04, 0xc5, 0x20, 0xf3, 0x41, 0x00, 0x29, 0xc7, 0x48, 0x63, 0xc7, 0xf2,
    0x0f, 0x59, 0x04, 0xc5, 0x20, 0xf3, 0x41, 0x00, 0x44, 0x8b, 0x65, 0xd4,
    0xe9, 0xfd, 0xf5, 0xff, 0xff, 0x3d, 0x00, 0x01, 0x00, 0x00, 0x0f, 0x82,
    0x58, 0x02, 0x00, 0x00, 0x66, 0x48, 0x0f, 0x7e, 0xc0, 0x48, 0x89, 0xc6,
    0x48, 0xc1, 0xee, 0x34, 0x81, 0xe6, 0xff, 0x07, 0x00, 0x00, 0x83, 0xfe,
    0x6a, 0x0f, 0x87, 0x3d, 0x02, 0x00, 0x00, 0x83, 0xfe, 0x4b, 0x0f, 0x87,
    0x9f, 0x01, 0x00, 0x00, 0x83, 0xfe, 0x37, 0x0f, 0x83, 0x15, 0x02, 0x00,
    0x00, 0xb8, 0x6a, 0x00, 0x00, 0x00, 0x48, 0x89, 0x45, 0xb0, 0xf2, 0x0f,
    0x10, 0x05, 0xb6, 0xc5, 0x00, 0x00, 0xe9, 0x4a, 0xf7, 0xff, 0xff, 0x45,
    0x31, 0xf6, 0x44, 0x8b, 0x65, 0xd4, 0x4c, 0x8b, 0xad, 0x78, 0xff, 0xff,
    0xff, 0xe9, 0xe2, 0xfe, 0xff, 0xff, 0x48, 0xc7, 0x45, 0xa8, 0x00, 0x00,
    0x00, 0x00, 0xe9, 0xd5, 0xfe, 0xff, 0xff, 0x85, 0xdb, 0x0f, 0x85, 0xa3,
    0x01, 0x00, 0x00, 0x66, 0x0f, 0x6f, 0x4d, 0x90, 0x66, 0x48, 0x0f, 0x7e,
    0xc8, 0x89, 0xc1, 0x48, 0x85, 0xc9, 0x48, 0x8b, 0x5d, 0xc0, 0x0f, 0x85,
    0x7e, 0x02, 0x00, 0x00, 0x48, 0xc1, 0xe8, 0x20, 0xa9, 0xff, 0xff, 0x0f,
    0x00, 0x0f, 0x95, 0xc1, 0x25, 0x00, 0x00, 0xf0, 0x7f, 0x3d, 0x01, 0x00,
    0xb0, 0x06, 0x0f, 0x92, 0xc0, 0x08, 0xc8, 0x0f, 0x85, 0x5d, 0x02, 0x00,
    0x00, 0x48, 0x8b, 0x75, 0xa8, 0x83, 0x7e, 0x18, 0x00, 0x75, 0x0a, 0x83,
    0x7e, 0x14, 0x02, 0x0f, 0x8c, 0x49, 0x02, 0x00, 0x00, 0x48, 0x89, 0xdf,
    0xba, 0x01, 0x00, 0x00, 0x00, 0xe8, 0xde, 0xd0, 0xff, 0xff, 0x48, 0x89,
    0x45, 0xa8, 0x48, 0x89, 0xc7, 0x4c, 0x89, 0xfe, 0xe8, 0x2f, 0xd3, 0xff,
    0xff, 0x66, 0x0f, 0x6f, 0x4d, 0x90, 0x85, 0xc0, 0x0f, 0x8f, 0x9d, 0x01,
    0x00, 0x00, 0xe9, 0x1b, 0x02, 0x00, 0x00, 0x66, 0x0f, 0x6f, 0x4d, 0x90,
    0x66, 0x48, 0x0f, 0x7e, 0xcf, 0x48, 0x89, 0xf8, 0x85, 0xdb, 0x0f, 0x84,
    0xa0, 0x00, 0x00, 0x00, 0x48, 0xc1, 0xe8, 0x20, 0x89, 0xc1, 0xf7, 0xd1,
    0xf7, 0xc1, 0xff, 0xff, 0x0f, 0x00, 0x44, 0x8b, 0x85, 0x40, 0xff, 0xff,
    0xff, 0x0f, 0x85, 0x96, 0x00, 0x00, 0x00, 0xba, 0xff, 0xff, 0xff, 0xff,
    0x83, 0x7d, 0xb0, 0x00, 0x74, 0x1a, 0x89, 0xc6, 0x81, 0xe6, 0x00, 0x00,
    0xf0, 0x7f, 0x81, 0xfe, 0x00, 0x00, 0xa0, 0x06, 0x77, 0x0a, 0xc1, 0xee,
    0x14, 0xb1, 0x6b, 0x40, 0x28, 0xf1, 0xd3, 0xe2, 0x39, 0xfa, 0x75, 0x6d,
    0x3d, 0xff, 0xff, 0xef, 0x7f, 0x0f, 0x94, 0xc0, 0x83, 0xff, 0xff, 0x0f,
    0x94, 0xc1, 0x84, 0xc8, 0x0f, 0x84, 0x86, 0x01, 0x00, 0x00, 0x48, 0x8b,
    0x5d, 0xc0, 0xe9, 0xd9, 0xfd, 0xff, 0xff, 0x45, 0x31, 0xf6, 0xe9, 0xd1,
    0xfd, 0xff, 0xff, 0x45, 0x31, 0xff, 0x44, 0x8b, 0x65, 0xd4, 0x4c, 0x8b,
    0xad, 0x78, 0xff, 0xff, 0xff, 0x4c, 0x8b, 0x75, 0x88, 0xe9, 0xba, 0xfd,
    0xff, 0xff, 0x44, 0x8b, 0x65, 0xd4, 0x48, 0x89, 0xcb, 0x4c, 0x8b, 0xad,
    0x78, 0xff, 0xff, 0xff, 0x4c, 0x8b, 0x75, 0x88, 0x4c, 0x8b, 0xbd, 0x68,
    0xff, 0xff, 0xff, 0xe9, 0x9c, 0xfd, 0xff, 0xff, 0x48, 0xc1, 0xe0, 0x0c,
    0x44, 0x8b, 0x85, 0x40, 0xff, 0xff, 0xff, 0x0f, 0x84, 0xce, 0x00, 0x00,
    0x00, 0x45, 0x85, 0xc0, 0x74, 0x35, 0x48, 0x89, 0xf8, 0x48, 0xc1, 0xe8,
    0x20, 0x41, 0x85, 0xc0, 0x75, 0x35, 0xe9, 0x3b, 0x01, 0x00, 0x00, 0xb9,
    0x6b, 0x00, 0x00, 0x00, 0x29, 0xf1, 0x89, 0xc6, 0xd3, 0xee, 0xd3, 0xe6,
    0x48, 0xb9, 0x00, 0x00, 0x00, 0x00, 0xff, 0xff, 0xff, 0xff, 0x48, 0x21,
    0xc1, 0x48, 0x09, 0xf1, 0x66, 0x48, 0x0f, 0x6e, 0xc1, 0xeb, 0x71, 0x85,
    0xbd, 0x64, 0xff, 0xff, 0xff, 0x0f, 0x84, 0x0b, 0x01, 0x00, 0x00, 0x48,
    0x8b, 0x75, 0xb0, 0xe8, 0x68, 0x02, 0x00, 0x00, 0x85, 0xdb, 0x74, 0x1c,
    0x66, 0x0f, 0x28, 0x4d, 0x90, 0xf2, 0x0f, 0x58, 0xc8, 0xe9, 0xf0, 0x00,
    0x00, 0x00, 0x48, 0x8b, 0x5d, 0xc0, 0x66, 0x0f, 0x28, 0x4d, 0x90, 0xe9,
    0xe6, 0x00, 0x00, 0x00, 0x66, 0x0f, 0x28, 0x4d, 0x90, 0xf2, 0x0f, 0x5c,
    0xc8, 0x66, 0x0f, 0x57, 0xc0, 0x66, 0x0f, 0x2e, 0xc8, 0x48, 0x8b, 0x5d,
    0xc0, 0x0f, 0x85, 0xcb, 0x00, 0x00, 0x00, 0x0f, 0x8a, 0xc5, 0x00, 0x00,
    0x00, 0xe9, 0xfe, 0xfc, 0xff, 0xff, 0xb1, 0x4b, 0x40, 0x28, 0xf1, 0x48,
    0xc1, 0xe8, 0x20, 0xd3, 0xe8, 0xd3, 0xe0, 0x48, 0xc1, 0xe0, 0x20, 0x66,
    0x48, 0x0f, 0x6e, 0xc0, 0x66, 0x0f, 0x57, 0xc9, 0x66, 0x0f, 0x2e, 0xc1,
    0x0f, 0x85, 0x27, 0xf5, 0xff, 0xff, 0x0f, 0x8a, 0x21, 0xf5, 0xff, 0xff,
    0xc7, 0x03, 0x22, 0x00, 0x00, 0x00, 0x66, 0x0f, 0x57, 0xc0, 0xe9, 0x81,
    0xfc, 0xff, 0xff, 0x48, 0x8b, 0x5d, 0xc0, 0x66, 0x48, 0x0f, 0x7e, 0xc8,
    0x83, 0x7d, 0xb0, 0x00, 0x74, 0x27, 0x48, 0x89, 0xc1, 0x48, 0xc1, 0xe9,
    0x20, 0x81, 0xe1, 0x00, 0x00, 0xf0, 0x7f, 0x81, 0xf9, 0x00, 0x00, 0xb0,
    0x06, 0x77, 0x12, 0x66, 0x0f, 0x57, 0xc0, 0x81, 0xf9, 0x00, 0x00, 0x70,
    0x03, 0x0f, 0x86, 0x91, 0xfc, 0xff, 0xff, 0xeb, 0x5b, 0x48, 0xb9, 0x00,
    0x00, 0x00, 0x00, 0x00, 0x00, 0xf0, 0x7f, 0x48, 0x21, 0xc8, 0x48, 0xff,
    0xc8, 0x66, 0x48, 0x0f, 0x6e, 0xc8, 0xeb, 0x3a, 0x66, 0x0f, 0x57, 0xc0,
    0x48, 0x8b, 0x5d, 0xc0, 0x4c, 0x8b, 0xbd, 0x68, 0xff, 0xff, 0xff, 0xe9,
    0x64, 0xfc, 0xff, 0xff, 0x48, 0xb8, 0x00, 0x00, 0x00, 0x00, 0x00, 0x00,
    0xf0, 0x7f, 0x48, 0x21, 0xc7, 0x48, 0xb8, 0xff, 0xff, 0xff, 0xff, 0xff,
    0xff, 0x0f, 0x00, 0x48, 0x01, 0xf8, 0x48, 0xff, 0xc0, 0x66, 0x48, 0x0f,
    0x6e, 0xc8, 0x48, 0x8b, 0x5d, 0xc0, 0x83, 0x7d, 0xb0, 0x00, 0x0f, 0x84,
    0x3e, 0xfc, 0xff, 0xff, 0xf2, 0x0f, 0x59, 0x0d, 0x08, 0xc3, 0x00, 0x00,
    0x66, 0x48, 0x0f, 0x7e, 0xc8, 0x66, 0x0f, 0x28, 0xc1, 0x48, 0xb9, 0x00,
    0x00, 0x00, 0x00, 0x00, 0x00, 0xf0, 0x7f, 0x48, 0x85, 0xc8, 0x0f, 0x84,
    0x10, 0xfc, 0xff, 0xff, 0xe9, 0x15, 0xfc, 0xff, 0xff, 0x44, 0x8d, 0x5a,
    0xd0, 0x4c, 0x89, 0xd7, 0x41, 0x89, 0xf0, 0x4c, 0x89, 0xd3, 0x41, 0x89,
    0xca, 0x44, 0x89, 0xc8, 0x41, 0x83, 0xfb, 0x09, 0x0f, 0x87, 0x9f, 0xef,
    0xff, 0xff, 0x45, 0x8d, 0x51, 0x01, 0x83, 0xc2, 0xd0, 0x74, 0x1a, 0x44,
    0x01, 0xd1, 0x45, 0x85, 0xc9, 0x0f, 0x8e, 0xbf, 0x00, 0x00, 0x00, 0x41,
    0x83, 0xf9, 0x01, 0x75, 0x13, 0x44, 0x89, 0xe6, 0x44, 0x89, 0xc3, 0xeb,
    0x79, 0x44, 0x89, 0xc6, 0x45, 0x89, 0xd1, 0xe9, 0xcf, 0x00, 0x00, 0x00,
    0x45, 0x89, 0xca, 0x41, 0x81, 0xe2, 0xfe, 0xff, 0xff, 0x7f, 0x45, 0x89,
    0xc3, 0x0f, 0x1f, 0x80, 0x00, 0x00, 0x00, 0x00, 0x42, 0x8d, 0x34, 0x6d,
    0x00, 0x00, 0x00, 0x00, 0x43, 0x8d, 0x1c, 0x24, 0x41, 0x83, 0xfb, 0x10,
    0x8d, 0x1c, 0x9b, 0x41, 0x0f, 0x4d, 0xdc, 0x41, 0x83, 0xfb, 0x09, 0x44,
    0x8d, 0x34, 0xb6, 0x45, 0x0f, 0x4d, 0xf5, 0x89, 0xde, 0x41, 0x0f, 0x4c,
    0xf4, 0x47, 0x8d, 0x2c, 0x36, 0x01, 0xf6, 0x41, 0x83, 0xfb, 0x0f, 0x8d,
    0x34, 0xb6, 0x0f, 0x4d, 0xf3, 0x41, 0x83, 0xfb, 0x08, 0x47, 0x8d, 0x6c,
    0xad, 0x00, 0x45, 0x0f, 0x4d, 0xee, 0x41, 0x0f, 0x4c, 0xf4, 0x41, 0x8d,
    0x5b, 0x02, 0x41, 0x89, 0xf4, 0x41, 0x89, 0xdb, 0x41, 0x83, 0xc2, 0xfe,
    0x75, 0xa6, 0x41, 0xf6, 0xc1, 0x01, 0x74, 0x2c, 0x46, 0x8d, 0x14, 0x6d,
    0x00, 0x00, 0x00, 0x00, 0x44, 0x8d, 0x1c, 0x36, 0x83, 0xfb, 0x10, 0x47,
    0x8d, 0x1c, 0x9b, 0x44, 0x0f, 0x4d, 0xde, 0x83, 0xfb, 0x09, 0x47, 0x8d,
    0x14, 0x92, 0x45, 0x0f, 0x4d, 0xd5, 0x44, 0x0f, 0x4c, 0xde, 0x45, 0x89,
    0xd5, 0x44, 0x89, 0xde, 0x45, 0x01, 0xc8, 0x41, 0x89, 0xf4, 0x41, 0x8d,
    0x70, 0x01, 0x41, 0x83, 0xf8, 0x08, 0x7f, 0x0e, 0x47, 0x8d, 0x44, 0xad,
    0x00, 0x46, 0x8d, 0x2c, 0x42, 0x45, 0x31, 0xc9, 0xeb, 0x11, 0x45, 0x31,
    0xc9, 0x41, 0x83, 0xf8, 0x0f, 0x77, 0x08, 0x47, 0x8d, 0x04, 0xa4, 0x46,
    0x8d, 0x24, 0x42, 0x4c, 0x8d, 0x57, 0x01, 0x4c, 0x89, 0x55, 0xc8, 0x0f,
    0xbe, 0x57, 0x01, 0x4c, 0x8b, 0x75, 0x90, 0xe9, 0xd1, 0xfe, 0xff, 0xff,
    0x55, 0x48, 0x89, 0xe5, 0x41, 0x56, 0x53, 0x41, 0x89, 0xf6, 0x48, 0x89,
    0xfb, 0x66, 0x48, 0x0f, 0x6e, 0xc7, 0xe8, 0x49, 0xd2, 0xff, 0xff, 0x45,
    0x85, 0xf6, 0x74, 0x26, 0x48, 0xc1, 0xeb, 0x34, 0x81, 0xe3, 0xff, 0x07,
    0x00, 0x00, 0x83, 0xfb, 0x6a, 0x77, 0x17, 0xc1, 0xe3, 0x14, 0xb8, 0x00,
    0x00, 0xa0, 0x46, 0x29, 0xd8, 0x48, 0xc1, 0xe0, 0x20, 0x66, 0x48, 0x0f,
    0x6e, 0xc8, 0xf2, 0x0f, 0x59, 0xc1, 0x5b, 0x41, 0x5e, 0x5d, 0xc3, 0x66,
    0x0f, 0x1f, 0x84, 0x00, 0x00, 0x00, 0x00, 0x00, 0x55, 0x48, 0x89, 0xe5,
    0xb9, 0x48, 0x28, 0x42, 0x00, 0x5d, 0xe9, 0x81, 0xeb, 0xff, 0xff, 0x90,
    0x55, 0x48, 0x89, 0xe5, 0x48, 0x89, 0xd1, 0x48, 0x89, 0xf2, 0x48, 0x89,
    0xfe, 0x48, 0x8b, 0x3d, 0xf4, 0xe8, 0x00, 0x00, 0x5d, 0xe9, 0x66, 0xeb,
    0xff, 0xff, 0x66, 0x0f, 0x1f, 0x44, 0x00, 0x00, 0x55, 0x48, 0x89, 0xe5,
    0x48, 0x89, 0xf2, 0x48, 0x89, 0xfe, 0x48, 0x8b, 0x3d, 0xd7, 0xe8, 0x00,
    0x00, 0xb9, 0x48, 0x28, 0x42, 0x00, 0x5d, 0xe9, 0x44, 0xeb, 0xff, 0xff,
    0x0f, 0x1f, 0x40, 0x00, 0x55, 0x48, 0x89, 0xe5, 0x53, 0x48, 0x83, 0xec,
    0x18, 0x48, 0x89, 0xd1, 0x48, 0x89, 0xf2, 0x48, 0x89, 0xfe, 0x48, 0x8b,
    0x3d, 0xaf, 0xe8, 0x00, 0x00, 0xe8, 0x22, 0xeb, 0xff, 0xff, 0xf2, 0x0f,
    0x11, 0x45, 0xf0, 0xe8, 0x78, 0x86, 0x00, 0x00, 0x85, 0xc0, 0x74, 0x3a,
    0xf2, 0x0f, 0x10, 0x45, 0xf0, 0xf2, 0x0f, 0x5a, 0xc0, 0x0f, 0x29, 0x45,
    0xe0, 0xe8, 0xd2, 0x86, 0x00, 0x00, 0x83, 0xf8, 0x01, 0x75, 0x1c, 0xf2,
    0x0f, 0x10, 0x45, 0xf0, 0xe8, 0x53, 0x86, 0x00, 0x00, 0x83, 0xf8, 0x01,
    0x74, 0x0d, 0x48, 0x8b, 0x05, 0x6f, 0xe8, 0x00, 0x00, 0xc7, 0x00, 0x22,
    0x00, 0x00, 0x00, 0x66, 0x0f, 0x6f, 0x45, 0xe0, 0xeb, 0x21, 0xf3, 0x0f,
    0x7e, 0x45, 0xf0, 0x66, 0x48, 0x0f, 0x7e, 0xc3, 0xbf, 0x45, 0x09, 0x42,
    0x00, 0xe8, 0x16, 0x87, 0x00, 0x00, 0x48, 0x85, 0xdb, 0x79, 0x08, 0x66,
    0x0f, 0xef, 0x05, 0x59, 0xd7, 0x00, 0x00, 0x48, 0x83, 0xc4, 0x18, 0x5b,
    0x5d, 0xc3, 0x66, 0x90, 0x55, 0x48, 0x89, 0xe5, 0x53, 0x48, 0x83, 0xec,
    0x18, 0x48, 0x89, 0xf2, 0x48, 0x89, 0xfe, 0x48, 0x8b, 0x3d, 0x22, 0xe8,
    0x00, 0x00, 0xb9, 0x48, 0x28, 0x42, 0x00, 0xe8, 0x90, 0xea, 0xff, 0xff,
    0xf2, 0x0f, 0x11, 0x45, 0xf0, 0xe8, 0xe6, 0x85, 0x00, 0x00, 0x85, 0xc0,
    0x74, 0x63, 0xf2, 0x0f, 0x10, 0x45, 0xf0, 0xf2, 0x0f, 0x5a, 0xc0, 0x0f,
    0x29, 0x45, 0xe0, 0xe8, 0x40, 0x86, 0x00, 0x00, 0x83, 0xf8, 0x01, 0x75,
    0x0f, 0xf2, 0x0f, 0x10, 0x45, 0xf0, 0xe8, 0xc1, 0x85, 0x00, 0x00, 0x83,
    0xf8, 0x01, 0x75, 0x29, 0xf3, 0x0f, 0x7e, 0x4d, 0xf0, 0x66, 0x0f, 0x6f,
    0x45, 0xe0, 0x66, 0x0f, 0x7e, 0xc0, 0xa9, 0x00, 0x00, 0x80, 0x7f, 0x75,
    0x49, 0x66, 0x48, 0x0f, 0x7e, 0xc8, 0x48, 0xb9, 0x00, 0x00, 0x00, 0x00,
    0x00, 0x00, 0xf0, 0x7f, 0x48, 0x85, 0xc8, 0x74, 0x0d, 0x48, 0x8b, 0x05,
    0xb4, 0xe7, 0x00, 0x00, 0xc7, 0x00, 0x22, 0x00, 0x00, 0x00, 0x66, 0x0f,
    0x6f, 0x45, 0xe0, 0xeb, 0x21, 0xf3, 0x0f, 0x7e, 0x45, 0xf0, 0x66, 0x48,
    0x0f, 0x7e, 0xc3, 0xbf, 0x45, 0x09, 0x42, 0x00, 0xe8, 0x5b, 0x86, 0x00,
    0x00, 0x48, 0x85, 0xdb, 0x79, 0x08, 0x66, 0x0f, 0xef, 0x05, 0x9e, 0xd6,
    0x00, 0x00, 0x48, 0x83, 0xc4, 0x18, 0x5b, 0x5d, 0xc3, 0xcc, 0xcc, 0xcc,
    0xcc, 0xcc, 0xcc, 0xcc, 0x55, 0x48, 0x89, 0xe5, 0x41, 0x57, 0x41, 0x56,
    0x41, 0x55, 0x41, 0x54, 0x53, 0x48, 0x83, 0xec, 0x48, 0x44, 0x89, 0x4d,
    0xbc, 0x4c, 0x89, 0x45, 0xc0, 0x48, 0x89, 0x4d, 0x98, 0x48, 0x89, 0x55,
    0xb0, 0x49, 0x89, 0xf7, 0x4c, 0x8b, 0x2e, 0x49, 0x83, 0xc5, 0x02, 0x41,
    0xbc, 0xff, 0xff, 0xff, 0xff, 0x66, 0x66, 0x66, 0x66, 0x66, 0x66, 0x2e,
    0x0f, 0x1f, 0x84, 0x00, 0x00, 0x00, 0x00, 0x00, 0x41, 0x0f, 0xb6, 0x45,
    0x00, 0x41, 0xff, 0xc4, 0x49, 0xff, 0xc5, 0x48, 0x83, 0xf8, 0x30, 0x74,
    0xef, 0x4d, 0x8d, 0x75, 0xff, 0x80, 0xb8, 0xf0, 0xf9, 0x41, 0x00, 0x00,
    0x48, 0x89, 0x7d, 0xa0, 0x4c, 0x89, 0x7d, 0xc8, 0x74, 0x61, 0x31, 0xd2,
    0x45, 0x31, 0xed, 0x48, 0x89, 0x55, 0xd0, 0x4c, 0x89, 0xf3, 0x66, 0x66,
    0x66, 0x66, 0x66, 0x2e, 0x0f, 0x1f, 0x84, 0x00, 0x00, 0x00, 0x00, 0x00,
    0x0f, 0xb6, 0x03, 0x48, 0xff, 0xc3, 0x80, 0xb8, 0xf0, 0xf9, 0x41, 0x00,
    0x00, 0x75, 0xf1, 0x4c, 0x8d, 0x7b, 0xff, 0xbe, 0x3f, 0x09, 0x42, 0x00,
    0xba, 0x01, 0x00, 0x00, 0x00, 0x4c, 0x89, 0xff, 0xe8, 0x6b, 0x5d, 0x00,
    0x00, 0x4d, 0x85, 0xed, 0x75, 0x43, 0x85, 0xc0, 0x75, 0x3f, 0x66, 0x90,
    0x41, 0x0f, 0xb6, 0x47, 0x01, 0x49, 0xff, 0xc7, 0x80, 0xb8, 0xf0, 0xf9,
    0x41, 0x00, 0x00, 0x75, 0xef, 0x48, 0x8b, 0x45, 0xd0, 0xeb, 0x36, 0xbe,
    0x3f, 0x09, 0x42, 0x00, 0xba, 0x01, 0x00, 0x00, 0x00, 0x4c, 0x89, 0xf7,
    0xe8, 0x37, 0x5d, 0x00, 0x00, 0x85, 0xc0, 0x0f, 0x84, 0xae, 0x02, 0x00,
    0x00, 0x31, 0xdb, 0xb8, 0x01, 0x00, 0x00, 0x00, 0x4d, 0x89, 0xf7, 0xeb,
    0x16, 0x4d, 0x85, 0xed, 0x48, 0x8b, 0x45, 0xd0, 0x0f, 0x84, 0xe5, 0x02,
    0x00, 0x00, 0x4c, 0x89, 0xeb, 0x44, 0x29, 0xfb, 0xc1, 0xe3, 0x02, 0x41,
    0x0f, 0xb6, 0x0f, 0x85, 0xc0, 0x0f, 0x94, 0xc0, 0x4d, 0x89, 0xfd, 0x4c,
    0x8b, 0x7d, 0xc8, 0x0f, 0xb6, 0xc9, 0x83, 0xc9, 0x20, 0x83, 0xf9, 0x70,
    0x75, 0x38, 0x41, 0x0f, 0xb6, 0x55, 0x01, 0xb1, 0x01, 0x83, 0xfa, 0x2b,
    0x74, 0x07, 0x83, 0xfa, 0x2d, 0x75, 0x0f, 0x31, 0xc9, 0x41, 0x0f, 0xb6,
    0x55, 0x02, 0x41, 0xb8, 0x02, 0x00, 0x00, 0x00, 0xeb, 0x06, 0x41, 0xb8,
    0x01, 0x00, 0x00, 0x00, 0x0f, 0xb6, 0xd2, 0x0f, 0xb6, 0xba, 0xf0, 0xf9,
    0x41, 0x00, 0x8d, 0x57, 0xe6, 0x80, 0xfa, 0xe7, 0x73, 0x05, 0x4c, 0x89,
    0xea, 0xeb, 0x67, 0x8d, 0x77, 0xf0, 0x4b, 0x8d, 0x14, 0x28, 0x48, 0xff,
    0xc2, 0x47, 0x0f, 0xb6, 0x44, 0x05, 0x01, 0x45, 0x0f, 0xb6, 0x80, 0xf0,
    0xf9, 0x41, 0x00, 0x45, 0x8d, 0x48, 0xff, 0x41, 0x80, 0xf9, 0x18, 0x77,
    0x30, 0x0f, 0x1f, 0x00, 0x41, 0x0f, 0xb6, 0xf8, 0x44, 0x8d, 0x0c, 0xb6,
    0x42, 0x8d, 0x34, 0x4f, 0x83, 0xc6, 0xf0, 0x44, 0x0f, 0xb6, 0x42, 0x01,
    0x48, 0xff, 0xc2, 0x45, 0x0f, 0xb6, 0x80, 0xf0, 0xf9, 0x41, 0x00, 0x45,
    0x8d, 0x50, 0xff, 0x41, 0x80, 0xfa, 0x19, 0x72, 0xd7, 0x42, 0x8d, 0x3c,
    0x4f, 0x41, 0xb8, 0x10, 0x00, 0x00, 0x00, 0x41, 0x29, 0xf8, 0x84, 0xc9,
    0x44, 0x0f, 0x45, 0xc6, 0x41, 0x01, 0xd8, 0x44, 0x89, 0xc3, 0x49, 0x89,
    0x17, 0x84, 0xc0, 0x0f, 0x84, 0x6e, 0x01, 0x00, 0x00, 0x44, 0x89, 0xf0,
    0xf7, 0xd0, 0x44, 0x01, 0xe8, 0x31, 0xf6, 0x83, 0xf8, 0x08, 0x7c, 0x0f,
    0x31, 0xf6, 0x89, 0xc1, 0xff, 0xc6, 0xd1, 0xe9, 0x83, 0xf8, 0x0f, 0x89,
    0xc8, 0x77, 0xf5, 0x48, 0x8b, 0x7d, 0xa0, 0xe8, 0x3c, 0xbf, 0xff, 0xff,
    0x48, 0x85, 0xc0, 0x0f, 0x84, 0xd9, 0x07, 0x00, 0x00, 0x48, 0x89, 0x45,
    0xd0, 0x4c, 0x8d, 0x78, 0x18, 0x31, 0xff, 0x4c, 0x89, 0x7d, 0xc8, 0x4c,
    0x89, 0x7d, 0xa8, 0x4d, 0x39, 0xf5, 0x0f, 0x86, 0x8a, 0x00, 0x00, 0x00,
    0x31, 0xff, 0x48, 0x8b, 0x45, 0xc8, 0x48, 0x89, 0x45, 0xa8, 0x31, 0xc9,
    0x49, 0xff, 0xcd, 0x66, 0x0f, 0x1f, 0x84, 0x00, 0x00, 0x00, 0x00, 0x00,
    0x41, 0x80, 0x7d, 0x00, 0x2e, 0x75, 0x39, 0xbe, 0x3f, 0x09, 0x42, 0x00,
    0x4d, 0x89, 0xf7, 0x41, 0x89, 0xce, 0xba, 0x01, 0x00, 0x00, 0x00, 0x41,
    0x89, 0xfc, 0x4c, 0x89, 0xef, 0xe8, 0xbe, 0x5b, 0x00, 0x00, 0x44, 0x89,
    0xf1, 0x4d, 0x89, 0xfe, 0x44, 0x89, 0xe7, 0x85, 0xc0, 0x75, 0x11, 0x4d,
    0x39, 0xf5, 0x4d, 0x8d, 0x6d, 0xff, 0x77, 0xc8, 0xeb, 0x38, 0x66, 0x0f,
    0x1f, 0x44, 0x00, 0x00, 0x83, 0xf9, 0x20, 0x75, 0x12, 0x48, 0x8b, 0x45,
    0xa8, 0x89, 0x38, 0x48, 0x83, 0xc0, 0x04, 0x48, 0x89, 0x45, 0xa8, 0x31,
    0xc9, 0x31, 0xff, 0x41, 0x0f, 0xb6, 0x45, 0x00, 0x0f, 0xb6, 0x80, 0xf0,
    0xf9, 0x41, 0x00, 0x83, 0xe0, 0x0f, 0xd3, 0xe0, 0x09, 0xc7, 0x83, 0xc1,
    0x04, 0x4d, 0x39, 0xf5, 0x77, 0x82, 0x4c, 0x8b, 0x75, 0xa8, 0x41, 0x89,
    0x3e, 0x4c, 0x2b, 0x75, 0xc8, 0x49, 0x83, 0xc6, 0x04, 0x49, 0xc1, 0xee,
    0x02, 0x4c, 0x8b, 0x65, 0xd0, 0x45, 0x89, 0x74, 0x24, 0x14, 0x41, 0xc1,
    0xe6, 0x05, 0xe8, 0x49, 0xc2, 0xff, 0xff, 0x4c, 0x89, 0xf1, 0x29, 0xc1,
    0x48, 0x8b, 0x75, 0xb0, 0x44, 0x8b, 0x36, 0x41, 0x89, 0xcd, 0x45, 0x29,
    0xf5, 0x7e, 0x72, 0x4c, 0x89, 0xe7, 0x44, 0x89, 0xee, 0xe8, 0xea, 0xd4,
    0xff, 0xff, 0x85, 0xc0, 0x4d, 0x89, 0xe7, 0x0f, 0x84, 0x07, 0x01, 0x00,
    0x00, 0x41, 0x8d, 0x45, 0xff, 0x89, 0xc1, 0xc1, 0xf9, 0x05, 0x48, 0x63,
    0xc9, 0x48, 0x8b, 0x55, 0xc8, 0x8b, 0x0c, 0x8a, 0x0f, 0xa3, 0xc1, 0x0f,
    0x83, 0xf0, 0x00, 0x00, 0x00, 0x41, 0xbc, 0x02, 0x00, 0x00, 0x00, 0x41,
    0x83, 0xfd, 0x03, 0x0f, 0x8c, 0xe6, 0x00, 0x00, 0x00, 0x41, 0x8d, 0x75,
    0xfe, 0x4c, 0x89, 0xff, 0xe8, 0xa7, 0xd4, 0xff, 0xff, 0x83, 0xf8, 0x01,
    0x41, 0xbc, 0x03, 0x00, 0x00, 0x00, 0x41, 0x83, 0xdc, 0x00, 0xe9, 0xc8,
    0x00, 0x00, 0x00, 0x31, 0xc9, 0x45, 0x85, 0xe4, 0xb8, 0x06, 0x00, 0x00,
    0x00, 0x0f, 0x45, 0xc1, 0xe9, 0x08, 0x05, 0x00, 0x00, 0x45, 0x31, 0xe4,
    0x44, 0x39, 0xf1, 0x0f, 0x8d, 0x8d, 0x00, 0x00, 0x00, 0x45, 0x89, 0xf5,
    0x41, 0x29, 0xcd, 0x48, 0x8b, 0x7d, 0xa0, 0x48, 0x8b, 0x75, 0xd0, 0x44,
    0x89, 0xea, 0xe8, 0xe1, 0xc7, 0xff, 0xff, 0x48, 0x8b, 0x75, 0xb0, 0x49,
    0x89, 0xc7, 0x44, 0x29, 0xeb, 0x48, 0x83, 0xc0, 0x18, 0x48, 0x89, 0x45,
    0xc8, 0x3b, 0x5e, 0x08, 0x0f, 0x8f, 0xe0, 0x01, 0x00, 0x00, 0xe9, 0xfc,
    0x01, 0x00, 0x00, 0x41, 0x0f, 0xb6, 0x4d, 0x00, 0x80, 0xb9, 0xf0, 0xf9,
    0x41, 0x00, 0x00, 0x0f, 0x84, 0xd7, 0x00, 0x00, 0x00, 0x31, 0xd2, 0x41,
    0xbc, 0x01, 0x00, 0x00, 0x00, 0x4d, 0x89, 0xee, 0x80, 0xf9, 0x30, 0x0f,
    0x85, 0xb6, 0xfc, 0xff, 0xff, 0x66, 0x66, 0x2e, 0x0f, 0x1f, 0x84, 0x00,
    0x00, 0x00, 0x00, 0x00, 0x41, 0x0f, 0xb6, 0x46, 0x01, 0x49, 0xff, 0xc6,
    0x48, 0x83, 0xf8, 0x30, 0x74, 0xf2, 0x31, 0xd2, 0x80, 0xb8, 0xf0, 0xf9,
    0x41, 0x00, 0x00, 0x0f, 0x94, 0xc2, 0xe9, 0x8c, 0xfc, 0xff, 0xff, 0x31,
    0xdb, 0xe9, 0x1d, 0xfd, 0xff, 0xff, 0x4c, 0x8b, 0x7d, 0xd0, 0x3b, 0x5e,
    0x08, 0x0f, 0x8f, 0x77, 0x01, 0x00, 0x00, 0xe9, 0x93, 0x01, 0x00, 0x00,
    0x45, 0x31, 0xe4, 0xeb, 0x06, 0x41, 0xbc, 0x01, 0x00, 0x00, 0x00, 0x44,
    0x89, 0xea, 0xc1, 0xfa, 0x05, 0x49, 0x63, 0x4f, 0x14, 0x48, 0x8b, 0x45,
    0xc8, 0x39, 0xca, 0x0f, 0x8d, 0x28, 0x01, 0x00, 0x00, 0x48, 0x8b, 0x45,
    0xc8, 0x48, 0x8d, 0x34, 0x88, 0x48, 0x63, 0xd2, 0x48, 0x8d, 0x3c, 0x90,
    0x44, 0x89, 0xe8, 0x83, 0xe0, 0x1f, 0x74, 0x51, 0x44, 0x8b, 0x07, 0x48,
    0x83, 0xc7, 0x04, 0x89, 0xc1, 0x41, 0xd3, 0xe8, 0x48, 0x39, 0xf7, 0x0f,
    0x83, 0xc2, 0x00, 0x00, 0x00, 0xba, 0x20, 0x00, 0x00, 0x00, 0x29, 0xc2,
    0x4c, 0x8b, 0x4d, 0xc8, 0x44, 0x8b, 0x17, 0x89, 0xd1, 0x41, 0xd3, 0xe2,
    0x45, 0x01, 0xc2, 0x45, 0x89, 0x11, 0x49, 0x83, 0xc1, 0x04, 0x44, 0x8b,
    0x07, 0x48, 0x83, 0xc7, 0x04, 0x89, 0xc1, 0x41, 0xd3, 0xe8, 0x48, 0x39,
    0xf7, 0x72, 0xdd, 0xe9, 0x93, 0x00, 0x00, 0x00, 0x31, 0xc0, 0x31, 0xdb,
    0xe9, 0x92, 0xfc, 0xff, 0xff, 0x49, 0x8d, 0x04, 0x97, 0x48, 0x83, 0xc0,
    0x1c, 0x49, 0x8d, 0x0c, 0x8f, 0x48, 0x83, 0xc1, 0x18, 0x48, 0x39, 0xc8,
    0x48, 0x0f, 0x47, 0xc8, 0x49, 0x8d, 0x04, 0x97, 0x48, 0x29, 0xc1, 0x48,
    0x83, 0xc1, 0xe7, 0x48, 0x83, 0xf9, 0x2c, 0x72, 0x79, 0x48, 0xc1, 0xe2,
    0x02, 0x48, 0x89, 0xd0, 0x48, 0xf7, 0xd8, 0x48, 0x83, 0xf8, 0x20, 0x72,
    0x63, 0x48, 0xc1, 0xe9, 0x02, 0x48, 0xff, 0xc1, 0x49, 0x89, 0xc8, 0x49,
    0x83, 0xe0, 0xf8, 0x48, 0x8b, 0x45, 0xc8, 0x4a, 0x8d, 0x04, 0x80, 0x4a,
    0x8d, 0x3c, 0x87, 0x4c, 0x01, 0xfa, 0x48, 0x83, 0xc2, 0x28, 0x45, 0x31,
    0xc9, 0x0f, 0x1f, 0x00, 0x42, 0x0f, 0x10, 0x44, 0x8a, 0xf0, 0x42, 0x0f,
    0x10, 0x0c, 0x8a, 0x43, 0x0f, 0x11, 0x44, 0x8f, 0x18, 0x43, 0x0f, 0x11,
    0x4c, 0x8f, 0x28, 0x49, 0x83, 0xc1, 0x08, 0x4d, 0x39, 0xc8, 0x75, 0xe0,
    0x4c, 0x39, 0xc1, 0x75, 0x2b, 0xeb, 0x3a, 0x4c, 0x8b, 0x4d, 0xc8, 0x45,
    0x89, 0x01, 0x31, 0xc0, 0x45, 0x85, 0xc0, 0x0f, 0x95, 0xc0, 0x49, 0x8d,
    0x04, 0x81, 0xeb, 0x25, 0x48, 0x8b, 0x45, 0xc8, 0xeb, 0x0e, 0x48, 0x8b,
    0x45, 0xc8, 0x66, 0x2e, 0x0f, 0x1f, 0x84, 0x00, 0x00, 0x00, 0x00, 0x00,
    0x8b, 0x0f, 0x48, 0x83, 0xc7, 0x04, 0x89, 0x08, 0x48, 0x83, 0xc0, 0x04,
    0x48, 0x39, 0xf7, 0x72, 0xef, 0x48, 0x2b, 0x45, 0xc8, 0x48, 0xc1, 0xe8,
    0x02, 0x41, 0x89, 0x47, 0x14, 0x85, 0xc0, 0x75, 0x0a, 0x48, 0x8b, 0x45,
    0xc8, 0xc7, 0x00, 0x00, 0x00, 0x00, 0x00, 0x41, 0x01, 0xdd, 0x44, 0x89,
    0xeb, 0x48, 0x8b, 0x75, 0xb0, 0x3b, 0x5e, 0x08, 0x7e, 0x21, 0x48, 0x8b,
    0x5d, 0xc0, 0x48, 0x8b, 0x7d, 0xa0, 0x4c, 0x89, 0xfe, 0xe8, 0x46, 0xbc,
    0xff, 0xff, 0x48, 0xc7, 0x03, 0x00, 0x00, 0x00, 0x00, 0xb8, 0xa3, 0x00,
    0x00, 0x00, 0xe9, 0xca, 0x02, 0x00, 0x00, 0x4c, 0x89, 0x7d, 0xd0, 0x44,
    0x8b, 0x5e, 0x04, 0xb8, 0x01, 0x00, 0x00, 0x00, 0x45, 0x89, 0xdd, 0x41,
    0x29, 0xdd, 0x0f, 0x8e, 0xd5, 0x00, 0x00, 0x00, 0x45, 0x89, 0xf2, 0x45,
    0x29, 0xea, 0x0f, 0x8e, 0xdd, 0x00, 0x00, 0x00, 0x45, 0x8d, 0x75, 0xff,
    0x45, 0x85, 0xe4, 0x75, 0x20, 0x31, 0xc0, 0x41, 0x83, 0xfd, 0x02, 0x7c,
    0x18, 0x48, 0x8b, 0x7d, 0xd0, 0x44, 0x89, 0xf6, 0x45, 0x89, 0xdf, 0x45,
    0x89, 0xd4, 0xe8, 0xfd, 0xd1, 0xff, 0xff, 0x45, 0x89, 0xe2, 0x45, 0x89,
    0xfb, 0x44, 0x89, 0xf1, 0xc1, 0xf9, 0x05, 0x48, 0x63, 0xc9, 0x48, 0x8b,
    0x55, 0xc8, 0x8b, 0x0c, 0x8a, 0x41, 0x89, 0xc4, 0x41, 0x83, 0xcc, 0x02,
    0x44, 0x0f, 0xa3, 0xf1, 0x44, 0x0f, 0x43, 0xe0, 0x48, 0x8b, 0x45, 0xd0,
    0x48, 0x8d, 0x50, 0x18, 0x44, 0x89, 0xef, 0xc1, 0xff, 0x05, 0x48, 0x63,
    0x48, 0x14, 0x48, 0x89, 0xd0, 0x39, 0xcf, 0x0f, 0x8d, 0xdc, 0x01, 0x00,
    0x00, 0x48, 0x8d, 0x34, 0x8a, 0x4c, 0x63, 0xc7, 0x4a, 0x8d, 0x3c, 0x82,
    0x41, 0x83, 0xe5, 0x1f, 0x0f, 0x84, 0xfc, 0x00, 0x00, 0x00, 0x45, 0x89,
    0xd6, 0x44, 0x8b, 0x07, 0x48, 0x83, 0xc7, 0x04, 0x44, 0x89, 0xe9, 0x41,
    0xd3, 0xe8, 0x48, 0x39, 0xf7, 0x0f, 0x83, 0x7a, 0x01, 0x00, 0x00, 0xb8,
    0x20, 0x00, 0x00, 0x00, 0x44, 0x29, 0xe8, 0x49, 0x89, 0xd1, 0x66, 0x90,
    0x44, 0x8b, 0x17, 0x89, 0xc1, 0x41, 0xd3, 0xe2, 0x45, 0x01, 0xc2, 0x45,
    0x89, 0x11, 0x49, 0x83, 0xc1, 0x04, 0x44, 0x8b, 0x07, 0x48, 0x83, 0xc7,
    0x04, 0x44, 0x89, 0xe9, 0x41, 0xd3, 0xe8, 0x48, 0x39, 0xf7, 0x72, 0xdc,
    0xe9, 0x47, 0x01, 0x00, 0x00, 0x45, 0x89, 0xf2, 0x41, 0x89, 0xdd, 0x45,
    0x85, 0xe4, 0x0f, 0x85, 0x93, 0x01, 0x00, 0x00, 0xe9, 0xb6, 0x01, 0x00,
    0x00, 0x8b, 0x46, 0x0c, 0x83, 0xf8, 0x03, 0x74, 0x5d, 0x83, 0xf8, 0x02,
    0x48, 0x8b, 0x5d, 0xc0, 0x8b, 0x4d, 0xbc, 0x4c, 0x8b, 0x7d, 0xd0, 0x74,
    0x2c, 0x83, 0xf8, 0x01, 0x75, 0x2b, 0x45, 0x39, 0xee, 0x75, 0x26, 0x41,
    0x83, 0xfe, 0x02, 0x7c, 0x4b, 0x41, 0xff, 0xce, 0x4c, 0x89, 0xff, 0x44,
    0x89, 0xf6, 0xe8, 0x0d, 0xd1, 0xff, 0xff, 0x48, 0x8b, 0x4d, 0xb0, 0x85,
    0xc0, 0x74, 0x0a, 0x44, 0x8b, 0x59, 0x04, 0xeb, 0x2f, 0x85, 0xc9, 0x74,
    0x2b, 0x48, 0x8b, 0x7d, 0xa0, 0x4c, 0x89, 0xfe, 0xe8, 0xdf, 0xba, 0xff,
    0xff, 0x48, 0xc7, 0x03, 0x00, 0x00, 0x00, 0x00, 0xb8, 0x50, 0x00, 0x00,
    0x00, 0xe9, 0x63, 0x01, 0x00, 0x00, 0x83, 0x7d, 0xbc, 0x00, 0x48, 0x8b,
    0x5d, 0xc0, 0x4c, 0x8b, 0x7d, 0xd0, 0x74, 0xd5, 0x48, 0x8b, 0x45, 0x98,
    0x44, 0x89, 0x18, 0x41, 0xc7, 0x47, 0x14, 0x01, 0x00, 0x00, 0x00, 0x48,
    0x8b, 0x45, 0xc8, 0xc7, 0x00, 0x01, 0x00, 0x00, 0x00, 0x4c, 0x89, 0x3b,
    0xb8, 0x62, 0x00, 0x00, 0x00, 0xe9, 0x2f, 0x01, 0x00, 0x00, 0x4c, 0x8b,
    0x4d, 0xd0, 0x4b, 0x8d, 0x04, 0x81, 0x48, 0x83, 0xc0, 0x1c, 0x49, 0x8d,
    0x0c, 0x89, 0x48, 0x83, 0xc1, 0x18, 0x48, 0x39, 0xc8, 0x48, 0x0f, 0x47,
    0xc8, 0x4b, 0x8d, 0x04, 0x81, 0x48, 0x29, 0xc1, 0x48, 0x83, 0xc1, 0xe7,
    0x48, 0x83, 0xf9, 0x2c, 0x0f, 0x82, 0x83, 0x00, 0x00, 0x00, 0x49, 0xc1,
    0xe0, 0x02, 0x4c, 0x89, 0xc0, 0x48, 0xf7, 0xd8, 0x48, 0x83, 0xf8, 0x20,
    0x72, 0x6e, 0x45, 0x89, 0xd7, 0x45, 0x89, 0xde, 0x48, 0xc1, 0xe9, 0x02,
    0x48, 0xff, 0xc1, 0x49, 0x89, 0xc9, 0x49, 0x83, 0xe1, 0xf8, 0x4a, 0x8d,
    0x04, 0x8a, 0x4a, 0x8d, 0x3c, 0x8f, 0x4c, 0x8b, 0x5d, 0xd0, 0x4d, 0x01,
    0xd8, 0x49, 0x83, 0xc0, 0x28, 0x45, 0x31, 0xd2, 0x43, 0x0f, 0x10, 0x44,
    0x90, 0xf0, 0x43, 0x0f, 0x10, 0x0c, 0x90, 0x43, 0x0f, 0x11, 0x44, 0x93,
    0x18, 0x43, 0x0f, 0x11, 0x4c, 0x93, 0x28, 0x49, 0x83, 0xc2, 0x08, 0x4d,
    0x39, 0xd1, 0x75, 0xe0, 0x4c, 0x39, 0xc9, 0x45, 0x89, 0xf3, 0x45, 0x89,
    0xfa, 0x75, 0x25, 0xeb, 0x34, 0x49, 0x89, 0xd1, 0x45, 0x89, 0x01, 0x31,
    0xc0, 0x45, 0x85, 0xc0, 0x0f, 0x95, 0xc0, 0x49, 0x8d, 0x04, 0x81, 0x45,
    0x89, 0xf2, 0xeb, 0x1d, 0x48, 0x89, 0xd0, 0xeb, 0x07, 0x48, 0x89, 0xd0,
    0x0f, 0x1f, 0x40, 0x00, 0x8b, 0x0f, 0x48, 0x83, 0xc7, 0x04, 0x89, 0x08,
    0x48, 0x83, 0xc0, 0x04, 0x48, 0x39, 0xf7, 0x72, 0xef, 0x48, 0x29, 0xd0,
    0x48, 0xc1, 0xe8, 0x02, 0x48, 0x8b, 0x4d, 0xd0, 0x89, 0x41, 0x14, 0x85,
    0xc0, 0x75, 0x06, 0xc7, 0x02, 0x00, 0x00, 0x00, 0x00, 0x48, 0x8b, 0x75,
    0xb0, 0x44, 0x8b, 0x6e, 0x04, 0xb8, 0x02, 0x00, 0x00, 0x00, 0x45, 0x85,
    0xe4, 0x74, 0x28, 0x8b, 0x4e, 0x0c, 0x83, 0xf9, 0x03, 0x74, 0x4b, 0x83,
    0xf9, 0x02, 0x74, 0x3c, 0x83, 0xf9, 0x01, 0x75, 0x13, 0x41, 0xf6, 0xc4,
    0x02, 0x74, 0x0d, 0x48, 0x8b, 0x4d, 0xc8, 0x44, 0x0b, 0x21, 0x41, 0xf6,
    0xc4, 0x01, 0x75, 0x35, 0x83, 0xc8, 0x10, 0x48, 0x8b, 0x4d, 0xc0, 0x4c,
    0x8b, 0x7d, 0xd0, 0x4c, 0x89, 0x39, 0x48, 0x8b, 0x4d, 0x98, 0x44, 0x89,
    0x29, 0x48, 0x83, 0xc4, 0x48, 0x5b, 0x41, 0x5c, 0x41, 0x5d, 0x41, 0x5e,
    0x41, 0x5f, 0x5d, 0xc3, 0xb9, 0x01, 0x00, 0x00, 0x00, 0x2b, 0x4d, 0xbc,
    0xeb, 0x03, 0x8b, 0x4d, 0xbc, 0x85, 0xc9, 0x74, 0xcb, 0x48, 0x8b, 0x4d,
    0xd0, 0x4c, 0x63, 0x61, 0x14, 0x48, 0x8d, 0x41, 0x18, 0x4a, 0x8d, 0x0c,
    0xa1, 0x48, 0x83, 0xc1, 0x18, 0x0f, 0x1f, 0x80, 0x00, 0x00, 0x00, 0x00,
    0x8b, 0x10, 0x83, 0xfa, 0xff, 0x0f, 0x85, 0xfa, 0x00, 0x00, 0x00, 0xc7,
    0x00, 0x00, 0x00, 0x00, 0x00, 0x48, 0x83, 0xc0, 0x04, 0x48, 0x39, 0xc8,
    0x72, 0xe6, 0x4c, 0x8b, 0x7d, 0xd0, 0x41, 0x8b, 0x47, 0x14, 0x41, 0x3b,
    0x47, 0x0c, 0x7c, 0x5e, 0x44, 0x89, 0x55, 0xa8, 0x44, 0x89, 0x5d, 0xc8,
    0x41, 0x8b, 0x77, 0x08, 0xff, 0xc6, 0x48, 0x8b, 0x7d, 0xa0, 0xe8, 0x61,
    0xb8, 0xff, 0xff, 0x48, 0x85, 0xc0, 0x0f, 0x84, 0x14, 0x01, 0x00, 0x00,
    0x49, 0x89, 0xc6, 0x48, 0x89, 0xc7, 0x48, 0x83, 0xc7, 0x10, 0x49, 0x8d,
    0x77, 0x10, 0x49, 0x63, 0x47, 0x14, 0x48, 0x8d, 0x14, 0x85, 0x08, 0x00,
    0x00, 0x00, 0xe8, 0x09, 0x79, 0x00, 0x00, 0x48, 0x8b, 0x7d, 0xa0, 0x4c,
    0x89, 0xfe, 0xe8, 0xbd, 0xb8, 0xff, 0xff, 0x41, 0x8b, 0x46, 0x14, 0x4d,
    0x89, 0xf7, 0x48, 0x8b, 0x75, 0xb0, 0x44, 0x8b, 0x5d, 0xc8, 0x44, 0x8b,
    0x55, 0xa8, 0x8d, 0x48, 0x01, 0x41, 0x89, 0x4f, 0x14, 0x48, 0x98, 0x4c,
    0x89, 0x7d, 0xd0, 0x41, 0xc7, 0x44, 0x87, 0x18, 0x01, 0x00, 0x00, 0x00,
    0x41, 0x39, 0xdb, 0x7f, 0x6d, 0x4c, 0x8b, 0x7d, 0xd0, 0x45, 0x39, 0x67,
    0x14, 0x7f, 0x2f, 0xb8, 0x21, 0x00, 0x00, 0x00, 0x41, 0x83, 0xe2, 0x1f,
    0x0f, 0x84, 0xf9, 0xfe, 0xff, 0xff, 0x4c, 0x8b, 0x7d, 0xd0, 0x43, 0x8b,
    0x7c, 0xa7, 0x14, 0x44, 0x89, 0xd3, 0xe8, 0xb5, 0xbb, 0xff, 0xff, 0x48,
    0x8b, 0x75, 0xb0, 0xb9, 0x20, 0x00, 0x00, 0x00, 0x29, 0xd9, 0x39, 0xc8,
    0x7d, 0x1d, 0x4c, 0x89, 0xff, 0x48, 0x89, 0xf3, 0xbe, 0x01, 0x00, 0x00,
    0x00, 0xe8, 0x96, 0x00, 0x00, 0x00, 0x44, 0x3b, 0x6b, 0x08, 0x0f, 0x8d,
    0xe6, 0xfb, 0xff, 0xff, 0x41, 0xff, 0xc5, 0xb8, 0x21, 0x00, 0x00, 0x00,
    0x48, 0x8b, 0x4d, 0xc0, 0xe9, 0xb6, 0xfe, 0xff, 0xff, 0xff, 0xc2, 0x89,
    0x10, 0x41, 0x39, 0xdb, 0x7e, 0x93, 0x8b, 0x0e, 0xff, 0xc9, 0xb8, 0x22,
    0x00, 0x00, 0x00, 0x41, 0x39, 0xca, 0x48, 0x8b, 0x4d, 0xc0, 0x0f, 0x85,
    0x93, 0xfe, 0xff, 0xff, 0x44, 0x89, 0xd0, 0xc1, 0xf8, 0x05, 0x48, 0x98,
    0x4c, 0x8b, 0x7d, 0xd0, 0x41, 0x8b, 0x44, 0x87, 0x18, 0x44, 0x0f, 0xa3,
    0xd0, 0xb8, 0x21, 0x00, 0x00, 0x00, 0x83, 0xd8, 0xff, 0xe9, 0x75, 0xfe,
    0xff, 0xff, 0xbf, 0xe8, 0x16, 0x42, 0x00, 0xb9, 0x4e, 0x07, 0x42, 0x00,
    0xbe, 0xe4, 0x00, 0x00, 0x00, 0x31, 0xd2, 0xe8, 0x04, 0xcf, 0xff, 0xff,
    0xbf, 0xe8, 0x16, 0x42, 0x00, 0xb9, 0x4e, 0x07, 0x42, 0x00, 0xbe, 0x84,
    0x00, 0x00, 0x00, 0x31, 0xd2, 0xe8, 0xee, 0xce, 0xff, 0xff, 0x66, 0x66,
    0x66, 0x66, 0x66, 0x2e, 0x0f, 0x1f, 0x84, 0x00, 0x00, 0x00, 0x00, 0x00,
    0x55, 0x48, 0x89, 0xe5, 0x53, 0x48, 0x8d, 0x57, 0x18, 0x41, 0x89, 0xf1,
    0x41, 0xc1, 0xf9, 0x05, 0x48, 0x63, 0x4f, 0x14, 0x48, 0x89, 0xd0, 0x41,
    0x39, 0xc9, 0x0f, 0x8d, 0x12, 0x01, 0x00, 0x00, 0x4c, 0x8d, 0x04, 0x8a,
    0x4d, 0x63, 0xd1, 0x4e, 0x8d, 0x0c, 0x92, 0x83, 0xe6, 0x1f, 0x74, 0x47,
    0x45, 0x8b, 0x11, 0x49, 0x83, 0xc1, 0x04, 0x89, 0xf1, 0x41, 0xd3, 0xea,
    0x4d, 0x39, 0xc1, 0x0f, 0x83, 0xb2, 0x00, 0x00, 0x00, 0xb8, 0x20, 0x00,
    0x00, 0x00, 0x29, 0xf0, 0x49, 0x89, 0xd3, 0x90, 0x41, 0x8b, 0x19, 0x89,
    0xc1, 0xd3, 0xe3, 0x44, 0x01, 0xd3, 0x41, 0x89, 0x1b, 0x49, 0x83, 0xc3,
    0x04, 0x45, 0x8b, 0x11, 0x49, 0x83, 0xc1, 0x04, 0x89, 0xf1, 0x41, 0xd3,
    0xea, 0x4d, 0x39, 0xc1, 0x72, 0xde, 0xe9, 0x83, 0x00, 0x00, 0x00, 0x4a,
    0x8d, 0x04, 0x97, 0x48, 0x83, 0xc0, 0x1c, 0x48, 0x8d, 0x0c, 0x8f, 0x48,
    0x83, 0xc1, 0x18, 0x48, 0x39, 0xc8, 0x48, 0x0f, 0x47, 0xc8, 0x4a, 0x8d,
    0x04, 0x97, 0x48, 0x29, 0xc1, 0x48, 0x83, 0xc1, 0xe7, 0x48, 0x83, 0xf9,
    0x2c, 0x72, 0x71, 0x49, 0xc1, 0xe2, 0x02, 0x4c, 0x89, 0xd0, 0x48, 0xf7,
    0xd8, 0x48, 0x83, 0xf8, 0x20, 0x72, 0x5c, 0x48, 0xc1, 0xe9, 0x02, 0x48,
    0xff, 0xc1, 0x48, 0x89, 0xce, 0x48, 0x83, 0xe6, 0xf8, 0x48, 0x8d, 0x04,
    0xb2, 0x4d, 0x8d, 0x0c, 0xb1, 0x49, 0x01, 0xfa, 0x49, 0x83, 0xc2, 0x28,
    0x45, 0x31, 0xdb, 0x90, 0x43, 0x0f, 0x10, 0x44, 0x9a, 0xf0, 0x43, 0x0f,
    0x10, 0x0c, 0x9a, 0x42, 0x0f, 0x11, 0x44, 0x9f, 0x18, 0x42, 0x0f, 0x11,
    0x4c, 0x9f, 0x28, 0x49, 0x83, 0xc3, 0x08, 0x4c, 0x39, 0xde, 0x75, 0xe0,
    0x48, 0x39, 0xf1, 0x75, 0x2b, 0xeb, 0x3b, 0x49, 0x89, 0xd3, 0x45, 0x89,
    0x13, 0x31, 0xc0, 0x45, 0x85, 0xd2, 0x0f, 0x95, 0xc0, 0x49, 0x8d, 0x04,
    0x83, 0xeb, 0x27, 0x48, 0x89, 0xd0, 0xeb, 0x10, 0x48, 0x89, 0xd0, 0x66,
    0x66, 0x66, 0x66, 0x2e, 0x0f, 0x1f, 0x84, 0x00, 0x00, 0x00, 0x00, 0x00,
    0x41, 0x8b, 0x09, 0x49, 0x83, 0xc1, 0x04, 0x89, 0x08, 0x48, 0x83, 0xc0,
    0x04, 0x4d, 0x39, 0xc1, 0x72, 0xee, 0x48, 0x29, 0xd0, 0x48, 0xc1, 0xe8,
    0x02, 0x89, 0x47, 0x14, 0x85, 0xc0, 0x75, 0x06, 0xc7, 0x02, 0x00, 0x00,
    0x00, 0x00, 0x5b, 0x5d, 0xc3, 0xcc, 0xcc, 0xcc, 0xcc, 0xcc, 0xcc, 0xcc,
    0x55, 0x48, 0x89, 0xe5, 0x48, 0x8b, 0x07, 0x48, 0xff, 0xc0, 0x66, 0x0f,
    0x1f, 0x44, 0x00, 0x00, 0x0f, 0xbe, 0x0e, 0x85, 0xc9, 0x74, 0x25, 0x48,
    0xff, 0xc6, 0x0f, 0xbe, 0x10, 0x44, 0x8d, 0x42, 0xbf, 0x41, 0x89, 0xd1,
    0x41, 0x83, 0xc9, 0x20, 0x41, 0x80, 0xf8, 0x1a, 0x44, 0x0f, 0x43, 0xca,
    0x48, 0xff, 0xc0, 0x41, 0x39, 0xc9, 0x74, 0xd8, 0x31, 0xc0, 0x5d, 0xc3,
    0x48, 0x89, 0x07, 0xb8, 0x01, 0x00, 0x00, 0x00, 0x5d, 0xc3, 0x66, 0x2e,
    0x0f, 0x1f, 0x84, 0x00, 0x00, 0x00, 0x00, 0x00, 0x55, 0x48, 0x89, 0xe5,
    0x41, 0x57, 0x41, 0x56, 0x41, 0x55, 0x41, 0x54, 0x53, 0x44, 0x8b, 0x06,
    0x44, 0x89, 0xc0, 0xc1, 0xf8, 0x05, 0x48, 0x63, 0xf0, 0x48, 0x89, 0x55,
    0x98, 0x48, 0x8d, 0x04, 0xb2, 0x48, 0xc1, 0xe6, 0x02, 0x31, 0xd2, 0x31,
    0xc9, 0x41, 0x83, 0xe0, 0x1f, 0x44, 0x89, 0x45, 0xc4, 0x0f, 0x95, 0xc2,
    0x0f, 0x94, 0xc1, 0x4c, 0x8d, 0x3c, 0x8d, 0xfc, 0xff, 0xff, 0xff, 0xc1,
    0xe2, 0x02, 0x48, 0x8d, 0x0c, 0x10, 0x48, 0x89, 0x4d, 0xd0, 0x4c, 0x8d,
    0x24, 0x02, 0x49, 0x83, 0xc4, 0xfc, 0x48, 0x89, 0x55, 0xa8, 0xc7, 0x44,
    0x02, 0xfc, 0x00, 0x00, 0x00, 0x00, 0x48, 0x89, 0x7d, 0xb0, 0x4c, 0x8b,
    0x07, 0x4c, 0x89, 0x7d, 0xb8, 0x48, 0x89, 0x75, 0xa0, 0x49, 0x29, 0xf7,
    0x31, 0xff, 0x49, 0xc7, 0xc6, 0xfc, 0xff, 0xff, 0xff, 0x4c, 0x89, 0x65,
    0xc8, 0x45, 0x31, 0xed, 0x45, 0x31, 0xc9, 0x48, 0x8b, 0x45, 0xd0, 0x4a,
    0x8d, 0x14, 0x30, 0x44, 0x89, 0x4d, 0xc0, 0x44, 0x89, 0xce, 0xeb, 0x1a,
    0x66, 0x66, 0x66, 0x2e, 0x0f, 0x1f, 0x84, 0x00, 0x00, 0x00, 0x00, 0x00,
    0xbe, 0x08, 0x00, 0x00, 0x00, 0x4d, 0x39, 0xfe, 0x0f, 0x8f, 0xd2, 0x00,
    0x00, 0x00, 0x45, 0x0f, 0xb6, 0x50, 0x01, 0x4d, 0x85, 0xd2, 0x0f, 0x84,
    0xff, 0x00, 0x00, 0x00, 0x4c, 0x89, 0xc1, 0x49, 0xff, 0xc0, 0x41, 0x0f,
    0xb6, 0x82, 0xf0, 0xf9, 0x41, 0x00, 0x85, 0xc0, 0x75, 0x62, 0x41, 0x80,
    0xfa, 0x20, 0x0f, 0x87, 0xc9, 0x00, 0x00, 0x00, 0x44, 0x39, 0xef, 0x0f,
    0x8d, 0x7f, 0x00, 0x00, 0x00, 0x4c, 0x39, 0xe2, 0x73, 0xba, 0x83, 0xfe,
    0x07, 0x7f, 0xb5, 0xc1, 0xe6, 0x02, 0xb8, 0x20, 0x00, 0x00, 0x00, 0x29,
    0xf0, 0x8b, 0x1a, 0x49, 0x89, 0xd2, 0x66, 0x0f, 0x1f, 0x44, 0x00, 0x00,
    0x45, 0x8b, 0x4a, 0x04, 0x45, 0x89, 0xcb, 0x89, 0xf1, 0x41, 0xd3, 0xe3,
    0x41, 0x09, 0xdb, 0x45, 0x89, 0x1a, 0x89, 0xc1, 0x41, 0xd3, 0xe9, 0x45,
    0x89, 0x4a, 0x04, 0x49, 0x83, 0xc2, 0x04, 0x44, 0x89, 0xcb, 0x4d, 0x39,
    0xe2, 0x72, 0xd9, 0xe9, 0x74, 0xff, 0xff, 0xff, 0x0f, 0x1f, 0x40, 0x00,
    0x41, 0xff, 0xc5, 0x44, 0x8d, 0x4e, 0x01, 0x83, 0xfe, 0x08, 0x7c, 0x2d,
    0x4d, 0x39, 0xfe, 0x0f, 0x8e, 0x46, 0xff, 0xff, 0xff, 0x48, 0x8b, 0x55,
    0xd0, 0x42, 0xc7, 0x44, 0x32, 0xfc, 0x00, 0x00, 0x00, 0x00, 0x49, 0x83,
    0xc6, 0xfc, 0x41, 0xb9, 0x01, 0x00, 0x00, 0x00, 0x31, 0xc9, 0xeb, 0x12,
    0x44, 0x8b, 0x4d, 0xc0, 0xe9, 0x1a, 0xff, 0xff, 0xff, 0x8b, 0x0a, 0xc1,
    0xe1, 0x04, 0x48, 0x8b, 0x55, 0xd0, 0x83, 0xe0, 0x0f, 0x09, 0xc8, 0x42,
    0x89, 0x04, 0x32, 0xe9, 0x03, 0xff, 0xff, 0xff, 0x48, 0x8b, 0x45, 0xd0,
    0x4e, 0x8d, 0x24, 0x30, 0x49, 0x83, 0xc4, 0xfc, 0x42, 0xc7, 0x44, 0x30,
    0xfc, 0x00, 0x00, 0x00, 0x00, 0x49, 0x83, 0xc6, 0xfc, 0x44, 0x89, 0xef,
    0xe9, 0xdf, 0xfe, 0xff, 0xff, 0xb8, 0x04, 0x00, 0x00, 0x00, 0x41, 0x83,
    0xfa, 0x29, 0x0f, 0x85, 0x99, 0x01, 0x00, 0x00, 0x48, 0x83, 0xc1, 0x02,
    0x48, 0x8b, 0x45, 0xb0, 0x48, 0x89, 0x08, 0x45, 0x85, 0xed, 0x0f, 0x84,
    0xe4, 0x00, 0x00, 0x00, 0x4c, 0x39, 0xe2, 0x73, 0x3e, 0x83, 0xfe, 0x07,
    0x7f, 0x39, 0xc1, 0xe6, 0x02, 0xb8, 0x20, 0x00, 0x00, 0x00, 0x29, 0xf0,
    0x8b, 0x3a, 0x66, 0x0f, 0x1f, 0x44, 0x00, 0x00, 0x44, 0x8b, 0x42, 0x04,
    0x45, 0x89, 0xc1, 0x89, 0xf1, 0x41, 0xd3, 0xe1, 0x41, 0x09, 0xf9, 0x44,
    0x89, 0x0a, 0x89, 0xc1, 0x41, 0xd3, 0xe8, 0x44, 0x89, 0x42, 0x04, 0x48,
    0x83, 0xc2, 0x04, 0x44, 0x89, 0xc7, 0x4c, 0x39, 0xe2, 0x72, 0xd9, 0x4c,
    0x8b, 0x5d, 0xa0, 0x48, 0x8b, 0x5d, 0xa8, 0x49, 0x8d, 0x34, 0x1b, 0x48,
    0x89, 0xf0, 0x4c, 0x01, 0xf0, 0x4c, 0x8b, 0x55, 0x98, 0x0f, 0x8e, 0x8f,
    0x00, 0x00, 0x00, 0x49, 0x83, 0xfe, 0xfa, 0x48, 0xc7, 0xc7, 0xf9, 0xff,
    0xff, 0xff, 0x49, 0x0f, 0x4d, 0xfe, 0x4c, 0x29, 0xf7, 0x48, 0x83, 0xc7,
    0x03, 0x48, 0x83, 0xff, 0x2c, 0x72, 0x14, 0x48, 0x8b, 0x4d, 0xb8, 0x4c,
    0x29, 0xf1, 0x4c, 0x29, 0xd9, 0x48, 0x83, 0xf9, 0x20, 0x0f, 0x83, 0x01,
    0x01, 0x00, 0x00, 0x4c, 0x89, 0xd0, 0x4c, 0x89, 0xf1, 0x4c, 0x8b, 0x4d,
    0xc8, 0x48, 0x8b, 0x7d, 0xd0, 0x48, 0x83, 0xc1, 0xfc, 0x66, 0x66, 0x2e,
    0x0f, 0x1f, 0x84, 0x00, 0x00, 0x00, 0x00, 0x00, 0x8b, 0x54, 0x0f, 0x04,
    0x89, 0x10, 0x48, 0x83, 0xc0, 0x04, 0x48, 0x83, 0xc1, 0x04, 0x48, 0x83,
    0xf9, 0xf9, 0x7c, 0xec, 0x4c, 0x01, 0xd3, 0x49, 0x8d, 0x0c, 0x1b, 0x48,
    0x83, 0xc1, 0xfc, 0x48, 0x8d, 0x78, 0x03, 0x48, 0x39, 0xf9, 0x48, 0x0f,
    0x47, 0xf9, 0x48, 0x29, 0xc7, 0x48, 0x83, 0xff, 0x1c, 0x73, 0x26, 0x48,
    0x89, 0xc1, 0xeb, 0x68, 0xb8, 0x04, 0x00, 0x00, 0x00, 0xe9, 0x97, 0x00,
    0x00, 0x00, 0x48, 0x8b, 0x45, 0xc8, 0x8b, 0x38, 0x8b, 0x4d, 0xc4, 0x85,
    0xc9, 0x74, 0x63, 0xf6, 0xd9, 0xd3, 0xe7, 0xd3, 0xef, 0x89, 0x38, 0xeb,
    0x59, 0x48, 0xc1, 0xef, 0x02, 0x48, 0xff, 0xc7, 0x48, 0x89, 0xfa, 0x48,
    0x83, 0xe2, 0xf8, 0x48, 0x8d, 0x0c, 0x90, 0x45, 0x31, 0xc0, 0x0f, 0x57,
    0xc0, 0x66, 0x66, 0x66, 0x66, 0x66, 0x66, 0x2e, 0x0f, 0x1f, 0x84, 0x00,
    0x00, 0x00, 0x00, 0x00, 0x42, 0x0f, 0x11, 0x04, 0x80, 0x42, 0x0f, 0x11,
    0x44, 0x80, 0x10, 0x49, 0x83, 0xc0, 0x08, 0x4c, 0x39, 0xc2, 0x75, 0xec,
    0x48, 0x39, 0xd7, 0x74, 0x16, 0x0f, 0x1f, 0x80, 0x00, 0x00, 0x00, 0x00,
    0xc7, 0x01, 0x00, 0x00, 0x00, 0x00, 0x48, 0x83, 0xc1, 0x04, 0x4c, 0x39,
    0xc9, 0x76, 0xf1, 0x41, 0x8b, 0x39, 0xb8, 0x05, 0x00, 0x00, 0x00, 0x85,
    0xff, 0x75, 0x1e, 0xeb, 0x0f, 0x0f, 0x1f, 0x00, 0x41, 0x83, 0x7c, 0x32,
    0xf8, 0x00, 0x75, 0x11, 0x48, 0x83, 0xc6, 0xfc, 0x48, 0x83, 0xfe, 0x04,
    0x75, 0xee, 0x41, 0xc7, 0x02, 0x01, 0x00, 0x00, 0x00, 0x5b, 0x41, 0x5c,
    0x41, 0x5d, 0x41, 0x5e, 0x41, 0x5f, 0x5d, 0xc3, 0x48, 0xc1, 0xef, 0x02,
    0x48, 0xff, 0xc7, 0x49, 0x89, 0xf8, 0x49, 0x83, 0xe0, 0xf8, 0x4b, 0x8d,
    0x04, 0x82, 0x4b, 0x8d, 0x0c, 0x86, 0x49, 0x8d, 0x14, 0x1b, 0x4c, 0x01,
    0xd2, 0x4c, 0x01, 0xf2, 0x48, 0x83, 0xc2, 0x10, 0x45, 0x31, 0xc9, 0x0f,
    0x1f, 0x44, 0x00, 0x00, 0x42, 0x0f, 0x10, 0x44, 0x8a, 0xf0, 0x42, 0x0f,
    0x10, 0x0c, 0x8a, 0x43, 0x0f, 0x11, 0x04, 0x8a, 0x43, 0x0f, 0x11, 0x4c,
    0x8a, 0x10, 0x49, 0x83, 0xc1, 0x08, 0x4d, 0x39, 0xc8, 0x75, 0xe1, 0x4c,
    0x39, 0xc7, 0x4c, 0x8b, 0x4d, 0xc8, 0x48, 0x8b, 0x7d, 0xd0, 0x0f, 0x85,
    0xb1, 0xfe, 0xff, 0xff, 0xe9, 0xcf, 0xfe, 0xff, 0xff, 0xcc, 0xcc, 0xcc,
    0xcc, 0xcc, 0xcc, 0xcc, 0xcc, 0xcc, 0xcc, 0xcc, 0x55, 0x48, 0x89, 0xe5,
    0x5d, 0xeb, 0x09, 0x66, 0x0f, 0x1f, 0x84, 0x00, 0x00, 0x00, 0x00, 0x00,
    0x55, 0x48, 0x89, 0xe5, 0x41, 0x57, 0x41, 0x56, 0x41, 0x55, 0x41, 0x54,
    0x53, 0x50, 0x49, 0x89, 0xd1, 0x83, 0xf9, 0x01, 0x0f, 0x94, 0xc0, 0x83,
    0xf9, 0x25, 0x0f, 0x93, 0xc2, 0x08, 0xc2, 0x74, 0x13, 0xe8, 0x9a, 0x75,
    0x00, 0x00, 0xc7, 0x00, 0x16, 0x00, 0x00, 0x00, 0x45, 0x31, 0xc0, 0xe9,
    0x61, 0x01, 0x00, 0x00, 0x49, 0x89, 0xf2, 0x66, 0x0f, 0x1f, 0x84, 0x00,
    0x00, 0x00, 0x00, 0x00, 0x45, 0x0f, 0xb6, 0x1a, 0x49, 0xff, 0xc2, 0x41,
    0xf6, 0x83, 0xe1, 0xed, 0x41, 0x00, 0x08, 0x75, 0xef, 0x41, 0x83, 0xfb,
    0x2b, 0x74, 0x06, 0x41, 0x83, 0xfb, 0x2d, 0x75, 0x0e, 0x41, 0x0f, 0xb6,
    0x1a, 0x49, 0xff, 0xc2, 0xf6, 0xc1, 0x2f, 0x74, 0x0a, 0xeb, 0x29, 0x44,
    0x89, 0xdb, 0xf6, 0xc1, 0x2f, 0x75, 0x21, 0x80, 0xfb, 0x30, 0x75, 0x1c,
    0x41, 0x0f, 0xb6, 0x02, 0x83, 0xc8, 0x20, 0x83, 0xf8, 0x78, 0x75, 0x27,
    0x41, 0x0f, 0xb6, 0x5a, 0x01, 0x49, 0x83, 0xc2, 0x02, 0xb9, 0x10, 0x00,
    0x00, 0x00, 0xeb, 0x22, 0x31, 0xc0, 0x80, 0xfb, 0x30, 0x0f, 0x95, 0xc2,
    0x85, 0xc9, 0x75, 0x16, 0x88, 0xd0, 0x8d, 0x0c, 0x45, 0x08, 0x00, 0x00,
    0x00, 0xeb, 0x0b, 0xb3, 0x30, 0x85, 0xc9, 0x75, 0x05, 0xb9, 0x08, 0x00,
    0x00, 0x00, 0x48, 0xb8, 0xff, 0xff, 0xff, 0xff, 0xff, 0xff, 0xff, 0x7f,
    0x4c, 0x8d, 0x40, 0x01, 0x41, 0x80, 0xfb, 0x2d, 0x4c, 0x0f, 0x45, 0xc0,
    0x89, 0xc9, 0x4c, 0x89, 0xc0, 0x48, 0xc1, 0xe8, 0x20, 0x74, 0x0a, 0x4c,
    0x89, 0xc0, 0x31, 0xd2, 0x48, 0xf7, 0xf1, 0xeb, 0x07, 0x44, 0x89, 0xc0,
    0x31, 0xd2, 0xf7, 0xf1, 0x49, 0xff, 0xca, 0x45, 0x31, 0xff, 0x45, 0x31,
    0xf6, 0xeb, 0x1b, 0x66, 0x66, 0x66, 0x66, 0x2e, 0x0f, 0x1f, 0x84, 0x00,
    0x00, 0x00, 0x00, 0x00, 0x4d, 0x89, 0xfc, 0x41, 0x0f, 0xb6, 0x5a, 0x01,
    0x49, 0xff, 0xc2, 0x4d, 0x89, 0xe7, 0x44, 0x8d, 0x6b, 0xd0, 0x41, 0xbc,
    0xd0, 0xff, 0xff, 0xff, 0x41, 0x80, 0xfd, 0x0a, 0x72, 0x20, 0x44, 0x8d,
    0x6b, 0xbf, 0x41, 0xbc, 0xc9, 0xff, 0xff, 0xff, 0x41, 0x80, 0xfd, 0x1a,
    0x72, 0x10, 0x44, 0x8d, 0x6b, 0x9f, 0x41, 0xbc, 0xa9, 0xff, 0xff, 0xff,
    0x41, 0x80, 0xfd, 0x19, 0x77, 0x35, 0x0f, 0xb6, 0xdb, 0x44, 0x01, 0xe3,
    0x39, 0xcb, 0x7d, 0x2b, 0x45, 0x85, 0xf6, 0x41, 0xbe, 0xff, 0xff, 0xff,
    0xff, 0x78, 0xad, 0x49, 0x39, 0xc7, 0x77, 0xa8, 0x75, 0x07, 0x49, 0x89,
    0xc4, 0x39, 0xd3, 0x7f, 0xa2, 0x4c, 0x0f, 0xaf, 0xf9, 0x41, 0x89, 0xdc,
    0x4d, 0x01, 0xfc, 0x41, 0xbe, 0x01, 0x00, 0x00, 0x00, 0xeb, 0x90, 0x45,
    0x85, 0xf6, 0x78, 0x2f, 0x4d, 0x89, 0xf8, 0x49, 0xf7, 0xd8, 0x41, 0x80,
    0xfb, 0x2d, 0x4d, 0x0f, 0x45, 0xc7, 0x4d, 0x85, 0xc9, 0x74, 0x0a, 0x45,
    0x85, 0xf6, 0x4c, 0x0f, 0x44, 0xd6, 0x4d, 0x89, 0x11, 0x4c, 0x89, 0xc0,
    0x48, 0x83, 0xc4, 0x08, 0x5b, 0x41, 0x5c, 0x41, 0x5d, 0x41, 0x5e, 0x41,
    0x5f, 0x5d, 0xc3, 0xc7, 0x07, 0x22, 0x00, 0x00, 0x00, 0x4d, 0x85, 0xc9,
    0x75, 0xd9, 0xeb, 0xe1, 0x66, 0x66, 0x66, 0x2e, 0x0f, 0x1f, 0x84, 0x00,
    0x00, 0x00, 0x00, 0x00, 0x55, 0x48, 0x89, 0xe5, 0x89, 0xd1, 0x48, 0x89,
    0xf2, 0x48, 0x89, 0xfe, 0x48, 0x8b, 0x3d, 0x25, 0xd6, 0x00, 0x00, 0x5d,
    0xe9, 0x27, 0xfe, 0xff, 0xff, 0x0f, 0x1f, 0x80, 0x00, 0x00, 0x00, 0x00,
    0x55, 0x48, 0x89, 0xe5, 0x89, 0xd1, 0x48, 0x89, 0xf2, 0x48, 0x89, 0xfe,
    0x48, 0x8b, 0x3d, 0x05, 0xd6, 0x00, 0x00, 0x5d, 0xe9, 0x07, 0xfe, 0xff,
    0xff, 0xcc, 0xcc, 0xcc, 0xcc, 0xcc, 0xcc, 0xcc, 0x55, 0x48, 0x89, 0xe5,
    0x5d, 0xeb, 0x09, 0x66, 0x0f, 0x1f, 0x84, 0x00, 0x00, 0x00, 0x00, 0x00,
    0x55, 0x48, 0x89, 0xe5, 0x41, 0x57, 0x41, 0x56, 0x41, 0x55, 0x41, 0x54,
    0x53, 0x49, 0x89, 0xd0, 0x49, 0x89, 0xf1, 0x66, 0x66, 0x66, 0x66, 0x2e,
    0x0f, 0x1f, 0x84, 0x00, 0x00, 0x00, 0x00, 0x00, 0x45, 0x0f, 0xb6, 0x11,
    0x49, 0xff, 0xc1, 0x41, 0xf6, 0x82, 0xe1, 0xed, 0x41, 0x00, 0x08, 0x75,
    0xef, 0x41, 0x83, 0xfa, 0x2b, 0x74, 0x06, 0x41, 0x83, 0xfa, 0x2d, 0x75,
    0x09, 0x41, 0x0f, 0xb6, 0x19, 0x49, 0xff, 0xc1, 0xeb, 0x03, 0x44, 0x89,
    0xd3, 0xf7, 0xc1, 0xef, 0xff, 0xff, 0xff, 0x0f, 0x94, 0xc0, 0x80, 0xfb,
    0x30, 0x0f, 0x94, 0xc2, 0x20, 0xc2, 0x80, 0xfa, 0x01, 0x75, 0x1e, 0x41,
    0x0f, 0xb6, 0x01, 0x83, 0xc8, 0x20, 0x83, 0xf8, 0x78, 0x0f, 0x85, 0xf6,
    0x00, 0x00, 0x00, 0x41, 0x0f, 0xb6, 0x59, 0x01, 0x49, 0x83, 0xc1, 0x02,
    0xb9, 0x10, 0x00, 0x00, 0x00, 0x31, 0xc0, 0x80, 0xfb, 0x30, 0x0f, 0x95,
    0xc0, 0x44, 0x8d, 0x1c, 0x45, 0x08, 0x00, 0x00, 0x00, 0x85, 0xc9, 0x44,
    0x0f, 0x45, 0xd9, 0x49, 0x63, 0xcb, 0x48, 0xc7, 0xc0, 0xff, 0xff, 0xff,
    0xff, 0x31, 0xd2, 0x48, 0xf7, 0xf1, 0x45, 0x31, 0xff, 0x49, 0xff, 0xc9,
    0x45, 0x31, 0xf6, 0xeb, 0x11, 0x0f, 0x1f, 0x00, 0x4d, 0x89, 0xfc, 0x41,
    0x0f, 0xb6, 0x59, 0x01, 0x49, 0xff, 0xc1, 0x4d, 0x89, 0xe7, 0x44, 0x8d,
    0x6b, 0xd0, 0x41, 0xbc, 0xd0, 0xff, 0xff, 0xff, 0x41, 0x80, 0xfd, 0x0a,
    0x72, 0x20, 0x44, 0x8d, 0x6b, 0xbf, 0x41, 0xbc, 0xc9, 0xff, 0xff, 0xff,
    0x41, 0x80, 0xfd, 0x1a, 0x72, 0x10, 0x44, 0x8d, 0x6b, 0x9f, 0x41, 0xbc,
    0xa9, 0xff, 0xff, 0xff, 0x41, 0x80, 0xfd, 0x19, 0x77, 0x36, 0x0f, 0xb6,
    0xdb, 0x44, 0x01, 0xe3, 0x44, 0x39, 0xdb, 0x7d, 0x2b, 0x45, 0x85, 0xf6,
    0x41, 0xbe, 0xff, 0xff, 0xff, 0xff, 0x78, 0xac, 0x49, 0x39, 0xc7, 0x77,
    0xa7, 0x75, 0x07, 0x49, 0x89, 0xc4, 0x39, 0xd3, 0x7f, 0xa1, 0x4c, 0x0f,
    0xaf, 0xf9, 0x41, 0x89, 0xdc, 0x4d, 0x01, 0xfc, 0x41, 0xbe, 0x01, 0x00,
    0x00, 0x00, 0xeb, 0x8f, 0x45, 0x85, 0xf6, 0x78, 0x28, 0x4c, 0x89, 0xf8,
    0x48, 0xf7, 0xd8, 0x41, 0x80, 0xfa, 0x2d, 0x49, 0x0f, 0x45, 0xc7, 0x4d,
    0x85, 0xc0, 0x74, 0x0a, 0x45, 0x85, 0xf6, 0x4c, 0x0f, 0x44, 0xce, 0x4d,
    0x89, 0x08, 0x5b, 0x41, 0x5c, 0x41, 0x5d, 0x41, 0x5e, 0x41, 0x5f, 0x5d,
    0xc3, 0xc7, 0x07, 0x22, 0x00, 0x00, 0x00, 0x48, 0xc7, 0xc0, 0xff, 0xff,
    0xff, 0xff, 0x4d, 0x85, 0xc0, 0x75, 0xd9, 0xeb, 0xe1, 0x41, 0xbb, 0x08,
    0x00, 0x00, 0x00, 0xb3, 0x30, 0xe9, 0x1b, 0xff, 0xff, 0xff, 0x66, 0x66,
    0x66, 0x66, 0x66, 0x2e, 0x0f, 0x1f, 0x84, 0x00, 0x00, 0x00, 0x00, 0x00,
    0x55, 0x48, 0x89, 0xe5, 0x89, 0xd1, 0x48, 0x89, 0xf2, 0x48, 0x89, 0xfe,
    0x48, 0x8b, 0x3d, 0x55, 0xd4, 0x00, 0x00, 0x5d, 0xe9, 0x67, 0xfe, 0xff,
    0xff, 0x0f, 0x1f, 0x80, 0x00, 0x00, 0x00, 0x00, 0x55, 0x48, 0x89, 0xe5,
    0x89, 0xd1, 0x48, 0x89, 0xf2, 0x48, 0x89, 0xfe, 0x48, 0x8b, 0x3d, 0x35,
    0xd4, 0x00, 0x00, 0x5d, 0xe9, 0x47, 0xfe, 0xff, 0xff, 0xcc, 0xcc, 0xcc,
    0xcc, 0xcc, 0xcc, 0xcc, 0x55, 0x48, 0x89, 0xe5, 0x53, 0x50, 0x48, 0x89,
    0xd3, 0x48, 0x83, 0x7a, 0x10, 0x00, 0x74, 0x12, 0x48, 0x89, 0xda, 0xe8,
    0xd8, 0x6c, 0xff, 0xff, 0x48, 0xc7, 0x43, 0x10, 0x00, 0x00, 0x00, 0x00,
    0xeb, 0x02, 0x31, 0xc0, 0xc7, 0x43, 0x08, 0x00, 0x00, 0x00, 0x00, 0x48,
    0x83, 0xc4, 0x08, 0x5b, 0x5d, 0xc3, 0xcc, 0xcc, 0xcc, 0xcc, 0xcc, 0xcc,
    0xcc, 0xcc, 0xcc, 0xcc, 0xcc, 0xcc, 0xcc, 0xcc, 0x55, 0x48, 0x89, 0xe5,
    0x48, 0x8b, 0x57, 0x10, 0x5d, 0xe9, 0x22, 0x00, 0x00, 0x00, 0x66, 0x90,
    0x55, 0x48, 0x89, 0xe5, 0x89, 0xfe, 0x48, 0x8b, 0x3d, 0xcb, 0xd3, 0x00,
    0x00, 0x48, 0x8b, 0x57, 0x10, 0x5d, 0xe9, 0x09, 0x00, 0x00, 0x00, 0xcc,
    0xcc, 0xcc, 0xcc, 0xcc, 0xcc, 0xcc, 0xcc, 0xcc, 0x55, 0x48, 0x89, 0xe5,
    0x41, 0x57, 0x41, 0x56, 0x53, 0x50, 0x48, 0x85, 0xff, 0x74, 0x1e, 0x48,
    0x83, 0x7f, 0x48, 0x00, 0x75, 0x17, 0x48, 0x89, 0xfb, 0x49, 0x89, 0xd6,
    0x41, 0x89, 0xf7, 0xe8, 0xcc, 0x30, 0x00, 0x00, 0x48, 0x89, 0xdf, 0x44,
    0x89, 0xfe, 0x4c, 0x89, 0xf2, 0x8b, 0x4a, 0x0c, 0x8d, 0x41, 0xff, 0x89,
    0x42, 0x0c, 0x40, 0x0f, 0xb6, 0xc6, 0x85, 0xc9, 0x7f, 0x0a, 0x83, 0xf8,
    0x0a, 0x74, 0x1d, 0x3b, 0x4a, 0x28, 0x7e, 0x18, 0x48, 0x8b, 0x0a, 0x48,
    0x8d, 0x79, 0x01, 0x48, 0x89, 0x3a, 0x40, 0x88, 0x31, 0x48, 0x83, 0xc4,
    0x08, 0x5b, 0x41, 0x5e, 0x41, 0x5f, 0x5d, 0xc3, 0x48, 0x83, 0xc4, 0x08,
    0x5b, 0x41, 0x5e, 0x41, 0x5f, 0x5d, 0xe9, 0xf1, 0x35, 0x00, 0x00, 0x90,
    0x55, 0x48, 0x89, 0xe5, 0x41, 0x57, 0x41, 0x56, 0x53, 0x50, 0x48, 0x89,
    0xf3, 0x41, 0x89, 0xfe, 0x4c, 0x8b, 0x3d, 0x31, 0xd3, 0x00, 0x00, 0x4d,
    0x85, 0xff, 0x74, 0x0f, 0x49, 0x83, 0x7f, 0x48, 0x00, 0x75, 0x08, 0x4c,
    0x89, 0xff, 0xe8, 0x55, 0x30, 0x00, 0x00, 0x8b, 0x4b, 0x0c, 0x8d, 0x41,
    0xff, 0x89, 0x43, 0x0c, 0x41, 0x0f, 0xb6, 0xc6, 0x85, 0xc9, 0x7f, 0x0a,
    0x83, 0xf8, 0x0a, 0x74, 0x1d, 0x3b, 0x4b, 0x28, 0x7e, 0x18, 0x48, 0x8b,
    0x0b, 0x48, 0x8d, 0x51, 0x01, 0x48, 0x89, 0x13, 0x44, 0x88, 0x31, 0x48,
    0x83, 0xc4, 0x08, 0x5b, 0x41, 0x5e, 0x41, 0x5f, 0x5d, 0xc3, 0x4c, 0x89,
    0xff, 0x44, 0x89, 0xf6, 0x48, 0x89, 0xda, 0x48, 0x83, 0xc4, 0x08, 0x5b,
    0x41, 0x5e, 0x41, 0x5f, 0x5d, 0xe9, 0x7a, 0x35, 0x00, 0x00, 0xcc, 0xcc,
    0xcc, 0xcc, 0xcc, 0xcc, 0xcc, 0xcc, 0xcc, 0xcc, 0x55, 0x48, 0x89, 0xe5,
    0x41, 0x56, 0x53, 0x48, 0x89, 0xf3, 0x48, 0x85, 0xff, 0x74, 0x12, 0x48,
    0x83, 0x7f, 0x48, 0x00, 0x75, 0x0b, 0x49, 0x89, 0xfe, 0xe8, 0xe2, 0x2f,
    0x00, 0x00, 0x4c, 0x89, 0xf7, 0x0f, 0xb7, 0x43, 0x10, 0xa9, 0x00, 0x20,
    0x00, 0x00, 0x75, 0x12, 0x0d, 0x00, 0x20, 0x00, 0x00, 0x66, 0x89, 0x43,
    0x10, 0x80, 0xa3, 0xad, 0x00, 0x00, 0x00, 0xdf, 0xeb, 0x0e, 0xb8, 0xff,
    0xff, 0xff, 0xff, 0xf6, 0x83, 0xad, 0x00, 0x00, 0x00, 0x20, 0x75, 0x23,
    0x48, 0x89, 0xde, 0xe8, 0xac, 0x00, 0x00, 0x00, 0x89, 0xc1, 0xb8, 0xff,
    0xff, 0xff, 0xff, 0x85, 0xc9, 0x75, 0x10, 0xff, 0x4b, 0x08, 0x48, 0x8b,
    0x03, 0x48, 0x8d, 0x48, 0x01, 0x48, 0x89, 0x0b, 0x0f, 0xb6, 0x00, 0x5b,
    0x41, 0x5e, 0x5d, 0xc3, 0x66, 0x66, 0x66, 0x2e, 0x0f, 0x1f, 0x84, 0x00,
    0x00, 0x00, 0x00, 0x00, 0x55, 0x48, 0x89, 0xe5, 0x41, 0x56, 0x53, 0x48,
    0x89, 0xfb, 0x48, 0x8b, 0x3d, 0x37, 0xd2, 0x00, 0x00, 0x48, 0x85, 0xff,
    0x74, 0x12, 0x48, 0x83, 0x7f, 0x48, 0x00, 0x75, 0x0b, 0x49, 0x89, 0xfe,
    0xe8, 0x5b, 0x2f, 0x00, 0x00, 0x4c, 0x89, 0xf7, 0x0f, 0xb7, 0x43, 0x10,
    0xa9, 0x00, 0x20, 0x00, 0x00, 0x75, 0x12, 0x0d, 0x00, 0x20, 0x00, 0x00,
    0x66, 0x89, 0x43, 0x10, 0x80, 0xa3, 0xad, 0x00, 0x00, 0x00, 0xdf, 0xeb,
    0x0e, 0xb8, 0xff, 0xff, 0xff, 0xff, 0xf6, 0x83, 0xad, 0x00, 0x00, 0x00,
    0x20, 0x75, 0x23, 0x48, 0x89, 0xde, 0xe8, 0x25, 0x00, 0x00, 0x00, 0x89,
    0xc1, 0xb8, 0xff, 0xff, 0xff, 0xff, 0x85, 0xc9, 0x75, 0x10, 0xff, 0x4b,
    0x08, 0x48, 0x8b, 0x03, 0x48, 0x8d, 0x48, 0x01, 0x48, 0x89, 0x0b, 0x0f,
    0xb6, 0x00, 0x5b, 0x41, 0x5e, 0x5d, 0xc3, 0xcc, 0xcc, 0xcc, 0xcc, 0xcc,
    0x55, 0x48, 0x89, 0xe5, 0x41, 0x57, 0x41, 0x56, 0x53, 0x50, 0x48, 0x89,
    0xf3, 0x49, 0x89, 0xfe, 0x48, 0x85, 0xff, 0x74, 0x0f, 0x49, 0x83, 0x7e,
    0x48, 0x00, 0x75, 0x08, 0x4c, 0x89, 0xf7, 0xe8, 0xdc, 0x2e, 0x00, 0x00,
    0xc7, 0x43, 0x08, 0x00, 0x00, 0x00, 0x00, 0x0f, 0xb7, 0x4b, 0x10, 0xb8,
    0xff, 0xff, 0xff, 0xff, 0xf6, 0xc1, 0x20, 0x0f, 0x85, 0x16, 0x01, 0x00,
    0x00, 0xf6, 0xc1, 0x04, 0x75, 0x18, 0xf6, 0xc1, 0x10, 0x75, 0x4d, 0x41,
    0xc7, 0x06, 0x09, 0x00, 0x00, 0x00, 0x83, 0xc9, 0x40, 0x66, 0x89, 0x4b,
    0x10, 0xe9, 0xf9, 0x00, 0x00, 0x00, 0x48, 0x8b, 0x73, 0x58, 0x48, 0x85,
    0xf6, 0x74, 0x65, 0x48, 0x8d, 0x43, 0x74, 0x48, 0x39, 0xc6, 0x74, 0x08,
    0x4c, 0x89, 0xf7, 0xe8, 0x3c, 0x5c, 0xff, 0xff, 0x48, 0xc7, 0x43, 0x58,
    0x00, 0x00, 0x00, 0x00, 0x8b, 0x43, 0x70, 0x89, 0x43, 0x08, 0x85, 0xc0,
    0x74, 0x42, 0x48, 0x8b, 0x43, 0x68, 0x48, 0x89, 0x03, 0x31, 0xc0, 0xe9,
    0xbf, 0x00, 0x00, 0x00, 0xf6, 0xc1, 0x08, 0x74, 0x28, 0x4c, 0x89, 0xf7,
    0x48, 0x89, 0xde, 0xe8, 0xbc, 0x05, 0x00, 0x00, 0x85, 0xc0, 0x0f, 0x85,
    0xa2, 0x00, 0x00, 0x00, 0x0f, 0xb7, 0x4b, 0x10, 0x83, 0xe1, 0xf7, 0xc7,
    0x43, 0x0c, 0x00, 0x00, 0x00, 0x00, 0xc7, 0x43, 0x28, 0x00, 0x00, 0x00,
    0x00, 0x83, 0xc9, 0x04, 0x66, 0x89, 0x4b, 0x10, 0x48, 0x83, 0x7b, 0x18,
    0x00, 0x75, 0x0b, 0x4c, 0x89, 0xf7, 0x48, 0x89, 0xde, 0xe8, 0xa6, 0x00,
    0x00, 0x00, 0x44, 0x0f, 0xb7, 0x7b, 0x10, 0x41, 0xf6, 0xc7, 0x03, 0x74,
    0x33, 0x66, 0xc7, 0x43, 0x10, 0x01, 0x00, 0xbf, 0xf0, 0x29, 0x42, 0x00,
    0xbe, 0xe0, 0x5a, 0x41, 0x00, 0xba, 0x30, 0x28, 0x42, 0x00, 0xe8, 0x11,
    0x02, 0x00, 0x00, 0x66, 0x44, 0x89, 0x7b, 0x10, 0x41, 0xf7, 0xd7, 0x41,
    0xf6, 0xc7, 0x09, 0x75, 0x0b, 0x4c, 0x89, 0xf7, 0x48, 0x89, 0xde, 0xe8,
    0x78, 0x03, 0x00, 0x00, 0x48, 0x8b, 0x53, 0x18, 0x48, 0x89, 0x13, 0x48,
    0x8b, 0x73, 0x30, 0x8b, 0x4b, 0x20, 0x4c, 0x89, 0xf7, 0xff, 0x53, 0x38,
    0x89, 0xc1, 0x89, 0x43, 0x08, 0x31, 0xc0, 0x85, 0xc9, 0x7f, 0x1c, 0x74,
    0x0d, 0xc7, 0x43, 0x08, 0x00, 0x00, 0x00, 0x00, 0x66, 0xb8, 0x40, 0x00,
    0xeb, 0x04, 0x66, 0xb8, 0x20, 0x00, 0x66, 0x09, 0x43, 0x10, 0xb8, 0xff,
    0xff, 0xff, 0xff, 0x48, 0x83, 0xc4, 0x08, 0x5b, 0x41, 0x5e, 0x41, 0x5f,
    0x5d, 0xc3, 0x66, 0x90, 0x55, 0x48, 0x89, 0xe5, 0x8b, 0x46, 0x10, 0xf7,
    0xd0, 0xa8, 0x09, 0x75, 0x0d, 0x48, 0x8b, 0x3d, 0x54, 0xd0, 0x00, 0x00,
    0x5d, 0xe9, 0xe6, 0x04, 0x00, 0x00, 0x31, 0xc0, 0x5d, 0xc3, 0xcc, 0xcc,
    0x55, 0x48, 0x89, 0xe5, 0x41, 0x57, 0x41, 0x56, 0x41, 0x55, 0x41, 0x54,
    0x53, 0x48, 0x83, 0xec, 0x68, 0x48, 0x89, 0xf3, 0x0f, 0xb7, 0x46, 0x10,
    0xa8, 0x02, 0x0f, 0x85, 0xc2, 0x00, 0x00, 0x00, 0x49, 0x89, 0xfe, 0x0f,
    0xbf, 0x73, 0x12, 0x85, 0xf6, 0x78, 0x38, 0x48, 0x8d, 0x95, 0x70, 0xff,
    0xff, 0xff, 0x4c, 0x89, 0xf7, 0xe8, 0x16, 0x69, 0x00, 0x00, 0x85, 0xc0,
    0x78, 0x21, 0xb8, 0x00, 0xf0, 0x00, 0x00, 0x23, 0x85, 0x74, 0xff, 0xff,
    0xff, 0x3d, 0x00, 0x20, 0x00, 0x00, 0x41, 0x0f, 0x95, 0xc5, 0x66, 0x41,
    0xbc, 0x00, 0x08, 0x41, 0xbf, 0x00, 0x04, 0x00, 0x00, 0xeb, 0x1b, 0x0f,
    0xb7, 0x43, 0x10, 0x84, 0xc0, 0xb8, 0x00, 0x04, 0x00, 0x00, 0x41, 0xbf,
    0x40, 0x00, 0x00, 0x00, 0x4c, 0x0f, 0x49, 0xf8, 0x41, 0xb5, 0x01, 0x45,
    0x31, 0xe4, 0x4c, 0x89, 0xf7, 0x4c, 0x89, 0xfe, 0xe8, 0x3b, 0x5e, 0xff,
    0xff, 0x0f, 0xb7, 0x4b, 0x10, 0x48, 0x85, 0xc0, 0x74, 0x3f, 0x81, 0xc9,
    0x80, 0x00, 0x00, 0x00, 0x66, 0x89, 0x4b, 0x10, 0x48, 0x89, 0x03, 0x48,
    0x89, 0x43, 0x18, 0x44, 0x89, 0x7b, 0x20, 0x45, 0x84, 0xed, 0x75, 0x19,
    0x0f, 0xbf, 0x73, 0x12, 0x4c, 0x89, 0xf7, 0xe8, 0x3c, 0x69, 0x00, 0x00,
    0x0f, 0xb7, 0x4b, 0x10, 0x85, 0xc0, 0x74, 0x05, 0x83, 0xe1, 0xfc, 0xff,
    0xc1, 0x41, 0x0f, 0xb7, 0xc4, 0x09, 0xc8, 0x66, 0x89, 0x43, 0x10, 0xeb,
    0x27, 0xf7, 0xc1, 0x00, 0x02, 0x00, 0x00, 0x75, 0x1f, 0x81, 0xe1, 0xfc,
    0xfd, 0xff, 0xff, 0x83, 0xc9, 0x02, 0x66, 0x89, 0x4b, 0x10, 0x48, 0x8d,
    0x43, 0x77, 0x48, 0x89, 0x03, 0x48, 0x89, 0x43, 0x18, 0xc7, 0x43, 0x20,
    0x01, 0x00, 0x00, 0x00, 0x48, 0x83, 0xc4, 0x68, 0x5b, 0x41, 0x5c, 0x41,
    0x5d, 0x41, 0x5e, 0x41, 0x5f, 0x5d, 0xc3, 0x66, 0x66, 0x66, 0x66, 0x2e,
    0x0f, 0x1f, 0x84, 0x00, 0x00, 0x00, 0x00, 0x00, 0x55, 0x48, 0x89, 0xe5,
    0x41, 0x57, 0x41, 0x56, 0x53, 0x48, 0x83, 0xec, 0x68, 0x49, 0x89, 0xce,
    0x48, 0x89, 0xd3, 0x49, 0x89, 0xf7, 0x0f, 0xbf, 0x76, 0x12, 0x85, 0xf6,
    0x78, 0x2e, 0x48, 0x8d, 0x55, 0x80, 0xe8, 0x19, 0x68, 0x00, 0x00, 0x85,
    0xc0, 0x78, 0x21, 0xb8, 0x00, 0xf0, 0x00, 0x00, 0x23, 0x45, 0x84, 0x31,
    0xc9, 0x3d, 0x00, 0x20, 0x00, 0x00, 0x0f, 0x94, 0xc1, 0x41, 0x89, 0x0e,
    0xb8, 0x00, 0x08, 0x00, 0x00, 0xb9, 0x00, 0x04, 0x00, 0x00, 0xeb, 0x1c,
    0x41, 0xc7, 0x06, 0x00, 0x00, 0x00, 0x00, 0x41, 0xf6, 0x47, 0x10, 0x80,
    0xb8, 0x00, 0x04, 0x00, 0x00, 0xb9, 0x40, 0x00, 0x00, 0x00, 0x48, 0x0f,
    0x44, 0xc8, 0x31, 0xc0, 0x48, 0x89, 0x0b, 0x48, 0x83, 0xc4, 0x68, 0x5b,
    0x41, 0x5e, 0x41, 0x5f, 0x5d, 0xc3, 0xcc, 0xcc, 0xcc, 0xcc, 0xcc, 0xcc,
    0xcc, 0xcc, 0xcc, 0xcc, 0x55, 0x48, 0x89, 0xe5, 0x41, 0x57, 0x41, 0x56,
    0x41, 0x55, 0x41, 0x54, 0x53, 0x50, 0x48, 0x89, 0xd3, 0x48, 0x89, 0x75,
    0xd0, 0x49, 0x89, 0xfc, 0x45, 0x31, 0xff, 0xeb, 0x0b, 0x0f, 0x1f, 0x00,
    0x48, 0x8b, 0x1b, 0x48, 0x85, 0xdb, 0x74, 0x46, 0x44, 0x8b, 0x73, 0x08,
    0x45, 0x85, 0xf6, 0x7e, 0xef, 0x4c, 0x8b, 0x6b, 0x10, 0x41, 0xff, 0xc6,
    0xeb, 0x16, 0x66, 0x0f, 0x1f, 0x44, 0x00, 0x00, 0x49, 0x81, 0xc5, 0xb0,
    0x00, 0x00, 0x00, 0x41, 0xff, 0xce, 0x41, 0x83, 0xfe, 0x01, 0x76, 0xd0,
    0x66, 0x41, 0x83, 0x7d, 0x10, 0x02, 0x72, 0xe8, 0x66, 0x41, 0x83, 0x7d,
    0x12, 0xff, 0x74, 0xe0, 0x4c, 0x89, 0xe7, 0x4c, 0x89, 0xee, 0xff, 0x55,
    0xd0, 0x41, 0x09, 0xc7, 0xeb, 0xd2, 0x44, 0x89, 0xf8, 0x48, 0x83, 0xc4,
    0x08, 0x5b, 0x41, 0x5c, 0x41, 0x5d, 0x41, 0x5e, 0x41, 0x5f, 0x5d, 0xc3,
    0x55, 0x48, 0x89, 0xe5, 0x41, 0x57, 0x41, 0x56, 0x53, 0x50, 0x48, 0x85,
    0xf6, 0x0f, 0x84, 0xaa, 0x00, 0x00, 0x00, 0x48, 0x89, 0xf3, 0x49, 0x89,
    0xfe, 0x48, 0x85, 0xff, 0x74, 0x0f, 0x49, 0x83, 0x7e, 0x48, 0x00, 0x75,
    0x08, 0x4c, 0x89, 0xf7, 0xe8, 0x43, 0x2b, 0x00, 0x00, 0xe8, 0x6e, 0x29,
    0x00, 0x00, 0x66, 0x83, 0x7b, 0x10, 0x00, 0x0f, 0x84, 0x85, 0x00, 0x00,
    0x00, 0x4c, 0x89, 0xf7, 0x48, 0x89, 0xde, 0xe8, 0xb8, 0x00, 0x00, 0x00,
    0x41, 0x89, 0xc7, 0x48, 0x8b, 0x43, 0x50, 0x48, 0x85, 0xc0, 0x74, 0x14,
    0x48, 0x8b, 0x73, 0x30, 0x4c, 0x89, 0xf7, 0xff, 0xd0, 0x85, 0xc0, 0xb8,
    0xff, 0xff, 0xff, 0xff, 0x44, 0x0f, 0x48, 0xf8, 0xf6, 0x43, 0x10, 0x80,
    0x74, 0x0c, 0x48, 0x8b, 0x73, 0x18, 0x4c, 0x89, 0xf7, 0xe8, 0xa6, 0x58,
    0xff, 0xff, 0x48, 0x8b, 0x73, 0x58, 0x48, 0x85, 0xf6, 0x74, 0x19, 0x48,
    0x8d, 0x43, 0x74, 0x48, 0x39, 0xc6, 0x74, 0x08, 0x4c, 0x89, 0xf7, 0xe8,
    0x8c, 0x58, 0xff, 0xff, 0x48, 0xc7, 0x43, 0x58, 0x00, 0x00, 0x00, 0x00,
    0x48, 0x8b, 0x73, 0x78, 0x48, 0x85, 0xf6, 0x74, 0x10, 0x4c, 0x89, 0xf7,
    0xe8, 0x73, 0x58, 0xff, 0xff, 0x48, 0xc7, 0x43, 0x78, 0x00, 0x00, 0x00,
    0x00, 0x66, 0xc7, 0x43, 0x10, 0x00, 0x00, 0xeb, 0x08, 0x45, 0x31, 0xff,
    0xeb, 0x08, 0x45, 0x31, 0xff, 0xe8, 0x96, 0x2a, 0x00, 0x00, 0x44, 0x89,
    0xf8, 0x48, 0x83, 0xc4, 0x08, 0x5b, 0x41, 0x5e, 0x41, 0x5f, 0x5d, 0xc3,
    0x0f, 0x1f, 0x84, 0x00, 0x00, 0x00, 0x00, 0x00, 0x55, 0x48, 0x89, 0xe5,
    0x48, 0x89, 0xfe, 0x48, 0x8b, 0x3d, 0x4a, 0xcd, 0x00, 0x00, 0x5d, 0xe9,
    0x0c, 0xff, 0xff, 0xff, 0xcc, 0xcc, 0xcc, 0xcc, 0xcc, 0xcc, 0xcc, 0xcc,
    0xcc, 0xcc, 0xcc, 0xcc, 0x55, 0x48, 0x89, 0xe5, 0x41, 0x57, 0x41, 0x56,
    0x41, 0x54, 0x53, 0x48, 0x89, 0xf3, 0x49, 0x89, 0xfe, 0x0f, 0xb7, 0x4e,
    0x10, 0xf6, 0xc1, 0x08, 0x75, 0x79, 0x89, 0xc8, 0x0d, 0x00, 0x08, 0x00,
    0x00, 0x66, 0x89, 0x43, 0x10, 0x83, 0x7b, 0x08, 0x00, 0x7f, 0x0a, 0x83,
    0x7b, 0x70, 0x00, 0x0f, 0x8e, 0xad, 0x00, 0x00, 0x00, 0x48, 0x8b, 0x43,
    0x48, 0x48, 0x85, 0xc0, 0x0f, 0x84, 0xa0, 0x00, 0x00, 0x00, 0x45, 0x8b,
    0x3e, 0x41, 0xc7, 0x06, 0x00, 0x00, 0x00, 0x00, 0xf7, 0xc1, 0x00, 0x10,
    0x00, 0x00, 0x0f, 0x85, 0x95, 0x00, 0x00, 0x00, 0x48, 0x8b, 0x73, 0x30,
    0x4c, 0x89, 0xf7, 0x31, 0xd2, 0xb9, 0x01, 0x00, 0x00, 0x00, 0xff, 0xd0,
    0x48, 0x89, 0xc2, 0x48, 0x83, 0xf8, 0xff, 0x0f, 0x85, 0x7f, 0x00, 0x00,
    0x00, 0x41, 0x8b, 0x06, 0x85, 0xc0, 0x0f, 0x84, 0x2e, 0x01, 0x00, 0x00,
    0x83, 0xf8, 0x1d, 0x74, 0x09, 0x83, 0xf8, 0x16, 0x0f, 0x85, 0xda, 0x00,
    0x00, 0x00, 0x45, 0x89, 0x3e, 0xeb, 0x4f, 0x4c, 0x8b, 0x7b, 0x18, 0x4d,
    0x85, 0xff, 0x74, 0x46, 0x44, 0x8b, 0x23, 0x45, 0x29, 0xfc, 0x4c, 0x89,
    0x3b, 0x31, 0xc0, 0xba, 0x00, 0x00, 0x00, 0x00, 0xf6, 0xc1, 0x03, 0x75,
    0x03, 0x8b, 0x53, 0x20, 0x89, 0x53, 0x0c, 0x45, 0x85, 0xe4, 0x7e, 0x28,
    0x0f, 0x1f, 0x40, 0x00, 0x48, 0x8b, 0x73, 0x30, 0x4c, 0x89, 0xf7, 0x4c,
    0x89, 0xfa, 0x44, 0x89, 0xe1, 0xff, 0x53, 0x40, 0x85, 0xc0, 0x0f, 0x8e,
    0x90, 0x00, 0x00, 0x00, 0x89, 0xc1, 0x49, 0x01, 0xcf, 0x41, 0x29, 0xc4,
    0x7f, 0xde, 0x31, 0xc0, 0x5b, 0x41, 0x5c, 0x41, 0x5e, 0x41, 0x5f, 0x5d,
    0xc3, 0x48, 0x8b, 0x93, 0x90, 0x00, 0x00, 0x00, 0xf6, 0x43, 0x10, 0x04,
    0x74, 0x15, 0x48, 0x63, 0x43, 0x08, 0x48, 0x29, 0xc2, 0x48, 0x83, 0x7b,
    0x58, 0x00, 0x74, 0x07, 0x48, 0x63, 0x43, 0x70, 0x48, 0x29, 0xc2, 0x48,
    0x8b, 0x73, 0x30, 0x4c, 0x89, 0xf7, 0x31, 0xc9, 0xff, 0x53, 0x48, 0x48,
    0x83, 0xf8, 0xff, 0x75, 0x12, 0x41, 0x8b, 0x0e, 0x83, 0xf9, 0x1d, 0x77,
    0x3f, 0xba, 0x01, 0x00, 0x40, 0x20, 0x0f, 0xa3, 0xca, 0x73, 0x35, 0x0f,
    0xb7, 0x4b, 0x10, 0x89, 0xca, 0x81, 0xe2, 0xff, 0xf7, 0x00, 0x00, 0x66,
    0x89, 0x53, 0x10, 0xc7, 0x43, 0x08, 0x00, 0x00, 0x00, 0x00, 0x48, 0x8b,
    0x53, 0x18, 0x48, 0x89, 0x13, 0xf7, 0xc1, 0x00, 0x10, 0x00, 0x00, 0x74,
    0x23, 0x48, 0x83, 0xf8, 0xff, 0x74, 0x17, 0x48, 0x89, 0x83, 0x90, 0x00,
    0x00, 0x00, 0xeb, 0x14, 0x80, 0x4b, 0x10, 0x40, 0xb8, 0xff, 0xff, 0xff,
    0xff, 0xe9, 0x6e, 0xff, 0xff, 0xff, 0x41, 0x83, 0x3e, 0x00, 0x74, 0xe3,
    0x45, 0x89, 0x3e, 0x48, 0x8b, 0x73, 0x58, 0x31, 0xc0, 0x48, 0x85, 0xf6,
    0x0f, 0x84, 0x56, 0xff, 0xff, 0xff, 0x48, 0x8d, 0x4b, 0x74, 0x48, 0x39,
    0xce, 0x74, 0x0a, 0x4c, 0x89, 0xf7, 0xe8, 0x81, 0x56, 0xff, 0xff, 0x31,
    0xc0, 0x48, 0xc7, 0x43, 0x58, 0x00, 0x00, 0x00, 0x00, 0xe9, 0x36, 0xff,
    0xff, 0xff, 0x48, 0xc7, 0xc2, 0xff, 0xff, 0xff, 0xff, 0xf6, 0x43, 0x10,
    0x04, 0x0f, 0x85, 0x3b, 0xff, 0xff, 0xff, 0xe9, 0x4b, 0xff, 0xff, 0xff,
    0x66, 0x66, 0x66, 0x2e, 0x0f, 0x1f, 0x84, 0x00, 0x00, 0x00, 0x00, 0x00,
    0x48, 0x85, 0xff, 0x74, 0x23, 0x48, 0x83, 0x7f, 0x48, 0x00, 0x75, 0x1c,
    0x55, 0x48, 0x89, 0xe5, 0x41, 0x56, 0x53, 0x48, 0x89, 0xfb, 0x49, 0x89,
    0xf6, 0xe8, 0x82, 0x28, 0x00, 0x00, 0x48, 0x89, 0xdf, 0x4c, 0x89, 0xf6,
    0x5b, 0x41, 0x5e, 0x5d, 0x66, 0x83, 0x7e, 0x10, 0x00, 0x0f, 0x85, 0xfd,
    0xfd, 0xff, 0xff, 0x31, 0xc0, 0xc3, 0x66, 0x2e, 0x0f, 0x1f, 0x84, 0x00,
    0x00, 0x00, 0x00, 0x00, 0x55, 0x48, 0x89, 0xe5, 0x41, 0x56, 0x53, 0x48,
    0x85, 0xff, 0x74, 0x2c, 0x48, 0x89, 0xfb, 0x4c, 0x8b, 0x35, 0x12, 0xcb,
    0x00, 0x00, 0x4d, 0x85, 0xf6, 0x74, 0x07, 0x49, 0x83, 0x7e, 0x48, 0x00,
    0x74, 0x2e, 0x66, 0x83, 0x7b, 0x10, 0x00, 0x74, 0x36, 0x4c, 0x89, 0xf7,
    0x48, 0x89, 0xde, 0x5b, 0x41, 0x5e, 0x5d, 0xe9, 0xb8, 0xfd, 0xff, 0xff,
    0xbf, 0xf0, 0x29, 0x42, 0x00, 0xbe, 0xe0, 0x5f, 0x41, 0x00, 0xba, 0x30,
    0x28, 0x42, 0x00, 0x5b, 0x41, 0x5e, 0x5d, 0xe9, 0x20, 0xfc, 0xff, 0xff,
    0x4c, 0x89, 0xf7, 0xe8, 0x08, 0x28, 0x00, 0x00, 0x66, 0x83, 0x7b, 0x10,
    0x00, 0x75, 0xca, 0x31, 0xc0, 0x5b, 0x41, 0x5e, 0x5d, 0xc3, 0xcc, 0xcc,
    0xcc, 0xcc, 0xcc, 0xcc, 0xcc, 0xcc, 0xcc, 0xcc, 0x55, 0x48, 0x89, 0xe5,
    0x41, 0x56, 0x53, 0x48, 0x81, 0xec, 0x80, 0x01, 0x00, 0x00, 0x49, 0x89,
    0xfe, 0x4c, 0x89, 0x85, 0x90, 0xfe, 0xff, 0xff, 0x4c, 0x89, 0x8d, 0x98,
    0xfe, 0xff, 0xff, 0x84, 0xc0, 0x74, 0x38, 0x0f, 0x29, 0x85, 0xa0, 0xfe,
    0xff, 0xff, 0x0f, 0x29, 0x8d, 0xb0, 0xfe, 0xff, 0xff, 0x0f, 0x29, 0x95,
    0xc0, 0xfe, 0xff, 0xff, 0x0f, 0x29, 0x9d, 0xd0, 0xfe, 0xff, 0xff, 0x0f,
    0x29, 0xa5, 0xe0, 0xfe, 0xff, 0xff, 0x0f, 0x29, 0xad, 0xf0, 0xfe, 0xff,
    0xff, 0x0f, 0x29, 0xb5, 0x00, 0xff, 0xff, 0xff, 0x0f, 0x29, 0xbd, 0x10,
    0xff, 0xff, 0xff, 0x48, 0x89, 0xd0, 0x48, 0xc1, 0xe8, 0x1f, 0x74, 0x11,
    0x41, 0xc7, 0x06, 0x8b, 0x00, 0x00, 0x00, 0xb8, 0xff, 0xff, 0xff, 0xff,
    0xe9, 0x8d, 0x00, 0x00, 0x00, 0x48, 0x89, 0xd3, 0xc7, 0x85, 0x30, 0xff,
    0xff, 0xff, 0x08, 0x02, 0xff, 0xff, 0xc7, 0x45, 0xcc, 0x00, 0x00, 0x00,
    0x00, 0x48, 0x89, 0xb5, 0x20, 0xff, 0xff, 0xff, 0x48, 0x89, 0xb5, 0x38,
    0xff, 0xff, 0xff, 0x31, 0xc0, 0x48, 0x83, 0xea, 0x01, 0x48, 0x0f, 0x43,
    0xc2, 0x89, 0x85, 0x2c, 0xff, 0xff, 0xff, 0x89, 0x85, 0x40, 0xff, 0xff,
    0xff, 0x48, 0xb8, 0x20, 0x00, 0x00, 0x00, 0x30, 0x00, 0x00, 0x00, 0x48,
    0x89, 0x45, 0xd0, 0x48, 0x8d, 0x45, 0x10, 0x48, 0x89, 0x45, 0xd8, 0x48,
    0x8d, 0x85, 0x70, 0xfe, 0xff, 0xff, 0x48, 0x89, 0x45, 0xe0, 0x48, 0x8d,
    0xb5, 0x20, 0xff, 0xff, 0xff, 0x48, 0x8d, 0x45, 0xd0, 0x4c, 0x89, 0xf7,
    0x48, 0x89, 0xca, 0x48, 0x89, 0xc1, 0xe8, 0x49, 0x01, 0x00, 0x00, 0x83,
    0xf8, 0xfe, 0x7f, 0x07, 0x41, 0xc7, 0x06, 0x8b, 0x00, 0x00, 0x00, 0x48,
    0x85, 0xdb, 0x74, 0x0a, 0x48, 0x8b, 0x8d, 0x20, 0xff, 0xff, 0xff, 0xc6,
    0x01, 0x00, 0x48, 0x81, 0xc4, 0x80, 0x01, 0x00, 0x00, 0x5b, 0x41, 0x5e,
    0x5d, 0xc3, 0x66, 0x90, 0x55, 0x48, 0x89, 0xe5, 0x41, 0x56, 0x53, 0x48,
    0x81, 0xec, 0x80, 0x01, 0x00, 0x00, 0x48, 0x89, 0x8d, 0x88, 0xfe, 0xff,
    0xff, 0x4c, 0x89, 0x85, 0x90, 0xfe, 0xff, 0xff, 0x4c, 0x89, 0x8d, 0x98,
    0xfe, 0xff, 0xff, 0x84, 0xc0, 0x74, 0x38, 0x0f, 0x29, 0x85, 0xa0, 0xfe,
    0xff, 0xff, 0x0f, 0x29, 0x8d, 0xb0, 0xfe, 0xff, 0xff, 0x0f, 0x29, 0x95,
    0xc0, 0xfe, 0xff, 0xff, 0x0f, 0x29, 0x9d, 0xd0, 0xfe, 0xff, 0xff, 0x0f,
    0x29, 0xa5, 0xe0, 0xfe, 0xff, 0xff, 0x0f, 0x29, 0xad, 0xf0, 0xfe, 0xff,
    0xff, 0x0f, 0x29, 0xb5, 0x00, 0xff, 0xff, 0xff, 0x0f, 0x29, 0xbd, 0x10,
    0xff, 0xff, 0xff, 0x4c, 0x8b, 0x35, 0x42, 0xc9, 0x00, 0x00, 0x48, 0x89,
    0xf0, 0x48, 0xc1, 0xe8, 0x1f, 0x74, 0x11, 0x41, 0xc7, 0x06, 0x8b, 0x00,
    0x00, 0x00, 0xb8, 0xff, 0xff, 0xff, 0xff, 0xe9, 0x8a, 0x00, 0x00, 0x00,
    0x48, 0x89, 0xf3, 0xc7, 0x85, 0x30, 0xff, 0xff, 0xff, 0x08, 0x02, 0xff,
    0xff, 0xc7, 0x45, 0xcc, 0x00, 0x00, 0x00, 0x00, 0x48, 0x89, 0xbd, 0x20,
    0xff, 0xff, 0xff, 0x48, 0x89, 0xbd, 0x38, 0xff, 0xff, 0xff, 0x31, 0xc0,
    0x48, 0x89, 0xf1, 0x48, 0x83, 0xe9, 0x01, 0x48, 0x0f, 0x43, 0xc1, 0x89,
    0x85, 0x2c, 0xff, 0xff, 0xff, 0x89, 0x85, 0x40, 0xff, 0xff, 0xff, 0x48,
    0xb8, 0x18, 0x00, 0x00, 0x00, 0x30, 0x00, 0x00, 0x00, 0x48, 0x89, 0x45,
    0xd0, 0x48, 0x8d, 0x45, 0x10, 0x48, 0x89, 0x45, 0xd8, 0x48, 0x8d, 0x85,
    0x70, 0xfe, 0xff, 0xff, 0x48, 0x89, 0x45, 0xe0, 0x48, 0x8d, 0xb5, 0x20,
    0xff, 0xff, 0xff, 0x48, 0x8d, 0x4d, 0xd0, 0x4c, 0x89, 0xf7, 0xe8, 0x31,
    0x00, 0x00, 0x00, 0x83, 0xf8, 0xfe, 0x7f, 0x07, 0x41, 0xc7, 0x06, 0x8b,
    0x00, 0x00, 0x00, 0x48, 0x85, 0xdb, 0x74, 0x0a, 0x48, 0x8b, 0x8d, 0x20,
    0xff, 0xff, 0xff, 0xc6, 0x01, 0x00, 0x48, 0x81, 0xc4, 0x80, 0x01, 0x00,
    0x00, 0x5b, 0x41, 0x5e, 0x5d, 0xc3, 0xcc, 0xcc, 0xcc, 0xcc, 0xcc, 0xcc,
    0xcc, 0xcc, 0xcc, 0xcc, 0x55, 0x48, 0x89, 0xe5, 0x41, 0x57, 0x41, 0x56,
    0x41, 0x55, 0x41, 0x54, 0x53, 0x48, 0x81, 0xec, 0x88, 0x01, 0x00, 0x00,
    0x48, 0x89, 0x4d, 0x98, 0x49, 0x89, 0xd5, 0x48, 0x89, 0xf3, 0x49, 0x89,
    0xfe, 0xe8, 0x2a, 0x60, 0x00, 0x00, 0x48, 0x8b, 0x38, 0x48, 0x89, 0xbd,
    0x30, 0xff, 0xff, 0xff, 0xe8, 0xeb, 0x3d, 0x00, 0x00, 0xf6, 0x43, 0x10,
    0x80, 0x74, 0x31, 0x48, 0x83, 0x7b, 0x18, 0x00, 0x75, 0x2a, 0x49, 0x89,
    0xc7, 0xbe, 0x40, 0x00, 0x00, 0x00, 0x4c, 0x89, 0xf7, 0xe8, 0xae, 0x56,
    0xff, 0xff, 0x48, 0x89, 0x03, 0x48, 0x89, 0x43, 0x18, 0x48, 0x85, 0xc0,
    0x0f, 0x84, 0x5a, 0x1e, 0x00, 0x00, 0xc7, 0x43, 0x20, 0x40, 0x00, 0x00,
    0x00, 0x4c, 0x89, 0xf8, 0x4c, 0x89, 0x75, 0x88, 0x48, 0x89, 0x5d, 0xc0,
    0x4c, 0x8d, 0xa5, 0x60, 0xfe, 0xff, 0xff, 0x4c, 0x89, 0x65, 0xa8, 0x48,
    0xc7, 0x45, 0xb8, 0x00, 0x00, 0x00, 0x00, 0xc7, 0x45, 0xb0, 0x00, 0x00,
    0x00, 0x00, 0x48, 0x89, 0x85, 0x40, 0xff, 0xff, 0xff, 0xff, 0xc0, 0x89,
    0x85, 0x24, 0xff, 0xff, 0xff, 0x66, 0x0f, 0x57, 0xd2, 0x48, 0xc7, 0x45,
    0x80, 0x00, 0x00, 0x00, 0x00, 0x45, 0x31, 0xff, 0x48, 0xc7, 0x85, 0x10,
    0xff, 0xff, 0xff, 0x00, 0x00, 0x00, 0x00, 0x48, 0xc7, 0x85, 0x28, 0xff,
    0xff, 0xff, 0x00, 0x00, 0x00, 0x00, 0x49, 0x8d, 0x5d, 0x01, 0x45, 0x31,
    0xf6, 0x31, 0xc0, 0x0f, 0x1f, 0x44, 0x00, 0x00, 0x0f, 0xb6, 0x4b, 0xff,
    0x85, 0xc9, 0x74, 0x28, 0x83, 0xf9, 0x25, 0x74, 0x23, 0x48, 0xff, 0xc3,
    0x48, 0xb9, 0x00, 0x00, 0x00, 0x00, 0x01, 0x00, 0x00, 0x00, 0x48, 0x01,
    0xc8, 0x41, 0xff, 0xce, 0xeb, 0xde, 0x66, 0x66, 0x66, 0x66, 0x66, 0x2e,
    0x0f, 0x1f, 0x84, 0x00, 0x00, 0x00, 0x00, 0x00, 0x45, 0x85, 0xf6, 0x74,
    0x66, 0x4d, 0x89, 0x2c, 0x24, 0x48, 0xc1, 0xf8, 0x20, 0x49, 0x89, 0x44,
    0x24, 0x08, 0x48, 0x01, 0x45, 0xb8, 0x8b, 0x45, 0xb0, 0x8d, 0x48, 0x01,
    0x89, 0x4d, 0xb0, 0x83, 0xf8, 0x07, 0x7c, 0x3c, 0x48, 0x8b, 0x7d, 0x88,
    0x48, 0x8b, 0x75, 0xc0, 0x48, 0x8d, 0x55, 0xa8, 0x66, 0x0f, 0x29, 0x95,
    0x50, 0xff, 0xff, 0xff, 0xe8, 0x93, 0x1d, 0x00, 0x00, 0x66, 0x0f, 0x28,
    0x95, 0x50, 0xff, 0xff, 0xff, 0x4c, 0x8d, 0xa5, 0x60, 0xfe, 0xff, 0xff,
    0x85, 0xc0, 0x74, 0x14, 0xe9, 0x61, 0x1d, 0x00, 0x00, 0x66, 0x66, 0x2e,
    0x0f, 0x1f, 0x84, 0x00, 0x00, 0x00, 0x00, 0x00, 0x49, 0x83, 0xc4, 0x10,
    0x45, 0x29, 0xf7, 0x0f, 0xb6, 0x4b, 0xff, 0x84, 0xc9, 0x0f, 0x84, 0x26,
    0x1d, 0x00, 0x00, 0xc6, 0x45, 0xd7, 0x00, 0x41, 0xb8, 0xff, 0xff, 0xff,
    0xff, 0x31, 0xc0, 0xc7, 0x45, 0xd0, 0x00, 0x00, 0x00, 0x00, 0x49, 0x89,
    0xdd, 0x31, 0xdb, 0x45, 0x0f, 0xbe, 0x75, 0x00, 0x49, 0xff, 0xc5, 0x41,
    0x83, 0xfe, 0x78, 0x0f, 0x87, 0x2e, 0x05, 0x00, 0x00, 0x44, 0x89, 0xf1,
    0xff, 0x24, 0xcd, 0xf0, 0xfa, 0x41, 0x00, 0x45, 0x0f, 0xbe, 0x75, 0x00,
    0x49, 0xff, 0xc5, 0x41, 0x83, 0xfe, 0x2a, 0x0f, 0x84, 0xcf, 0x00, 0x00,
    0x00, 0x41, 0x8d, 0x56, 0xd0, 0x31, 0xc9, 0x83, 0xfa, 0x09, 0x77, 0x23,
    0x31, 0xc9, 0x66, 0x2e, 0x0f, 0x1f, 0x84, 0x00, 0x00, 0x00, 0x00, 0x00,
    0x8d, 0x0c, 0x89, 0x8d, 0x0c, 0x4a, 0x45, 0x0f, 0xbe, 0x75, 0x00, 0x49,
    0xff, 0xc5, 0x41, 0x8d, 0x56, 0xd0, 0x83, 0xfa, 0x0a, 0x72, 0xe9, 0x85,
    0xc9, 0x41, 0xb8, 0xff, 0xff, 0xff, 0xff, 0x44, 0x0f, 0x49, 0xc1, 0xeb,
    0x9e, 0x31, 0xdb, 0x66, 0x0f, 0x1f, 0x84, 0x00, 0x00, 0x00, 0x00, 0x00,
    0x8d, 0x0c, 0x9b, 0x41, 0x8d, 0x1c, 0x4e, 0x83, 0xc3, 0xd0, 0x45, 0x0f,
    0xbe, 0x75, 0x00, 0x49, 0xff, 0xc5, 0x41, 0x8d, 0x4e, 0xd0, 0x83, 0xf9,
    0x0a, 0x72, 0xe5, 0xe9, 0x73, 0xff, 0xff, 0xff, 0x83, 0x4d, 0xd0, 0x10,
    0xe9, 0x62, 0xff, 0xff, 0xff, 0xc6, 0x45, 0xd7, 0x2b, 0xb0, 0x2b, 0xe9,
    0x57, 0xff, 0xff, 0xff, 0x83, 0x4d, 0xd0, 0x08, 0xe9, 0x4e, 0xff, 0xff,
    0xff, 0x48, 0x8b, 0x75, 0x98, 0x8b, 0x16, 0x48, 0x83, 0xfa, 0x28, 0x77,
    0x59, 0x48, 0x89, 0xd1, 0x48, 0x03, 0x4e, 0x10, 0x83, 0xc2, 0x08, 0x89,
    0x16, 0xeb, 0x57, 0x84, 0xc0, 0x0f, 0x85, 0x2c, 0xff, 0xff, 0xff, 0xc6,
    0x45, 0xd7, 0x20, 0xb0, 0x20, 0xe9, 0x21, 0xff, 0xff, 0xff, 0x81, 0x4d,
    0xd0, 0x80, 0x00, 0x00, 0x00, 0xe9, 0x15, 0xff, 0xff, 0xff, 0x83, 0x4d,
    0xd0, 0x01, 0xe9, 0x0c, 0xff, 0xff, 0xff, 0x83, 0x4d, 0xd0, 0x40, 0xe9,
    0x03, 0xff, 0xff, 0xff, 0x48, 0x8b, 0x75, 0x98, 0x8b, 0x16, 0x48, 0x83,
    0xfa, 0x28, 0x77, 0x2f, 0x48, 0x89, 0xd1, 0x48, 0x03, 0x4e, 0x10, 0x83,
    0xc2, 0x08, 0x89, 0x16, 0xeb, 0x2d, 0x48, 0x8b, 0x4e, 0x08, 0x48, 0x8d,
    0x51, 0x08, 0x48, 0x89, 0x56, 0x08, 0x8b, 0x19, 0x85, 0xdb, 0x0f, 0x89,
    0xd3, 0xfe, 0xff, 0xff, 0xf7, 0xdb, 0x83, 0x4d, 0xd0, 0x04, 0xe9, 0xc8,
    0xfe, 0xff, 0xff, 0x48, 0x8b, 0x4e, 0x08, 0x48, 0x8d, 0x51, 0x08, 0x48,
    0x89, 0x56, 0x08, 0x8b, 0x09, 0x85, 0xc9, 0x41, 0xb8, 0xff, 0xff, 0xff,
    0xff, 0x44, 0x0f, 0x49, 0xc1, 0xe9, 0xa9, 0xfe, 0xff, 0xff, 0x66, 0x66,
    0x66, 0x66, 0x66, 0x2e, 0x0f, 0x1f, 0x84, 0x00, 0x00, 0x00, 0x00, 0x00,
    0xf6, 0x45, 0xd0, 0x08, 0x4c, 0x89, 0x85, 0x78, 0xff, 0xff, 0xff, 0x75,
    0x1f, 0x48, 0x8b, 0x55, 0x98, 0x8b, 0x4a, 0x04, 0x48, 0x81, 0xf9, 0xa0,
    0x00, 0x00, 0x00, 0x77, 0x39, 0x48, 0x89, 0xc8, 0x48, 0x03, 0x42, 0x10,
    0x83, 0xc1, 0x10, 0x89, 0x4a, 0x04, 0xeb, 0x36, 0x48, 0x8b, 0x55, 0x98,
    0x48, 0x8b, 0x42, 0x08, 0x48, 0x83, 0xc0, 0x0f, 0x48, 0x83, 0xe0, 0xf0,
    0x48, 0x8d, 0x48, 0x10, 0x48, 0x89, 0x4a, 0x08, 0xdb, 0x28, 0xdd, 0x9d,
    0x58, 0xfe, 0xff, 0xff, 0xf2, 0x0f, 0x10, 0x85, 0x58, 0xfe, 0xff, 0xff,
    0xeb, 0x10, 0x48, 0x8b, 0x42, 0x08, 0x48, 0x8d, 0x48, 0x08, 0x48, 0x89,
    0x4a, 0x08, 0xf2, 0x0f, 0x10, 0x00, 0x66, 0x0f, 0x29, 0x85, 0x50, 0xff,
    0xff, 0xff, 0xe8, 0xfd, 0x62, 0x00, 0x00, 0x83, 0xf8, 0x01, 0x44, 0x89,
    0x7d, 0xcc, 0x48, 0x89, 0x9d, 0x48, 0xff, 0xff, 0xff, 0x75, 0x2a, 0x66,
    0x0f, 0x57, 0xc0, 0x66, 0x0f, 0x28, 0x95, 0x50, 0xff, 0xff, 0xff, 0x66,
    0x0f, 0x2e, 0xc2, 0x76, 0x04, 0xc6, 0x45, 0xd7, 0x2d, 0x41, 0x83, 0xfe,
    0x48, 0xb8, 0xc5, 0x0f, 0x42, 0x00, 0x41, 0xbf, 0x97, 0x0c, 0x42, 0x00,
    0xe9, 0x7e, 0x03, 0x00, 0x00, 0x66, 0x0f, 0x28, 0x85, 0x50, 0xff, 0xff,
    0xff, 0xe8, 0xb6, 0x62, 0x00, 0x00, 0x85, 0xc0, 0x0f, 0x84, 0x44, 0x03,
    0x00, 0x00, 0x44, 0x89, 0xf3, 0x83, 0xe3, 0xdf, 0x89, 0xd8, 0x83, 0xf0,
    0x47, 0x4c, 0x8b, 0xbd, 0x78, 0xff, 0xff, 0xff, 0x44, 0x09, 0xf8, 0xb8,
    0x01, 0x00, 0x00, 0x00, 0x41, 0x0f, 0x45, 0xc7, 0x41, 0x83, 0xff, 0xff,
    0xb9, 0x06, 0x00, 0x00, 0x00, 0x0f, 0x45, 0xc8, 0x66, 0x0f, 0x28, 0x05,
    0x9c, 0xb3, 0x00, 0x00, 0x66, 0x0f, 0x54, 0x85, 0x50, 0xff, 0xff, 0xff,
    0x31, 0xf6, 0x83, 0xfb, 0x46, 0x40, 0x0f, 0x94, 0xc6, 0x31, 0xd2, 0x83,
    0xfb, 0x45, 0x0f, 0x94, 0xc2, 0x89, 0x8d, 0x78, 0xff, 0xff, 0xff, 0x01,
    0xca, 0x83, 0xce, 0x02, 0x48, 0x8d, 0x4d, 0x94, 0x4c, 0x8d, 0x85, 0x54,
    0xfe, 0xff, 0xff, 0x4c, 0x8d, 0x8d, 0x38, 0xff, 0xff, 0xff, 0x48, 0x8b,
    0x7d, 0x88, 0x89, 0x55, 0xa0, 0xe8, 0xea, 0x89, 0xff, 0xff, 0x49, 0x89,
    0xc7, 0x8b, 0x4d, 0xd0, 0x41, 0x89, 0xc8, 0x41, 0x83, 0xe0, 0x01, 0xf6,
    0xc1, 0x01, 0x0f, 0x85, 0x08, 0x03, 0x00, 0x00, 0x83, 0xfb, 0x47, 0x0f,
    0x85, 0xff, 0x02, 0x00, 0x00, 0x8b, 0x85, 0x38, 0xff, 0xff, 0xff, 0x44,
    0x29, 0xf8, 0x48, 0x89, 0x45, 0x80, 0x48, 0x8b, 0x5d, 0xc0, 0x66, 0x0f,
    0x28, 0x95, 0x50, 0xff, 0xff, 0xff, 0xe9, 0x77, 0x08, 0x00, 0x00, 0x48,
    0x8b, 0x55, 0x98, 0x8b, 0x0a, 0x48, 0x83, 0xf9, 0x28, 0x48, 0x89, 0x9d,
    0x48, 0xff, 0xff, 0xff, 0x0f, 0x87, 0x4d, 0x03, 0x00, 0x00, 0x48, 0x89,
    0xc8, 0x48, 0x03, 0x42, 0x10, 0x83, 0xc1, 0x08, 0x89, 0x0a, 0xe9, 0x48,
    0x03, 0x00, 0x00, 0xb9, 0x3d, 0x07, 0x42, 0x00, 0xeb, 0x41, 0x48, 0x8b,
    0x55, 0x98, 0x8b, 0x0a, 0x48, 0x83, 0xf9, 0x28, 0x44, 0x89, 0x7d, 0xcc,
    0x48, 0x89, 0x9d, 0x48, 0xff, 0xff, 0xff, 0x0f, 0x87, 0x56, 0x03, 0x00,
    0x00, 0x48, 0x89, 0xc8, 0x48, 0x03, 0x42, 0x10, 0x83, 0xc1, 0x08, 0x89,
    0x0a, 0xe9, 0x51, 0x03, 0x00, 0x00, 0x8b, 0x4d, 0xd0, 0x83, 0xc9, 0x10,
    0xeb, 0x7d, 0x8b, 0x4d, 0xd0, 0xe9, 0x0c, 0x01, 0x00, 0x00, 0xb9, 0xa2,
    0x16, 0x42, 0x00, 0x8b, 0x75, 0xd0, 0x40, 0xf6, 0xc6, 0x10, 0x48, 0x8b,
    0x55, 0x98, 0x48, 0x89, 0x8d, 0x28, 0xff, 0xff, 0xff, 0x48, 0x89, 0x9d,
    0x48, 0xff, 0xff, 0xff, 0x75, 0x2e, 0x8b, 0x02, 0x40, 0xf6, 0xc6, 0x40,
    0x0f, 0x85, 0x4b, 0x03, 0x00, 0x00, 0x83, 0xf8, 0x28, 0x48, 0x8b, 0x5d,
    0xc0, 0x0f, 0x87, 0xfc, 0x04, 0x00, 0x00, 0x48, 0x89, 0xc1, 0x48, 0x8b,
    0x55, 0x98, 0x48, 0x03, 0x4a, 0x10, 0x83, 0xc0, 0x08, 0x89, 0x02, 0xe9,
    0xf7, 0x04, 0x00, 0x00, 0x8b, 0x02, 0x48, 0x83, 0xf8, 0x28, 0x0f, 0x87,
    0x3f, 0x03, 0x00, 0x00, 0x48, 0x89, 0xc1, 0x48, 0x03, 0x4a, 0x10, 0x83,
    0xc0, 0x08, 0x89, 0x02, 0x48, 0x8b, 0x09, 0x48, 0x8b, 0x5d, 0xc0, 0xe9,
    0xea, 0x04, 0x00, 0x00, 0x8b, 0x4d, 0xd0, 0xf6, 0xc1, 0x10, 0x48, 0x8b,
    0x55, 0x98, 0x48, 0x89, 0x9d, 0x48, 0xff, 0xff, 0xff, 0x89, 0x4d, 0xd0,
    0x75, 0x2d, 0x8b, 0x02, 0xf6, 0xc1, 0x40, 0x0f, 0x85, 0x1e, 0x03, 0x00,
    0x00, 0x83, 0xf8, 0x28, 0x48, 0x8b, 0x5d, 0xc0, 0x0f, 0x87, 0xe0, 0x04,
    0x00, 0x00, 0x48, 0x89, 0xc1, 0x48, 0x8b, 0x55, 0x98, 0x48, 0x03, 0x4a,
    0x10, 0x83, 0xc0, 0x08, 0x89, 0x02, 0xe9, 0xdb, 0x04, 0x00, 0x00, 0x8b,
    0x0a, 0x48, 0x83, 0xf9, 0x28, 0x0f, 0x87, 0x12, 0x03, 0x00, 0x00, 0x48,
    0x89, 0xc8, 0x48, 0x03, 0x42, 0x10, 0x83, 0xc1, 0x08, 0x89, 0x0a, 0xe9,
    0x0d, 0x03, 0x00, 0x00, 0x8b, 0x45, 0xd0, 0xa8, 0x10, 0x0f, 0x85, 0x4d,
    0x03, 0x00, 0x00, 0xa8, 0x40, 0x48, 0x8b, 0x55, 0x98, 0x0f, 0x85, 0x65,
    0x06, 0x00, 0x00, 0x8b, 0x0a, 0x48, 0x83, 0xf9, 0x28, 0x0f, 0x87, 0xd3,
    0x08, 0x00, 0x00, 0x48, 0x89, 0xc8, 0x48, 0x03, 0x42, 0x10, 0x83, 0xc1,
    0x08, 0x89, 0x0a, 0xe9, 0xce, 0x08, 0x00, 0x00, 0x8b, 0x4d, 0xd0, 0x83,
    0xc9, 0x10, 0xf6, 0xc1, 0x10, 0x48, 0x8b, 0x55, 0x98, 0x48, 0x89, 0x9d,
    0x48, 0xff, 0xff, 0xff, 0x89, 0x4d, 0xd0, 0x75, 0x2d, 0x8b, 0x02, 0xf6,
    0xc1, 0x40, 0x0f, 0x85, 0xc6, 0x02, 0x00, 0x00, 0x83, 0xf8, 0x28, 0x48,
    0x8b, 0x5d, 0xc0, 0x0f, 0x87, 0x7c, 0x04, 0x00, 0x00, 0x48, 0x89, 0xc1,
    0x48, 0x8b, 0x55, 0x98, 0x48, 0x03, 0x4a, 0x10, 0x83, 0xc0, 0x08, 0x89,
    0x02, 0xe9, 0x77, 0x04, 0x00, 0x00, 0x8b, 0x0a, 0x48, 0x83, 0xf9, 0x28,
    0x0f, 0x87, 0xba, 0x02, 0x00, 0x00, 0x48, 0x89, 0xc8, 0x48, 0x03, 0x42,
    0x10, 0x83, 0xc1, 0x08, 0x89, 0x0a, 0xe9, 0xb5, 0x02, 0x00, 0x00, 0x83,
    0x4d, 0xd0, 0x10, 0x8b, 0x4d, 0xd0, 0xf6, 0xc1, 0x10, 0x48, 0x8b, 0x55,
    0x98, 0x48, 0x89, 0x9d, 0x48, 0xff, 0xff, 0xff, 0x75, 0x2d, 0x8b, 0x02,
    0xf6, 0xc1, 0x40, 0x0f, 0x85, 0x30, 0x01, 0x00, 0x00, 0x83, 0xf8, 0x28,
    0x48, 0x8b, 0x5d, 0xc0, 0x0f, 0x87, 0x1d, 0x03, 0x00, 0x00, 0x48, 0x89,
    0xc1, 0x48, 0x8b, 0x55, 0x98, 0x48, 0x03, 0x4a, 0x10, 0x83, 0xc0, 0x08,
    0x89, 0x02, 0xe9, 0x18, 0x03, 0x00, 0x00, 0x8b, 0x02, 0x48, 0x83, 0xf8,
    0x28, 0x0f, 0x87, 0x28, 0x01, 0x00, 0x00, 0x48, 0x89, 0xc1, 0x48, 0x03,
    0x4a, 0x10, 0x83, 0xc0, 0x08, 0x89, 0x02, 0x48, 0x8b, 0x09, 0x48, 0x8b,
    0x5d, 0xc0, 0xe9, 0x0d, 0x03, 0x00, 0x00, 0x48, 0x8b, 0x55, 0x98, 0x8b,
    0x0a, 0x48, 0x83, 0xf9, 0x28, 0x44, 0x89, 0x7d, 0xcc, 0x48, 0x89, 0x9d,
    0x48, 0xff, 0xff, 0xff, 0x0f, 0x87, 0x5f, 0x02, 0x00, 0x00, 0x48, 0x89,
    0xc8, 0x48, 0x03, 0x42, 0x10, 0x83, 0xc1, 0x08, 0x89, 0x0a, 0xe9, 0x5a,
    0x02, 0x00, 0x00, 0x48, 0x89, 0x9d, 0x48, 0xff, 0xff, 0xff, 0x44, 0x89,
    0x7d, 0xcc, 0x44, 0x88, 0xb5, 0xe0, 0xfe, 0xff, 0xff, 0xc6, 0x45, 0xd7,
    0x00, 0xb9, 0x01, 0x00, 0x00, 0x00, 0x48, 0xc7, 0x85, 0x68, 0xff, 0xff,
    0xff, 0x00, 0x00, 0x00, 0x00, 0xe9, 0x3c, 0x01, 0x00, 0x00, 0x66, 0x0f,
    0x6f, 0x95, 0x50, 0xff, 0xff, 0xff, 0x66, 0x48, 0x0f, 0x7e, 0xd0, 0x48,
    0x85, 0xc0, 0x79, 0x04, 0xc6, 0x45, 0xd7, 0x2d, 0x41, 0x83, 0xfe, 0x48,
    0xb8, 0xc6, 0x15, 0x42, 0x00, 0x41, 0xbf, 0x9e, 0x16, 0x42, 0x00, 0x4c,
    0x0f, 0x42, 0xf8, 0x8b, 0x75, 0xd0, 0x81, 0xe6, 0x7f, 0xff, 0xff, 0xff,
    0xb9, 0x03, 0x00, 0x00, 0x00, 0x48, 0xc7, 0x85, 0x68, 0xff, 0xff, 0xff,
    0x00, 0x00, 0x00, 0x00, 0x45, 0x31, 0xc0, 0x48, 0x8b, 0x5d, 0xc0, 0xe9,
    0x6f, 0x08, 0x00, 0x00, 0x48, 0x63, 0x4d, 0xa0, 0x48, 0x01, 0xc8, 0x83,
    0xfb, 0x46, 0x0f, 0x85, 0x22, 0x02, 0x00, 0x00, 0x66, 0x0f, 0x57, 0xc0,
    0x66, 0x0f, 0x28, 0x95, 0x50, 0xff, 0xff, 0xff, 0x66, 0x0f, 0x2e, 0xd0,
    0x75, 0x06, 0x0f, 0x8b, 0x13, 0x05, 0x00, 0x00, 0x41, 0x80, 0x3f, 0x30,
    0x0f, 0x85, 0x09, 0x05, 0x00, 0x00, 0xb9, 0x01, 0x00, 0x00, 0x00, 0x2b,
    0x8d, 0x78, 0xff, 0xff, 0xff, 0x89, 0x4d, 0x94, 0xe9, 0xf9, 0x04, 0x00,
    0x00, 0x83, 0xf8, 0x28, 0x48, 0x8b, 0x5d, 0xc0, 0x0f, 0x87, 0x02, 0x02,
    0x00, 0x00, 0x48, 0x8b, 0x55, 0x98, 0x48, 0x8b, 0x4a, 0x10, 0x48, 0x01,
    0xc1, 0x83, 0xc0, 0x08, 0x89, 0x02, 0x48, 0x0f, 0xbf, 0x09, 0xe9, 0xfd,
    0x01, 0x00, 0x00, 0x48, 0x8b, 0x42, 0x08, 0x48, 0x8d, 0x48, 0x08, 0x48,
    0x89, 0x4a, 0x08, 0x48, 0x8b, 0x08, 0x48, 0x8b, 0x5d, 0xc0, 0xe9, 0xe5,
    0x01, 0x00, 0x00, 0x48, 0x8b, 0x42, 0x08, 0x48, 0x8d, 0x48, 0x08, 0x48,
    0x89, 0x4a, 0x08, 0x48, 0x8b, 0x08, 0x83, 0x4d, 0xd0, 0x02, 0x66, 0xc7,
    0x85, 0x76, 0xff, 0xff, 0xff, 0x30, 0x78, 0xb8, 0xa2, 0x16, 0x42, 0x00,
    0x48, 0x89, 0x85, 0x28, 0xff, 0xff, 0xff, 0xb8, 0x02, 0x00, 0x00, 0x00,
    0x41, 0xbe, 0x78, 0x00, 0x00, 0x00, 0x48, 0x8b, 0x5d, 0xc0, 0xe9, 0xa7,
    0x02, 0x00, 0x00, 0x48, 0x8b, 0x42, 0x08, 0x48, 0x8d, 0x48, 0x08, 0x48,
    0x89, 0x4a, 0x08, 0x0f, 0xb6, 0x00, 0x88, 0x85, 0xe0, 0xfe, 0xff, 0xff,
    0xc6, 0x45, 0xd7, 0x00, 0xb9, 0x01, 0x00, 0x00, 0x00, 0x48, 0xc7, 0x85,
    0x68, 0xff, 0xff, 0xff, 0x00, 0x00, 0x00, 0x00, 0x41, 0xbe, 0x63, 0x00,
    0x00, 0x00, 0x4c, 0x8d, 0xbd, 0xe0, 0xfe, 0xff, 0xff, 0x45, 0x31, 0xc0,
    0x48, 0x8b, 0x5d, 0xc0, 0xe9, 0x6b, 0x07, 0x00, 0x00, 0x83, 0xf8, 0x28,
    0x48, 0x8b, 0x5d, 0xc0, 0x0f, 0x87, 0xc5, 0x01, 0x00, 0x00, 0x48, 0x8b,
    0x55, 0x98, 0x48, 0x8b, 0x4a, 0x10, 0x48, 0x01, 0xc1, 0x83, 0xc0, 0x08,
    0x89, 0x02, 0xe9, 0xc0, 0x01, 0x00, 0x00, 0x48, 0x8b, 0x42, 0x08, 0x48,
    0x8d, 0x48, 0x08, 0x48, 0x89, 0x4a, 0x08, 0x48, 0x8b, 0x08, 0x48, 0x8b,
    0x5d, 0xc0, 0xe9, 0xab, 0x01, 0x00, 0x00, 0x83, 0xf8, 0x28, 0x48, 0x8b,
    0x5d, 0xc0, 0x0f, 0x87, 0xdb, 0x01, 0x00, 0x00, 0x48, 0x8b, 0x55, 0x98,
    0x48, 0x8b, 0x4a, 0x10, 0x48, 0x01, 0xc1, 0x83, 0xc0, 0x08, 0x89, 0x02,
    0xe9, 0xd6, 0x01, 0x00, 0x00, 0x48, 0x8b, 0x42, 0x08, 0x48, 0x8d, 0x48,
    0x08, 0x48, 0x89, 0x4a, 0x08, 0x48, 0x8b, 0x5d, 0xc0, 0x48, 0x8b, 0x08,
    0xb8, 0x01, 0x00, 0x00, 0x00, 0xe9, 0xec, 0x01, 0x00, 0x00, 0x83, 0xf8,
    0x28, 0x48, 0x8b, 0x5d, 0xc0, 0x0f, 0x87, 0xca, 0x01, 0x00, 0x00, 0x48,
    0x8b, 0x55, 0x98, 0x48, 0x8b, 0x4a, 0x10, 0x48, 0x01, 0xc1, 0x83, 0xc0,
    0x08, 0x89, 0x02, 0xe9, 0xc5, 0x01, 0x00, 0x00, 0x48, 0x8b, 0x42, 0x08,
    0x48, 0x8d, 0x48, 0x08, 0x48, 0x89, 0x4a, 0x08, 0x48, 0x8b, 0x5d, 0xc0,
    0x48, 0x8b, 0x08, 0xe9, 0xb0, 0x01, 0x00, 0x00, 0x48, 0x8b, 0x55, 0x98,
    0x8b, 0x0a, 0x48, 0x83, 0xf9, 0x28, 0x0f, 0x87, 0x31, 0x03, 0x00, 0x00,
    0x48, 0x89, 0xc8, 0x48, 0x03, 0x42, 0x10, 0x83, 0xc1, 0x08, 0x89, 0x0a,
    0xe9, 0x2c, 0x03, 0x00, 0x00, 0x48, 0x8b, 0x42, 0x08, 0x48, 0x8d, 0x48,
    0x08, 0x48, 0x89, 0x4a, 0x08, 0x4c, 0x8b, 0x38, 0xc6, 0x45, 0xd7, 0x00,
    0x4d, 0x85, 0xff, 0x48, 0x8b, 0x5d, 0xc0, 0x0f, 0x84, 0x9e, 0x00, 0x00,
    0x00, 0x66, 0x0f, 0x29, 0x95, 0x50, 0xff, 0xff, 0xff, 0x45, 0x85, 0xc0,
    0x0f, 0x88, 0x09, 0x03, 0x00, 0x00, 0x44, 0x89, 0xc2, 0x48, 0xc7, 0x85,
    0x68, 0xff, 0xff, 0xff, 0x00, 0x00, 0x00, 0x00, 0x4c, 0x89, 0xff, 0x31,
    0xf6, 0x4d, 0x89, 0xc6, 0xe8, 0x2b, 0x28, 0x00, 0x00, 0x89, 0xc1, 0x44,
    0x29, 0xf9, 0x48, 0x85, 0xc0, 0x41, 0x0f, 0x44, 0xce, 0xe9, 0xf3, 0x02,
    0x00, 0x00, 0x66, 0x0f, 0x28, 0x95, 0x50, 0xff, 0xff, 0xff, 0xe9, 0x05,
    0x03, 0x00, 0x00, 0x48, 0x8b, 0x55, 0x98, 0x48, 0x8b, 0x4a, 0x08, 0x48,
    0x8d, 0x41, 0x08, 0x48, 0x89, 0x42, 0x08, 0x48, 0x63, 0x09, 0xeb, 0x14,
    0x48, 0x8b, 0x55, 0x98, 0x48, 0x8b, 0x42, 0x08, 0x48, 0x8d, 0x48, 0x08,
    0x48, 0x89, 0x4a, 0x08, 0x48, 0x0f, 0xbf, 0x08, 0xb8, 0x01, 0x00, 0x00,
    0x00, 0x48, 0x85, 0xc9, 0x0f, 0x89, 0xf4, 0x00, 0x00, 0x00, 0x48, 0xf7,
    0xd9, 0xc6, 0x45, 0xd7, 0x2d, 0x8b, 0x45, 0xd0, 0x89, 0xc6, 0x81, 0xe6,
    0x7f, 0xff, 0xff, 0xff, 0x45, 0x85, 0xc0, 0x0f, 0x48, 0xf0, 0xe9, 0x26,
    0x01, 0x00, 0x00, 0x41, 0x83, 0xf8, 0x06, 0xb9, 0x06, 0x00, 0x00, 0x00,
    0x41, 0x0f, 0x42, 0xc8, 0x48, 0xc7, 0x85, 0x68, 0xff, 0xff, 0xff, 0x00,
    0x00, 0x00, 0x00, 0x41, 0xbe, 0x73, 0x00, 0x00, 0x00, 0x41, 0xbf, 0xb1,
    0x19, 0x42, 0x00, 0x45, 0x31, 0xc0, 0xe9, 0xad, 0x05, 0x00, 0x00, 0x48,
    0x8b, 0x55, 0x98, 0x48, 0x8b, 0x4a, 0x08, 0x48, 0x8d, 0x41, 0x08, 0x48,
    0x89, 0x42, 0x08, 0x8b, 0x09, 0xeb, 0x13, 0x48, 0x8b, 0x55, 0x98, 0x48,
    0x8b, 0x4a, 0x08, 0x48, 0x8d, 0x41, 0x08, 0x48, 0x89, 0x42, 0x08, 0x0f,
    0xb7, 0x09, 0xb8, 0x02, 0x00, 0x00, 0x00, 0xf6, 0x45, 0xd0, 0x01, 0x74,
    0x75, 0x48, 0x85, 0xc9, 0x74, 0x70, 0xc6, 0x85, 0x76, 0xff, 0xff, 0xff,
    0x30, 0x44, 0x88, 0xb5, 0x77, 0xff, 0xff, 0xff, 0x83, 0x4d, 0xd0, 0x02,
    0xeb, 0x5c, 0x48, 0x8b, 0x55, 0x98, 0x48, 0x8b, 0x4a, 0x08, 0x48, 0x8d,
    0x41, 0x08, 0x48, 0x89, 0x42, 0x08, 0x8b, 0x09, 0xb8, 0x01, 0x00, 0x00,
    0x00, 0xeb, 0x43, 0x48, 0x8b, 0x55, 0x98, 0x48, 0x8b, 0x4a, 0x08, 0x48,
    0x8d, 0x41, 0x08, 0x48, 0x89, 0x42, 0x08, 0x0f, 0xb7, 0x09, 0xb8, 0x01,
    0x00, 0x00, 0x00, 0xeb, 0x29, 0x48, 0x8b, 0x55, 0x98, 0x48, 0x8b, 0x4a,
    0x08, 0x48, 0x8d, 0x41, 0x08, 0x48, 0x89, 0x42, 0x08, 0x8b, 0x09, 0xeb,
    0x13, 0x48, 0x8b, 0x55, 0x98, 0x48, 0x8b, 0x4a, 0x08, 0x48, 0x8d, 0x41,
    0x08, 0x48, 0x89, 0x42, 0x08, 0x0f, 0xb7, 0x09, 0x31, 0xc0, 0xc6, 0x45,
    0xd7, 0x00, 0x8b, 0x55, 0xd0, 0x89, 0xd6, 0x81, 0xe6, 0x7f, 0xff, 0xff,
    0xff, 0x45, 0x85, 0xc0, 0x0f, 0x48, 0xf2, 0x48, 0x85, 0xc9, 0x75, 0x2c,
    0x45, 0x85, 0xc0, 0x75, 0x27, 0x45, 0x31, 0xc0, 0x85, 0xc0, 0x44, 0x89,
    0x7d, 0xcc, 0x75, 0x4c, 0x83, 0x65, 0xd0, 0x01, 0x74, 0x46, 0xc6, 0x85,
    0x07, 0xff, 0xff, 0xff, 0x30, 0xeb, 0x31, 0x66, 0x66, 0x66, 0x66, 0x2e,
    0x0f, 0x1f, 0x84, 0x00, 0x00, 0x00, 0x00, 0x00, 0x85, 0xc0, 0x74, 0x38,
    0x83, 0xf8, 0x01, 0x0f, 0x85, 0x7c, 0x00, 0x00, 0x00, 0x44, 0x89, 0x7d,
    0xcc, 0x48, 0x83, 0xf9, 0x0a, 0x0f, 0x83, 0xa4, 0x00, 0x00, 0x00, 0x80,
    0xc9, 0x30, 0x88, 0x8d, 0x07, 0xff, 0xff, 0xff, 0x4c, 0x8d, 0xbd, 0x07,
    0xff, 0xff, 0xff, 0xe9, 0xe0, 0x00, 0x00, 0x00, 0x4c, 0x8d, 0xbd, 0x08,
    0xff, 0xff, 0xff, 0xe9, 0xd4, 0x00, 0x00, 0x00, 0x44, 0x89, 0x7d, 0xcc,
    0x4c, 0x8d, 0xbd, 0x07, 0xff, 0xff, 0xff, 0x48, 0x89, 0xca, 0x66, 0x0f,
    0x1f, 0x44, 0x00, 0x00, 0x89, 0xc8, 0x24, 0x07, 0x8d, 0x78, 0x30, 0x41,
    0x88, 0x3f, 0x48, 0xc1, 0xea, 0x03, 0x49, 0xff, 0xcf, 0x48, 0x83, 0xf9,
    0x07, 0x48, 0x89, 0xd1, 0x77, 0xe6, 0x49, 0x8d, 0x4f, 0x01, 0x40, 0xf6,
    0xc6, 0x01, 0x0f, 0x84, 0x8c, 0x00, 0x00, 0x00, 0x84, 0xc0, 0x0f, 0x84,
    0x84, 0x00, 0x00, 0x00, 0x41, 0xc6, 0x07, 0x30, 0xe9, 0x87, 0x00, 0x00,
    0x00, 0x44, 0x89, 0x7d, 0xcc, 0x4c, 0x8d, 0xbd, 0x08, 0xff, 0xff, 0xff,
    0x48, 0x89, 0xc8, 0x48, 0x8b, 0xbd, 0x28, 0xff, 0xff, 0xff, 0x66, 0x90,
    0x89, 0xca, 0x83, 0xe2, 0x0f, 0x0f, 0xb6, 0x14, 0x17, 0x41, 0x88, 0x57,
    0xff, 0x49, 0xff, 0xcf, 0x48, 0xc1, 0xe8, 0x04, 0x48, 0x83, 0xf9, 0x10,
    0x48, 0x89, 0xc1, 0x73, 0xe3, 0xeb, 0x51, 0x4c, 0x8d, 0xbd, 0x08, 0xff,
    0xff, 0xff, 0x66, 0x2e, 0x0f, 0x1f, 0x84, 0x00, 0x00, 0x00, 0x00, 0x00,
    0x48, 0xba, 0xcd, 0xcc, 0xcc, 0xcc, 0xcc, 0xcc, 0xcc, 0xcc, 0x48, 0x89,
    0xc8, 0x48, 0xf7, 0xe2, 0x48, 0xc1, 0xea, 0x03, 0x8d, 0x04, 0x12, 0x8d,
    0x04, 0x80, 0x89, 0xcf, 0x29, 0xc7, 0x40, 0x80, 0xcf, 0x30, 0x41, 0x88,
    0x7f, 0xff, 0x49, 0xff, 0xcf, 0x48, 0x83, 0xf9, 0x0a, 0x48, 0x89, 0xd1,
    0x73, 0xce, 0xeb, 0x0c, 0x49, 0x89, 0xcf, 0x66, 0x0f, 0x1f, 0x84, 0x00,
    0x00, 0x00, 0x00, 0x00, 0x48, 0x8d, 0x85, 0x08, 0xff, 0xff, 0xff, 0x89,
    0xc1, 0x44, 0x29, 0xf9, 0x48, 0xc7, 0x85, 0x68, 0xff, 0xff, 0xff, 0x00,
    0x00, 0x00, 0x00, 0xe9, 0x97, 0x03, 0x00, 0x00, 0x8b, 0x0a, 0x48, 0x83,
    0xf9, 0x28, 0x0f, 0x87, 0x85, 0x02, 0x00, 0x00, 0x48, 0x89, 0xc8, 0x48,
    0x03, 0x42, 0x10, 0x83, 0xc1, 0x08, 0x89, 0x0a, 0xe9, 0x80, 0x02, 0x00,
    0x00, 0x48, 0x8b, 0x42, 0x08, 0x48, 0x8d, 0x48, 0x08, 0x48, 0x89, 0x4a,
    0x08, 0x49, 0x63, 0xcf, 0x48, 0x8b, 0x00, 0x48, 0x89, 0x08, 0xe9, 0x6f,
    0xf4, 0xff, 0xff, 0x4c, 0x89, 0xff, 0xe8, 0xc5, 0x31, 0x00, 0x00, 0x48,
    0x89, 0xc1, 0x48, 0xc7, 0x85, 0x68, 0xff, 0xff, 0xff, 0x00, 0x00, 0x00,
    0x00, 0x41, 0xbe, 0x73, 0x00, 0x00, 0x00, 0x45, 0x31, 0xc0, 0x66, 0x0f,
    0x28, 0x95, 0x50, 0xff, 0xff, 0xff, 0xe9, 0x31, 0x03, 0x00, 0x00, 0x8b,
    0x4d, 0x94, 0x48, 0x63, 0xc9, 0x48, 0x01, 0xc8, 0x66, 0x0f, 0x57, 0xc0,
    0x66, 0x0f, 0x2e, 0xd0, 0x75, 0x07, 0x7a, 0x05, 0x48, 0x89, 0xc2, 0xeb,
    0x31, 0x48, 0x8b, 0x8d, 0x38, 0xff, 0xff, 0xff, 0x48, 0x89, 0xca, 0x48,
    0x39, 0xc1, 0x73, 0x22, 0x0f, 0x1f, 0x84, 0x00, 0x00, 0x00, 0x00, 0x00,
    0x48, 0x8d, 0x4a, 0x01, 0x48, 0x89, 0x8d, 0x38, 0xff, 0xff, 0xff, 0xc6,
    0x02, 0x30, 0x48, 0x8b, 0x95, 0x38, 0xff, 0xff, 0xff, 0x48, 0x39, 0xc2,
    0x72, 0xe6, 0x44, 0x29, 0xfa, 0x48, 0x89, 0x55, 0x80, 0x83, 0xfb, 0x47,
    0x75, 0x52, 0x48, 0x8b, 0x5d, 0xc0, 0x8b, 0x45, 0x94, 0x41, 0x83, 0xc6,
    0xfe, 0x83, 0xf8, 0xfd, 0x7c, 0x53, 0x3b, 0x85, 0x78, 0xff, 0xff, 0xff,
    0x7f, 0x4b, 0x48, 0x8b, 0x4d, 0x80, 0x39, 0xc8, 0x48, 0x89, 0x85, 0x68,
    0xff, 0xff, 0xff, 0x0f, 0x8d, 0x32, 0x01, 0x00, 0x00, 0x48, 0x8b, 0x85,
    0x40, 0xff, 0xff, 0xff, 0x01, 0xc1, 0x48, 0x8b, 0x85, 0x68, 0xff, 0xff,
    0xff, 0x41, 0xbe, 0x67, 0x00, 0x00, 0x00, 0x85, 0xc0, 0x0f, 0x8f, 0x74,
    0x02, 0x00, 0x00, 0x29, 0xc1, 0xff, 0xc1, 0xe9, 0x6b, 0x02, 0x00, 0x00,
    0x41, 0x83, 0xfe, 0x65, 0x48, 0x8b, 0x5d, 0xc0, 0x0f, 0x87, 0x19, 0x01,
    0x00, 0x00, 0x8b, 0x45, 0x94, 0x48, 0x89, 0xc1, 0xff, 0xc8, 0x89, 0x45,
    0x94, 0x44, 0x88, 0xb5, 0x61, 0xff, 0xff, 0xff, 0x85, 0xc9, 0x0f, 0x9e,
    0xc1, 0x00, 0xc9, 0x80, 0xc1, 0x2b, 0x89, 0xc6, 0xf7, 0xde, 0x0f, 0x48,
    0xf0, 0x88, 0x8d, 0x62, 0xff, 0xff, 0xff, 0x83, 0xfe, 0x0a, 0x0f, 0x82,
    0xad, 0x00, 0x00, 0x00, 0x4d, 0x89, 0xc2, 0x48, 0xc7, 0xc2, 0xf8, 0xff,
    0xff, 0xff, 0xb8, 0x06, 0x00, 0x00, 0x00, 0x48, 0xc7, 0xc7, 0xfc, 0xff,
    0xff, 0xff, 0x66, 0x90, 0x41, 0x89, 0xf0, 0x48, 0x89, 0xf9, 0x89, 0xf7,
    0xbe, 0xcd, 0xcc, 0xcc, 0xcc, 0x48, 0x0f, 0xaf, 0xf7, 0x48, 0xc1, 0xee,
    0x23, 0x8d, 0x3c, 0x36, 0x8d, 0x3c, 0xbf, 0x45, 0x89, 0xc1, 0x41, 0x29,
    0xf9, 0x41, 0x80, 0xc9, 0x30, 0x44, 0x88, 0x8c, 0x05, 0x38, 0xff, 0xff,
    0xff, 0x48, 0xff, 0xc2, 0x48, 0xff, 0xc8, 0x48, 0x8d, 0x79, 0x01, 0x41,
    0x83, 0xf8, 0x63, 0x77, 0xc3, 0x40, 0x80, 0xce, 0x30, 0x40, 0x88, 0xb4,
    0x05, 0x38, 0xff, 0xff, 0xff, 0x48, 0x89, 0xd6, 0x48, 0xf7, 0xde, 0x48,
    0x8d, 0xbd, 0x63, 0xff, 0xff, 0xff, 0x48, 0x83, 0xfe, 0x08, 0x4d, 0x89,
    0xd0, 0x0f, 0x8f, 0x73, 0x01, 0x00, 0x00, 0x48, 0x83, 0xf8, 0x07, 0xbe,
    0x06, 0x00, 0x00, 0x00, 0xbf, 0x06, 0x00, 0x00, 0x00, 0x48, 0x0f, 0x4d,
    0xf8, 0x48, 0x01, 0xd7, 0x48, 0x83, 0xc7, 0x03, 0x48, 0x83, 0xff, 0x20,
    0x0f, 0x83, 0xbf, 0x00, 0x00, 0x00, 0x48, 0x89, 0xc2, 0x48, 0x8d, 0xbd,
    0x63, 0xff, 0xff, 0xff, 0xe9, 0x1a, 0x01, 0x00, 0x00, 0xc6, 0x85, 0x63,
    0xff, 0xff, 0xff, 0x30, 0x40, 0x80, 0xce, 0x30, 0x40, 0x88, 0xb5, 0x64,
    0xff, 0xff, 0xff, 0x48, 0x8d, 0xbd, 0x65, 0xff, 0xff, 0xff, 0xe9, 0x23,
    0x01, 0x00, 0x00, 0x45, 0x85, 0xc0, 0x44, 0x0f, 0x45, 0x85, 0x40, 0xff,
    0xff, 0xff, 0x41, 0x01, 0xc0, 0x4c, 0x89, 0xc1, 0x41, 0xbe, 0x67, 0x00,
    0x00, 0x00, 0xe9, 0x44, 0x01, 0x00, 0x00, 0x8b, 0x45, 0x94, 0x41, 0x83,
    0xfe, 0x66, 0x0f, 0x85, 0x92, 0xfe, 0xff, 0xff, 0x8b, 0x95, 0x78, 0xff,
    0xff, 0xff, 0x41, 0x09, 0xd0, 0x85, 0xc0, 0x48, 0x89, 0x85, 0x68, 0xff,
    0xff, 0xff, 0x0f, 0x8e, 0xcb, 0x0f, 0x00, 0x00, 0x41, 0xbe, 0x66, 0x00,
    0x00, 0x00, 0x45, 0x85, 0xc0, 0x0f, 0x84, 0xe5, 0x0f, 0x00, 0x00, 0x8b,
    0x8d, 0x78, 0xff, 0xff, 0xff, 0x03, 0x8d, 0x40, 0xff, 0xff, 0xff, 0x01,
    0xc1, 0xe9, 0xfd, 0x00, 0x00, 0x00, 0x48, 0x8b, 0x42, 0x08, 0x48, 0x8d,
    0x48, 0x08, 0x48, 0x89, 0x4a, 0x08, 0x48, 0x8b, 0x00, 0x44, 0x89, 0x38,
    0xe9, 0x15, 0xf2, 0xff, 0xff, 0x48, 0x8b, 0x42, 0x08, 0x48, 0x8d, 0x48,
    0x08, 0x48, 0x89, 0x4a, 0x08, 0x48, 0x8b, 0x00, 0x66, 0x44, 0x89, 0x38,
    0xe9, 0xfd, 0xf1, 0xff, 0xff, 0x49, 0x89, 0xf8, 0x49, 0x83, 0xe0, 0xe0,
    0x4a, 0x8d, 0x14, 0x00, 0x4c, 0x8d, 0x8d, 0x63, 0xff, 0xff, 0xff, 0x4d,
    0x01, 0xc1, 0x48, 0x83, 0xf8, 0x07, 0x48, 0x0f, 0x4d, 0xf0, 0x48, 0x01,
    0xe8, 0x48, 0x05, 0x38, 0xff, 0xff, 0xff, 0x48, 0x01, 0xce, 0x48, 0x83,
    0xe6, 0xe0, 0x31, 0xc9, 0x66, 0x66, 0x66, 0x2e, 0x0f, 0x1f, 0x84, 0x00,
    0x00, 0x00, 0x00, 0x00, 0x66, 0x0f, 0x10, 0x04, 0x08, 0x0f, 0x10, 0x4c,
    0x08, 0x10, 0x66, 0x0f, 0x11, 0x84, 0x0d, 0x63, 0xff, 0xff, 0xff, 0x0f,
    0x11, 0x8c, 0x0d, 0x73, 0xff, 0xff, 0xff, 0x48, 0x83, 0xc1, 0x20, 0x48,
    0x39, 0xce, 0x75, 0xdc, 0x4c, 0x39, 0xc7, 0x4c, 0x89, 0xcf, 0x4d, 0x89,
    0xd0, 0x74, 0x27, 0x48, 0xff, 0xca, 0x66, 0x66, 0x66, 0x66, 0x66, 0x2e,
    0x0f, 0x1f, 0x84, 0x00, 0x00, 0x00, 0x00, 0x00, 0x0f, 0xb6, 0x84, 0x15,
    0x39, 0xff, 0xff, 0xff, 0x88, 0x07, 0x48, 0xff, 0xc7, 0x48, 0xff, 0xc2,
    0x48, 0x83, 0xfa, 0x06, 0x7c, 0xea, 0x48, 0x8d, 0x85, 0x61, 0xff, 0xff,
    0xff, 0x29, 0xc7, 0x48, 0x8b, 0x55, 0x80, 0x48, 0x89, 0xbd, 0x10, 0xff,
    0xff, 0xff, 0x8d, 0x04, 0x3a, 0x45, 0x85, 0xc0, 0x48, 0x8b, 0x8d, 0x40,
    0xff, 0xff, 0xff, 0x44, 0x0f, 0x45, 0xc1, 0x83, 0xfa, 0x02, 0x44, 0x0f,
    0x4d, 0xc1, 0x41, 0x01, 0xc0, 0x4c, 0x89, 0xc1, 0x48, 0xc7, 0x85, 0x68,
    0xff, 0xff, 0xff, 0x00, 0x00, 0x00, 0x00, 0x81, 0x4d, 0xd0, 0x00, 0x01,
    0x00, 0x00, 0x66, 0x48, 0x0f, 0x7e, 0xd0, 0x45, 0x31, 0xc0, 0x48, 0x85,
    0xc0, 0x79, 0x09, 0xc6, 0x45, 0xd7, 0x2d, 0x0f, 0x1f, 0x44, 0x00, 0x00,
    0x8b, 0x75, 0xd0, 0x41, 0x39, 0xc8, 0x48, 0x89, 0x8d, 0x08, 0xff, 0xff,
    0xff, 0x41, 0x0f, 0x4f, 0xc8, 0x89, 0xf0, 0x83, 0xe0, 0x02, 0x89, 0x85,
    0x18, 0xff, 0xff, 0xff, 0x01, 0xc1, 0x80, 0x7d, 0xd7, 0x01, 0x83, 0xd9,
    0xff, 0x48, 0x8b, 0x85, 0x48, 0xff, 0xff, 0xff, 0x89, 0x8d, 0x20, 0xff,
    0xff, 0xff, 0x29, 0xc8, 0x89, 0x75, 0xd0, 0x81, 0xe6, 0x84, 0x00, 0x00,
    0x00, 0x89, 0xb5, 0x1c, 0xff, 0xff, 0xff, 0x66, 0x0f, 0x29, 0x95, 0x50,
    0xff, 0xff, 0xff, 0x4c, 0x89, 0x85, 0x78, 0xff, 0xff, 0xff, 0x48, 0x89,
    0x45, 0xa0, 0x0f, 0x85, 0xdb, 0x00, 0x00, 0x00, 0x85, 0xc0, 0x0f, 0x8e,
    0xd3, 0x00, 0x00, 0x00, 0x83, 0xf8, 0x11, 0x72, 0x77, 0x89, 0xc3, 0xeb,
    0x11, 0x0f, 0x1f, 0x00, 0x49, 0x83, 0xc4, 0x10, 0x8d, 0x43, 0xf0, 0x83,
    0xfb, 0x20, 0x89, 0xc3, 0x7e, 0x62, 0x49, 0xc7, 0x04, 0x24, 0xc0, 0xfe,
    0x41, 0x00, 0x49, 0xc7, 0x44, 0x24, 0x08, 0x10, 0x00, 0x00, 0x00, 0x48,
    0x83, 0x45, 0xb8, 0x10, 0x8b, 0x45, 0xb0, 0x8d, 0x48, 0x01, 0x89, 0x4d,
    0xb0, 0x83, 0xf8, 0x07, 0x7c, 0xce, 0x48, 0x8b, 0x7d, 0x88, 0x48, 0x8b,
    0x75, 0xc0, 0x48, 0x8d, 0x55, 0xa8, 0xe8, 0x6d, 0x0e, 0x00, 0x00, 0x4c,
    0x8b, 0x85, 0x78, 0xff, 0xff, 0xff, 0x66, 0x0f, 0x28, 0x95, 0x50, 0xff,
    0xff, 0xff, 0x4c, 0x8d, 0xa5, 0x60, 0xfe, 0xff, 0xff, 0x85, 0xc0, 0x74,
    0xa7, 0xe9, 0xed, 0x0d, 0x00, 0x00, 0x66, 0x66, 0x66, 0x66, 0x66, 0x2e,
    0x0f, 0x1f, 0x84, 0x00, 0x00, 0x00, 0x00, 0x00, 0x49, 0xc7, 0x04, 0x24,
    0xc0, 0xfe, 0x41, 0x00, 0x89, 0xc0, 0x49, 0x89, 0x44, 0x24, 0x08, 0x48,
    0x01, 0x45, 0xb8, 0x8b, 0x45, 0xb0, 0x8d, 0x48, 0x01, 0x89, 0x4d, 0xb0,
    0x83, 0xf8, 0x07, 0x0f, 0x8c, 0x91, 0x00, 0x00, 0x00, 0x48, 0x8b, 0x7d,
    0x88, 0x48, 0x8b, 0x5d, 0xc0, 0x48, 0x89, 0xde, 0x48, 0x8d, 0x55, 0xa8,
    0xe8, 0x07, 0x0e, 0x00, 0x00, 0x4c, 0x8b, 0x85, 0x78, 0xff, 0xff, 0xff,
    0x66, 0x0f, 0x28, 0x95, 0x50, 0xff, 0xff, 0xff, 0x4c, 0x8d, 0xa5, 0x60,
    0xfe, 0xff, 0xff, 0x85, 0xc0, 0x0f, 0x85, 0x8c, 0x0d, 0x00, 0x00, 0x80,
    0x7d, 0xd7, 0x00, 0x74, 0x73, 0x48, 0x8d, 0x45, 0xd7, 0x49, 0x89, 0x04,
    0x24, 0x49, 0xc7, 0x44, 0x24, 0x08, 0x01, 0x00, 0x00, 0x00, 0x48, 0xff,
    0x45, 0xb8, 0x8b, 0x45, 0xb0, 0x8d, 0x48, 0x01, 0x89, 0x4d, 0xb0, 0x83,
    0xf8, 0x07, 0x7c, 0x30, 0x48, 0x8b, 0x7d, 0x88, 0x48, 0x89, 0xde, 0x48,
    0x8d, 0x55, 0xa8, 0xe8, 0xb0, 0x0d, 0x00, 0x00, 0x4c, 0x8b, 0x85, 0x78,
    0xff, 0xff, 0xff, 0x66, 0x0f, 0x28, 0x95, 0x50, 0xff, 0xff, 0xff, 0x4c,
    0x8d, 0xa5, 0x60, 0xfe, 0xff, 0xff, 0x85, 0xc0, 0x74, 0x26, 0xe9, 0x34,
    0x0d, 0x00, 0x00, 0x90, 0x49, 0x83, 0xc4, 0x10, 0xeb, 0x1a, 0x49, 0x83,
    0xc4, 0x10, 0x48, 0x8b, 0x5d, 0xc0, 0x80, 0x7d, 0xd7, 0x00, 0x75, 0x99,
    0x66, 0x66, 0x66, 0x2e, 0x0f, 0x1f, 0x84, 0x00, 0x00, 0x00, 0x00, 0x00,
    0x83, 0xbd, 0x18, 0xff, 0xff, 0xff, 0x00, 0x74, 0x55, 0x48, 0x8d, 0x85,
    0x76, 0xff, 0xff, 0xff, 0x49, 0x89, 0x04, 0x24, 0x49, 0xc7, 0x44, 0x24,
    0x08, 0x02, 0x00, 0x00, 0x00, 0x48, 0x83, 0x45, 0xb8, 0x02, 0x8b, 0x45,
    0xb0, 0x8d, 0x48, 0x01, 0x89, 0x4d, 0xb0, 0x83, 0xf8, 0x07, 0x7c, 0x3f,
    0x48, 0x8b, 0x7d, 0x88, 0x48, 0x89, 0xde, 0x48, 0x8d, 0x55, 0xa8, 0xe8,
    0x30, 0x0d, 0x00, 0x00, 0x4c, 0x8b, 0x85, 0x78, 0xff, 0xff, 0xff, 0x66,
    0x0f, 0x28, 0x95, 0x50, 0xff, 0xff, 0xff, 0x4c, 0x8d, 0xa5, 0x60, 0xfe,
    0xff, 0xff, 0x85, 0xc0, 0x0f, 0x85, 0xb5, 0x0c, 0x00, 0x00, 0x81, 0xbd,
    0x1c, 0xff, 0xff, 0xff, 0x80, 0x00, 0x00, 0x00, 0x74, 0x19, 0xe9, 0xea,
    0x00, 0x00, 0x00, 0x49, 0x83, 0xc4, 0x10, 0x81, 0xbd, 0x1c, 0xff, 0xff,
    0xff, 0x80, 0x00, 0x00, 0x00, 0x0f, 0x85, 0xd6, 0x00, 0x00, 0x00, 0x48,
    0x8b, 0x45, 0xa0, 0x85, 0xc0, 0x0f, 0x8e, 0xca, 0x00, 0x00, 0x00, 0x83,
    0xf8, 0x11, 0x72, 0x6e, 0x89, 0xc3, 0xeb, 0x16, 0x0f, 0x1f, 0x84, 0x00,
    0x00, 0x00, 0x00, 0x00, 0x49, 0x83, 0xc4, 0x10, 0x8d, 0x43, 0xf0, 0x83,
    0xfb, 0x20, 0x89, 0xc3, 0x7e, 0x54, 0x49, 0xc7, 0x04, 0x24, 0xd0, 0xfe,
    0x41, 0x00, 0x49, 0xc7, 0x44, 0x24, 0x08, 0x10, 0x00, 0x00, 0x00, 0x48,
    0x83, 0x45, 0xb8, 0x10, 0x8b, 0x45, 0xb0, 0x8d, 0x48, 0x01, 0x89, 0x4d,
    0xb0, 0x83, 0xf8, 0x07, 0x7c, 0xce, 0x48, 0x8b, 0x7d, 0x88, 0x48, 0x8b,
    0x75, 0xc0, 0x48, 0x8d, 0x55, 0xa8, 0xe8, 0x8d, 0x0c, 0x00, 0x00, 0x4c,
    0x8b, 0x85, 0x78, 0xff, 0xff, 0xff, 0x66, 0x0f, 0x28, 0x95, 0x50, 0xff,
    0xff, 0xff, 0x4c, 0x8d, 0xa5, 0x60, 0xfe, 0xff, 0xff, 0x85, 0xc0, 0x74,
    0xa7, 0xe9, 0x0d, 0x0c, 0x00, 0x00, 0x49, 0xc7, 0x04, 0x24, 0xd0, 0xfe,
    0x41, 0x00, 0x89, 0xc0, 0x49, 0x89, 0x44, 0x24, 0x08, 0x48, 0x01, 0x45,
    0xb8, 0x8b, 0x45, 0xb0, 0x8d, 0x48, 0x01, 0x89, 0x4d, 0xb0, 0x83, 0xf8,
    0x07, 0x0f, 0x8c, 0x76, 0x01, 0x00, 0x00, 0x48, 0x8b, 0x7d, 0x88, 0x48,
    0x8b, 0x5d, 0xc0, 0x48, 0x89, 0xde, 0x48, 0x8d, 0x55, 0xa8, 0xe8, 0x35,
    0x0c, 0x00, 0x00, 0x4c, 0x8b, 0x85, 0x78, 0xff, 0xff, 0xff, 0x66, 0x0f,
    0x28, 0x95, 0x50, 0xff, 0xff, 0xff, 0x4c, 0x8d, 0xa5, 0x60, 0xfe, 0xff,
    0xff, 0x85, 0xc0, 0x0f, 0x85, 0xba, 0x0b, 0x00, 0x00, 0x44, 0x2b, 0x85,
    0x08, 0xff, 0xff, 0xff, 0x0f, 0x8e, 0x5a, 0x01, 0x00, 0x00, 0x41, 0x83,
    0xf8, 0x11, 0x0f, 0x83, 0xd5, 0x00, 0x00, 0x00, 0x44, 0x89, 0xc0, 0x49,
    0xc7, 0x04, 0x24, 0xd0, 0xfe, 0x41, 0x00, 0x89, 0xc0, 0x49, 0x89, 0x44,
    0x24, 0x08, 0x48, 0x01, 0x45, 0xb8, 0x8b, 0x45, 0xb0, 0x8d, 0x48, 0x01,
    0x89, 0x4d, 0xb0, 0x83, 0xf8, 0x07, 0x0f, 0x8c, 0xff, 0x00, 0x00, 0x00,
    0x48, 0x8b, 0x7d, 0x88, 0x48, 0x89, 0xde, 0x48, 0x8d, 0x55, 0xa8, 0xe8,
    0xc8, 0x0b, 0x00, 0x00, 0x66, 0x0f, 0x28, 0x95, 0x50, 0xff, 0xff, 0xff,
    0x4c, 0x8d, 0xa5, 0x60, 0xfe, 0xff, 0xff, 0x85, 0xc0, 0x4c, 0x8b, 0x45,
    0xa0, 0x0f, 0x85, 0x50, 0x0b, 0x00, 0x00, 0xf7, 0x45, 0xd0, 0x00, 0x01,
    0x00, 0x00, 0x0f, 0x85, 0x01, 0x01, 0x00, 0x00, 0x4d, 0x89, 0x3c, 0x24,
    0x48, 0x63, 0x85, 0x08, 0xff, 0xff, 0xff, 0x49, 0x89, 0x44, 0x24, 0x08,
    0x48, 0x01, 0x45, 0xb8, 0x8b, 0x45, 0xb0, 0x8d, 0x48, 0x01, 0x89, 0x4d,
    0xb0, 0x83, 0xf8, 0x07, 0x0f, 0x8c, 0x59, 0x01, 0x00, 0x00, 0x4c, 0x8b,
    0x75, 0x88, 0x4c, 0x89, 0xf7, 0x48, 0x89, 0xde, 0x48, 0x8d, 0x55, 0xa8,
    0xe8, 0x67, 0x0b, 0x00, 0x00, 0x4c, 0x8b, 0x45, 0xa0, 0x4c, 0x8d, 0xa5,
    0x60, 0xfe, 0xff, 0xff, 0x85, 0xc0, 0x44, 0x8b, 0x7d, 0xcc, 0x0f, 0x84,
    0xf0, 0x08, 0x00, 0x00, 0xe9, 0xf2, 0x0a, 0x00, 0x00, 0x66, 0x66, 0x2e,
    0x0f, 0x1f, 0x84, 0x00, 0x00, 0x00, 0x00, 0x00, 0x49, 0x83, 0xc4, 0x10,
    0x41, 0x8d, 0x40, 0xf0, 0x41, 0x83, 0xf8, 0x20, 0x41, 0x89, 0xc0, 0x0f,
    0x8e, 0x2e, 0xff, 0xff, 0xff, 0x49, 0xc7, 0x04, 0x24, 0xd0, 0xfe, 0x41,
    0x00, 0x49, 0xc7, 0x44, 0x24, 0x08, 0x10, 0x00, 0x00, 0x00, 0x48, 0x83,
    0x45, 0xb8, 0x10, 0x8b, 0x45, 0xb0, 0x8d, 0x48, 0x01, 0x89, 0x4d, 0xb0,
    0x83, 0xf8, 0x07, 0x7c, 0xc7, 0x48, 0x8b, 0x7d, 0x88, 0x48, 0x89, 0xde,
    0x48, 0x8d, 0x55, 0xa8, 0x4d, 0x89, 0xc4, 0xe8, 0xf4, 0x0a, 0x00, 0x00,
    0x4d, 0x89, 0xe0, 0x66, 0x0f, 0x28, 0x95, 0x50, 0xff, 0xff, 0xff, 0x4c,
    0x8d, 0xa5, 0x60, 0xfe, 0xff, 0xff, 0x85, 0xc0, 0x74, 0xa2, 0xe9, 0x7c,
    0x0a, 0x00, 0x00, 0x49, 0x83, 0xc4, 0x10, 0xeb, 0x23, 0x49, 0x83, 0xc4,
    0x10, 0x48, 0x8b, 0x5d, 0xc0, 0x44, 0x2b, 0x85, 0x08, 0xff, 0xff, 0xff,
    0x0f, 0x8f, 0xb4, 0xfe, 0xff, 0xff, 0x66, 0x66, 0x66, 0x66, 0x66, 0x2e,
    0x0f, 0x1f, 0x84, 0x00, 0x00, 0x00, 0x00, 0x00, 0x4c, 0x8b, 0x45, 0xa0,
    0xf7, 0x45, 0xd0, 0x00, 0x01, 0x00, 0x00, 0x0f, 0x84, 0xff, 0xfe, 0xff,
    0xff, 0x41, 0x83, 0xfe, 0x66, 0x0f, 0x8c, 0x8f, 0x00, 0x00, 0x00, 0x66,
    0x0f, 0x57, 0xc0, 0x66, 0x0f, 0x2e, 0xd0, 0x4c, 0x8b, 0x75, 0x88, 0x0f,
    0x85, 0x7a, 0x01, 0x00, 0x00, 0x0f, 0x8a, 0x74, 0x01, 0x00, 0x00, 0x49,
    0xc7, 0x04, 0x24, 0x0d, 0x14, 0x42, 0x00, 0x49, 0xc7, 0x44, 0x24, 0x08,
    0x01, 0x00, 0x00, 0x00, 0x48, 0xff, 0x45, 0xb8, 0x8b, 0x45, 0xb0, 0x8d,
    0x48, 0x01, 0x89, 0x4d, 0xb0, 0x83, 0xf8, 0x07, 0x0f, 0x8c, 0xc3, 0x01,
    0x00, 0x00, 0x4c, 0x89, 0xf7, 0x48, 0x89, 0xde, 0x48, 0x8d, 0x55, 0xa8,
    0xe8, 0x47, 0x0a, 0x00, 0x00, 0x4c, 0x8b, 0x45, 0xa0, 0x4c, 0x8d, 0xa5,
    0x60, 0xfe, 0xff, 0xff, 0x85, 0xc0, 0x44, 0x8b, 0x7d, 0xcc, 0x0f, 0x85,
    0xd7, 0x09, 0x00, 0x00, 0xf6, 0x45, 0xd0, 0x01, 0x0f, 0x84, 0xa1, 0x01,
    0x00, 0x00, 0xe9, 0xa9, 0x01, 0x00, 0x00, 0x49, 0x83, 0xc4, 0x10, 0x44,
    0x8b, 0x7d, 0xcc, 0x4c, 0x8b, 0x75, 0x88, 0xf6, 0x45, 0xd0, 0x04, 0x0f,
    0x85, 0xb1, 0x07, 0x00, 0x00, 0xe9, 0xfa, 0x07, 0x00, 0x00, 0x4d, 0x89,
    0x3c, 0x24, 0x49, 0xc7, 0x44, 0x24, 0x08, 0x01, 0x00, 0x00, 0x00, 0x48,
    0x8b, 0x45, 0xb8, 0x48, 0xff, 0xc0, 0x49, 0x83, 0xc4, 0x10, 0x8b, 0x55,
    0xb0, 0x8d, 0x4a, 0x01, 0x48, 0x89, 0x45, 0xb8, 0x89, 0x4d, 0xb0, 0x83,
    0x7d, 0x80, 0x01, 0x4c, 0x8b, 0x75, 0x88, 0x7f, 0x3c, 0x8b, 0x75, 0xd0,
    0x83, 0xe6, 0x01, 0x75, 0x34, 0x83, 0xfa, 0x07, 0x44, 0x8b, 0x7d, 0xcc,
    0x0f, 0x8c, 0x11, 0x07, 0x00, 0x00, 0x4c, 0x89, 0xf7, 0x48, 0x89, 0xde,
    0x48, 0x8d, 0x55, 0xa8, 0xe8, 0xb3, 0x09, 0x00, 0x00, 0x4c, 0x8b, 0x45,
    0xa0, 0x4c, 0x8d, 0xa5, 0x60, 0xfe, 0xff, 0xff, 0x85, 0xc0, 0x0f, 0x84,
    0xef, 0x06, 0x00, 0x00, 0xe9, 0x42, 0x09, 0x00, 0x00, 0x83, 0xfa, 0x07,
    0x7c, 0x31, 0x4c, 0x89, 0xf7, 0x48, 0x89, 0xde, 0x48, 0x8d, 0x55, 0xa8,
    0xe8, 0x87, 0x09, 0x00, 0x00, 0x85, 0xc0, 0x0f, 0x85, 0x22, 0x09, 0x00,
    0x00, 0x48, 0x8b, 0x45, 0xb8, 0x8b, 0x4d, 0xb0, 0x4c, 0x8d, 0xa5, 0x60,
    0xfe, 0xff, 0xff, 0x66, 0x0f, 0x28, 0x95, 0x50, 0xff, 0xff, 0xff, 0x4c,
    0x8b, 0x45, 0xa0, 0x48, 0x8b, 0x95, 0x30, 0xff, 0xff, 0xff, 0x49, 0x89,
    0x14, 0x24, 0x48, 0x8b, 0x95, 0x40, 0xff, 0xff, 0xff, 0x49, 0x89, 0x54,
    0x24, 0x08, 0x48, 0x01, 0xd0, 0x48, 0x89, 0x45, 0xb8, 0x8d, 0x41, 0x01,
    0x89, 0x45, 0xb0, 0x83, 0xf9, 0x07, 0x0f, 0x8c, 0x14, 0x01, 0x00, 0x00,
    0x4c, 0x89, 0xf7, 0x48, 0x89, 0xde, 0x48, 0x8d, 0x55, 0xa8, 0xe8, 0x29,
    0x09, 0x00, 0x00, 0x4c, 0x8b, 0x45, 0xa0, 0x66, 0x0f, 0x28, 0x95, 0x50,
    0xff, 0xff, 0xff, 0x4c, 0x8d, 0xa5, 0x60, 0xfe, 0xff, 0xff, 0x85, 0xc0,
    0x0f, 0x84, 0xee, 0x00, 0x00, 0x00, 0xe9, 0xac, 0x08, 0x00, 0x00, 0x8b,
    0x45, 0x94, 0x85, 0xc0, 0x0f, 0x8e, 0x43, 0x02, 0x00, 0x00, 0x48, 0x8b,
    0x45, 0x80, 0x89, 0xc2, 0x48, 0x8b, 0x8d, 0x68, 0xff, 0xff, 0xff, 0x29,
    0xca, 0x89, 0x95, 0x78, 0xff, 0xff, 0xff, 0x89, 0xcb, 0x0f, 0x4c, 0xd8,
    0x85, 0xdb, 0x0f, 0x8e, 0x87, 0x02, 0x00, 0x00, 0x4d, 0x89, 0x3c, 0x24,
    0x89, 0xd8, 0x49, 0x89, 0x44, 0x24, 0x08, 0x48, 0x01, 0x45, 0xb8, 0x8b,
    0x45, 0xb0, 0x8d, 0x48, 0x01, 0x89, 0x4d, 0xb0, 0x83, 0xf8, 0x07, 0x0f,
    0x8c, 0x62, 0x02, 0x00, 0x00, 0x4c, 0x89, 0xf7, 0x48, 0x8b, 0x75, 0xc0,
    0x48, 0x8d, 0x55, 0xa8, 0xe8, 0xab, 0x08, 0x00, 0x00, 0x4c, 0x8b, 0x45,
    0xa0, 0x4c, 0x8d, 0xa5, 0x60, 0xfe, 0xff, 0xff, 0x85, 0xc0, 0x0f, 0x84,
    0x43, 0x02, 0x00, 0x00, 0xe9, 0x32, 0x08, 0x00, 0x00, 0x49, 0x83, 0xc4,
    0x10, 0x44, 0x8b, 0x7d, 0xcc, 0xf6, 0x45, 0xd0, 0x01, 0x75, 0x0d, 0x48,
    0x8b, 0x45, 0x80, 0x39, 0x45, 0x94, 0x0f, 0x8d, 0x18, 0x06, 0x00, 0x00,
    0x48, 0x8b, 0x85, 0x30, 0xff, 0xff, 0xff, 0x49, 0x89, 0x04, 0x24, 0x48,
    0x8b, 0x85, 0x40, 0xff, 0xff, 0xff, 0x49, 0x89, 0x44, 0x24, 0x08, 0x48,
    0x01, 0x45, 0xb8, 0x8b, 0x45, 0xb0, 0x8d, 0x48, 0x01, 0x89, 0x4d, 0xb0,
    0x83, 0xf8, 0x07, 0x0f, 0x8c, 0x02, 0x01, 0x00, 0x00, 0x4c, 0x89, 0xf7,
    0x48, 0x89, 0xde, 0x48, 0x8d, 0x55, 0xa8, 0xe8, 0x3c, 0x08, 0x00, 0x00,
    0x4c, 0x8b, 0x45, 0xa0, 0x4c, 0x8d, 0xa5, 0x60, 0xfe, 0xff, 0xff, 0x85,
    0xc0, 0x0f, 0x84, 0xe4, 0x00, 0x00, 0x00, 0xe9, 0xcb, 0x07, 0x00, 0x00,
    0x49, 0x83, 0xc4, 0x10, 0x66, 0x0f, 0x57, 0xc0, 0x66, 0x0f, 0x2e, 0xd0,
    0x75, 0x02, 0x7b, 0x54, 0x49, 0xff, 0xc7, 0x4d, 0x89, 0x3c, 0x24, 0x48,
    0x63, 0x45, 0x80, 0x48, 0xff, 0xc8, 0x49, 0x89, 0x44, 0x24, 0x08, 0x48,
    0x01, 0x45, 0xb8, 0x8b, 0x45, 0xb0, 0x8d, 0x48, 0x01, 0x89, 0x4d, 0xb0,
    0x83, 0xf8, 0x07, 0x0f, 0x8c, 0x23, 0x01, 0x00, 0x00, 0x4c, 0x89, 0xf7,
    0x48, 0x89, 0xde, 0x48, 0x8d, 0x55, 0xa8, 0xe8, 0xdc, 0x07, 0x00, 0x00,
    0x4c, 0x8b, 0x45, 0xa0, 0x4c, 0x8d, 0xa5, 0x60, 0xfe, 0xff, 0xff, 0x85,
    0xc0, 0x44, 0x8b, 0x7d, 0xcc, 0x0f, 0x84, 0x14, 0x05, 0x00, 0x00, 0xe9,
    0x67, 0x07, 0x00, 0x00, 0x48, 0x8b, 0x45, 0x80, 0x83, 0xf8, 0x02, 0x0f,
    0x8c, 0x49, 0x01, 0x00, 0x00, 0x83, 0xf8, 0x12, 0x0f, 0x82, 0x72, 0x04,
    0x00, 0x00, 0x8d, 0x58, 0x0f, 0x44, 0x8b, 0x7d, 0xcc, 0xeb, 0x10, 0x49,
    0x83, 0xc4, 0x10, 0x83, 0xc3, 0xf0, 0x83, 0xfb, 0x20, 0x0f, 0x8e, 0xa8,
    0x04, 0x00, 0x00, 0x49, 0xc7, 0x04, 0x24, 0xd0, 0xfe, 0x41, 0x00, 0x49,
    0xc7, 0x44, 0x24, 0x08, 0x10, 0x00, 0x00, 0x00, 0x48, 0x83, 0x45, 0xb8,
    0x10, 0x8b, 0x45, 0xb0, 0x8d, 0x48, 0x01, 0x89, 0x4d, 0xb0, 0x83, 0xf8,
    0x07, 0x7c, 0xcc, 0x4c, 0x89, 0xf7, 0x48, 0x8b, 0x75, 0xc0, 0x48, 0x8d,
    0x55, 0xa8, 0xe8, 0x5d, 0x07, 0x00, 0x00, 0x4c, 0x8b, 0x45, 0xa0, 0x4c,
    0x8d, 0xa5, 0x60, 0xfe, 0xff, 0xff, 0x85, 0xc0, 0x74, 0xb1, 0xe9, 0x2f,
    0x07, 0x00, 0x00, 0x49, 0x83, 0xc4, 0x10, 0x48, 0x8b, 0x45, 0x80, 0x83,
    0xf8, 0x02, 0x0f, 0x8c, 0xd8, 0x04, 0x00, 0x00, 0x83, 0xf8, 0x12, 0x0f,
    0x82, 0xce, 0x00, 0x00, 0x00, 0x8d, 0x58, 0x0f, 0xeb, 0x1a, 0x66, 0x2e,
    0x0f, 0x1f, 0x84, 0x00, 0x00, 0x00, 0x00, 0x00, 0x49, 0x83, 0xc4, 0x10,
    0x83, 0xc3, 0xf0, 0x83, 0xfb, 0x20, 0x0f, 0x8e, 0x91, 0x03, 0x00, 0x00,
    0x49, 0xc7, 0x04, 0x24, 0xd0, 0xfe, 0x41, 0x00, 0x49, 0xc7, 0x44, 0x24,
    0x08, 0x10, 0x00, 0x00, 0x00, 0x48, 0x83, 0x45, 0xb8, 0x10, 0x8b, 0x45,
    0xb0, 0x8d, 0x48, 0x01, 0x89, 0x4d, 0xb0, 0x83, 0xf8, 0x07, 0x7c, 0xcc,
    0x4c, 0x89, 0xf7, 0x48, 0x8b, 0x75, 0xc0, 0x48, 0x8d, 0x55, 0xa8, 0xe8,
    0xdc, 0x06, 0x00, 0x00, 0x4c, 0x8b, 0x45, 0xa0, 0x4c, 0x8d, 0xa5, 0x60,
    0xfe, 0xff, 0xff, 0x85, 0xc0, 0x74, 0xb1, 0xe9, 0xae, 0x06, 0x00, 0x00,
    0x49, 0x83, 0xc4, 0x10, 0x44, 0x8b, 0x7d, 0xcc, 0xe9, 0x0a, 0x04, 0x00,
    0x00, 0x49, 0xc7, 0x04, 0x24, 0x0d, 0x14, 0x42, 0x00, 0x49, 0xc7, 0x44,
    0x24, 0x08, 0x01, 0x00, 0x00, 0x00, 0x48, 0xff, 0x45, 0xb8, 0x8b, 0x4d,
    0xb0, 0x8d, 0x51, 0x01, 0x89, 0x55, 0xb0, 0x83, 0xf9, 0x07, 0x0f, 0x8c,
    0x23, 0x01, 0x00, 0x00, 0x4c, 0x89, 0xf7, 0x48, 0x89, 0xde, 0x48, 0x8d,
    0x55, 0xa8, 0xe8, 0x85, 0x06, 0x00, 0x00, 0x85, 0xc0, 0x0f, 0x85, 0x20,
    0x06, 0x00, 0x00, 0x8b, 0x45, 0x94, 0x4c, 0x8d, 0xa5, 0x60, 0xfe, 0xff,
    0xff, 0x4c, 0x8b, 0x45, 0xa0, 0xe9, 0xfd, 0x00, 0x00, 0x00, 0x44, 0x8b,
    0x7d, 0xcc, 0xe9, 0xb0, 0x03, 0x00, 0x00, 0x8d, 0x58, 0xff, 0xe9, 0xdd,
    0x02, 0x00, 0x00, 0x49, 0x83, 0xc4, 0x10, 0x85, 0xdb, 0xb8, 0x00, 0x00,
    0x00, 0x00, 0x0f, 0x4e, 0xd8, 0x4c, 0x8b, 0xb5, 0x68, 0xff, 0xff, 0xff,
    0x41, 0x29, 0xde, 0x0f, 0x8e, 0xc4, 0x00, 0x00, 0x00, 0x41, 0x83, 0xfe,
    0x11, 0x48, 0x8b, 0x5d, 0xc0, 0x73, 0x72, 0x44, 0x89, 0xf0, 0x49, 0xc7,
    0x04, 0x24, 0xd0, 0xfe, 0x41, 0x00, 0x89, 0xc0, 0x49, 0x89, 0x44, 0x24,
    0x08, 0x48, 0x01, 0x45, 0xb8, 0x8b, 0x45, 0xb0, 0x8d, 0x48, 0x01, 0x89,
    0x4d, 0xb0, 0x83, 0xf8, 0x07, 0x0f, 0x8c, 0x04, 0x01, 0x00, 0x00, 0x4c,
    0x8b, 0x75, 0x88, 0x4c, 0x89, 0xf7, 0x48, 0x89, 0xde, 0x48, 0x8d, 0x55,
    0xa8, 0xe8, 0xf6, 0x05, 0x00, 0x00, 0x4c, 0x8b, 0x45, 0xa0, 0x4c, 0x8d,
    0xa5, 0x60, 0xfe, 0xff, 0xff, 0x85, 0xc0, 0x0f, 0x84, 0xe6, 0x00, 0x00,
    0x00, 0xe9, 0x81, 0x05, 0x00, 0x00, 0x66, 0x66, 0x66, 0x66, 0x66, 0x2e,
    0x0f, 0x1f, 0x84, 0x00, 0x00, 0x00, 0x00, 0x00, 0x49, 0x83, 0xc4, 0x10,
    0x41, 0x8d, 0x46, 0xf0, 0x41, 0x83, 0xfe, 0x20, 0x41, 0x89, 0xc6, 0x7e,
    0x91, 0x49, 0xc7, 0x04, 0x24, 0xd0, 0xfe, 0x41, 0x00, 0x49, 0xc7, 0x44,
    0x24, 0x08, 0x10, 0x00, 0x00, 0x00, 0x48, 0x83, 0x45, 0xb8, 0x10, 0x8b,
    0x45, 0xb0, 0x8d, 0x48, 0x01, 0x89, 0x4d, 0xb0, 0x83, 0xf8, 0x07, 0x7c,
    0xcb, 0x48, 0x8b, 0x7d, 0x88, 0x48, 0x89, 0xde, 0x48, 0x8d, 0x55, 0xa8,
    0xe8, 0x8b, 0x05, 0x00, 0x00, 0x4c, 0x8b, 0x45, 0xa0, 0x4c, 0x8d, 0xa5,
    0x60, 0xfe, 0xff, 0xff, 0x85, 0xc0, 0x74, 0xb0, 0xe9, 0x1a, 0x05, 0x00,
    0x00, 0x48, 0x8b, 0x5d, 0xc0, 0xeb, 0x70, 0x49, 0x83, 0xc4, 0x10, 0x8b,
    0x4d, 0xd0, 0x83, 0xe1, 0x01, 0x09, 0xc1, 0x0b, 0x4d, 0x80, 0x0f, 0x84,
    0x60, 0x02, 0x00, 0x00, 0x48, 0x8b, 0x8d, 0x30, 0xff, 0xff, 0xff, 0x49,
    0x89, 0x0c, 0x24, 0x48, 0x8b, 0x8d, 0x40, 0xff, 0xff, 0xff, 0x49, 0x89,
    0x4c, 0x24, 0x08, 0x48, 0x01, 0x4d, 0xb8, 0x8b, 0x4d, 0xb0, 0x8d, 0x51,
    0x01, 0x89, 0x55, 0xb0, 0x83, 0xf9, 0x07, 0x0f, 0x8c, 0x00, 0x02, 0x00,
    0x00, 0x4c, 0x89, 0xf7, 0x48, 0x89, 0xde, 0x48, 0x8d, 0x55, 0xa8, 0xe8,
    0x20, 0x05, 0x00, 0x00, 0x85, 0xc0, 0x0f, 0x85, 0xbb, 0x04, 0x00, 0x00,
    0x8b, 0x45, 0x94, 0x4c, 0x8d, 0xa5, 0x60, 0xfe, 0xff, 0xff, 0x4c, 0x8b,
    0x45, 0xa0, 0xe9, 0xda, 0x01, 0x00, 0x00, 0x49, 0x83, 0xc4, 0x10, 0x4c,
    0x8b, 0x75, 0x88, 0x8b, 0x45, 0x94, 0xf6, 0x45, 0xd0, 0x01, 0x75, 0x05,
    0x3b, 0x45, 0x80, 0x7d, 0x54, 0x48, 0x8b, 0x8d, 0x30, 0xff, 0xff, 0xff,
    0x49, 0x89, 0x0c, 0x24, 0x48, 0x8b, 0x8d, 0x40, 0xff, 0xff, 0xff, 0x49,
    0x89, 0x4c, 0x24, 0x08, 0x48, 0x01, 0x4d, 0xb8, 0x8b, 0x4d, 0xb0, 0x8d,
    0x51, 0x01, 0x89, 0x55, 0xb0, 0x83, 0xf9, 0x07, 0x7c, 0x27, 0x4c, 0x89,
    0xf7, 0x48, 0x89, 0xde, 0x48, 0x8d, 0x55, 0xa8, 0xe8, 0xb7, 0x04, 0x00,
    0x00, 0x85, 0xc0, 0x0f, 0x85, 0x52, 0x04, 0x00, 0x00, 0x8b, 0x45, 0x94,
    0x4c, 0x8d, 0xa5, 0x60, 0xfe, 0xff, 0xff, 0x4c, 0x8b, 0x45, 0xa0, 0xeb,
    0x04, 0x49, 0x83, 0xc4, 0x10, 0x48, 0x8b, 0x4d, 0x80, 0x41, 0x89, 0xce,
    0x41, 0x29, 0xc6, 0x8b, 0x8d, 0x78, 0xff, 0xff, 0xff, 0x44, 0x39, 0xf1,
    0x44, 0x0f, 0x4c, 0xf1, 0x45, 0x85, 0xf6, 0x7e, 0x58, 0x48, 0x63, 0x8d,
    0x68, 0xff, 0xff, 0xff, 0x49, 0x01, 0xcf, 0x4d, 0x89, 0x3c, 0x24, 0x44,
    0x89, 0xf1, 0x49, 0x89, 0x4c, 0x24, 0x08, 0x48, 0x01, 0x4d, 0xb8, 0x8b,
    0x4d, 0xb0, 0x8d, 0x51, 0x01, 0x89, 0x55, 0xb0, 0x83, 0xf9, 0x07, 0x7c,
    0x2c, 0x48, 0x8b, 0x7d, 0x88, 0x48, 0x89, 0xde, 0x48, 0x8d, 0x55, 0xa8,
    0xe8, 0x47, 0x04, 0x00, 0x00, 0x85, 0xc0, 0x44, 0x8b, 0x7d, 0xcc, 0x0f,
    0x85, 0xe2, 0x03, 0x00, 0x00, 0x8b, 0x45, 0x94, 0x4c, 0x8d, 0xa5, 0x60,
    0xfe, 0xff, 0xff, 0x4c, 0x8b, 0x45, 0xa0, 0xeb, 0x08, 0x49, 0x83, 0xc4,
    0x10, 0x44, 0x8b, 0x7d, 0xcc, 0x45, 0x85, 0xf6, 0xb9, 0x00, 0x00, 0x00,
    0x00, 0x44, 0x0f, 0x4e, 0xf1, 0x41, 0x01, 0xc6, 0x48, 0x8b, 0x5d, 0x80,
    0x44, 0x29, 0xf3, 0x85, 0xdb, 0x7e, 0x6f, 0x83, 0xfb, 0x11, 0x72, 0x73,
    0x4c, 0x8b, 0x75, 0x88, 0xeb, 0x1c, 0x66, 0x66, 0x66, 0x66, 0x66, 0x2e,
    0x0f, 0x1f, 0x84, 0x00, 0x00, 0x00, 0x00, 0x00, 0x49, 0x83, 0xc4, 0x10,
    0x8d, 0x43, 0xf0, 0x83, 0xfb, 0x20, 0x89, 0xc3, 0x7e, 0x57, 0x49, 0xc7,
    0x04, 0x24, 0xd0, 0xfe, 0x41, 0x00, 0x49, 0xc7, 0x44, 0x24, 0x08, 0x10,
    0x00, 0x00, 0x00, 0x48, 0x83, 0x45, 0xb8, 0x10, 0x8b, 0x45, 0xb0, 0x8d,
    0x48, 0x01, 0x89, 0x4d, 0xb0, 0x83, 0xf8, 0x07, 0x7c, 0xce, 0x4c, 0x89,
    0xf7, 0x48, 0x8b, 0x75, 0xc0, 0x48, 0x8d, 0x55, 0xa8, 0xe8, 0xae, 0x03,
    0x00, 0x00, 0x4c, 0x8b, 0x45, 0xa0, 0x4c, 0x8d, 0xa5, 0x60, 0xfe, 0xff,
    0xff, 0x85, 0xc0, 0x74, 0xb3, 0xe9, 0x80, 0x03, 0x00, 0x00, 0x48, 0x8b,
    0x5d, 0xc0, 0xe9, 0x78, 0xf9, 0xff, 0xff, 0x89, 0xd8, 0x4c, 0x8b, 0x75,
    0x88, 0x49, 0xc7, 0x04, 0x24, 0xd0, 0xfe, 0x41, 0x00, 0x89, 0xc0, 0xeb,
    0x0d, 0x83, 0xc3, 0xf0, 0x49, 0xc7, 0x04, 0x24, 0xd0, 0xfe, 0x41, 0x00,
    0x89, 0xd8, 0x49, 0x89, 0x44, 0x24, 0x08, 0x48, 0x01, 0x45, 0xb8, 0x8b,
    0x45, 0xb0, 0x8d, 0x48, 0x01, 0x89, 0x4d, 0xb0, 0x83, 0xf8, 0x07, 0x7c,
    0x0c, 0x4c, 0x89, 0xf7, 0x48, 0x8b, 0x5d, 0xc0, 0xe9, 0xce, 0x00, 0x00,
    0x00, 0x49, 0x83, 0xc4, 0x10, 0x48, 0x8b, 0x5d, 0xc0, 0xf6, 0x45, 0xd0,
    0x04, 0x0f, 0x85, 0xe3, 0x00, 0x00, 0x00, 0xe9, 0x2c, 0x01, 0x00, 0x00,
    0x8d, 0x58, 0xff, 0x44, 0x8b, 0x7d, 0xcc, 0xeb, 0x49, 0x49, 0x83, 0xc4,
    0x10, 0x85, 0xc0, 0x0f, 0x88, 0xe4, 0x01, 0x00, 0x00, 0x4d, 0x89, 0x3c,
    0x24, 0x48, 0x63, 0x45, 0x80, 0x49, 0x89, 0x44, 0x24, 0x08, 0x48, 0x01,
    0x45, 0xb8, 0x8b, 0x45, 0xb0, 0x8d, 0x48, 0x01, 0x89, 0x4d, 0xb0, 0x83,
    0xf8, 0x07, 0x0f, 0x8d, 0x8a, 0xf7, 0xff, 0xff, 0x49, 0x83, 0xc4, 0x10,
    0x44, 0x8b, 0x7d, 0xcc, 0xf6, 0x45, 0xd0, 0x04, 0x0f, 0x85, 0x94, 0x00,
    0x00, 0x00, 0xe9, 0xdd, 0x00, 0x00, 0x00, 0x83, 0xc3, 0xf0, 0x49, 0xc7,
    0x04, 0x24, 0xd0, 0xfe, 0x41, 0x00, 0x89, 0xd8, 0x49, 0x89, 0x44, 0x24,
    0x08, 0x48, 0x01, 0x45, 0xb8, 0x8b, 0x45, 0xb0, 0x8d, 0x48, 0x01, 0x89,
    0x4d, 0xb0, 0x83, 0xf8, 0x07, 0x7c, 0x0c, 0x4c, 0x89, 0xf7, 0x48, 0x8b,
    0x5d, 0xc0, 0xe9, 0xfa, 0xf8, 0xff, 0xff, 0x49, 0x83, 0xc4, 0x10, 0x48,
    0x8b, 0x5d, 0xc0, 0x48, 0x8d, 0x85, 0x61, 0xff, 0xff, 0xff, 0x49, 0x89,
    0x04, 0x24, 0x48, 0x63, 0x85, 0x10, 0xff, 0xff, 0xff, 0x49, 0x89, 0x44,
    0x24, 0x08, 0x48, 0x01, 0x45, 0xb8, 0x8b, 0x45, 0xb0, 0x8d, 0x48, 0x01,
    0x89, 0x4d, 0xb0, 0x83, 0xf8, 0x07, 0x0f, 0x8c, 0x32, 0x01, 0x00, 0x00,
    0x4c, 0x89, 0xf7, 0x48, 0x89, 0xde, 0x48, 0x8d, 0x55, 0xa8, 0xe8, 0x75,
    0x02, 0x00, 0x00, 0x4c, 0x8b, 0x45, 0xa0, 0x4c, 0x8d, 0xa5, 0x60, 0xfe,
    0xff, 0xff, 0x85, 0xc0, 0x0f, 0x85, 0x09, 0x02, 0x00, 0x00, 0x66, 0x90,
    0xf6, 0x45, 0xd0, 0x04, 0x74, 0x4e, 0x45, 0x85, 0xc0, 0x7e, 0x49, 0x41,
    0x83, 0xf8, 0x11, 0x0f, 0x83, 0xb0, 0x00, 0x00, 0x00, 0x44, 0x89, 0xc0,
    0x49, 0xc7, 0x04, 0x24, 0xc0, 0xfe, 0x41, 0x00, 0x89, 0xc0, 0x49, 0x89,
    0x44, 0x24, 0x08, 0x48, 0x03, 0x45, 0xb8, 0x48, 0x89, 0x45, 0xb8, 0x8b,
    0x4d, 0xb0, 0x8d, 0x51, 0x01, 0x89, 0x55, 0xb0, 0x83, 0xf9, 0x07, 0x7c,
    0x1b, 0x4c, 0x89, 0xf7, 0x48, 0x89, 0xde, 0x48, 0x8d, 0x55, 0xa8, 0xe8,
    0x14, 0x02, 0x00, 0x00, 0x85, 0xc0, 0x0f, 0x85, 0xb3, 0x01, 0x00, 0x00,
    0x48, 0x8b, 0x45, 0xb8, 0x48, 0x8b, 0x8d, 0x48, 0xff, 0xff, 0xff, 0x8b,
    0x95, 0x20, 0xff, 0xff, 0xff, 0x39, 0xd1, 0x0f, 0x4f, 0xd1, 0x44, 0x01,
    0xfa, 0x41, 0x89, 0xd7, 0x48, 0x85, 0xc0, 0x74, 0x17, 0x4c, 0x89, 0xf7,
    0x48, 0x89, 0xde, 0x48, 0x8d, 0x55, 0xa8, 0xe8, 0xdc, 0x01, 0x00, 0x00,
    0x85, 0xc0, 0x0f, 0x85, 0x7b, 0x01, 0x00, 0x00, 0xc7, 0x45, 0xb0, 0x00,
    0x00, 0x00, 0x00, 0x4c, 0x8d, 0xa5, 0x60, 0xfe, 0xff, 0xff, 0x66, 0x0f,
    0x28, 0x95, 0x50, 0xff, 0xff, 0xff, 0xe9, 0xab, 0xe3, 0xff, 0xff, 0x66,
    0x0f, 0x1f, 0x84, 0x00, 0x00, 0x00, 0x00, 0x00, 0x49, 0x83, 0xc4, 0x10,
    0x41, 0x8d, 0x40, 0xf0, 0x41, 0x83, 0xf8, 0x20, 0x41, 0x89, 0xc0, 0x0f,
    0x8e, 0x53, 0xff, 0xff, 0xff, 0x49, 0xc7, 0x04, 0x24, 0xc0, 0xfe, 0x41,
    0x00, 0x49, 0xc7, 0x44, 0x24, 0x08, 0x10, 0x00, 0x00, 0x00, 0x48, 0x83,
    0x45, 0xb8, 0x10, 0x8b, 0x45, 0xb0, 0x8d, 0x48, 0x01, 0x89, 0x4d, 0xb0,
    0x83, 0xf8, 0x07, 0x7c, 0xc7, 0x4c, 0x89, 0xf7, 0x48, 0x89, 0xde, 0x48,
    0x8d, 0x55, 0xa8, 0x4d, 0x89, 0xc4, 0xe8, 0x65, 0x01, 0x00, 0x00, 0x4d,
    0x89, 0xe0, 0x4c, 0x8d, 0xa5, 0x60, 0xfe, 0xff, 0xff, 0x85, 0xc0, 0x74,
    0xab, 0xe9, 0xf9, 0x00, 0x00, 0x00, 0x49, 0x83, 0xc4, 0x10, 0xf6, 0x45,
    0xd0, 0x04, 0x0f, 0x85, 0xea, 0xfe, 0xff, 0xff, 0xe9, 0x33, 0xff, 0xff,
    0xff, 0x89, 0xc3, 0xf7, 0xdb, 0x83, 0xf8, 0xef, 0x76, 0x60, 0x89, 0xd8,
    0x49, 0xc7, 0x04, 0x24, 0xd0, 0xfe, 0x41, 0x00, 0x89, 0xc0, 0x49, 0x89,
    0x44, 0x24, 0x08, 0x48, 0x01, 0x45, 0xb8, 0x8b, 0x45, 0xb0, 0x8d, 0x48,
    0x01, 0x89, 0x4d, 0xb0, 0x83, 0xf8, 0x07, 0x0f, 0x8c, 0x9a, 0x00, 0x00,
    0x00, 0x4c, 0x89, 0xf7, 0x48, 0x8b, 0x5d, 0xc0, 0x48, 0x89, 0xde, 0x48,
    0x8d, 0x55, 0xa8, 0xe8, 0xfc, 0x00, 0x00, 0x00, 0x4c, 0x8b, 0x45, 0xa0,
    0x4c, 0x8d, 0xa5, 0x60, 0xfe, 0xff, 0xff, 0x85, 0xc0, 0x0f, 0x84, 0xc6,
    0xfd, 0xff, 0xff, 0xe9, 0x87, 0x00, 0x00, 0x00, 0x49, 0x83, 0xc4, 0x10,
    0x8d, 0x43, 0xf0, 0x83, 0xfb, 0x20, 0x89, 0xc3, 0x7e, 0xa2, 0x49, 0xc7,
    0x04, 0x24, 0xd0, 0xfe, 0x41, 0x00, 0x49, 0xc7, 0x44, 0x24, 0x08, 0x10,
    0x00, 0x00, 0x00, 0x48, 0x83, 0x45, 0xb8, 0x10, 0x8b, 0x45, 0xb0, 0x8d,
    0x48, 0x01, 0x89, 0x4d, 0xb0, 0x83, 0xf8, 0x07, 0x7c, 0xce, 0x4c, 0x89,
    0xf7, 0x48, 0x8b, 0x75, 0xc0, 0x48, 0x8d, 0x55, 0xa8, 0xe8, 0xa2, 0x00,
    0x00, 0x00, 0x4c, 0x8b, 0x45, 0xa0, 0x4c, 0x8d, 0xa5, 0x60, 0xfe, 0xff,
    0xff, 0x85, 0xc0, 0x74, 0xb3, 0xeb, 0x30, 0x03, 0x95, 0x24, 0xff, 0xff,
    0xff, 0x45, 0x85, 0xc0, 0xb9, 0x01, 0x00, 0x00, 0x00, 0x0f, 0x45, 0xca,
    0x41, 0xbe, 0x66, 0x00, 0x00, 0x00, 0xe9, 0x38, 0xf1, 0xff, 0xff, 0x49,
    0x83, 0xc4, 0x10, 0x48, 0x8b, 0x5d, 0xc0, 0xe9, 0x45, 0xfd, 0xff, 0xff,
    0x89, 0xc1, 0xe9, 0x24, 0xf1, 0xff, 0xff, 0x48, 0x8b, 0x5d, 0xc0, 0x44,
    0x8b, 0x7d, 0xcc, 0x0f, 0xb6, 0x4b, 0x10, 0x80, 0xe1, 0x40, 0x31, 0xc0,
    0xf6, 0xd9, 0x19, 0xc0, 0x44, 0x09, 0xf8, 0x48, 0x81, 0xc4, 0x88, 0x01,
    0x00, 0x00, 0x5b, 0x41, 0x5c, 0x41, 0x5d, 0x41, 0x5e, 0x41, 0x5f, 0x5d,
    0xc3, 0x48, 0x83, 0x7d, 0xb8, 0x00, 0x74, 0x16, 0x48, 0x8d, 0x55, 0xa8,
    0x48, 0x8b, 0x7d, 0x88, 0x48, 0x8b, 0x5d, 0xc0, 0x48, 0x89, 0xde, 0xe8,
    0x1c, 0x00, 0x00, 0x00, 0xeb, 0xc1, 0x48, 0x8b, 0x5d, 0xc0, 0xeb, 0xbb,
    0x41, 0xc7, 0x06, 0x0c, 0x00, 0x00, 0x00, 0xb8, 0xff, 0xff, 0xff, 0xff,
    0xeb, 0xbd, 0xcc, 0xcc, 0xcc, 0xcc, 0xcc, 0xcc, 0x55, 0x48, 0x89, 0xe5,
    0x41, 0x57, 0x41, 0x56, 0x41, 0x55, 0x41, 0x54, 0x53, 0x50, 0x48, 0x89,
    0xd3, 0x49, 0x89, 0xf7, 0x48, 0x8b, 0x72, 0x10, 0x31, 0xc0, 0x48, 0x85,
    0xf6, 0x74, 0x5c, 0x49, 0x89, 0xfc, 0x4c, 0x8b, 0x33, 0x49, 0x83, 0xc6,
    0x08, 0xeb, 0x0e, 0x0f, 0x1f, 0x44, 0x00, 0x00, 0x49, 0x83, 0xc6, 0x10,
    0x48, 0x85, 0xf6, 0x74, 0x39, 0x8b, 0x4b, 0x08, 0x8d, 0x51, 0xff, 0x89,
    0x53, 0x08, 0x85, 0xc9, 0x7e, 0x2c, 0x4d, 0x8b, 0x2e, 0x4d, 0x85, 0xed,
    0x74, 0xe2, 0x49, 0x8b, 0x56, 0xf8, 0x4c, 0x89, 0xe7, 0x4c, 0x89, 0xfe,
    0x4c, 0x89, 0xe9, 0xe8, 0x40, 0x00, 0x00, 0x00, 0x83, 0xf8, 0xff, 0x74,
    0x11, 0x48, 0x8b, 0x73, 0x10, 0x4c, 0x29, 0xee, 0x48, 0x89, 0x73, 0x10,
    0xeb, 0xbe, 0x31, 0xc0, 0xeb, 0x05, 0xb8, 0xff, 0xff, 0xff, 0xff, 0x48,
    0xc7, 0x43, 0x10, 0x00, 0x00, 0x00, 0x00, 0xc7, 0x43, 0x08, 0x00, 0x00,
    0x00, 0x00, 0x48, 0x83, 0xc4, 0x08, 0x5b, 0x41, 0x5c, 0x41, 0x5d, 0x41,
    0x5e, 0x41, 0x5f, 0x5d, 0xc3, 0xcc, 0xcc, 0xcc, 0xcc, 0xcc, 0xcc, 0xcc,
    0x55, 0x48, 0x89, 0xe5, 0x41, 0x57, 0x41, 0x56, 0x41, 0x55, 0x41, 0x54,
    0x53, 0x50, 0x48, 0x89, 0xf3, 0x48, 0x63, 0x76, 0x0c, 0x48, 0x39, 0xf1,
    0x73, 0x08, 0x48, 0x8b, 0x3b, 0xe9, 0xcb, 0x00, 0x00, 0x00, 0x48, 0x89,
    0xf8, 0x44, 0x0f, 0xb7, 0x43, 0x10, 0x48, 0x8b, 0x3b, 0x41, 0xf7, 0xc0,
    0x80, 0x04, 0x00, 0x00, 0x0f, 0x84, 0xb3, 0x00, 0x00, 0x00, 0x48, 0x89,
    0x55, 0xd0, 0x48, 0x8b, 0x73, 0x18, 0x48, 0x29, 0xf7, 0x8b, 0x53, 0x20,
    0x8d, 0x14, 0x52, 0x41, 0x89, 0xd1, 0x41, 0xc1, 0xe9, 0x1f, 0x41, 0x01,
    0xd1, 0x41, 0xd1, 0xf9, 0x4d, 0x63, 0xe9, 0x4c, 0x63, 0xf7, 0x49, 0x89,
    0xcc, 0x4c, 0x01, 0xf1, 0x48, 0xff, 0xc1, 0x4c, 0x39, 0xe9, 0x4c, 0x0f,
    0x47, 0xe9, 0x49, 0x63, 0xd5, 0x49, 0x89, 0xc7, 0x48, 0x89, 0xc7, 0x41,
    0xf7, 0xc0, 0x00, 0x04, 0x00, 0x00, 0x75, 0x1b, 0xe8, 0x3b, 0x48, 0xff,
    0xff, 0x48, 0x89, 0xc7, 0x48, 0x85, 0xc0, 0x75, 0x41, 0x48, 0x8b, 0x73,
    0x18, 0x4c, 0x89, 0xff, 0xe8, 0x67, 0x33, 0xff, 0xff, 0xeb, 0x7f, 0x48,
    0x89, 0xd6, 0xe8, 0xed, 0x36, 0xff, 0xff, 0x48, 0x85, 0xc0, 0x74, 0x72,
    0x48, 0x8b, 0x73, 0x18, 0x49, 0x89, 0xc7, 0x48, 0x89, 0xc7, 0x4c, 0x89,
    0xf2, 0xe8, 0xe6, 0x42, 0x00, 0x00, 0x4c, 0x89, 0xff, 0xb8, 0x7f, 0xfb,
    0xff, 0xff, 0x23, 0x43, 0x10, 0x0d, 0x80, 0x00, 0x00, 0x00, 0x66, 0x89,
    0x43, 0x10, 0x48, 0x89, 0x7b, 0x18, 0x4c, 0x01, 0xf7, 0x48, 0x89, 0x3b,
    0x44, 0x89, 0x6b, 0x20, 0x45, 0x29, 0xf5, 0x44, 0x89, 0x6b, 0x0c, 0x4c,
    0x89, 0xe1, 0x48, 0x63, 0xf1, 0x48, 0x8b, 0x55, 0xd0, 0x48, 0x39, 0xf1,
    0x48, 0x0f, 0x42, 0xf1, 0x4c, 0x63, 0xf6, 0x48, 0x89, 0xd6, 0x4c, 0x89,
    0xf2, 0xe8, 0x7e, 0x12, 0x00, 0x00, 0x44, 0x29, 0x73, 0x0c, 0x4c, 0x01,
    0x33, 0x31, 0xc0, 0x48, 0x83, 0xc4, 0x08, 0x5b, 0x41, 0x5c, 0x41, 0x5d,
    0x41, 0x5e, 0x41, 0x5f, 0x5d, 0xc3, 0x41, 0xc7, 0x07, 0x0c, 0x00, 0x00,
    0x00, 0x80, 0x4b, 0x10, 0x40, 0xb8, 0xff, 0xff, 0xff, 0xff, 0xeb, 0xdf,
    0xcc, 0xcc, 0xcc, 0xcc, 0x55, 0x48, 0x89, 0xe5, 0x41, 0x56, 0x53, 0x48,
    0x85, 0xff, 0x74, 0x18, 0x48, 0x83, 0x7f, 0x48, 0x00, 0x75, 0x11, 0x48,
    0x89, 0xfb, 0x49, 0x89, 0xf6, 0xe8, 0x02, 0x05, 0x00, 0x00, 0x48, 0x89,
    0xdf, 0x4c, 0x89, 0xf6, 0x8b, 0x46, 0x08, 0x8d, 0x48, 0xff, 0x89, 0x4e,
    0x08, 0x85, 0xc0, 0x7e, 0x12, 0x48, 0x8b, 0x06, 0x48, 0x8d, 0x48, 0x01,
    0x48, 0x89, 0x0e, 0x0f, 0xb6, 0x00, 0x5b, 0x41, 0x5e, 0x5d, 0xc3, 0x5b,
    0x41, 0x5e, 0x5d, 0xe9, 0xd4, 0xd4, 0xff, 0xff, 0x0f, 0x1f, 0x40, 0x00,
    0x55, 0x48, 0x89, 0xe5, 0x41, 0x56, 0x53, 0x48, 0x89, 0xfb, 0x4c, 0x8b,
    0x35, 0x87, 0xa7, 0x00, 0x00, 0x4d, 0x85, 0xf6, 0x74, 0x0f, 0x49, 0x83,
    0x7e, 0x48, 0x00, 0x75, 0x08, 0x4c, 0x89, 0xf7, 0xe8, 0xab, 0x04, 0x00,
    0x00, 0x8b, 0x43, 0x08, 0x8d, 0x48, 0xff, 0x89, 0x4b, 0x08, 0x85, 0xc0,
    0x7e, 0x12, 0x48, 0x8b, 0x03, 0x48, 0x8d, 0x48, 0x01, 0x48, 0x89, 0x0b,
    0x0f, 0xb6, 0x00, 0x5b, 0x41, 0x5e, 0x5d, 0xc3, 0x4c, 0x89, 0xf7, 0x48,
    0x89, 0xde, 0x5b, 0x41, 0x5e, 0x5d, 0xe9, 0x7d, 0xd4, 0xff, 0xff, 0xcc,
    0xcc, 0xcc, 0xcc, 0xcc, 0xcc, 0xcc, 0xcc, 0xcc, 0xcc, 0xcc, 0xcc, 0xcc,
    0x83, 0xfa, 0x02, 0x7d, 0x03, 0x31, 0xc0, 0xc3, 0x55, 0x48, 0x89, 0xe5,
    0x41, 0x57, 0x41, 0x56, 0x41, 0x55, 0x41, 0x54, 0x53, 0x48, 0x83, 0xec,
    0x18, 0x49, 0x89, 0xce, 0x41, 0x89, 0xd7, 0x48, 0x85, 0xff, 0x74, 0x18,
    0x48, 0x83, 0x7f, 0x48, 0x00, 0x75, 0x11, 0x49, 0x89, 0xfc, 0x48, 0x89,
    0xf3, 0xe8, 0x3a, 0x04, 0x00, 0x00, 0x4c, 0x89, 0xe7, 0x48, 0x89, 0xde,
    0x48, 0x89, 0x7d, 0xc8, 0x41, 0xff, 0xcf, 0x48, 0x89, 0x75, 0xd0, 0x49,
    0x89, 0xf4, 0x66, 0x0f, 0x1f, 0x44, 0x00, 0x00, 0x41, 0x8b, 0x46, 0x08,
    0x85, 0xc0, 0x75, 0x18, 0x48, 0x8b, 0x7d, 0xc8, 0x4c, 0x89, 0xf6, 0xe8,
    0x0c, 0xd5, 0xff, 0xff, 0x85, 0xc0, 0x0f, 0x85, 0x80, 0x00, 0x00, 0x00,
    0x41, 0x8b, 0x46, 0x08, 0x49, 0x8b, 0x1e, 0x44, 0x39, 0xf8, 0x41, 0x0f,
    0x43, 0xc7, 0x4c, 0x63, 0xe8, 0x48, 0x89, 0xdf, 0xbe, 0x0a, 0x00, 0x00,
    0x00, 0x4c, 0x89, 0xea, 0xe8, 0xb3, 0x0f, 0x00, 0x00, 0x48, 0x85, 0xc0,
    0x75, 0x24, 0x45, 0x29, 0x6e, 0x08, 0x4d, 0x01, 0x2e, 0x4c, 0x89, 0xe7,
    0x48, 0x89, 0xde, 0x4c, 0x89, 0xea, 0xe8, 0x19, 0x41, 0x00, 0x00, 0x4d,
    0x01, 0xec, 0x45, 0x29, 0xef, 0x75, 0xa1, 0x41, 0xc6, 0x04, 0x24, 0x00,
    0xeb, 0x23, 0x48, 0xff, 0xc0, 0x49, 0x89, 0xc7, 0x49, 0x29, 0xdf, 0x45,
    0x29, 0x7e, 0x08, 0x49, 0x89, 0x06, 0x4c, 0x89, 0xe7, 0x48, 0x89, 0xde,
    0x4c, 0x89, 0xfa, 0xe8, 0xec, 0x40, 0x00, 0x00, 0x43, 0xc6, 0x04, 0x3c,
    0x00, 0x48, 0x8b, 0x45, 0xd0, 0x48, 0x83, 0xc4, 0x18, 0x5b, 0x41, 0x5c,
    0x41, 0x5d, 0x41, 0x5e, 0x41, 0x5f, 0x5d, 0xc3, 0x4c, 0x3b, 0x65, 0xd0,
    0x75, 0xbd, 0x31, 0xc0, 0xeb, 0xe7, 0x66, 0x2e, 0x0f, 0x1f, 0x84, 0x00,
    0x00, 0x00, 0x00, 0x00, 0x55, 0x48, 0x89, 0xe5, 0x48, 0x89, 0xd1, 0x89,
    0xf2, 0x48, 0x89, 0xfe, 0x48, 0x8b, 0x3d, 0x25, 0xa6, 0x00, 0x00, 0x5d,
    0xe9, 0xe7, 0xfe, 0xff, 0xff, 0xcc, 0xcc, 0xcc, 0xcc, 0xcc, 0xcc, 0xcc,
    0x55, 0x48, 0x89, 0xe5, 0x53, 0x50, 0x48, 0x8b, 0x05, 0x0b, 0xa6, 0x00,
    0x00, 0x48, 0x85, 0xc0, 0x74, 0x07, 0x48, 0x83, 0x78, 0x48, 0x00, 0x74,
    0x0d, 0x66, 0x83, 0x7f, 0x10, 0x00, 0x74, 0x1b, 0x0f, 0xbf, 0x47, 0x12,
    0xeb, 0x27, 0x48, 0x89, 0xfb, 0x48, 0x89, 0xc7, 0xe8, 0x1f, 0x03, 0x00,
    0x00, 0x48, 0x89, 0xdf, 0x66, 0x83, 0x7f, 0x10, 0x00, 0x75, 0xe5, 0x48,
    0x8b, 0x05, 0xd6, 0xa5, 0x00, 0x00, 0xc7, 0x00, 0x09, 0x00, 0x00, 0x00,
    0xb8, 0xff, 0xff, 0xff, 0xff, 0x48, 0x83, 0xc4, 0x08, 0x5b, 0x5d, 0xc3,
    0xcc, 0xcc, 0xcc, 0xcc, 0xcc, 0xcc, 0xcc, 0xcc, 0xcc, 0xcc, 0xcc, 0xcc,
    0x55, 0x48, 0x89, 0xe5, 0x41, 0x57, 0x41, 0x56, 0x53, 0x50, 0x48, 0x89,
    0xfb, 0xe8, 0x1e, 0x01, 0x00, 0x00, 0x41, 0xbe, 0x30, 0x28, 0x42, 0x00,
    0x4d, 0x89, 0xf7, 0x41, 0x8b, 0x46, 0x08, 0x85, 0xc0, 0x7e, 0x23, 0x4d,
    0x8b, 0x77, 0x10, 0xff, 0xc0, 0x0f, 0x1f, 0x80, 0x00, 0x00, 0x00, 0x00,
    0x66, 0x41, 0x83, 0x7e, 0x10, 0x00, 0x74, 0x59, 0x49, 0x81, 0xc6, 0xb0,
    0x00, 0x00, 0x00, 0xff, 0xc8, 0x83, 0xf8, 0x01, 0x7f, 0xea, 0x4d, 0x8b,
    0x37, 0x4d, 0x85, 0xf6, 0x75, 0xca, 0xbe, 0xd8, 0x02, 0x00, 0x00, 0x48,
    0x89, 0xdf, 0xe8, 0xd5, 0x33, 0xff, 0xff, 0x48, 0x85, 0xc0, 0x0f, 0x84,
    0xa3, 0x00, 0x00, 0x00, 0x49, 0x89, 0xc6, 0x48, 0xc7, 0x00, 0x00, 0x00,
    0x00, 0x00, 0xc7, 0x40, 0x08, 0x04, 0x00, 0x00, 0x00, 0x48, 0x89, 0xc7,
    0x48, 0x83, 0xc7, 0x18, 0x48, 0x89, 0x78, 0x10, 0xba, 0xc0, 0x02, 0x00,
    0x00, 0x31, 0xf6, 0xe8, 0xe4, 0x40, 0x00, 0x00, 0x4d, 0x89, 0x37, 0xeb,
    0x87, 0x41, 0xc7, 0x46, 0x10, 0x01, 0x00, 0xff, 0xff, 0x41, 0xc7, 0x86,
    0xac, 0x00, 0x00, 0x00, 0x00, 0x00, 0x00, 0x00, 0x0f, 0x57, 0xc0, 0x41,
    0x0f, 0x11, 0x06, 0x49, 0xc7, 0x46, 0x18, 0x00, 0x00, 0x00, 0x00, 0x41,
    0xc7, 0x46, 0x20, 0x00, 0x00, 0x00, 0x00, 0x41, 0xc7, 0x46, 0x28, 0x00,
    0x00, 0x00, 0x00, 0x49, 0x8d, 0xbe, 0xa4, 0x00, 0x00, 0x00, 0xba, 0x08,
    0x00, 0x00, 0x00, 0x31, 0xf6, 0xe8, 0x9a, 0x40, 0x00, 0x00, 0x49, 0xc7,
    0x46, 0x58, 0x00, 0x00, 0x00, 0x00, 0x41, 0xc7, 0x46, 0x60, 0x00, 0x00,
    0x00, 0x00, 0x49, 0xc7, 0x46, 0x78, 0x00, 0x00, 0x00, 0x00, 0x41, 0xc7,
    0x86, 0x80, 0x00, 0x00, 0x00, 0x00, 0x00, 0x00, 0x00, 0x4c, 0x89, 0xf0,
    0x48, 0x83, 0xc4, 0x08, 0x5b, 0x41, 0x5e, 0x41, 0x5f, 0x5d, 0xc3, 0x49,
    0xc7, 0x07, 0x00, 0x00, 0x00, 0x00, 0xc7, 0x03, 0x0c, 0x00, 0x00, 0x00,
    0x45, 0x31, 0xf6, 0xeb, 0xe0, 0x0f, 0x1f, 0x80, 0x00, 0x00, 0x00, 0x00,
    0x55, 0x48, 0x89, 0xe5, 0x5d, 0xc3, 0x66, 0x2e, 0x0f, 0x1f, 0x84, 0x00,
    0x00, 0x00, 0x00, 0x00, 0x48, 0x83, 0x3d, 0xd8, 0xab, 0x00, 0x00, 0x00,
    0x74, 0x01, 0xc3, 0x55, 0x48, 0x89, 0xe5, 0x48, 0xc7, 0x05, 0xc6, 0xab,
    0x00, 0x00, 0x60, 0x89, 0x41, 0x00, 0x0f, 0x57, 0xc0, 0x0f, 0x29, 0x05,
    0xac, 0xa9, 0x00, 0x00, 0xc7, 0x05, 0xb2, 0xa9, 0x00, 0x00, 0x04, 0x00,
    0x00, 0x00, 0xc7, 0x05, 0x44, 0xaa, 0x00, 0x00, 0x00, 0x00, 0x00, 0x00,
    0x48, 0xc7, 0x05, 0xa5, 0xa9, 0x00, 0x00, 0x00, 0x00, 0x00, 0x00, 0xc7,
    0x05, 0xa3, 0xa9, 0x00, 0x00, 0x00, 0x00, 0x00, 0x00, 0xc7, 0x05, 0xa1,
    0xa9, 0x00, 0x00, 0x00, 0x00, 0x00, 0x00, 0xbf, 0x34, 0x31, 0x42, 0x00,
    0xba, 0x08, 0x00, 0x00, 0x00, 0x31, 0xf6, 0xe8, 0xd8, 0x3f, 0x00, 0x00,
    0x48, 0xc7, 0x05, 0x8d, 0xa9, 0x00, 0x00, 0x90, 0x30, 0x42, 0x00, 0x48,
    0xc7, 0x05, 0x8a, 0xa9, 0x00, 0x00, 0x80, 0x89, 0x41, 0x00, 0x48, 0xc7,
    0x05, 0x87, 0xa9, 0x00, 0x00, 0xc0, 0x89, 0x41, 0x00, 0x48, 0xc7, 0x05,
    0x84, 0xa9, 0x00, 0x00, 0x20, 0x8a, 0x41, 0x00, 0x48, 0xc7, 0x05, 0x81,
    0xa9, 0x00, 0x00, 0x60, 0x8a, 0x41, 0x00, 0x0f, 0x57, 0xc0, 0x0f, 0x29,
    0x05, 0xd7, 0xa9, 0x00, 0x00, 0xc7, 0x05, 0xdd, 0xa9, 0x00, 0x00, 0x09,
    0x00, 0x01, 0x00, 0xc7, 0x05, 0x6f, 0xaa, 0x00, 0x00, 0x00, 0x00, 0x00,
    0x00, 0x48, 0xc7, 0x05, 0xd0, 0xa9, 0x00, 0x00, 0x00, 0x00, 0x00, 0x00,
    0xc7, 0x05, 0xce, 0xa9, 0x00, 0x00, 0x00, 0x00, 0x00, 0x00, 0xc7, 0x05,
    0xcc, 0xa9, 0x00, 0x00, 0x00, 0x00, 0x00, 0x00, 0xbf, 0xe4, 0x31, 0x42,
    0x00, 0xba, 0x08, 0x00, 0x00, 0x00, 0x31, 0xf6, 0xe8, 0x53, 0x3f, 0x00,
    0x00, 0x48, 0xc7, 0x05, 0xb8, 0xa9, 0x00, 0x00, 0x40, 0x31, 0x42, 0x00,
    0x48, 0xc7, 0x05, 0xb5, 0xa9, 0x00, 0x00, 0x80, 0x89, 0x41, 0x00, 0x48,
    0xc7, 0x05, 0xb2, 0xa9, 0x00, 0x00, 0xc0, 0x89, 0x41, 0x00, 0x48, 0xc7,
    0x05, 0xaf, 0xa9, 0x00, 0x00, 0x20, 0x8a, 0x41, 0x00, 0x48, 0xc7, 0x05,
    0xac, 0xa9, 0x00, 0x00, 0x60, 0x8a, 0x41, 0x00, 0x0f, 0x57, 0xc0, 0x0f,
    0x29, 0x05, 0x02, 0xaa, 0x00, 0x00, 0xc7, 0x05, 0x08, 0xaa, 0x00, 0x00,
    0x12, 0x00, 0x02, 0x00, 0xc7, 0x05, 0x9a, 0xaa, 0x00, 0x00, 0x00, 0x00,
    0x00, 0x00, 0x48, 0xc7, 0x05, 0xfb, 0xa9, 0x00, 0x00, 0x00, 0x00, 0x00,
    0x00, 0xc7, 0x05, 0xf9, 0xa9, 0x00, 0x00, 0x00, 0x00, 0x00, 0x00, 0xc7,
    0x05, 0xf7, 0xa9, 0x00, 0x00, 0x00, 0x00, 0x00, 0x00, 0xbf, 0x94, 0x32,
    0x42, 0x00, 0xba, 0x08, 0x00, 0x00, 0x00, 0x31, 0xf6, 0xe8, 0xce, 0x3e,
    0x00, 0x00, 0x48, 0xc7, 0x05, 0xe3, 0xa9, 0x00, 0x00, 0xf0, 0x31, 0x42,
    0x00, 0x48, 0xc7, 0x05, 0xe0, 0xa9, 0x00, 0x00, 0x80, 0x89, 0x41, 0x00,
    0x48, 0xc7, 0x05, 0xdd, 0xa9, 0x00, 0x00, 0xc0, 0x89, 0x41, 0x00, 0x48,
    0xc7, 0x05, 0xda, 0xa9, 0x00, 0x00, 0x20, 0x8a, 0x41, 0x00, 0x48, 0xc7,
    0x05, 0xd7, 0xa9, 0x00, 0x00, 0x60, 0x8a, 0x41, 0x00, 0x5d, 0xc3, 0x0f,
    0x1f, 0x44, 0x00, 0x00, 0x55, 0x48, 0x89, 0xe5, 0x5d, 0xc3, 0x66, 0x2e,
    0x0f, 0x1f, 0x84, 0x00, 0x00, 0x00, 0x00, 0x00, 0x55, 0x48, 0x89, 0xe5,
    0x48, 0x83, 0x7f, 0x48, 0x00, 0x74, 0x02, 0x5d, 0xc3, 0x48, 0xc7, 0x47,
    0x48, 0xa0, 0x88, 0x41, 0x00, 0x5d, 0xe9, 0x25, 0xfe, 0xff, 0xff, 0x0f,
    0x1f, 0x44, 0x00, 0x00, 0x55, 0x48, 0x89, 0xe5, 0x53, 0x50, 0x48, 0x89,
    0xfb, 0x48, 0x8b, 0x77, 0x08, 0x48, 0x81, 0xfe, 0x90, 0x30, 0x42, 0x00,
    0x74, 0x08, 0x48, 0x89, 0xdf, 0xe8, 0x52, 0xd4, 0xff, 0xff, 0x48, 0x8b,
    0x73, 0x10, 0x48, 0x81, 0xfe, 0x40, 0x31, 0x42, 0x00, 0x74, 0x08, 0x48,
    0x89, 0xdf, 0xe8, 0x3d, 0xd4, 0xff, 0xff, 0x48, 0x8b, 0x73, 0x18, 0x48,
    0x81, 0xfe, 0xf0, 0x31, 0x42, 0x00, 0x74, 0x0e, 0x48, 0x89, 0xdf, 0x48,
    0x83, 0xc4, 0x08, 0x5b, 0x5d, 0xe9, 0x22, 0xd4, 0xff, 0xff, 0x48, 0x83,
    0xc4, 0x08, 0x5b, 0x5d, 0xc3, 0x66, 0x66, 0x2e, 0x0f, 0x1f, 0x84, 0x00,
    0x00, 0x00, 0x00, 0x00, 0x55, 0x48, 0x89, 0xe5, 0xbe, 0x20, 0x89, 0x41,
    0x00, 0xba, 0x30, 0x28, 0x42, 0x00, 0x31, 0xff, 0x5d, 0xe9, 0x7a, 0xd3,
    0xff, 0xff, 0x66, 0x2e, 0x0f, 0x1f, 0x84, 0x00, 0x00, 0x00, 0x00, 0x00,
    0x55, 0x48, 0x89, 0xe5, 0x31, 0xc0, 0x5d, 0xc3, 0x0f, 0x1f, 0x84, 0x00,
    0x00, 0x00, 0x00, 0x00, 0x55, 0x48, 0x89, 0xe5, 0xbe, 0x50, 0x89, 0x41,
    0x00, 0xba, 0x30, 0x28, 0x42, 0x00, 0x31, 0xff, 0x5d, 0xe9, 0x4a, 0xd3,
    0xff, 0xff, 0x66, 0x2e, 0x0f, 0x1f, 0x84, 0x00, 0x00, 0x00, 0x00, 0x00,
    0x55, 0x48, 0x89, 0xe5, 0x31, 0xc0, 0x5d, 0xc3, 0x0f, 0x1f, 0x84, 0x00,
    0x00, 0x00, 0x00, 0x00, 0x55, 0x48, 0x89, 0xe5, 0xbf, 0xf0, 0x29, 0x42,
    0x00, 0xbe, 0x10, 0x5d, 0x41, 0x00, 0xba, 0x30, 0x28, 0x42, 0x00, 0x5d,
    0xe9, 0x17, 0xd3, 0xff, 0xff, 0xcc, 0xcc, 0xcc, 0xcc, 0xcc, 0xcc, 0xcc,
    0x55, 0x48, 0x89, 0xe5, 0x53, 0x50, 0x48, 0x89, 0xf3, 0x0f, 0xbf, 0x76,
    0x12, 0x48, 0x63, 0xc9, 0xe8, 0x4b, 0x3e, 0x00, 0x00, 0x48, 0x85, 0xc0,
    0x78, 0x09, 0x48, 0x01, 0x83, 0x90, 0x00, 0x00, 0x00, 0xeb, 0x04, 0x80,
    0x63, 0x11, 0xef, 0x48, 0x83, 0xc4, 0x08, 0x5b, 0x5d, 0xc3, 0x66, 0x90,
    0x55, 0x48, 0x89, 0xe5, 0x31, 0xc0, 0x5d, 0xc3, 0x0f, 0x1f, 0x84, 0x00,
    0x00, 0x00, 0x00, 0x00, 0x55, 0x48, 0x89, 0xe5, 0x41, 0x57, 0x41, 0x56,
    0x41, 0x54, 0x53, 0x89, 0xcb, 0x49, 0x89, 0xf6, 0x0f, 0xb7, 0x46, 0x10,
    0xa9, 0x00, 0x01, 0x00, 0x00, 0x74, 0x22, 0x41, 0x0f, 0xbf, 0x76, 0x12,
    0x49, 0x89, 0xff, 0x49, 0x89, 0xd4, 0x31, 0xd2, 0xb9, 0x02, 0x00, 0x00,
    0x00, 0xe8, 0x3e, 0x3b, 0x00, 0x00, 0x4c, 0x89, 0xff, 0x4c, 0x89, 0xe2,
    0x41, 0x0f, 0xb7, 0x46, 0x10, 0x25, 0xff, 0xef, 0x00, 0x00, 0x66, 0x41,
    0x89, 0x46, 0x10, 0x41, 0x0f, 0xbf, 0x76, 0x12, 0x48, 0x63, 0xcb, 0x5b,
    0x41, 0x5c, 0x41, 0x5e, 0x41, 0x5f, 0x5d, 0xe9, 0xa4, 0x3e, 0x00, 0x00,
    0x0f, 0x1f, 0x40, 0x00, 0x55, 0x48, 0x89, 0xe5, 0x53, 0x50, 0x48, 0x89,
    0xf3, 0x0f, 0xbf, 0x76, 0x12, 0xe8, 0xfe, 0x3a, 0x00, 0x00, 0x0f, 0xb7,
    0x4b, 0x10, 0x48, 0x83, 0xf8, 0xff, 0x74, 0x13, 0x81, 0xc9, 0x00, 0x10,
    0x00, 0x00, 0x66, 0x89, 0x4b, 0x10, 0x48, 0x89, 0x83, 0x90, 0x00, 0x00,
    0x00, 0xeb, 0x0a, 0x81, 0xe1, 0xff, 0xef, 0x00, 0x00, 0x66, 0x89, 0x4b,
    0x10, 0x48, 0x83, 0xc4, 0x08, 0x5b, 0x5d, 0xc3, 0x55, 0x48, 0x89, 0xe5,
    0x0f, 0xbf, 0x76, 0x12, 0x5d, 0xe9, 0xc2, 0x38, 0x00, 0x00, 0xcc, 0xcc,
    0x55, 0x48, 0x89, 0xe5, 0x41, 0x57, 0x41, 0x56, 0x41, 0x54, 0x53, 0x48,
    0x83, 0xec, 0x10, 0x49, 0x89, 0xf7, 0x48, 0x89, 0xfb, 0x48, 0x8d, 0x45,
    0xdc, 0x48, 0x89, 0xd6, 0x48, 0x89, 0xc2, 0xe8, 0xdc, 0x00, 0x00, 0x00,
    0x85, 0xc0, 0x0f, 0x84, 0x9a, 0x00, 0x00, 0x00, 0x41, 0x89, 0xc6, 0x48,
    0x89, 0xdf, 0xe8, 0xe9, 0xfa, 0xff, 0xff, 0x48, 0x85, 0xc0, 0x0f, 0x84,
    0x86, 0x00, 0x00, 0x00, 0x49, 0x89, 0xc4, 0x8b, 0x55, 0xdc, 0x48, 0x89,
    0xdf, 0x4c, 0x89, 0xfe, 0xb9, 0xb6, 0x01, 0x00, 0x00, 0xe8, 0xba, 0x3a,
    0x00, 0x00, 0x85, 0xc0, 0x78, 0x5a, 0x89, 0xc1, 0x4c, 0x89, 0xe0, 0x66,
    0x41, 0x89, 0x4c, 0x24, 0x12, 0x66, 0x45, 0x89, 0x74, 0x24, 0x10, 0x4d,
    0x89, 0x64, 0x24, 0x30, 0x49, 0xc7, 0x44, 0x24, 0x38, 0x80, 0x89, 0x41,
    0x00, 0x49, 0xc7, 0x44, 0x24, 0x40, 0xc0, 0x89, 0x41, 0x00, 0x49, 0xc7,
    0x44, 0x24, 0x48, 0x20, 0x8a, 0x41, 0x00, 0x49, 0xc7, 0x44, 0x24, 0x50,
    0x60, 0x8a, 0x41, 0x00, 0x41, 0xf7, 0xc6, 0x00, 0x01, 0x00, 0x00, 0x74,
    0x2b, 0x48, 0x89, 0xdf, 0x48, 0x89, 0xc6, 0x31, 0xd2, 0xb9, 0x02, 0x00,
    0x00, 0x00, 0xe8, 0xe1, 0x00, 0x00, 0x00, 0x4c, 0x89, 0xe0, 0xeb, 0x14,
    0xe8, 0x87, 0xfb, 0xff, 0xff, 0x66, 0x41, 0xc7, 0x44, 0x24, 0x10, 0x00,
    0x00, 0xe8, 0x3a, 0xfd, 0xff, 0xff, 0x31, 0xc0, 0x48, 0x83, 0xc4, 0x10,
    0x5b, 0x41, 0x5c, 0x41, 0x5e, 0x41, 0x5f, 0x5d, 0xc3, 0x66, 0x66, 0x2e,
    0x0f, 0x1f, 0x84, 0x00, 0x00, 0x00, 0x00, 0x00, 0x55, 0x48, 0x89, 0xe5,
    0x48, 0x89, 0xf2, 0x48, 0x89, 0xfe, 0x48, 0x8b, 0x3d, 0xe7, 0x9f, 0x00,
    0x00, 0x5d, 0xe9, 0x09, 0xff, 0xff, 0xff, 0xcc, 0xcc, 0xcc, 0xcc, 0xcc,
    0xcc, 0xcc, 0xcc, 0xcc, 0x0f, 0xb6, 0x06, 0x83, 0xf8, 0x61, 0x74, 0x26,
    0x83, 0xf8, 0x72, 0x74, 0x16, 0x83, 0xf8, 0x77, 0x75, 0x72, 0xbf, 0x00,
    0x06, 0x00, 0x00, 0xb9, 0x01, 0x00, 0x00, 0x00, 0xb8, 0x08, 0x00, 0x00,
    0x00, 0xeb, 0x1a, 0x31, 0xc9, 0xb8, 0x04, 0x00, 0x00, 0x00, 0x31, 0xff,
    0xeb, 0x0f, 0xbf, 0x08, 0x02, 0x00, 0x00, 0xb9, 0x01, 0x00, 0x00, 0x00,
    0xb8, 0x08, 0x01, 0x00, 0x00, 0x55, 0x48, 0x89, 0xe5, 0x41, 0x89, 0xc8,
    0x41, 0x81, 0xc8, 0x00, 0x08, 0x00, 0x00, 0x0f, 0x1f, 0x44, 0x00, 0x00,
    0x44, 0x0f, 0xb6, 0x4e, 0x01, 0x45, 0x85, 0xc9, 0x74, 0x24, 0x48, 0xff,
    0xc6, 0x41, 0x83, 0xf9, 0x78, 0x74, 0x08, 0x41, 0x83, 0xf9, 0x2b, 0x75,
    0xe7, 0xeb, 0x05, 0x44, 0x89, 0xc1, 0xeb, 0xe0, 0x83, 0xe0, 0xe3, 0x83,
    0xc8, 0x10, 0x83, 0xe1, 0xfc, 0x83, 0xc9, 0x02, 0xeb, 0xc3, 0x09, 0xf9,
    0x89, 0x0a, 0x5d, 0xc3, 0xc7, 0x07, 0x16, 0x00, 0x00, 0x00, 0x31, 0xc0,
    0xc3, 0xcc, 0xcc, 0xcc, 0x55, 0x48, 0x89, 0xe5, 0x5d, 0xe9, 0x06, 0x04,
    0x00, 0x00, 0x66, 0x0f, 0x1f, 0x44, 0x00, 0x00, 0x55, 0x48, 0x89, 0xe5,
    0x89, 0xd1, 0x48, 0x89, 0xf2, 0x48, 0x89, 0xfe, 0x48, 0x8b, 0x3d, 0x25,
    0x9f, 0x00, 0x00, 0x5d, 0xe9, 0xe7, 0x03, 0x00, 0x00, 0xcc, 0xcc, 0xcc,
    0xcc, 0xcc, 0xcc, 0xcc, 0x55, 0x48, 0x89, 0xe5, 0x48, 0x81, 0xec, 0xd0,
    0x00, 0x00, 0x00, 0x48, 0x89, 0x8d, 0x48, 0xff, 0xff, 0xff, 0x4c, 0x89,
    0x85, 0x50, 0xff, 0xff, 0xff, 0x4c, 0x89, 0x8d, 0x58, 0xff, 0xff, 0xff,
    0x84, 0xc0, 0x74, 0x26, 0x0f, 0x29, 0x85, 0x60, 0xff, 0xff, 0xff, 0x0f,
    0x29, 0x8d, 0x70, 0xff, 0xff, 0xff, 0x0f, 0x29, 0x55, 0x80, 0x0f, 0x29,
    0x5d, 0x90, 0x0f, 0x29, 0x65, 0xa0, 0x0f, 0x29, 0x6d, 0xb0, 0x0f, 0x29,
    0x75, 0xc0, 0x0f, 0x29, 0x7d, 0xd0, 0x48, 0x8d, 0x85, 0x30, 0xff, 0xff,
    0xff, 0x48, 0x89, 0x45, 0xf0, 0x48, 0x8d, 0x45, 0x10, 0x48, 0x89, 0x45,
    0xe8, 0x48, 0xb8, 0x18, 0x00, 0x00, 0x00, 0x30, 0x00, 0x00, 0x00, 0x48,
    0x89, 0x45, 0xe0, 0x48, 0x8d, 0x4d, 0xe0, 0xe8, 0x8c, 0x45, 0xff, 0xff,
    0x48, 0x81, 0xc4, 0xd0, 0x00, 0x00, 0x00, 0x5d, 0xc3, 0x0f, 0x1f, 0x00,
    0x55, 0x48, 0x89, 0xe5, 0x48, 0x81, 0xec, 0xd0, 0x00, 0x00, 0x00, 0x49,
    0x89, 0xf2, 0x48, 0x89, 0xfe, 0x48, 0x89, 0x95, 0x40, 0xff, 0xff, 0xff,
    0x48, 0x89, 0x8d, 0x48, 0xff, 0xff, 0xff, 0x4c, 0x89, 0x85, 0x50, 0xff,
    0xff, 0xff, 0x4c, 0x89, 0x8d, 0x58, 0xff, 0xff, 0xff, 0x84, 0xc0, 0x74,
    0x26, 0x0f, 0x29, 0x85, 0x60, 0xff, 0xff, 0xff, 0x0f, 0x29, 0x8d, 0x70,
    0xff, 0xff, 0xff, 0x0f, 0x29, 0x55, 0x80, 0x0f, 0x29, 0x5d, 0x90, 0x0f,
    0x29, 0x65, 0xa0, 0x0f, 0x29, 0x6d, 0xb0, 0x0f, 0x29, 0x75, 0xc0, 0x0f,
    0x29, 0x7d, 0xd0, 0x48, 0x8d, 0x85, 0x30, 0xff, 0xff, 0xff, 0x48, 0x89,
    0x45, 0xf0, 0x48, 0x8d, 0x45, 0x10, 0x48, 0x89, 0x45, 0xe8, 0x48, 0xb8,
    0x10, 0x00, 0x00, 0x00, 0x30, 0x00, 0x00, 0x00, 0x48, 0x89, 0x45, 0xe0,
    0x48, 0x8b, 0x3d, 0x19, 0x9e, 0x00, 0x00, 0x48, 0x8d, 0x4d, 0xe0, 0x4c,
    0x89, 0xd2, 0xe8, 0xf5, 0x44, 0xff, 0xff, 0x48, 0x81, 0xc4, 0xd0, 0x00,
    0x00, 0x00, 0x5d, 0xc3, 0xcc, 0xcc, 0xcc, 0xcc, 0xcc, 0xcc, 0xcc, 0xcc,
    0xcc, 0xcc, 0xcc, 0xcc, 0x48, 0x85, 0xff, 0x0f, 0x84, 0x37, 0xca, 0xff,
    0xff, 0x48, 0x83, 0x7f, 0x48, 0x00, 0x0f, 0x85, 0x2c, 0xca, 0xff, 0xff,
    0x55, 0x48, 0x89, 0xe5, 0x41, 0x57, 0x41, 0x56, 0x53, 0x50, 0x48, 0x89,
    0xfb, 0x49, 0x89, 0xd6, 0x41, 0x89, 0xf7, 0xe8, 0x04, 0xfb, 0xff, 0xff,
    0x48, 0x89, 0xdf, 0x44, 0x89, 0xfe, 0x4c, 0x89, 0xf2, 0x48, 0x83, 0xc4,
    0x08, 0x5b, 0x41, 0x5e, 0x41, 0x5f, 0x5d, 0xe9, 0xfc, 0xc9, 0xff, 0xff,
    0x66, 0x66, 0x66, 0x2e, 0x0f, 0x1f, 0x84, 0x00, 0x00, 0x00, 0x00, 0x00,
    0x55, 0x48, 0x89, 0xe5, 0x41, 0x57, 0x41, 0x56, 0x53, 0x50, 0x48, 0x89,
    0xf2, 0x89, 0xfb, 0x48, 0x8b, 0x3d, 0x92, 0x9d, 0x00, 0x00, 0x48, 0x85,
    0xff, 0x74, 0x18, 0x48, 0x83, 0x7f, 0x48, 0x00, 0x75, 0x11, 0x49, 0x89,
    0xfe, 0x49, 0x89, 0xd7, 0xe8, 0xb3, 0xfa, 0xff, 0xff, 0x4c, 0x89, 0xf7,
    0x4c, 0x89, 0xfa, 0x89, 0xde, 0x48, 0x83, 0xc4, 0x08, 0x5b, 0x41, 0x5e,
    0x41, 0x5f, 0x5d, 0xe9, 0xac, 0xc9, 0xff, 0xff, 0xcc, 0xcc, 0xcc, 0xcc,
    0xcc, 0xcc, 0xcc, 0xcc, 0xcc, 0xcc, 0xcc, 0xcc, 0x55, 0x48, 0x89, 0xe5,
    0x41, 0x57, 0x41, 0x56, 0x53, 0x50, 0x48, 0x89, 0xd3, 0x41, 0x89, 0xf7,
    0x49, 0x89, 0xfe, 0x48, 0x85, 0xff, 0x74, 0x0f, 0x49, 0x83, 0x7e, 0x48,
    0x00, 0x75, 0x08, 0x4c, 0x89, 0xf7, 0xe8, 0x69, 0xfa, 0xff, 0xff, 0x8b,
    0x43, 0x28, 0x89, 0x43, 0x0c, 0x0f, 0xb7, 0x43, 0x10, 0xa8, 0x08, 0x74,
    0x20, 0x48, 0x83, 0x7b, 0x18, 0x00, 0x74, 0x19, 0xa9, 0x00, 0x20, 0x00,
    0x00, 0x75, 0x37, 0x0d, 0x00, 0x20, 0x00, 0x00, 0x66, 0x89, 0x43, 0x10,
    0x80, 0xa3, 0xad, 0x00, 0x00, 0x00, 0xdf, 0xeb, 0x33, 0x4c, 0x89, 0xf7,
    0x48, 0x89, 0xde, 0xe8, 0xc0, 0x00, 0x00, 0x00, 0x89, 0xc1, 0xb8, 0xff,
    0xff, 0xff, 0xff, 0x85, 0xc9, 0x0f, 0x85, 0x83, 0x00, 0x00, 0x00, 0x0f,
    0xb7, 0x43, 0x10, 0xa9, 0x00, 0x20, 0x00, 0x00, 0x74, 0xc9, 0xb8, 0xff,
    0xff, 0xff, 0xff, 0xf6, 0x83, 0xad, 0x00, 0x00, 0x00, 0x20, 0x75, 0x6a,
    0x48, 0x8b, 0x03, 0x8b, 0x53, 0x18, 0x89, 0xc1, 0x29, 0xd1, 0x39, 0x4b,
    0x20, 0x7f, 0x1b, 0x4c, 0x89, 0xf7, 0x48, 0x89, 0xde, 0xe8, 0x4e, 0xd1,
    0xff, 0xff, 0x89, 0xc1, 0xb8, 0xff, 0xff, 0xff, 0xff, 0x85, 0xc9, 0x75,
    0x45, 0x48, 0x8b, 0x03, 0x31, 0xc9, 0xff, 0x4b, 0x0c, 0x45, 0x0f, 0xb6,
    0xff, 0x48, 0x8d, 0x50, 0x01, 0x48, 0x89, 0x13, 0x44, 0x88, 0x38, 0xff,
    0xc1, 0x3b, 0x4b, 0x20, 0x74, 0x0f, 0x41, 0x83, 0xff, 0x0a, 0x75, 0x1f,
    0x0f, 0xb7, 0x43, 0x10, 0x83, 0xe0, 0x01, 0x74, 0x16, 0x4c, 0x89, 0xf7,
    0x48, 0x89, 0xde, 0xe8, 0x0c, 0xd1, 0xff, 0xff, 0x89, 0xc1, 0xb8, 0xff,
    0xff, 0xff, 0xff, 0x85, 0xc9, 0x75, 0x03, 0x44, 0x89, 0xf8, 0x48, 0x83,
    0xc4, 0x08, 0x5b, 0x41, 0x5e, 0x41, 0x5f, 0x5d, 0xc3, 0x0f, 0x1f, 0x00,
    0x55, 0x48, 0x89, 0xe5, 0x48, 0x89, 0xf2, 0x89, 0xfe, 0x48, 0x8b, 0x3d,
    0x48, 0x9c, 0x00, 0x00, 0x5d, 0xe9, 0xea, 0xfe, 0xff, 0xff, 0xcc, 0xcc,
    0xcc, 0xcc, 0xcc, 0xcc, 0xcc, 0xcc, 0xcc, 0xcc, 0x55, 0x48, 0x89, 0xe5,
    0x41, 0x56, 0x53, 0x48, 0x89, 0xf3, 0x48, 0x8b, 0x05, 0x27, 0x9c, 0x00,
    0x00, 0x48, 0x85, 0xc0, 0x74, 0x15, 0x48, 0x83, 0x78, 0x48, 0x00, 0x75,
    0x0e, 0x49, 0x89, 0xfe, 0x48, 0x89, 0xc7, 0xe8, 0x48, 0xf9, 0xff, 0xff,
    0x4c, 0x89, 0xf7, 0x0f, 0xb7, 0x4b, 0x10, 0xf6, 0xc1, 0x08, 0x75, 0x59,
    0xf6, 0xc1, 0x10, 0x75, 0x0b, 0xc7, 0x07, 0x09, 0x00, 0x00, 0x00, 0xe9,
    0x9d, 0x00, 0x00, 0x00, 0xf6, 0xc1, 0x04, 0x74, 0x3d, 0x48, 0x8b, 0x73,
    0x58, 0x48, 0x85, 0xf6, 0x74, 0x20, 0x48, 0x8d, 0x43, 0x74, 0x48, 0x39,
    0xc6, 0x74, 0x0f, 0x49, 0x89, 0xfe, 0xe8, 0xbd, 0x26, 0xff, 0xff, 0x4c,
    0x89, 0xf7, 0x0f, 0xb7, 0x4b, 0x10, 0x48, 0xc7, 0x43, 0x58, 0x00, 0x00,
    0x00, 0x00, 0x81, 0xe1, 0xdb, 0xff, 0x00, 0x00, 0xc7, 0x43, 0x08, 0x00,
    0x00, 0x00, 0x00, 0x48, 0x8b, 0x43, 0x18, 0x48, 0x89, 0x03, 0x83, 0xc9,
    0x08, 0x66, 0x89, 0x4b, 0x10, 0x48, 0x83, 0x7b, 0x18, 0x00, 0x75, 0x1d,
    0x89, 0xc8, 0x25, 0x80, 0x02, 0x00, 0x00, 0x0f, 0xb7, 0xc0, 0x3d, 0x00,
    0x02, 0x00, 0x00, 0x74, 0x0c, 0x48, 0x89, 0xde, 0xe8, 0x43, 0xcb, 0xff,
    0xff, 0x0f, 0xb7, 0x4b, 0x10, 0xf6, 0xc1, 0x01, 0x75, 0x0f, 0x31, 0xc0,
    0xf6, 0xc1, 0x02, 0x75, 0x03, 0x8b, 0x43, 0x20, 0x89, 0x43, 0x0c, 0xeb,
    0x0f, 0xc7, 0x43, 0x0c, 0x00, 0x00, 0x00, 0x00, 0x31, 0xc0, 0x2b, 0x43,
    0x20, 0x89, 0x43, 0x28, 0x31, 0xc0, 0x84, 0xc9, 0x79, 0x13, 0x48, 0x83,
    0x7b, 0x18, 0x00, 0x75, 0x0c, 0x83, 0xc9, 0x40, 0x66, 0x89, 0x4b, 0x10,
    0xb8, 0xff, 0xff, 0xff, 0xff, 0x5b, 0x41, 0x5e, 0x5d, 0xc3, 0xcc, 0xcc,
    0xcc, 0xcc, 0xcc, 0xcc, 0xcc, 0xcc, 0xcc, 0xcc, 0xcc, 0xcc, 0xcc, 0xcc,
    0x55, 0x48, 0x89, 0xe5, 0x41, 0x57, 0x41, 0x56, 0x41, 0x55, 0x41, 0x54,
    0x53, 0x48, 0x81, 0xec, 0x88, 0x00, 0x00, 0x00, 0x41, 0x89, 0xcc, 0x49,
    0x89, 0xd7, 0x48, 0x89, 0xf3, 0x49, 0x89, 0xfe, 0x48, 0x85, 0xff, 0x74,
    0x0f, 0x49, 0x83, 0x7e, 0x48, 0x00, 0x75, 0x08, 0x4c, 0x89, 0xf7, 0xe8,
    0x3c, 0xf8, 0xff, 0xff, 0x8b, 0x43, 0x10, 0xf7, 0xd0, 0xa9, 0x08, 0x01,
    0x00, 0x00, 0x75, 0x0b, 0x4c, 0x89, 0xf7, 0x48, 0x89, 0xde, 0xe8, 0x85,
    0xcf, 0xff, 0xff, 0x48, 0x8b, 0x43, 0x48, 0x48, 0x85, 0xc0, 0x0f, 0x84,
    0x8d, 0x00, 0x00, 0x00, 0x4c, 0x89, 0x7d, 0xc8, 0x41, 0xb7, 0x01, 0x45,
    0x31, 0xed, 0x45, 0x85, 0xe4, 0x0f, 0x84, 0x8b, 0x00, 0x00, 0x00, 0x41,
    0x83, 0xfc, 0x02, 0x0f, 0x84, 0x81, 0x00, 0x00, 0x00, 0x41, 0x83, 0xfc,
    0x01, 0x0f, 0x85, 0xbf, 0x00, 0x00, 0x00, 0x48, 0x89, 0x45, 0xd0, 0x4c,
    0x89, 0xf7, 0x48, 0x89, 0xde, 0xe8, 0x42, 0xcf, 0xff, 0xff, 0x0f, 0xb7,
    0x43, 0x10, 0xa9, 0x00, 0x10, 0x00, 0x00, 0x0f, 0x85, 0xb2, 0x00, 0x00,
    0x00, 0x48, 0x8b, 0x73, 0x30, 0x4c, 0x89, 0xf7, 0x31, 0xd2, 0xb9, 0x01,
    0x00, 0x00, 0x00, 0xff, 0x55, 0xd0, 0x48, 0x83, 0xf8, 0xff, 0x0f, 0x84,
    0xf0, 0x00, 0x00, 0x00, 0x49, 0x89, 0xc5, 0x0f, 0xb7, 0x43, 0x10, 0xa8,
    0x04, 0x0f, 0x84, 0x97, 0x00, 0x00, 0x00, 0x48, 0x63, 0x43, 0x08, 0x49,
    0x29, 0xc5, 0x48, 0x83, 0x7b, 0x58, 0x00, 0x0f, 0x84, 0x98, 0x00, 0x00,
    0x00, 0x48, 0x63, 0x43, 0x70, 0x49, 0x29, 0xc5, 0xe9, 0x8c, 0x00, 0x00,
    0x00, 0x41, 0xc7, 0x06, 0x1d, 0x00, 0x00, 0x00, 0xb8, 0xff, 0xff, 0xff,
    0xff, 0xe9, 0x08, 0x03, 0x00, 0x00, 0x48, 0x89, 0x45, 0xd0, 0x48, 0x83,
    0x7b, 0x18, 0x00, 0x75, 0x0b, 0x4c, 0x89, 0xf7, 0x48, 0x89, 0xde, 0xe8,
    0xe4, 0xc9, 0xff, 0xff, 0x0f, 0xb7, 0x43, 0x10, 0xa9, 0x1a, 0x08, 0x00,
    0x00, 0x0f, 0x85, 0x60, 0x02, 0x00, 0x00, 0xa9, 0x00, 0x04, 0x00, 0x00,
    0x0f, 0x85, 0xba, 0x00, 0x00, 0x00, 0x48, 0x81, 0x7d, 0xd0, 0x20, 0x8a,
    0x41, 0x00, 0x74, 0x57, 0x0d, 0x00, 0x08, 0x00, 0x00, 0x66, 0x89, 0x43,
    0x10, 0xe9, 0x3d, 0x02, 0x00, 0x00, 0x41, 0xc7, 0x06, 0x16, 0x00, 0x00,
    0x00, 0xb8, 0xff, 0xff, 0xff, 0xff, 0xe9, 0xaf, 0x02, 0x00, 0x00, 0x4c,
    0x8b, 0xab, 0x90, 0x00, 0x00, 0x00, 0xa8, 0x04, 0x0f, 0x85, 0x69, 0xff,
    0xff, 0xff, 0xa8, 0x08, 0x74, 0x0f, 0x48, 0x8b, 0x03, 0x48, 0x85, 0xc0,
    0x74, 0x07, 0x49, 0x01, 0xc5, 0x4c, 0x2b, 0x6b, 0x18, 0x4c, 0x01, 0x6d,
    0xc8, 0x45, 0x31, 0xe4, 0x45, 0x31, 0xff, 0x48, 0x83, 0x7b, 0x18, 0x00,
    0x75, 0x8a, 0xe9, 0x7a, 0xff, 0xff, 0xff, 0x0f, 0xbf, 0x73, 0x12, 0x85,
    0xf6, 0x78, 0xa1, 0x48, 0x8d, 0x95, 0x58, 0xff, 0xff, 0xff, 0x4c, 0x89,
    0xf7, 0xe8, 0xa2, 0x32, 0x00, 0x00, 0x85, 0xc0, 0x74, 0x10, 0x0f, 0xb7,
    0x43, 0x10, 0xeb, 0x88, 0xb8, 0xff, 0xff, 0xff, 0xff, 0xe9, 0x4c, 0x02,
    0x00, 0x00, 0xb9, 0x00, 0xf0, 0x00, 0x00, 0x23, 0x8d, 0x5c, 0xff, 0xff,
    0xff, 0x0f, 0xb7, 0x43, 0x10, 0x81, 0xf9, 0x00, 0x80, 0x00, 0x00, 0x0f,
    0x85, 0x63, 0xff, 0xff, 0xff, 0xc7, 0x83, 0x88, 0x00, 0x00, 0x00, 0x00,
    0x04, 0x00, 0x00, 0x0d, 0x00, 0x04, 0x00, 0x00, 0x66, 0x89, 0x43, 0x10,
    0x4c, 0x8b, 0x55, 0xc8, 0x45, 0x85, 0xe4, 0x74, 0x26, 0x0f, 0xbf, 0x73,
    0x12, 0x48, 0x8d, 0x95, 0x58, 0xff, 0xff, 0xff, 0x4c, 0x89, 0xf7, 0xe8,
    0x44, 0x32, 0x00, 0x00, 0x85, 0xc0, 0x0f, 0x85, 0x77, 0x01, 0x00, 0x00,
    0x4c, 0x8b, 0x95, 0x68, 0xff, 0xff, 0xff, 0x4c, 0x03, 0x55, 0xc8, 0x45,
    0x84, 0xff, 0x74, 0x2b, 0xf6, 0x43, 0x11, 0x10, 0x75, 0x34, 0x48, 0x8b,
    0x73, 0x30, 0x4c, 0x89, 0xf7, 0x31, 0xd2, 0xb9, 0x01, 0x00, 0x00, 0x00,
    0x4d, 0x89, 0xd7, 0xff, 0x55, 0xd0, 0x4d, 0x89, 0xfa, 0x49, 0x89, 0xc5,
    0x48, 0x83, 0xf8, 0xff, 0x75, 0x1b, 0xe9, 0x3c, 0x01, 0x00, 0x00, 0x4c,
    0x8d, 0x7b, 0x58, 0x48, 0x8b, 0x73, 0x58, 0x48, 0x85, 0xf6, 0x75, 0x24,
    0xeb, 0x36, 0x4c, 0x8b, 0xab, 0x90, 0x00, 0x00, 0x00, 0x48, 0x63, 0x43,
    0x08, 0x49, 0x29, 0xc5, 0x4c, 0x8d, 0x7b, 0x58, 0x48, 0x8b, 0x73, 0x58,
    0x48, 0x85, 0xf6, 0x74, 0x1b, 0x48, 0x63, 0x43, 0x70, 0x49, 0x29, 0xc5,
    0x48, 0x63, 0x43, 0x08, 0x49, 0x01, 0xc5, 0x48, 0x8d, 0x53, 0x68, 0xb9,
    0x70, 0x00, 0x00, 0x00, 0x31, 0xc0, 0xeb, 0x0c, 0xb0, 0x01, 0xb9, 0x08,
    0x00, 0x00, 0x00, 0x31, 0xf6, 0x48, 0x89, 0xda, 0x48, 0x8b, 0x12, 0x48,
    0x8b, 0x7b, 0x18, 0x48, 0x29, 0xfa, 0x4d, 0x89, 0xe9, 0x49, 0x29, 0xd1,
    0x4d, 0x89, 0xd0, 0x4d, 0x29, 0xc8, 0x7c, 0x41, 0x48, 0x63, 0x0c, 0x0b,
    0x49, 0x01, 0xcd, 0x4d, 0x39, 0xea, 0x73, 0x35, 0x01, 0xca, 0x49, 0x63,
    0xc8, 0x48, 0x01, 0xcf, 0x48, 0x89, 0x3b, 0x29, 0xca, 0x89, 0x53, 0x08,
    0x84, 0xc0, 0x75, 0x18, 0x48, 0x8d, 0x43, 0x74, 0x48, 0x39, 0xc6, 0x74,
    0x08, 0x4c, 0x89, 0xf7, 0xe8, 0x47, 0x23, 0xff, 0xff, 0x49, 0xc7, 0x07,
    0x00, 0x00, 0x00, 0x00, 0x80, 0x63, 0x10, 0xdf, 0xe9, 0xfd, 0x00, 0x00,
    0x00, 0x4c, 0x89, 0x7d, 0xc0, 0x31, 0xc0, 0x2b, 0x83, 0x88, 0x00, 0x00,
    0x00, 0x4c, 0x63, 0xe8, 0x4d, 0x21, 0xd5, 0x48, 0x8b, 0x73, 0x30, 0x4c,
    0x89, 0xf7, 0x4c, 0x89, 0xea, 0x31, 0xc9, 0x4d, 0x89, 0xd7, 0xff, 0x55,
    0xd0, 0x48, 0x83, 0xf8, 0xff, 0x74, 0x68, 0x4c, 0x89, 0xf9, 0xc7, 0x43,
    0x08, 0x00, 0x00, 0x00, 0x00, 0x48, 0x8b, 0x43, 0x18, 0x48, 0x8b, 0x73,
    0x58, 0x48, 0x89, 0x03, 0x48, 0x85, 0xf6, 0x74, 0x1f, 0x48, 0x8d, 0x43,
    0x74, 0x48, 0x39, 0xc6, 0x74, 0x0b, 0x4c, 0x89, 0xf7, 0xe8, 0xe2, 0x22,
    0xff, 0xff, 0x4c, 0x89, 0xf9, 0x48, 0x8b, 0x45, 0xc0, 0x48, 0xc7, 0x00,
    0x00, 0x00, 0x00, 0x00, 0x80, 0x63, 0x10, 0xdf, 0x4c, 0x29, 0xe9, 0x0f,
    0x84, 0x8d, 0x00, 0x00, 0x00, 0x4c, 0x89, 0xf7, 0x48, 0x89, 0xde, 0x49,
    0x89, 0xcf, 0xe8, 0x09, 0xc6, 0xff, 0xff, 0x85, 0xc0, 0x75, 0x10, 0x4c,
    0x89, 0xf9, 0x48, 0x63, 0x43, 0x08, 0x49, 0x39, 0xc7, 0x0f, 0x86, 0x95,
    0x00, 0x00, 0x00, 0x4c, 0x89, 0xf7, 0x48, 0x89, 0xde, 0xe8, 0x4a, 0xcc,
    0xff, 0xff, 0x89, 0xc1, 0xb8, 0xff, 0xff, 0xff, 0xff, 0x85, 0xc9, 0x75,
    0x6d, 0x48, 0x8b, 0x73, 0x30, 0x4c, 0x89, 0xf7, 0x48, 0x8b, 0x55, 0xc8,
    0x44, 0x89, 0xe1, 0xff, 0x55, 0xd0, 0x48, 0x89, 0xc1, 0xb8, 0xff, 0xff,
    0xff, 0xff, 0x48, 0x83, 0xf9, 0xff, 0x74, 0x4e, 0x48, 0x8b, 0x73, 0x58,
    0x48, 0x85, 0xf6, 0x74, 0x19, 0x48, 0x8d, 0x43, 0x74, 0x48, 0x39, 0xc6,
    0x74, 0x08, 0x4c, 0x89, 0xf7, 0xe8, 0x56, 0x22, 0xff, 0xff, 0x48, 0xc7,
    0x43, 0x58, 0x00, 0x00, 0x00, 0x00, 0x48, 0x8b, 0x43, 0x18, 0x48, 0x89,
    0x03, 0xc7, 0x43, 0x08, 0x00, 0x00, 0x00, 0x00, 0x66, 0x81, 0x63, 0x10,
    0xdf, 0xf7, 0x48, 0x81, 0xc3, 0xa4, 0x00, 0x00, 0x00, 0xba, 0x08, 0x00,
    0x00, 0x00, 0x48, 0x89, 0xdf, 0x31, 0xf6, 0xe8, 0xf4, 0x32, 0x00, 0x00,
    0x31, 0xc0, 0x48, 0x81, 0xc4, 0x88, 0x00, 0x00, 0x00, 0x5b, 0x41, 0x5c,
    0x41, 0x5d, 0x41, 0x5e, 0x41, 0x5f, 0x5d, 0xc3, 0x48, 0x01, 0x0b, 0x29,
    0xc8, 0x89, 0x43, 0x08, 0xeb, 0xcc, 0x66, 0x0f, 0x1f, 0x44, 0x00, 0x00,
    0x55, 0x48, 0x89, 0xe5, 0x89, 0xd1, 0x48, 0x89, 0xf2, 0x48, 0x89, 0xfe,
    0x48, 0x8b, 0x3d, 0x05, 0x97, 0x00, 0x00, 0x5d, 0xe9, 0xc7, 0xfb, 0xff,
    0xff, 0xcc, 0xcc, 0xcc, 0xcc, 0xcc, 0xcc, 0xcc, 0x40, 0xf6, 0xc7, 0x07,
    0x0f, 0x84, 0xd3, 0x00, 0x00, 0x00, 0x48, 0x89, 0xd1, 0x48, 0x83, 0xe9,
    0x01, 0x73, 0x03, 0x31, 0xc0, 0xc3, 0x40, 0x38, 0x37, 0x75, 0x04, 0x48,
    0x89, 0xf8, 0xc3, 0x48, 0x8d, 0x47, 0x01, 0xa8, 0x07, 0x0f, 0x84, 0xac,
    0x00, 0x00, 0x00, 0x48, 0x85, 0xc9, 0x74, 0xe3, 0x40, 0x38, 0x30, 0x74,
    0xe0, 0x48, 0x8d, 0x4a, 0xfe, 0x48, 0x8d, 0x47, 0x02, 0xa8, 0x07, 0x0f,
    0x84, 0x92, 0x00, 0x00, 0x00, 0x48, 0x85, 0xc9, 0x74, 0xc9, 0x40, 0x38,
    0x30, 0x74, 0xc6, 0x48, 0x8d, 0x4a, 0xfd, 0x48, 0x8d, 0x47, 0x03, 0xa8,
    0x07, 0x74, 0x7c, 0x48, 0x85, 0xc9, 0x74, 0xb3, 0x40, 0x38, 0x30, 0x74,
    0xb0, 0x48, 0x8d, 0x4a, 0xfc, 0x48, 0x8d, 0x47, 0x04, 0xa8, 0x07, 0x74,
    0x66, 0x48, 0x85, 0xc9, 0x74, 0x9d, 0x40, 0x38, 0x30, 0x74, 0x9a, 0x48,
    0x8d, 0x4a, 0xfb, 0x48, 0x8d, 0x47, 0x05, 0xa8, 0x07, 0x74, 0x50, 0x48,
    0x85, 0xc9, 0x74, 0x87, 0x40, 0x38, 0x30, 0x74, 0x84, 0x48, 0x8d, 0x4a,
    0xfa, 0x48, 0x8d, 0x47, 0x06, 0xa8, 0x07, 0x74, 0x3a, 0x48, 0x85, 0xc9,
    0x0f, 0x84, 0x6d, 0xff, 0xff, 0xff, 0x40, 0x38, 0x30, 0x0f, 0x84, 0x66,
    0xff, 0xff, 0xff, 0x48, 0x8d, 0x4a, 0xf9, 0x48, 0x8d, 0x47, 0x07, 0xa8,
    0x07, 0x74, 0x1c, 0x48, 0x85, 0xc9, 0x0f, 0x84, 0x4f, 0xff, 0xff, 0xff,
    0x40, 0x38, 0x30, 0x0f, 0x84, 0x48, 0xff, 0xff, 0xff, 0x48, 0x83, 0xc2,
    0xf8, 0x48, 0x83, 0xc7, 0x08, 0xeb, 0x06, 0x48, 0x89, 0xca, 0x48, 0x89,
    0xc7, 0x55, 0x48, 0x89, 0xe5, 0x48, 0x83, 0xfa, 0x08, 0x72, 0x4e, 0x48,
    0xb8, 0x80, 0x80, 0x80, 0x80, 0x80, 0x80, 0x80, 0x80, 0x48, 0xb9, 0x00,
    0x01, 0x01, 0x01, 0x01, 0x01, 0x01, 0x01, 0x44, 0x0f, 0xb6, 0xce, 0x4c,
    0x8d, 0x41, 0x01, 0x4d, 0x0f, 0xaf, 0xc1, 0x66, 0x0f, 0x1f, 0x84, 0x00,
    0x00, 0x00, 0x00, 0x00, 0x4c, 0x8b, 0x0f, 0x4d, 0x31, 0xc1, 0x49, 0x89,
    0xca, 0x4d, 0x29, 0xca, 0x4d, 0x09, 0xca, 0x49, 0xf7, 0xd2, 0x4c, 0x85,
    0xd0, 0x75, 0x13, 0x48, 0x83, 0xc2, 0xf8, 0x48, 0x83, 0xc7, 0x08, 0x48,
    0x83, 0xfa, 0x07, 0x77, 0xdb, 0x48, 0x85, 0xd2, 0x74, 0x13, 0x48, 0x89,
    0xf8, 0x0f, 0x1f, 0x00, 0x40, 0x38, 0x30, 0x74, 0x0a, 0x48, 0xff, 0xc0,
    0x48, 0xff, 0xca, 0x75, 0xf3, 0x31, 0xc0, 0x5d, 0xc3, 0xcc, 0xcc, 0xcc,
    0xcc, 0xcc, 0xcc, 0xcc, 0xcc, 0xcc, 0xcc, 0xcc, 0xcc, 0xcc, 0xcc, 0xcc,
    0x55, 0x48, 0x89, 0xe5, 0x41, 0x56, 0x53, 0x48, 0x89, 0xf8, 0x49, 0x89,
    0xf0, 0x49, 0x29, 0xf8, 0x73, 0x1f, 0x48, 0x8d, 0x0c, 0x16, 0x48, 0x39,
    0xc8, 0x73, 0x16, 0x48, 0x8d, 0x3c, 0x10, 0x48, 0x83, 0xfa, 0x08, 0x0f,
    0x83, 0x26, 0x01, 0x00, 0x00, 0x49, 0x89, 0xd0, 0xe9, 0xa9, 0x03, 0x00,
    0x00, 0x48, 0x83, 0xfa, 0x08, 0x73, 0x1d, 0x48, 0x89, 0xc1, 0x49, 0x89,
    0xf1, 0x4c, 0x89, 0xce, 0x48, 0x85, 0xd2, 0x0f, 0x84, 0xf0, 0x04, 0x00,
    0x00, 0x48, 0x83, 0xfa, 0x04, 0x73, 0x1b, 0xe9, 0x62, 0x02, 0x00, 0x00,
    0x89, 0xf1, 0x09, 0xc1, 0xf6, 0xc1, 0x07, 0x74, 0x2b, 0x48, 0x89, 0xc1,
    0x48, 0x83, 0xfa, 0x04, 0x0f, 0x82, 0x4c, 0x02, 0x00, 0x00, 0x48, 0x89,
    0xcf, 0x48, 0x29, 0xf7, 0x48, 0x83, 0xff, 0x20, 0x0f, 0x82, 0x3c, 0x02,
    0x00, 0x00, 0x48, 0x83, 0xfa, 0x20, 0x73, 0x4e, 0x45, 0x31, 0xd2, 0xe9,
    0x85, 0x00, 0x00, 0x00, 0x48, 0x83, 0xfa, 0x20, 0x0f, 0x82, 0xf2, 0x00,
    0x00, 0x00, 0x4c, 0x8d, 0x42, 0xe0, 0x41, 0xf6, 0xc0, 0x20, 0x0f, 0x85,
    0xe9, 0x00, 0x00, 0x00, 0x48, 0x8b, 0x0e, 0x48, 0x89, 0x08, 0x48, 0x8b,
    0x4e, 0x08, 0x48, 0x89, 0x48, 0x08, 0x48, 0x8b, 0x4e, 0x10, 0x48, 0x89,
    0x48, 0x10, 0x48, 0x8b, 0x4e, 0x18, 0x48, 0x83, 0xc6, 0x20, 0x48, 0x8d,
    0x78, 0x20, 0x48, 0x89, 0x48, 0x18, 0x4c, 0x89, 0xc2, 0xe9, 0xbe, 0x00,
    0x00, 0x00, 0x49, 0x89, 0xd2, 0x49, 0x83, 0xe2, 0xe0, 0x31, 0xff, 0x66,
    0x0f, 0x1f, 0x84, 0x00, 0x00, 0x00, 0x00, 0x00, 0x0f, 0x10, 0x04, 0x3e,
    0x0f, 0x10, 0x4c, 0x3e, 0x10, 0x0f, 0x11, 0x04, 0x39, 0x0f, 0x11, 0x4c,
    0x39, 0x10, 0x48, 0x83, 0xc7, 0x20, 0x49, 0x39, 0xfa, 0x75, 0xe5, 0x4c,
    0x39, 0xd2, 0x0f, 0x84, 0x35, 0x04, 0x00, 0x00, 0xf6, 0xc2, 0x1c, 0x0f,
    0x84, 0xa0, 0x01, 0x00, 0x00, 0x49, 0x89, 0xd3, 0x49, 0x83, 0xe3, 0xfc,
    0x4a, 0x8d, 0x3c, 0x1e, 0x4e, 0x8d, 0x04, 0x19, 0x41, 0x89, 0xd1, 0x41,
    0x83, 0xe1, 0x03, 0x66, 0x66, 0x66, 0x66, 0x2e, 0x0f, 0x1f, 0x84, 0x00,
    0x00, 0x00, 0x00, 0x00, 0x42, 0x8b, 0x1c, 0x16, 0x42, 0x89, 0x1c, 0x11,
    0x49, 0x83, 0xc2, 0x04, 0x4d, 0x39, 0xd3, 0x75, 0xef, 0x4c, 0x39, 0xda,
    0x0f, 0x85, 0x75, 0x01, 0x00, 0x00, 0xe9, 0xea, 0x03, 0x00, 0x00, 0x41,
    0x89, 0xc9, 0x41, 0x09, 0xf9, 0x41, 0xf6, 0xc1, 0x07, 0x0f, 0x85, 0x87,
    0x02, 0x00, 0x00, 0x4c, 0x8d, 0x4a, 0xf8, 0x49, 0x83, 0xf9, 0x28, 0x41,
    0x0f, 0x92, 0xc2, 0x49, 0x83, 0xf8, 0x20, 0x41, 0x0f, 0x92, 0xc0, 0x45,
    0x08, 0xd0, 0x0f, 0x84, 0xe0, 0x01, 0x00, 0x00, 0x49, 0x89, 0xd0, 0xe9,
    0x3c, 0x02, 0x00, 0x00, 0x48, 0x89, 0xc7, 0xeb, 0x7a, 0x48, 0x89, 0xc7,
    0x49, 0x83, 0xf8, 0x20, 0x72, 0x5e, 0x49, 0x89, 0xd0, 0x66, 0x66, 0x2e,
    0x0f, 0x1f, 0x84, 0x00, 0x00, 0x00, 0x00, 0x00, 0x48, 0x8b, 0x0e, 0x48,
    0x89, 0x0f, 0x48, 0x8b, 0x4e, 0x08, 0x48, 0x89, 0x4f, 0x08, 0x48, 0x8b,
    0x4e, 0x10, 0x48, 0x89, 0x4f, 0x10, 0x48, 0x8b, 0x4e, 0x18, 0x48, 0x89,
    0x4f, 0x18, 0x48, 0x8b, 0x4e, 0x20, 0x48, 0x89, 0x4f, 0x20, 0x48, 0x8b,
    0x4e, 0x28, 0x48, 0x89, 0x4f, 0x28, 0x48, 0x8b, 0x4e, 0x30, 0x48, 0x89,
    0x4f, 0x30, 0x48, 0x8b, 0x4e, 0x38, 0x48, 0x83, 0xc6, 0x40, 0x48, 0x89,
    0x4f, 0x38, 0x48, 0x83, 0xc7, 0x40, 0x49, 0x83, 0xc0, 0xc0, 0x49, 0x83,
    0xf8, 0x1f, 0x77, 0xb0, 0x4c, 0x89, 0xc2, 0x48, 0x89, 0xf9, 0x49, 0x89,
    0xf1, 0x49, 0x83, 0xf8, 0x08, 0x0f, 0x82, 0x3a, 0xfe, 0xff, 0xff, 0xb9,
    0x07, 0x00, 0x00, 0x00, 0x48, 0x29, 0xd1, 0x48, 0x83, 0xf9, 0xf9, 0x49,
    0xc7, 0xc0, 0xf8, 0xff, 0xff, 0xff, 0x4c, 0x0f, 0x43, 0xc1, 0x49, 0x01,
    0xd0, 0x49, 0x83, 0xf8, 0x28, 0x72, 0x66, 0x48, 0x89, 0xf9, 0x48, 0x29,
    0xf1, 0x48, 0x83, 0xf9, 0x20, 0x72, 0x5a, 0x49, 0xc1, 0xe8, 0x03, 0x49,
    0xff, 0xc0, 0x4d, 0x89, 0xc2, 0x49, 0x83, 0xe2, 0xfc, 0x4e, 0x8d, 0x1c,
    0xd5, 0x00, 0x00, 0x00, 0x00, 0x4e, 0x8d, 0x0c, 0xd6, 0x4a, 0x8d, 0x0c,
    0xd7, 0x4c, 0x29, 0xda, 0x45, 0x31, 0xdb, 0x66, 0x66, 0x66, 0x66, 0x2e,
    0x0f, 0x1f, 0x84, 0x00, 0x00, 0x00, 0x00, 0x00, 0x42, 0x0f, 0x10, 0x04,
    0xde, 0x42, 0x0f, 0x10, 0x4c, 0xde, 0x10, 0x42, 0x0f, 0x11, 0x04, 0xdf,
    0x42, 0x0f, 0x11, 0x4c, 0xdf, 0x10, 0x49, 0x83, 0xc3, 0x04, 0x4d, 0x39,
    0xda, 0x75, 0xe1, 0x4d, 0x39, 0xd0, 0x75, 0x0c, 0xe9, 0xb4, 0xfd, 0xff,
    0xff, 0x49, 0x89, 0xf1, 0x48, 0x89, 0xf9, 0x90, 0x49, 0x8b, 0x31, 0x49,
    0x83, 0xc1, 0x08, 0x48, 0x89, 0x31, 0x48, 0x83, 0xc1, 0x08, 0x48, 0x83,
    0xc2, 0xf8, 0x48, 0x83, 0xfa, 0x07, 0x77, 0xe8, 0xe9, 0x90, 0xfd, 0xff,
    0xff, 0x4c, 0x01, 0xd6, 0x4c, 0x01, 0xd1, 0x83, 0xe2, 0x1f, 0x48, 0x89,
    0xf7, 0x49, 0x89, 0xc8, 0x49, 0x89, 0xd1, 0x49, 0x8d, 0x49, 0xff, 0x4c,
    0x89, 0xce, 0x48, 0x83, 0xe6, 0x07, 0x74, 0x1e, 0x31, 0xd2, 0x66, 0x90,
    0x44, 0x0f, 0xb6, 0x14, 0x17, 0x45, 0x88, 0x14, 0x10, 0x48, 0xff, 0xc2,
    0x48, 0x39, 0xd6, 0x75, 0xef, 0x48, 0x01, 0xd7, 0x49, 0x01, 0xd0, 0x49,
    0x29, 0xd1, 0x48, 0x83, 0xf9, 0x07, 0x0f, 0x82, 0x45, 0x02, 0x00, 0x00,
    0x31, 0xc9, 0x66, 0x2e, 0x0f, 0x1f, 0x84, 0x00, 0x00, 0x00, 0x00, 0x00,
    0x0f, 0xb6, 0x14, 0x0f, 0x41, 0x88, 0x14, 0x08, 0x0f, 0xb6, 0x54, 0x0f,
    0x01, 0x41, 0x88, 0x54, 0x08, 0x01, 0x0f, 0xb6, 0x54, 0x0f, 0x02, 0x41,
    0x88, 0x54, 0x08, 0x02, 0x0f, 0xb6, 0x54, 0x0f, 0x03, 0x41, 0x88, 0x54,
    0x08, 0x03, 0x0f, 0xb6, 0x54, 0x0f, 0x04, 0x41, 0x88, 0x54, 0x08, 0x04,
    0x0f, 0xb6, 0x54, 0x0f, 0x05, 0x41, 0x88, 0x54, 0x08, 0x05, 0x0f, 0xb6,
    0x54, 0x0f, 0x06, 0x41, 0x88, 0x54, 0x08, 0x06, 0x0f, 0xb6, 0x54, 0x0f,
    0x07, 0x41, 0x88, 0x54, 0x08, 0x07, 0x48, 0x83, 0xc1, 0x08, 0x49, 0x39,
    0xc9, 0x75, 0xa9, 0xe9, 0xdd, 0x01, 0x00, 0x00, 0x49, 0xc1, 0xe9, 0x03,
    0x49, 0xff, 0xc1, 0x4d, 0x89, 0xca, 0x49, 0x83, 0xe2, 0xfc, 0x4e, 0x8d,
    0x1c, 0xd5, 0x00, 0x00, 0x00, 0x00, 0x4c, 0x29, 0xd9, 0x4c, 0x29, 0xdf,
    0x49, 0x89, 0xd0, 0x4d, 0x29, 0xd8, 0x4d, 0x89, 0xd3, 0x49, 0xf7, 0xdb,
    0x48, 0x8d, 0x1c, 0x10, 0x48, 0x83, 0xc3, 0xf0, 0x48, 0x01, 0xf2, 0x48,
    0x83, 0xc2, 0xf0, 0x31, 0xf6, 0x66, 0x66, 0x2e, 0x0f, 0x1f, 0x84, 0x00,
    0x00, 0x00, 0x00, 0x00, 0x0f, 0x10, 0x44, 0xf2, 0xf0, 0x0f, 0x10, 0x0c,
    0xf2, 0x0f, 0x11, 0x0c, 0xf3, 0x0f, 0x11, 0x44, 0xf3, 0xf0, 0x48, 0x83,
    0xc6, 0xfc, 0x49, 0x39, 0xf3, 0x75, 0xe5, 0x4d, 0x39, 0xd1, 0x74, 0x1a,
    0x48, 0x8b, 0x51, 0xf8, 0x48, 0x83, 0xc1, 0xf8, 0x48, 0x89, 0x57, 0xf8,
    0x48, 0x83, 0xc7, 0xf8, 0x49, 0x83, 0xc0, 0xf8, 0x49, 0x83, 0xf8, 0x07,
    0x77, 0xe6, 0x4c, 0x89, 0xc2, 0x4d, 0x85, 0xc0, 0x0f, 0x84, 0x53, 0x01,
    0x00, 0x00, 0x48, 0x83, 0xfa, 0x04, 0x0f, 0x82, 0xa6, 0x00, 0x00, 0x00,
    0x48, 0x89, 0xce, 0x48, 0x29, 0xfe, 0x48, 0x83, 0xfe, 0x10, 0x0f, 0x82,
    0x96, 0x00, 0x00, 0x00, 0x48, 0x83, 0xfa, 0x10, 0x73, 0x05, 0x45, 0x31,
    0xd2, 0xeb, 0x38, 0x49, 0x89, 0xd2, 0x49, 0x83, 0xe2, 0xf0, 0x4c, 0x89,
    0xd6, 0x48, 0xf7, 0xde, 0x45, 0x31, 0xc0, 0x0f, 0x1f, 0x44, 0x00, 0x00,
    0x42, 0x0f, 0x10, 0x44, 0x01, 0xf0, 0x42, 0x0f, 0x11, 0x44, 0x07, 0xf0,
    0x49, 0x83, 0xc0, 0xf0, 0x4c, 0x39, 0xc6, 0x75, 0xeb, 0x4c, 0x39, 0xd2,
    0x0f, 0x84, 0xfb, 0x00, 0x00, 0x00, 0xf6, 0xc2, 0x0c, 0x74, 0x4a, 0x49,
    0x89, 0xd3, 0x49, 0x83, 0xe3, 0xfc, 0x4c, 0x89, 0xdb, 0x48, 0xf7, 0xdb,
    0x48, 0x89, 0xce, 0x4c, 0x29, 0xde, 0x49, 0x89, 0xf8, 0x4d, 0x29, 0xd8,
    0x41, 0x89, 0xd1, 0x41, 0x83, 0xe1, 0x03, 0x49, 0xf7, 0xda, 0x66, 0x2e,
    0x0f, 0x1f, 0x84, 0x00, 0x00, 0x00, 0x00, 0x00, 0x46, 0x8b, 0x74, 0x11,
    0xfc, 0x46, 0x89, 0x74, 0x17, 0xfc, 0x49, 0x83, 0xc2, 0xfc, 0x4c, 0x39,
    0xd3, 0x75, 0xed, 0x4c, 0x39, 0xda, 0x75, 0x17, 0xe9, 0xac, 0x00, 0x00,
    0x00, 0x4c, 0x29, 0xd1, 0x4c, 0x29, 0xd7, 0x83, 0xe2, 0x0f, 0x48, 0x89,
    0xce, 0x49, 0x89, 0xf8, 0x49, 0x89, 0xd1, 0x49, 0x8d, 0x49, 0xff, 0x4c,
    0x89, 0xca, 0x48, 0x83, 0xe2, 0x07, 0x74, 0x1e, 0x31, 0xff, 0x66, 0x90,
    0x44, 0x0f, 0xb6, 0x56, 0xff, 0x48, 0xff, 0xce, 0x45, 0x88, 0x50, 0xff,
    0x49, 0xff, 0xc8, 0x48, 0xff, 0xc7, 0x48, 0x39, 0xfa, 0x75, 0xe9, 0x49,
    0x29, 0xf9, 0x48, 0x83, 0xf9, 0x07, 0x72, 0x69, 0x49, 0xf7, 0xd9, 0x31,
    0xc9, 0x66, 0x66, 0x2e, 0x0f, 0x1f, 0x84, 0x00, 0x00, 0x00, 0x00, 0x00,
    0x0f, 0xb6, 0x54, 0x0e, 0xff, 0x41, 0x88, 0x54, 0x08, 0xff, 0x0f, 0xb6,
    0x54, 0x0e, 0xfe, 0x41, 0x88, 0x54, 0x08, 0xfe, 0x0f, 0xb6, 0x54, 0x0e,
    0xfd, 0x41, 0x88, 0x54, 0x08, 0xfd, 0x0f, 0xb6, 0x54, 0x0e, 0xfc, 0x41,
    0x88, 0x54, 0x08, 0xfc, 0x0f, 0xb6, 0x54, 0x0e, 0xfb, 0x41, 0x88, 0x54,
    0x08, 0xfb, 0x0f, 0xb6, 0x54, 0x0e, 0xfa, 0x41, 0x88, 0x54, 0x08, 0xfa,
    0x0f, 0xb6, 0x54, 0x0e, 0xf9, 0x41, 0x88, 0x54, 0x08, 0xf9, 0x0f, 0xb6,
    0x54, 0x0e, 0xf8, 0x41, 0x88, 0x54, 0x08, 0xf8, 0x48, 0x83, 0xc1, 0xf8,
    0x49, 0x39, 0xc9, 0x75, 0xa7, 0x5b, 0x41, 0x5e, 0x5d, 0xc3, 0xcc, 0xcc,
    0x55, 0x48, 0x89, 0xe5, 0x89, 0xf1, 0x81, 0xe1, 0xff, 0x00, 0x00, 0x00,
    0x0f, 0x84, 0x07, 0x01, 0x00, 0x00, 0x40, 0xf6, 0xc7, 0x07, 0x0f, 0x84,
    0xd6, 0x01, 0x00, 0x00, 0x0f, 0xb6, 0x07, 0x84, 0xc0, 0x0f, 0x84, 0x77,
    0x01, 0x00, 0x00, 0x40, 0x38, 0xf0, 0x0f, 0x84, 0x69, 0x01, 0x00, 0x00,
    0x48, 0x8d, 0x47, 0x01, 0xa8, 0x07, 0x0f, 0x84, 0xb3, 0x01, 0x00, 0x00,
    0x0f, 0xb6, 0x10, 0x84, 0xd2, 0x0f, 0x84, 0x57, 0x01, 0x00, 0x00, 0x40,
    0x38, 0xf2, 0x0f, 0x84, 0x9d, 0x01, 0x00, 0x00, 0x48, 0x8d, 0x47, 0x02,
    0xa8, 0x07, 0x0f, 0x84, 0x93, 0x01, 0x00, 0x00, 0x0f, 0xb6, 0x10, 0x84,
    0xd2, 0x0f, 0x84, 0x37, 0x01, 0x00, 0x00, 0x40, 0x38, 0xf2, 0x0f, 0x84,
    0x7d, 0x01, 0x00, 0x00, 0x48, 0x8d, 0x47, 0x03, 0xa8, 0x07, 0x0f, 0x84,
    0x73, 0x01, 0x00, 0x00, 0x0f, 0xb6, 0x10, 0x84, 0xd2, 0x0f, 0x84, 0x17,
    0x01, 0x00, 0x00, 0x40, 0x38, 0xf2, 0x0f, 0x84, 0x5d, 0x01, 0x00, 0x00,
    0x48, 0x8d, 0x47, 0x04, 0xa8, 0x07, 0x0f, 0x84, 0x53, 0x01, 0x00, 0x00,
    0x0f, 0xb6, 0x10, 0x84, 0xd2, 0x0f, 0x84, 0xf7, 0x00, 0x00, 0x00, 0x40,
    0x38, 0xf2, 0x0f, 0x84, 0x3d, 0x01, 0x00, 0x00, 0x48, 0x8d, 0x47, 0x05,
    0xa8, 0x07, 0x0f, 0x84, 0x33, 0x01, 0x00, 0x00, 0x0f, 0xb6, 0x10, 0x84,
    0xd2, 0x0f, 0x84, 0xd7, 0x00, 0x00, 0x00, 0x40, 0x38, 0xf2, 0x0f, 0x84,
    0x1d, 0x01, 0x00, 0x00, 0x48, 0x8d, 0x47, 0x06, 0xa8, 0x07, 0x0f, 0x84,
    0x13, 0x01, 0x00, 0x00, 0x0f, 0xb6, 0x10, 0x84, 0xd2, 0x0f, 0x84, 0xb7,
    0x00, 0x00, 0x00, 0x40, 0x38, 0xf2, 0x0f, 0x84, 0xfd, 0x00, 0x00, 0x00,
    0x48, 0x8d, 0x47, 0x07, 0xa8, 0x07, 0x0f, 0x84, 0xf3, 0x00, 0x00, 0x00,
    0x0f, 0xb6, 0x10, 0x84, 0xd2, 0x0f, 0x84, 0x97, 0x00, 0x00, 0x00, 0x40,
    0x38, 0xf2, 0x0f, 0x84, 0xdd, 0x00, 0x00, 0x00, 0x48, 0x83, 0xc7, 0x08,
    0xe9, 0xd9, 0x00, 0x00, 0x00, 0x40, 0xf6, 0xc7, 0x07, 0x0f, 0x84, 0x82,
    0x00, 0x00, 0x00, 0x80, 0x3f, 0x00, 0x74, 0x71, 0x48, 0x8d, 0x47, 0x01,
    0xa8, 0x07, 0x74, 0x72, 0x80, 0x38, 0x00, 0x0f, 0x84, 0xb4, 0x00, 0x00,
    0x00, 0x48, 0x8d, 0x47, 0x02, 0xa8, 0x07, 0x74, 0x61, 0x80, 0x38, 0x00,
    0x0f, 0x84, 0xa3, 0x00, 0x00, 0x00, 0x48, 0x8d, 0x47, 0x03, 0xa8, 0x07,
    0x74, 0x50, 0x80, 0x38, 0x00, 0x0f, 0x84, 0x92, 0x00, 0x00, 0x00, 0x48,
    0x8d, 0x47, 0x04, 0xa8, 0x07, 0x74, 0x3f, 0x80, 0x38, 0x00, 0x0f, 0x84,
    0x81, 0x00, 0x00, 0x00, 0x48, 0x8d, 0x47, 0x05, 0xa8, 0x07, 0x74, 0x2e,
    0x80, 0x38, 0x00, 0x74, 0x74, 0x48, 0x8d, 0x47, 0x06, 0xa8, 0x07, 0x74,
    0x21, 0x80, 0x38, 0x00, 0x74, 0x67, 0x48, 0x8d, 0x47, 0x07, 0xa8, 0x07,
    0x74, 0x14, 0x80, 0x38, 0x00, 0x74, 0x5a, 0x48, 0x83, 0xc7, 0x08, 0xeb,
    0x0c, 0x48, 0x89, 0xf8, 0x5d, 0xc3, 0x31, 0xc0, 0x5d, 0xc3, 0x48, 0x89,
    0xc7, 0x48, 0xb8, 0x80, 0x80, 0x80, 0x80, 0x80, 0x80, 0x80, 0x80, 0x48,
    0xb9, 0x00, 0x01, 0x01, 0x01, 0x01, 0x01, 0x01, 0x01, 0x48, 0x83, 0xc7,
    0xf7, 0x0f, 0x1f, 0x00, 0x48, 0x8b, 0x57, 0x09, 0x48, 0x89, 0xce, 0x48,
    0x29, 0xd6, 0x48, 0x09, 0xd6, 0x48, 0xf7, 0xd6, 0x48, 0x83, 0xc7, 0x08,
    0x48, 0x85, 0xf0, 0x74, 0xe7, 0x0f, 0x1f, 0x80, 0x00, 0x00, 0x00, 0x00,
    0x48, 0x8d, 0x47, 0x01, 0x80, 0x7f, 0x01, 0x00, 0x48, 0x89, 0xc7, 0x75,
    0xf3, 0x5d, 0xc3, 0x48, 0x89, 0xc7, 0x48, 0xb8, 0x80, 0x80, 0x80, 0x80,
    0x80, 0x80, 0x80, 0x80, 0x48, 0xba, 0x00, 0x01, 0x01, 0x01, 0x01, 0x01,
    0x01, 0x01, 0x4c, 0x8b, 0x07, 0x49, 0x89, 0xd1, 0x4d, 0x29, 0xc1, 0x4d,
    0x09, 0xc1, 0x49, 0xf7, 0xd1, 0x49, 0x85, 0xc1, 0x75, 0x53, 0x41, 0x89,
    0xc9, 0x41, 0xc1, 0xe1, 0x08, 0x41, 0x09, 0xc9, 0x45, 0x89, 0xca, 0x41,
    0xc1, 0xe2, 0x10, 0x45, 0x09, 0xca, 0x4c, 0x89, 0xd1, 0x48, 0xc1, 0xe1,
    0x20, 0x4c, 0x09, 0xd1, 0x0f, 0x1f, 0x84, 0x00, 0x00, 0x00, 0x00, 0x00,
    0x49, 0x31, 0xc8, 0x49, 0x89, 0xd1, 0x4d, 0x29, 0xc1, 0x4d, 0x09, 0xc1,
    0x49, 0xf7, 0xd1, 0x4c, 0x85, 0xc8, 0x75, 0x19, 0x4c, 0x8b, 0x47, 0x08,
    0x48, 0x83, 0xc7, 0x08, 0x49, 0x89, 0xd1, 0x4d, 0x29, 0xc1, 0x4d, 0x09,
    0xc1, 0x49, 0xf7, 0xd1, 0x4c, 0x85, 0xc8, 0x74, 0xd3, 0x48, 0xff, 0xcf,
    0x0f, 0xb6, 0x4f, 0x01, 0x48, 0xff, 0xc7, 0x84, 0xc9, 0x74, 0x05, 0x40,
    0x38, 0xf1, 0x75, 0xf0, 0x31, 0xc0, 0x40, 0x38, 0xf1, 0x48, 0x0f, 0x44,
    0xc7, 0x5d, 0xc3, 0xcc, 0xcc, 0xcc, 0xcc, 0xcc, 0x55, 0x48, 0x89, 0xe5,
    0x89, 0xf0, 0x09, 0xf8, 0xa8, 0x07, 0x74, 0x05, 0x0f, 0xb6, 0x07, 0xeb,
    0x48, 0x48, 0x8b, 0x07, 0x48, 0x3b, 0x06, 0x75, 0x40, 0x48, 0xb9, 0x80,
    0x80, 0x80, 0x80, 0x80, 0x80, 0x80, 0x80, 0x48, 0xba, 0x00, 0x01, 0x01,
    0x01, 0x01, 0x01, 0x01, 0x01, 0x0f, 0x1f, 0x00, 0x49, 0x89, 0xd0, 0x49,
    0x29, 0xc0, 0x49, 0x09, 0xc0, 0x49, 0xf7, 0xd0, 0x4c, 0x85, 0xc1, 0x75,
    0x40, 0x4c, 0x8d, 0x46, 0x08, 0x48, 0x8b, 0x47, 0x08, 0x48, 0x83, 0xc7,
    0x08, 0x48, 0x3b, 0x46, 0x08, 0x4c, 0x89, 0xc6, 0x74, 0xda, 0x4c, 0x89,
    0xc6, 0x84, 0xc0, 0x74, 0x1b, 0x48, 0xff, 0xc7, 0x3a, 0x06, 0x75, 0x0f,
    0x48, 0xff, 0xc6, 0x0f, 0xb6, 0x07, 0x48, 0xff, 0xc7, 0x84, 0xc0, 0x75,
    0xef, 0x31, 0xc0, 0x0f, 0xb6, 0xc0, 0xeb, 0x02, 0x31, 0xc0, 0x0f, 0xb6,
    0x0e, 0x29, 0xc8, 0x5d, 0xc3, 0x31, 0xc0, 0x5d, 0xc3, 0xcc, 0xcc, 0xcc,
    0xcc, 0xcc, 0xcc, 0xcc, 0xcc, 0xcc, 0xcc, 0xcc, 0x55, 0x48, 0x89, 0xe5,
    0x48, 0x89, 0xfe, 0x48, 0x8b, 0x3d, 0x2a, 0x8d, 0x00, 0x00, 0x5d, 0xe9,
    0x0c, 0x00, 0x00, 0x00, 0xcc, 0xcc, 0xcc, 0xcc, 0xcc, 0xcc, 0xcc, 0xcc,
    0xcc, 0xcc, 0xcc, 0xcc, 0x55, 0x48, 0x89, 0xe5, 0x41, 0x57, 0x41, 0x56,
    0x53, 0x50, 0x48, 0x89, 0xf3, 0x49, 0x89, 0xff, 0x48, 0x89, 0xf7, 0xe8,
    0x98, 0x02, 0x00, 0x00, 0x49, 0x89, 0xc6, 0x49, 0xff, 0xc6, 0x4c, 0x89,
    0xff, 0x4c, 0x89, 0xf6, 0xe8, 0x67, 0x1b, 0xff, 0xff, 0x48, 0x85, 0xc0,
    0x74, 0x14, 0x48, 0x89, 0xc7, 0x48, 0x89, 0xde, 0x4c, 0x89, 0xf2, 0x48,
    0x89, 0xc3, 0xe8, 0x61, 0x27, 0x00, 0x00, 0x48, 0x89, 0xd8, 0x48, 0x83,
    0xc4, 0x08, 0x5b, 0x41, 0x5e, 0x41, 0x5f, 0x5d, 0xc3, 0xcc, 0xcc, 0xcc,
    0x81, 0xfe, 0x8e, 0x00, 0x00, 0x00, 0x0f, 0x87, 0xe9, 0x01, 0x00, 0x00,
    0x89, 0xf0, 0xff, 0x24, 0xc5, 0xe0, 0xfe, 0x41, 0x00, 0xb8, 0x21, 0x05,
    0x42, 0x00, 0xc3, 0xb8, 0x35, 0x17, 0x42, 0x00, 0xc3, 0xb8, 0xe3, 0x0b,
    0x42, 0x00, 0xc3, 0xb8, 0x6a, 0x04, 0x42, 0x00, 0xc3, 0xb8, 0x1e, 0x09,
    0x42, 0x00, 0xc3, 0xb8, 0xd3, 0x19, 0x42, 0x00, 0xc3, 0xb8, 0xf5, 0x08,
    0x42, 0x00, 0xc3, 0xb8, 0xa0, 0x07, 0x42, 0x00, 0xc3, 0xb8, 0x63, 0x13,
    0x42, 0x00, 0xc3, 0xb8, 0x7d, 0x0e, 0x42, 0x00, 0xc3, 0xb8, 0x7d, 0x0a,
    0x42, 0x00, 0xc3, 0xb8, 0x16, 0x17, 0x42, 0x00, 0xc3, 0xb8, 0x70, 0x0e,
    0x42, 0x00, 0xc3, 0xb8, 0x9f, 0x12, 0x42, 0x00, 0xc3, 0xb8, 0xfc, 0x15,
    0x42, 0x00, 0xc3, 0xb8, 0x9d, 0x08, 0x42, 0x00, 0xc3, 0xb8, 0x07, 0x08,
    0x42, 0x00, 0xc3, 0xb8, 0xb0, 0x09, 0x42, 0x00, 0xc3, 0xb8, 0x5f, 0x07,
    0x42, 0x00, 0xc3, 0xb8, 0xc2, 0x18, 0x42, 0x00, 0xc3, 0xb8, 0x38, 0x13,
    0x42, 0x00, 0xc3, 0xb8, 0x3b, 0x05, 0x42, 0x00, 0xc3, 0xb8, 0xa4, 0x09,
    0x42, 0x00, 0xc3, 0xb8, 0xeb, 0x15, 0x42, 0x00, 0xc3, 0xb8, 0x45, 0x19,
    0x42, 0x00, 0xc3, 0xb8, 0x92, 0x04, 0x42, 0x00, 0xc3, 0xb8, 0x3d, 0x12,
    0x42, 0x00, 0xc3, 0xb8, 0xc9, 0x0f, 0x42, 0x00, 0xc3, 0xb8, 0xbb, 0x0d,
    0x42, 0x00, 0xc3, 0xb8, 0x8f, 0x12, 0x42, 0x00, 0xc3, 0xb8, 0x91, 0x0d,
    0x42, 0x00, 0xc3, 0xb8, 0x76, 0x11, 0x42, 0x00, 0xc3, 0xb8, 0x8c, 0x15,
    0x42, 0x00, 0xc3, 0xb8, 0xbc, 0x13, 0x42, 0x00, 0xc3, 0xb8, 0xb0, 0x18,
    0x42, 0x00, 0xc3, 0xb8, 0xc1, 0x09, 0x42, 0x00, 0xc3, 0xb8, 0x16, 0x08,
    0x42, 0x00, 0xc3, 0xb8, 0xb3, 0x16, 0x42, 0x00, 0xc3, 0xb8, 0x53, 0x0e,
    0x42, 0x00, 0xc3, 0xb8, 0x3b, 0x0f, 0x42, 0x00, 0xc3, 0xb8, 0x9b, 0x0c,
    0x42, 0x00, 0xc3, 0xb8, 0x4b, 0x06, 0x42, 0x00, 0xc3, 0xb8, 0x4b, 0x11,
    0x42, 0x00, 0xc3, 0xb8, 0x01, 0x15, 0x42, 0x00, 0xc3, 0xb8, 0x57, 0x06,
    0x42, 0x00, 0xc3, 0xb8, 0xdc, 0x15, 0x42, 0x00, 0xc3, 0xb8, 0x94, 0x09,
    0x42, 0x00, 0xc3, 0xb8, 0xe7, 0x0f, 0x42, 0x00, 0xc3, 0xb8, 0xe9, 0x14,
    0x42, 0x00, 0xc3, 0xb8, 0xba, 0x0c, 0x42, 0x00, 0xc3, 0xb8, 0xab, 0x0d,
    0x42, 0x00, 0xc3, 0xb8, 0xfd, 0x19, 0x42, 0x00, 0xc3, 0xb8, 0x3d, 0x06,
    0x42, 0x00, 0xc3, 0xb8, 0xca, 0x15, 0x42, 0x00, 0xc3, 0xb8, 0x29, 0x05,
    0x42, 0x00, 0xc3, 0xb8, 0xb8, 0x19, 0x42, 0x00, 0xc3, 0xb8, 0x31, 0x12,
    0x42, 0x00, 0xc3, 0xb8, 0x91, 0x10, 0x42, 0x00, 0xc3, 0xb8, 0xaa, 0x0b,
    0x42, 0x00, 0xc3, 0xb8, 0x83, 0x04, 0x42, 0x00, 0xc3, 0xb8, 0x1e, 0x17,
    0x42, 0x00, 0xc3, 0xb8, 0x8c, 0x11, 0x42, 0x00, 0xc3, 0xb8, 0xad, 0x0c,
    0x42, 0x00, 0xc3, 0xb8, 0xcc, 0x0d, 0x42, 0x00, 0xc3, 0xb8, 0xc6, 0x13,
    0x42, 0x00, 0xc3, 0xb8, 0x2d, 0x08, 0x42, 0x00, 0xc3, 0xb8, 0x5b, 0x05,
    0x42, 0x00, 0xc3, 0xb8, 0x57, 0x11, 0x42, 0x00, 0xc3, 0xb8, 0x04, 0x09,
    0x42, 0x00, 0xc3, 0xb8, 0x5d, 0x0e, 0x42, 0x00, 0xc3, 0xb8, 0x71, 0x07,
    0x42, 0x00, 0xc3, 0xb8, 0xe9, 0x19, 0x42, 0x00, 0xc3, 0xb8, 0x20, 0x06,
    0x42, 0x00, 0xc3, 0xb8, 0x4c, 0x13, 0x42, 0x00, 0xc3, 0xb8, 0x5b, 0x19,
    0x42, 0x00, 0xc3, 0xb8, 0xd2, 0x09, 0x42, 0x00, 0xc3, 0xb8, 0x21, 0x19,
    0x42, 0x00, 0xc3, 0xb8, 0xd1, 0x18, 0x42, 0x00, 0xc3, 0xb8, 0x1c, 0x1a,
    0x42, 0x00, 0xc3, 0xb8, 0xc2, 0x0c, 0x42, 0x00, 0xc3, 0x55, 0x48, 0x89,
    0xe5, 0x48, 0x85, 0xc9, 0x48, 0x0f, 0x45, 0xf9, 0x48, 0x89, 0xf8, 0x89,
    0xf7, 0x89, 0xd6, 0x48, 0x89, 0xc2, 0xe8, 0xd1, 0x18, 0x00, 0x00, 0x48,
    0x89, 0xc1, 0x48, 0x85, 0xc0, 0xb8, 0x45, 0x09, 0x42, 0x00, 0x48, 0x0f,
    0x45, 0xc1, 0x5d, 0xc3, 0x55, 0x48, 0x89, 0xe5, 0x89, 0xfe, 0x48, 0x8b,
    0x3d, 0x9b, 0x8a, 0x00, 0x00, 0x31, 0xd2, 0x31, 0xc9, 0x5d, 0xe9, 0xc9,
    0xfd, 0xff, 0xff, 0x66, 0x0f, 0x1f, 0x84, 0x00, 0x00, 0x00, 0x00, 0x00,
    0x55, 0x48, 0x89, 0xe5, 0x89, 0xfe, 0x48, 0x8b, 0x3d, 0x7b, 0x8a, 0x00,
    0x00, 0x31, 0xd2, 0x31, 0xc9, 0x5d, 0xe9, 0xa9, 0xfd, 0xff, 0xff, 0xcc,
    0xcc, 0xcc, 0xcc, 0xcc, 0xcc, 0xcc, 0xcc, 0xcc, 0x48, 0x89, 0xf9, 0x40,
    0xf6, 0xc7, 0x07, 0x0f, 0x84, 0x8a, 0x00, 0x00, 0x00, 0x80, 0x3f, 0x00,
    0x0f, 0x84, 0xdb, 0x00, 0x00, 0x00, 0x48, 0x8d, 0x4f, 0x01, 0xf6, 0xc1,
    0x07, 0x74, 0x78, 0x80, 0x39, 0x00, 0x0f, 0x84, 0xd0, 0x00, 0x00, 0x00,
    0x48, 0x8d, 0x4f, 0x02, 0xf6, 0xc1, 0x07, 0x74, 0x66, 0x80, 0x39, 0x00,
    0x0f, 0x84, 0xbe, 0x00, 0x00, 0x00, 0x48, 0x8d, 0x4f, 0x03, 0xf6, 0xc1,
    0x07, 0x74, 0x54, 0x80, 0x39, 0x00, 0x0f, 0x84, 0xac, 0x00, 0x00, 0x00,
    0x48, 0x8d, 0x4f, 0x04, 0xf6, 0xc1, 0x07, 0x74, 0x42, 0x80, 0x39, 0x00,
    0x0f, 0x84, 0x9a, 0x00, 0x00, 0x00, 0x48, 0x8d, 0x4f, 0x05, 0xf6, 0xc1,
    0x07, 0x74, 0x30, 0x80, 0x39, 0x00, 0x0f, 0x84, 0x88, 0x00, 0x00, 0x00,
    0x48, 0x8d, 0x4f, 0x06, 0xf6, 0xc1, 0x07, 0x74, 0x1e, 0x80, 0x39, 0x00,
    0x74, 0x7a, 0x48, 0x8d, 0x4f, 0x07, 0xf6, 0xc1, 0x07, 0x74, 0x10, 0x80,
    0x39, 0x00, 0x74, 0x6c, 0x48, 0x8d, 0x47, 0x08, 0xa8, 0x07, 0x75, 0x60,
    0x48, 0x89, 0xc1, 0x55, 0x48, 0x89, 0xe5, 0x48, 0xba, 0x80, 0x80, 0x80,
    0x80, 0x80, 0x80, 0x80, 0x80, 0x48, 0x8d, 0x41, 0xf7, 0x48, 0x83, 0xc1,
    0xf8, 0x48, 0xbe, 0x00, 0x01, 0x01, 0x01, 0x01, 0x01, 0x01, 0x01, 0x66,
    0x0f, 0x1f, 0x84, 0x00, 0x00, 0x00, 0x00, 0x00, 0x4c, 0x8b, 0x41, 0x08,
    0x48, 0x83, 0xc1, 0x08, 0x49, 0x89, 0xf1, 0x4d, 0x29, 0xc1, 0x4d, 0x09,
    0xc1, 0x49, 0xf7, 0xd1, 0x48, 0x83, 0xc0, 0x08, 0x4c, 0x85, 0xca, 0x74,
    0xe3, 0x0f, 0x1f, 0x00, 0x48, 0xff, 0xc0, 0x80, 0x39, 0x00, 0x48, 0x8d,
    0x49, 0x01, 0x75, 0xf4, 0x5d, 0x48, 0x29, 0xf8, 0xc3, 0x48, 0x89, 0xf8,
    0x48, 0x29, 0xf8, 0xc3, 0x48, 0x89, 0xc8, 0x48, 0x29, 0xf8, 0xc3, 0xcc,
    0x31, 0xc0, 0x48, 0x85, 0xd2, 0x0f, 0x84, 0xaa, 0x00, 0x00, 0x00, 0x55,
    0x48, 0x89, 0xe5, 0x89, 0xf1, 0x09, 0xf9, 0xf6, 0xc1, 0x07, 0x0f, 0x95,
    0xc1, 0x48, 0x83, 0xfa, 0x08, 0x41, 0x0f, 0x92, 0xc0, 0x41, 0x08, 0xc8,
    0x75, 0x4b, 0x48, 0xb9, 0x80, 0x80, 0x80, 0x80, 0x80, 0x80, 0x80, 0x80,
    0x49, 0xb8, 0x00, 0x01, 0x01, 0x01, 0x01, 0x01, 0x01, 0x01, 0x66, 0x0f,
    0x1f, 0x44, 0x00, 0x00, 0x4c, 0x8b, 0x0f, 0x4c, 0x3b, 0x0e, 0x75, 0x29,
    0x48, 0x83, 0xfa, 0x08, 0x74, 0x66, 0x4d, 0x89, 0xc2, 0x4d, 0x29, 0xca,
    0x4d, 0x09, 0xca, 0x49, 0xf7, 0xd2, 0x4c, 0x85, 0xd1, 0x75, 0x55, 0x48,
    0x83, 0xc2, 0xf8, 0x48, 0x83, 0xc7, 0x08, 0x48, 0x83, 0xc6, 0x08, 0x48,
    0x83, 0xfa, 0x07, 0x77, 0xcf, 0x0f, 0xb6, 0x0f, 0x44, 0x0f, 0xb6, 0x0e,
    0x44, 0x38, 0xc9, 0x75, 0x2e, 0x41, 0xb8, 0x01, 0x00, 0x00, 0x00, 0x66,
    0x66, 0x66, 0x66, 0x2e, 0x0f, 0x1f, 0x84, 0x00, 0x00, 0x00, 0x00, 0x00,
    0x4c, 0x39, 0xc2, 0x74, 0x1f, 0x84, 0xc9, 0x74, 0x1b, 0x42, 0x0f, 0xb6,
    0x0c, 0x07, 0x46, 0x0f, 0xb6, 0x0c, 0x06, 0x49, 0xff, 0xc0, 0x44, 0x38,
    0xc9, 0x74, 0xe5, 0x0f, 0xb6, 0xc1, 0x41, 0x0f, 0xb6, 0xc9, 0x29, 0xc8,
    0x5d, 0xc3, 0xcc, 0xcc, 0xcc, 0xcc, 0xcc, 0xcc, 0xcc, 0xcc, 0xcc, 0xcc,
    0x55, 0x48, 0x89, 0xe5, 0x48, 0x89, 0xf8, 0x48, 0x83, 0xfa, 0x08, 0x72,
    0x5b, 0x89, 0xf1, 0x09, 0xc1, 0x83, 0xe1, 0x07, 0x75, 0x45, 0x48, 0xbf,
    0x80, 0x80, 0x80, 0x80, 0x80, 0x80, 0x80, 0x80, 0x49, 0xb8, 0x00, 0x01,
    0x01, 0x01, 0x01, 0x01, 0x01, 0x01, 0x48, 0x89, 0xc1, 0x0f, 0x1f, 0x00,
    0x4c, 0x8b, 0x0e, 0x4d, 0x89, 0xc2, 0x4d, 0x29, 0xca, 0x4d, 0x09, 0xca,
    0x49, 0xf7, 0xd2, 0x4c, 0x85, 0xd7, 0x75, 0x30, 0x48, 0x83, 0xc2, 0xf8,
    0x48, 0x83, 0xc6, 0x08, 0x4c, 0x89, 0x09, 0x48, 0x83, 0xc1, 0x08, 0x48,
    0x83, 0xfa, 0x07, 0x77, 0xd7, 0xeb, 0x03, 0x48, 0x89, 0xc1, 0x48, 0x85,
    0xd2, 0x75, 0x11, 0xe9, 0xd4, 0x00, 0x00, 0x00, 0x48, 0x89, 0xc1, 0x48,
    0x85, 0xd2, 0x0f, 0x84, 0xc8, 0x00, 0x00, 0x00, 0x4c, 0x8d, 0x4a, 0xff,
    0x45, 0x31, 0xd2, 0x48, 0x89, 0xd7, 0x66, 0x90, 0x48, 0xff, 0xcf, 0x46,
    0x0f, 0xb6, 0x1c, 0x16, 0x46, 0x88, 0x1c, 0x11, 0x4d, 0x8d, 0x42, 0x01,
    0x45, 0x84, 0xdb, 0x74, 0x08, 0x4d, 0x39, 0xd1, 0x4d, 0x89, 0xc2, 0x75,
    0xe3, 0x4c, 0x29, 0xc2, 0x0f, 0x84, 0x96, 0x00, 0x00, 0x00, 0x48, 0x83,
    0xfa, 0x08, 0x73, 0x0b, 0x4c, 0x01, 0xc1, 0x48, 0x89, 0xcf, 0x49, 0x89,
    0xd1, 0xeb, 0x73, 0x48, 0x83, 0xfa, 0x20, 0x73, 0x04, 0x31, 0xf6, 0xeb,
    0x31, 0x48, 0x89, 0xd6, 0x48, 0x83, 0xe6, 0xe0, 0x45, 0x31, 0xc9, 0x0f,
    0x57, 0xc0, 0x66, 0x90, 0x4e, 0x8d, 0x14, 0x09, 0x43, 0x0f, 0x11, 0x04,
    0x10, 0x43, 0x0f, 0x11, 0x44, 0x10, 0x10, 0x49, 0x83, 0xc1, 0x20, 0x4c,
    0x39, 0xce, 0x75, 0xe8, 0x48, 0x39, 0xf2, 0x74, 0x4f, 0xf6, 0xc2, 0x18,
    0x74, 0x4c, 0x49, 0x89, 0xd2, 0x49, 0x83, 0xe2, 0xf8, 0x48, 0x83, 0xe7,
    0xf8, 0x48, 0x01, 0xcf, 0x4c, 0x01, 0xc7, 0x41, 0x89, 0xd1, 0x41, 0x83,
    0xe1, 0x07, 0x66, 0x0f, 0x1f, 0x44, 0x00, 0x00, 0x4c, 0x8d, 0x1c, 0x31,
    0x4b, 0xc7, 0x04, 0x18, 0x00, 0x00, 0x00, 0x00, 0x48, 0x83, 0xc6, 0x08,
    0x49, 0x39, 0xf2, 0x75, 0xeb, 0x4c, 0x39, 0xd2, 0x74, 0x12, 0x31, 0xc9,
    0x0f, 0x1f, 0x40, 0x00, 0xc6, 0x04, 0x0f, 0x00, 0x48, 0xff, 0xc1, 0x49,
    0x39, 0xc9, 0x75, 0xf4, 0x5d, 0xc3, 0x48, 0x83, 0xe7, 0xe0, 0x48, 0x01,
    0xf9, 0x4c, 0x01, 0xc1, 0x83, 0xe2, 0x1f, 0xe9, 0x5f, 0xff, 0xff, 0xff,
    0x55, 0x48, 0x89, 0xe5, 0x41, 0x57, 0x41, 0x56, 0x41, 0x55, 0x41, 0x54,
    0x53, 0x48, 0x83, 0xec, 0x48, 0x48, 0x89, 0xcb, 0x49, 0x89, 0xd6, 0x49,
    0x89, 0xfd, 0x48, 0x83, 0xf9, 0x02, 0x48, 0x89, 0x75, 0xa8, 0x72, 0x77,
    0x48, 0xc7, 0xc0, 0xff, 0xff, 0xff, 0xff, 0xbe, 0x01, 0x00, 0x00, 0x00,
    0x31, 0xff, 0xb9, 0x01, 0x00, 0x00, 0x00, 0xba, 0x01, 0x00, 0x00, 0x00,
    0xeb, 0x18, 0x66, 0x90, 0x48, 0x89, 0xf1, 0x48, 0x29, 0xc1, 0xba, 0x01,
    0x00, 0x00, 0x00, 0x48, 0x89, 0xf7, 0x48, 0x01, 0xd6, 0x48, 0x39, 0xde,
    0x73, 0x52, 0x4d, 0x8d, 0x04, 0x06, 0x46, 0x0f, 0xb6, 0x04, 0x02, 0x45,
    0x38, 0x04, 0x36, 0x72, 0xdb, 0x75, 0x19, 0x48, 0x39, 0xca, 0x75, 0x27,
    0x48, 0x01, 0xcf, 0xba, 0x01, 0x00, 0x00, 0x00, 0x48, 0x89, 0xfe, 0xeb,
    0xd2, 0x0f, 0x1f, 0x80, 0x00, 0x00, 0x00, 0x00, 0x48, 0x8d, 0x77, 0x01,
    0xba, 0x01, 0x00, 0x00, 0x00, 0x48, 0x89, 0xf8, 0xb9, 0x01, 0x00, 0x00,
    0x00, 0xeb, 0xb8, 0x48, 0xff, 0xc2, 0x48, 0x89, 0xfe, 0xeb, 0xb0, 0x41,
    0xbf, 0x01, 0x00, 0x00, 0x00, 0x31, 0xd2, 0xe9, 0x96, 0x00, 0x00, 0x00,
    0x48, 0xc7, 0xc2, 0xff, 0xff, 0xff, 0xff, 0xbe, 0x01, 0x00, 0x00, 0x00,
    0x31, 0xff, 0x41, 0xbf, 0x01, 0x00, 0x00, 0x00, 0x41, 0xba, 0x01, 0x00,
    0x00, 0x00, 0xeb, 0x23, 0x66, 0x66, 0x66, 0x2e, 0x0f, 0x1f, 0x84, 0x00,
    0x00, 0x00, 0x00, 0x00, 0x49, 0x89, 0xf7, 0x49, 0x29, 0xd7, 0x41, 0xba,
    0x01, 0x00, 0x00, 0x00, 0x48, 0x89, 0xf7, 0x4c, 0x01, 0xd6, 0x48, 0x39,
    0xde, 0x73, 0x46, 0x45, 0x0f, 0xb6, 0x04, 0x36, 0x4d, 0x8d, 0x0c, 0x16,
    0x47, 0x0f, 0xb6, 0x0c, 0x0a, 0x45, 0x38, 0xc1, 0x72, 0xd6, 0x75, 0x14,
    0x4d, 0x39, 0xfa, 0x75, 0x24, 0x4c, 0x01, 0xff, 0x41, 0xba, 0x01, 0x00,
    0x00, 0x00, 0x48, 0x89, 0xfe, 0xeb, 0xcd, 0x90, 0x48, 0x8d, 0x77, 0x01,
    0x41, 0xba, 0x01, 0x00, 0x00, 0x00, 0x48, 0x89, 0xfa, 0x41, 0xbf, 0x01,
    0x00, 0x00, 0x00, 0xeb, 0xb7, 0x49, 0xff, 0xc2, 0x48, 0x89, 0xfe, 0xeb,
    0xaf, 0x48, 0xff, 0xc0, 0x48, 0xff, 0xc2, 0x48, 0x39, 0xc2, 0x4c, 0x0f,
    0x42, 0xf9, 0x48, 0x0f, 0x46, 0xd0, 0x4b, 0x8d, 0x34, 0x3e, 0x4c, 0x89,
    0xf7, 0x49, 0x89, 0xd4, 0xe8, 0xd3, 0x09, 0x00, 0x00, 0x85, 0xc0, 0x48,
    0x89, 0x5d, 0x98, 0x4c, 0x89, 0x6d, 0xa0, 0x0f, 0x84, 0x02, 0x01, 0x00,
    0x00, 0x49, 0x89, 0xdf, 0x4d, 0x29, 0xe7, 0x4d, 0x39, 0xfc, 0x4c, 0x89,
    0xf8, 0x49, 0x0f, 0x47, 0xc4, 0x48, 0x89, 0x45, 0xd0, 0x48, 0x89, 0xd8,
    0x48, 0x0d, 0x00, 0x08, 0x00, 0x00, 0x48, 0x89, 0x45, 0xb8, 0x4d, 0x89,
    0xe1, 0x4d, 0x01, 0xf4, 0x4b, 0x8d, 0x04, 0x29, 0x48, 0x89, 0x45, 0xc8,
    0x49, 0x8d, 0x7d, 0xff, 0x45, 0x31, 0xd2, 0x4c, 0x8b, 0x45, 0xa8, 0x48,
    0x89, 0x7d, 0xc0, 0x4c, 0x89, 0xc0, 0x48, 0x29, 0xd8, 0x49, 0x39, 0xc2,
    0x76, 0x3f, 0x4b, 0x8d, 0x3c, 0x28, 0x48, 0x8b, 0x75, 0xb8, 0x4d, 0x89,
    0xc5, 0x4c, 0x89, 0xcb, 0x4c, 0x89, 0x55, 0xb0, 0xe8, 0xc3, 0x09, 0x00,
    0x00, 0x4c, 0x8b, 0x55, 0xb0, 0x48, 0x8b, 0x7d, 0xc0, 0x49, 0x89, 0xd9,
    0x4d, 0x89, 0xe8, 0x4c, 0x8b, 0x6d, 0xa0, 0x48, 0x8b, 0x5d, 0x98, 0x49,
    0x01, 0xc0, 0x4c, 0x89, 0xc0, 0x48, 0x29, 0xd8, 0x49, 0x39, 0xc2, 0x0f,
    0x87, 0x87, 0x01, 0x00, 0x00, 0x4c, 0x39, 0xcb, 0x76, 0x28, 0x48, 0x8b,
    0x45, 0xc8, 0x4a, 0x8d, 0x0c, 0x10, 0x31, 0xc0, 0x66, 0x66, 0x66, 0x2e,
    0x0f, 0x1f, 0x84, 0x00, 0x00, 0x00, 0x00, 0x00, 0x41, 0x0f, 0xb6, 0x14,
    0x04, 0x3a, 0x14, 0x01, 0x75, 0x4a, 0x48, 0xff, 0xc0, 0x49, 0x39, 0xc7,
    0x75, 0xee, 0x4b, 0x8d, 0x04, 0x2a, 0x4d, 0x85, 0xc9, 0x0f, 0x84, 0x4f,
    0x01, 0x00, 0x00, 0x4a, 0x8d, 0x0c, 0x17, 0x4c, 0x89, 0xca, 0x66, 0x2e,
    0x0f, 0x1f, 0x84, 0x00, 0x00, 0x00, 0x00, 0x00, 0x41, 0x0f, 0xb6, 0x74,
    0x16, 0xff, 0x40, 0x3a, 0x34, 0x11, 0x75, 0x14, 0x48, 0xff, 0xca, 0x75,
    0xef, 0xe9, 0x28, 0x01, 0x00, 0x00, 0x66, 0x2e, 0x0f, 0x1f, 0x84, 0x00,
    0x00, 0x00, 0x00, 0x00, 0x48, 0x8b, 0x45, 0xd0, 0x49, 0x01, 0xc2, 0x49,
    0xff, 0xc2, 0xe9, 0x3c, 0xff, 0xff, 0xff, 0x48, 0x89, 0xd8, 0x48, 0x0d,
    0x00, 0x08, 0x00, 0x00, 0x48, 0x89, 0x45, 0xc0, 0x48, 0x89, 0xd8, 0x4c,
    0x29, 0xf8, 0x48, 0x89, 0x45, 0xb0, 0xb8, 0x01, 0x00, 0x00, 0x00, 0x4c,
    0x29, 0xe0, 0x48, 0x89, 0x45, 0xd0, 0x49, 0x8d, 0x45, 0xff, 0x48, 0x89,
    0x45, 0xc8, 0x45, 0x31, 0xd2, 0x4d, 0x89, 0xe1, 0x45, 0x31, 0xe4, 0x4c,
    0x8b, 0x45, 0xa8, 0x4c, 0x89, 0x7d, 0xb8, 0xeb, 0x19, 0x48, 0x89, 0xca,
    0x49, 0xff, 0xc4, 0x4c, 0x89, 0xf9, 0x4c, 0x39, 0xe2, 0x4c, 0x8b, 0x65,
    0xb0, 0x0f, 0x82, 0xbb, 0x00, 0x00, 0x00, 0x49, 0x01, 0xca, 0x4c, 0x89,
    0xc0, 0x48, 0x29, 0xd8, 0x49, 0x39, 0xc2, 0x76, 0x39, 0x4b, 0x8d, 0x3c,
    0x28, 0x48, 0x8b, 0x75, 0xc0, 0x4d, 0x89, 0xc5, 0x4d, 0x89, 0xcf, 0x4c,
    0x89, 0xd3, 0xe8, 0xa9, 0x08, 0x00, 0x00, 0x49, 0x89, 0xda, 0x4d, 0x89,
    0xf9, 0x4c, 0x8b, 0x7d, 0xb8, 0x4d, 0x89, 0xe8, 0x4c, 0x8b, 0x6d, 0xa0,
    0x48, 0x8b, 0x5d, 0x98, 0x49, 0x01, 0xc0, 0x4c, 0x89, 0xc0, 0x48, 0x29,
    0xd8, 0x49, 0x39, 0xc2, 0x77, 0x72, 0x4d, 0x39, 0xe1, 0x4c, 0x89, 0xe1,
    0x49, 0x0f, 0x47, 0xc9, 0x4b, 0x8d, 0x04, 0x2a, 0x48, 0x39, 0xd9, 0x73,
    0x15, 0x0f, 0x1f, 0x00, 0x41, 0x0f, 0xb6, 0x14, 0x0e, 0x3a, 0x14, 0x08,
    0x75, 0x46, 0x48, 0xff, 0xc1, 0x48, 0x39, 0xcb, 0x75, 0xee, 0x4d, 0x39,
    0xcc, 0x4c, 0x89, 0xca, 0x49, 0x0f, 0x42, 0xd4, 0x0f, 0x83, 0x6e, 0xff,
    0xff, 0xff, 0x48, 0x8b, 0x4d, 0xc8, 0x4a, 0x8d, 0x34, 0x11, 0x4c, 0x89,
    0xc9, 0x0f, 0x1f, 0x00, 0x41, 0x0f, 0xb6, 0x7c, 0x0e, 0xff, 0x40, 0x3a,
    0x3c, 0x0e, 0x0f, 0x85, 0x4d, 0xff, 0xff, 0xff, 0x48, 0xff, 0xc9, 0x49,
    0x39, 0xcc, 0x72, 0xe8, 0xe9, 0x43, 0xff, 0xff, 0xff, 0x0f, 0x1f, 0x00,
    0x48, 0x03, 0x4d, 0xd0, 0x45, 0x31, 0xe4, 0xe9, 0x47, 0xff, 0xff, 0xff,
    0x31, 0xc0, 0x48, 0x83, 0xc4, 0x48, 0x5b, 0x41, 0x5c, 0x41, 0x5d, 0x41,
    0x5e, 0x41, 0x5f, 0x5d, 0xc3, 0x0f, 0x1f, 0x00, 0x55, 0x48, 0x89, 0xe5,
    0x41, 0x57, 0x41, 0x56, 0x41, 0x55, 0x41, 0x54, 0x53, 0x48, 0x81, 0xec,
    0x48, 0x08, 0x00, 0x00, 0x48, 0x89, 0xcb, 0x49, 0x89, 0xd6, 0x48, 0x83,
    0xf9, 0x02, 0x72, 0x7b, 0x48, 0xc7, 0xc0, 0xff, 0xff, 0xff, 0xff, 0x41,
    0xb9, 0x01, 0x00, 0x00, 0x00, 0x45, 0x31, 0xd2, 0xb9, 0x01, 0x00, 0x00,
    0x00, 0xba, 0x01, 0x00, 0x00, 0x00, 0xeb, 0x1a, 0x0f, 0x1f, 0x40, 0x00,
    0x4c, 0x89, 0xc9, 0x48, 0x29, 0xc1, 0xba, 0x01, 0x00, 0x00, 0x00, 0x4d,
    0x89, 0xca, 0x49, 0x01, 0xd1, 0x49, 0x39, 0xd9, 0x73, 0x53, 0x4d, 0x8d,
    0x04, 0x06, 0x46, 0x0f, 0xb6, 0x04, 0x02, 0x47, 0x38, 0x04, 0x0e, 0x72,
    0xdb, 0x75, 0x19, 0x48, 0x39, 0xca, 0x75, 0x27, 0x49, 0x01, 0xca, 0xba,
    0x01, 0x00, 0x00, 0x00, 0x4d, 0x89, 0xd1, 0xeb, 0xd2, 0x0f, 0x1f, 0x80,
    0x00, 0x00, 0x00, 0x00, 0x4d, 0x8d, 0x4a, 0x01, 0xba, 0x01, 0x00, 0x00,
    0x00, 0x4c, 0x89, 0xd0, 0xb9, 0x01, 0x00, 0x00, 0x00, 0xeb, 0xb8, 0x48,
    0xff, 0xc2, 0x4d, 0x89, 0xd1, 0xeb, 0xb0, 0x41, 0xbc, 0x01, 0x00, 0x00,
    0x00, 0x45, 0x31, 0xff, 0xe9, 0x94, 0x00, 0x00, 0x00, 0x49, 0xc7, 0xc7,
    0xff, 0xff, 0xff, 0xff, 0x41, 0xba, 0x01, 0x00, 0x00, 0x00, 0x45, 0x31,
    0xdb, 0x41, 0xbc, 0x01, 0x00, 0x00, 0x00, 0xba, 0x01, 0x00, 0x00, 0x00,
    0xeb, 0x20, 0x66, 0x2e, 0x0f, 0x1f, 0x84, 0x00, 0x00, 0x00, 0x00, 0x00,
    0x4d, 0x89, 0xd4, 0x4d, 0x29, 0xfc, 0xba, 0x01, 0x00, 0x00, 0x00, 0x4d,
    0x89, 0xd3, 0x49, 0x01, 0xd2, 0x49, 0x39, 0xda, 0x73, 0x46, 0x47, 0x0f,
    0xb6, 0x04, 0x16, 0x4f, 0x8d, 0x0c, 0x3e, 0x46, 0x0f, 0xb6, 0x0c, 0x0a,
    0x45, 0x38, 0xc1, 0x72, 0xd7, 0x75, 0x15, 0x4c, 0x39, 0xe2, 0x75, 0x24,
    0x4d, 0x01, 0xe3, 0xba, 0x01, 0x00, 0x00, 0x00, 0x4d, 0x89, 0xda, 0xeb,
    0xce, 0x0f, 0x1f, 0x00, 0x4d, 0x8d, 0x53, 0x01, 0xba, 0x01, 0x00, 0x00,
    0x00, 0x4d, 0x89, 0xdf, 0x41, 0xbc, 0x01, 0x00, 0x00, 0x00, 0xeb, 0xb7,
    0x48, 0xff, 0xc2, 0x4d, 0x89, 0xda, 0xeb, 0xaf, 0x48, 0xff, 0xc0, 0x49,
    0xff, 0xc7, 0x49, 0x39, 0xc7, 0x4c, 0x0f, 0x42, 0xe1, 0x4c, 0x0f, 0x46,
    0xf8, 0x66, 0x48, 0x0f, 0x6e, 0xc3, 0x66, 0x0f, 0x70, 0xc0, 0x44, 0xb8,
    0x0e, 0x00, 0x00, 0x00, 0x0f, 0x1f, 0x40, 0x00, 0x66, 0x0f, 0x7f, 0x84,
    0xc5, 0x20, 0xf7, 0xff, 0xff, 0x66, 0x0f, 0x7f, 0x84, 0xc5, 0x30, 0xf7,
    0xff, 0xff, 0x66, 0x0f, 0x7f, 0x84, 0xc5, 0x40, 0xf7, 0xff, 0xff, 0x66,
    0x0f, 0x7f, 0x84, 0xc5, 0x50, 0xf7, 0xff, 0xff, 0x66, 0x0f, 0x7f, 0x84,
    0xc5, 0x60, 0xf7, 0xff, 0xff, 0x66, 0x0f, 0x7f, 0x84, 0xc5, 0x70, 0xf7,
    0xff, 0xff, 0x66, 0x0f, 0x7f, 0x84, 0xc5, 0x80, 0xf7, 0xff, 0xff, 0x66,
    0x0f, 0x7f, 0x84, 0xc5, 0x90, 0xf7, 0xff, 0xff, 0x48, 0x83, 0xc0, 0x10,
    0x48, 0x3d, 0x0e, 0x01, 0x00, 0x00, 0x75, 0xac, 0x48, 0x89, 0x7d, 0xd0,
    0x48, 0x89, 0x75, 0x98, 0x48, 0x85, 0xdb, 0x0f, 0x84, 0xc2, 0x00, 0x00,
    0x00, 0x89, 0xd8, 0x83, 0xe0, 0x03, 0x48, 0x83, 0xfb, 0x04, 0x73, 0x04,
    0x31, 0xc9, 0xeb, 0x7e, 0x48, 0x89, 0xda, 0x48, 0x83, 0xe2, 0xfc, 0x48,
    0x8d, 0x73, 0xff, 0x31, 0xc9, 0x66, 0x66, 0x66, 0x66, 0x66, 0x66, 0x2e,
    0x0f, 0x1f, 0x84, 0x00, 0x00, 0x00, 0x00, 0x00, 0x41, 0x0f, 0xb6, 0x3c,
    0x0e, 0x48, 0x89, 0xb4, 0xfd, 0x90, 0xf7, 0xff, 0xff, 0x48, 0x89, 0xcf,
    0x48, 0x83, 0xf7, 0xfe, 0x48, 0x01, 0xdf, 0x45, 0x0f, 0xb6, 0x44, 0x0e,
    0x01, 0x4a, 0x89, 0xbc, 0xc5, 0x90, 0xf7, 0xff, 0xff, 0x48, 0x89, 0xcf,
    0x48, 0x83, 0xf7, 0xfd, 0x48, 0x01, 0xdf, 0x45, 0x0f, 0xb6, 0x44, 0x0e,
    0x02, 0x4a, 0x89, 0xbc, 0xc5, 0x90, 0xf7, 0xff, 0xff, 0x48, 0x89, 0xcf,
    0x48, 0x83, 0xf7, 0xfc, 0x48, 0x01, 0xdf, 0x45, 0x0f, 0xb6, 0x44, 0x0e,
    0x03, 0x4a, 0x89, 0xbc, 0xc5, 0x90, 0xf7, 0xff, 0xff, 0x48, 0x83, 0xc1,
    0x04, 0x48, 0x83, 0xc6, 0xfc, 0x48, 0x39, 0xca, 0x75, 0x9e, 0x48, 0x85,
    0xc0, 0x74, 0x30, 0x49, 0x8d, 0x14, 0x0e, 0x48, 0xf7, 0xd1, 0x48, 0x01,
    0xd9, 0x31, 0xf6, 0x66, 0x66, 0x66, 0x66, 0x2e, 0x0f, 0x1f, 0x84, 0x00,
    0x00, 0x00, 0x00, 0x00, 0x0f, 0xb6, 0x3c, 0x32, 0x48, 0x89, 0x8c, 0xfd,
    0x90, 0xf7, 0xff, 0xff, 0x48, 0xff, 0xc6, 0x48, 0xff, 0xc9, 0x48, 0x39,
    0xf0, 0x75, 0xe9, 0x4b, 0x8d, 0x34, 0x26, 0x4c, 0x89, 0xf7, 0x4c, 0x89,
    0xfa, 0xe8, 0x1a, 0x05, 0x00, 0x00, 0x85, 0xc0, 0x48, 0x89, 0x5d, 0x90,
    0x4c, 0x89, 0x7d, 0xc8, 0x48, 0x89, 0xd8, 0x0f, 0x84, 0x1c, 0x01, 0x00,
    0x00, 0x4c, 0x29, 0xf8, 0x49, 0x39, 0xc7, 0x49, 0x0f, 0x47, 0xc7, 0x48,
    0x89, 0x45, 0xb0, 0x48, 0x89, 0xd8, 0x48, 0x0d, 0x00, 0x08, 0x00, 0x00,
    0x48, 0x89, 0x45, 0xb8, 0x4c, 0x8d, 0x6b, 0xff, 0x4c, 0x89, 0x6d, 0xc0,
    0x4d, 0x29, 0xfd, 0x4f, 0x8d, 0x24, 0x3e, 0x48, 0x8b, 0x7d, 0xd0, 0x4a,
    0x8d, 0x04, 0x3f, 0x48, 0x89, 0x45, 0xa8, 0x48, 0x8d, 0x47, 0xff, 0x48,
    0x89, 0x45, 0xa0, 0x45, 0x31, 0xff, 0x4c, 0x8b, 0x45, 0x98, 0xeb, 0x19,
    0x4a, 0x8d, 0x04, 0x3f, 0x0f, 0xb6, 0x4c, 0x03, 0xff, 0x48, 0x8b, 0x8c,
    0xcd, 0x90, 0xf7, 0xff, 0xff, 0x48, 0x85, 0xc9, 0x74, 0x4a, 0x49, 0x01,
    0xcf, 0x4c, 0x89, 0xc0, 0x48, 0x29, 0xd8, 0x49, 0x39, 0xc7, 0x76, 0xdc,
    0x4c, 0x01, 0xc7, 0x48, 0x8b, 0x75, 0xb8, 0x4c, 0x89, 0xc3, 0xe8, 0xed,
    0x04, 0x00, 0x00, 0x48, 0x8b, 0x7d, 0xd0, 0x49, 0x89, 0xd8, 0x48, 0x8b,
    0x5d, 0x90, 0x49, 0x01, 0xc0, 0x4c, 0x89, 0xc0, 0x48, 0x29, 0xd8, 0x49,
    0x39, 0xc7, 0x76, 0xb4, 0xe9, 0xc5, 0x01, 0x00, 0x00, 0x66, 0x66, 0x66,
    0x66, 0x66, 0x66, 0x2e, 0x0f, 0x1f, 0x84, 0x00, 0x00, 0x00, 0x00, 0x00,
    0x48, 0x8b, 0x4d, 0xc0, 0x48, 0x3b, 0x4d, 0xc8, 0x76, 0x29, 0x48, 0x8b,
    0x4d, 0xa8, 0x4a, 0x8d, 0x14, 0x39, 0x31, 0xc9, 0x66, 0x66, 0x66, 0x2e,
    0x0f, 0x1f, 0x84, 0x00, 0x00, 0x00, 0x00, 0x00, 0x41, 0x0f, 0xb6, 0x34,
    0x0c, 0x40, 0x3a, 0x34, 0x0a, 0x75, 0x3f, 0x48, 0xff, 0xc1, 0x49, 0x39,
    0xcd, 0x75, 0xed, 0x48, 0x8b, 0x55, 0xc8, 0x48, 0x85, 0xd2, 0x0f, 0x84,
    0x78, 0x01, 0x00, 0x00, 0x48, 0x8b, 0x4d, 0xa0, 0x4c, 0x01, 0xf9, 0x66,
    0x0f, 0x1f, 0x84, 0x00, 0x00, 0x00, 0x00, 0x00, 0x41, 0x0f, 0xb6, 0x74,
    0x16, 0xff, 0x40, 0x3a, 0x34, 0x11, 0x75, 0x0a, 0x48, 0xff, 0xca, 0x75,
    0xef, 0xe9, 0x52, 0x01, 0x00, 0x00, 0x48, 0x8b, 0x4d, 0xb0, 0x49, 0x01,
    0xcf, 0x49, 0xff, 0xc7, 0xe9, 0x44, 0xff, 0xff, 0xff, 0x48, 0x0d, 0x00,
    0x08, 0x00, 0x00, 0x48, 0x89, 0x45, 0xa0, 0x48, 0x89, 0xd8, 0x4c, 0x89,
    0x65, 0xb8, 0x4c, 0x29, 0xe0, 0x48, 0x89, 0x45, 0xc0, 0x4c, 0x8d, 0x6b,
    0xff, 0xb8, 0x01, 0x00, 0x00, 0x00, 0x4c, 0x29, 0xf8, 0x48, 0x89, 0x45,
    0xb0, 0x4c, 0x8b, 0x4d, 0xd0, 0x49, 0x8d, 0x41, 0xff, 0x48, 0x89, 0x45,
    0xa8, 0x45, 0x31, 0xe4, 0x45, 0x31, 0xff, 0x4c, 0x8b, 0x45, 0x98, 0xeb,
    0x1a, 0x48, 0x89, 0xca, 0x49, 0xff, 0xc7, 0x48, 0x8b, 0x4d, 0xb8, 0x4c,
    0x39, 0xfa, 0x4c, 0x8b, 0x7d, 0xc0, 0x0f, 0x82, 0xec, 0x00, 0x00, 0x00,
    0x49, 0x01, 0xcc, 0x4c, 0x89, 0xc0, 0x48, 0x29, 0xd8, 0x49, 0x39, 0xc4,
    0x76, 0x2d, 0x4b, 0x8d, 0x3c, 0x01, 0x48, 0x8b, 0x75, 0xa0, 0x4c, 0x89,
    0xc3, 0xe8, 0xd6, 0x03, 0x00, 0x00, 0x4c, 0x8b, 0x4d, 0xd0, 0x49, 0x89,
    0xd8, 0x48, 0x8b, 0x5d, 0x90, 0x49, 0x01, 0xc0, 0x4c, 0x89, 0xc0, 0x48,
    0x29, 0xd8, 0x49, 0x39, 0xc4, 0x0f, 0x87, 0xaf, 0x00, 0x00, 0x00, 0x4b,
    0x8d, 0x04, 0x21, 0x0f, 0xb6, 0x4c, 0x03, 0xff, 0x48, 0x8b, 0x94, 0xcd,
    0x90, 0xf7, 0xff, 0xff, 0x48, 0x85, 0xd2, 0x74, 0x23, 0x48, 0x3b, 0x55,
    0xb8, 0x48, 0x89, 0xd1, 0x48, 0x0f, 0x42, 0x4d, 0xc0, 0x4d, 0x85, 0xff,
    0x48, 0x0f, 0x44, 0xca, 0x45, 0x31, 0xff, 0xeb, 0x97, 0x66, 0x66, 0x2e,
    0x0f, 0x1f, 0x84, 0x00, 0x00, 0x00, 0x00, 0x00, 0x48, 0x8b, 0x55, 0xc8,
    0x4c, 0x39, 0xfa, 0x4c, 0x89, 0xf9, 0x48, 0x0f, 0x47, 0xca, 0x4c, 0x39,
    0xe9, 0x73, 0x1f, 0x66, 0x66, 0x66, 0x66, 0x2e, 0x0f, 0x1f, 0x84, 0x00,
    0x00, 0x00, 0x00, 0x00, 0x41, 0x0f, 0xb6, 0x14, 0x0e, 0x3a, 0x14, 0x08,
    0x75, 0x43, 0x48, 0xff, 0xc1, 0x49, 0x39, 0xcd, 0x75, 0xee, 0x48, 0x8b,
    0x4d, 0xc8, 0x49, 0x39, 0xcf, 0x48, 0x89, 0xca, 0x49, 0x0f, 0x42, 0xd7,
    0x0f, 0x83, 0x32, 0xff, 0xff, 0xff, 0x48, 0x8b, 0x75, 0xa8, 0x4c, 0x01,
    0xe6, 0x0f, 0x1f, 0x00, 0x41, 0x0f, 0xb6, 0x7c, 0x0e, 0xff, 0x40, 0x3a,
    0x3c, 0x0e, 0x0f, 0x85, 0x15, 0xff, 0xff, 0xff, 0x48, 0xff, 0xc9, 0x49,
    0x39, 0xcf, 0x72, 0xe8, 0xe9, 0x0b, 0xff, 0xff, 0xff, 0x48, 0x03, 0x4d,
    0xb0, 0xe9, 0x7a, 0xff, 0xff, 0xff, 0x31, 0xc0, 0x48, 0x81, 0xc4, 0x48,
    0x08, 0x00, 0x00, 0x5b, 0x41, 0x5c, 0x41, 0x5d, 0x41, 0x5e, 0x41, 0x5f,
    0x5d, 0xc3, 0x66, 0x0f, 0x1f, 0x44, 0x00, 0x00, 0x55, 0x48, 0x89, 0xe5,
    0x41, 0x57, 0x41, 0x56, 0x41, 0x55, 0x41, 0x54, 0x53, 0x48, 0x83, 0xec,
    0x48, 0x49, 0x89, 0xf6, 0x48, 0x89, 0xfb, 0x0f, 0xb6, 0x36, 0x85, 0xf6,
    0x0f, 0x84, 0x31, 0x01, 0x00, 0x00, 0x41, 0x0f, 0xb6, 0x4e, 0x01, 0x85,
    0xc9, 0x74, 0x4e, 0x41, 0x0f, 0xb6, 0x46, 0x02, 0x85, 0xc0, 0x74, 0x5b,
    0x41, 0x0f, 0xb6, 0x56, 0x03, 0x85, 0xd2, 0x0f, 0x84, 0x8b, 0x00, 0x00,
    0x00, 0x41, 0x80, 0x7e, 0x04, 0x00, 0x0f, 0x84, 0xc5, 0x00, 0x00, 0x00,
    0x4c, 0x89, 0xf7, 0xe8, 0x0c, 0xf4, 0xff, 0xff, 0x49, 0x89, 0xc7, 0x48,
    0x89, 0xc6, 0x48, 0x81, 0xce, 0x00, 0x02, 0x00, 0x00, 0x48, 0x89, 0xdf,
    0xe8, 0x87, 0x02, 0x00, 0x00, 0x4c, 0x39, 0xf8, 0x0f, 0x83, 0xf3, 0x00,
    0x00, 0x00, 0x31, 0xdb, 0xe9, 0xda, 0x00, 0x00, 0x00, 0x48, 0x89, 0xdf,
    0x48, 0x83, 0xc4, 0x48, 0x5b, 0x41, 0x5c, 0x41, 0x5d, 0x41, 0x5e, 0x41,
    0x5f, 0x5d, 0xe9, 0xe1, 0xed, 0xff, 0xff, 0xc1, 0xe6, 0x10, 0x09, 0xce,
    0x0f, 0xb6, 0x0b, 0x31, 0xc0, 0x84, 0xc9, 0x74, 0x1e, 0x48, 0x89, 0xda,
    0x0f, 0xb6, 0xc9, 0xc1, 0xe0, 0x10, 0x09, 0xc8, 0x48, 0x8d, 0x5a, 0x01,
    0x39, 0xc6, 0x74, 0x0b, 0x0f, 0xb6, 0x4a, 0x01, 0x48, 0x89, 0xda, 0x84,
    0xc9, 0x75, 0xe5, 0x48, 0x83, 0xc3, 0xfe, 0x31, 0xc9, 0x39, 0xc6, 0x48,
    0x0f, 0x45, 0xd9, 0xe9, 0x87, 0x00, 0x00, 0x00, 0xc1, 0xe6, 0x18, 0xc1,
    0xe1, 0x10, 0x09, 0xf1, 0xc1, 0xe0, 0x08, 0x09, 0xc8, 0x0f, 0xb6, 0x13,
    0x31, 0xc9, 0x84, 0xd2, 0x74, 0x29, 0x48, 0x89, 0xde, 0x66, 0x66, 0x2e,
    0x0f, 0x1f, 0x84, 0x00, 0x00, 0x00, 0x00, 0x00, 0x0f, 0xb6, 0xd2, 0x09,
    0xd1, 0xc1, 0xe1, 0x08, 0x48, 0x8d, 0x5e, 0x01, 0x39, 0xc8, 0x74, 0x0b,
    0x0f, 0xb6, 0x56, 0x01, 0x48, 0x89, 0xde, 0x84, 0xd2, 0x75, 0xe5, 0x48,
    0x83, 0xc3, 0xfd, 0xeb, 0x3a, 0xc1, 0xe6, 0x18, 0xc1, 0xe1, 0x10, 0x09,
    0xf1, 0xc1, 0xe0, 0x08, 0x09, 0xc8, 0x09, 0xd0, 0x0f, 0xb6, 0x13, 0x31,
    0xc9, 0x84, 0xd2, 0x74, 0x1e, 0x0f, 0x1f, 0x80, 0x00, 0x00, 0x00, 0x00,
    0x0f, 0xb6, 0xd2, 0xc1, 0xe1, 0x08, 0x09, 0xd1, 0x0f, 0xb6, 0x53, 0x01,
    0x48, 0xff, 0xc3, 0x84, 0xd2, 0x74, 0x04, 0x39, 0xc8, 0x75, 0xe9, 0x48,
    0x83, 0xc3, 0xfc, 0x31, 0xd2, 0x39, 0xc8, 0x48, 0x0f, 0x45, 0xda, 0x48,
    0x89, 0xd8, 0x48, 0x83, 0xc4, 0x48, 0x5b, 0x41, 0x5c, 0x41, 0x5d, 0x41,
    0x5e, 0x41, 0x5f, 0x5d, 0xc3, 0x49, 0x89, 0xc4, 0x49, 0x81, 0xff, 0xfe,
    0x00, 0x00, 0x00, 0x0f, 0x87, 0xed, 0x00, 0x00, 0x00, 0x49, 0x01, 0xdc,
    0x41, 0x8d, 0x77, 0x01, 0x48, 0x8d, 0x7d, 0x90, 0xba, 0x40, 0x00, 0x00,
    0x00, 0xe8, 0xf6, 0x18, 0x00, 0x00, 0x4d, 0x85, 0xff, 0x74, 0x61, 0x49,
    0x83, 0xff, 0x01, 0x75, 0x04, 0x31, 0xc0, 0xeb, 0x40, 0x44, 0x89, 0xf9,
    0x81, 0xe1, 0xfe, 0x00, 0x00, 0x00, 0x31, 0xc0, 0x44, 0x89, 0xfa, 0x66,
    0x0f, 0x1f, 0x84, 0x00, 0x00, 0x00, 0x00, 0x00, 0x41, 0x0f, 0xb6, 0x34,
    0x06, 0x83, 0xe6, 0x3f, 0x88, 0x54, 0x35, 0x90, 0x8d, 0x72, 0xff, 0x41,
    0x0f, 0xb6, 0x7c, 0x06, 0x01, 0x83, 0xe7, 0x3f, 0x40, 0x88, 0x74, 0x3d,
    0x90, 0x48, 0x83, 0xc0, 0x02, 0x80, 0xc2, 0xfe, 0x48, 0x39, 0xc1, 0x75,
    0xd7, 0x41, 0xf6, 0xc7, 0x01, 0x74, 0x11, 0x44, 0x89, 0xf9, 0x29, 0xc1,
    0x41, 0x0f, 0xb6, 0x04, 0x06, 0x83, 0xe0, 0x3f, 0x88, 0x4c, 0x05, 0x90,
    0x4d, 0x29, 0xfc, 0x42, 0x0f, 0xb6, 0x44, 0x3b, 0xff, 0x83, 0xe0, 0x3f,
    0x0f, 0xb6, 0x44, 0x05, 0x90, 0x48, 0x01, 0xc3, 0x48, 0xff, 0xcb, 0x4c,
    0x39, 0xe3, 0x77, 0x30, 0x0f, 0x1f, 0x40, 0x00, 0x42, 0x0f, 0xb6, 0x04,
    0x3b, 0x83, 0xe0, 0x3f, 0x44, 0x0f, 0xb6, 0x6c, 0x05, 0x90, 0x48, 0x89,
    0xdf, 0x4c, 0x89, 0xf6, 0x4c, 0x89, 0xfa, 0xe8, 0x64, 0x00, 0x00, 0x00,
    0x85, 0xc0, 0x0f, 0x84, 0x1f, 0xff, 0xff, 0xff, 0x4c, 0x01, 0xeb, 0x4c,
    0x39, 0xe3, 0x76, 0xd4, 0x43, 0x80, 0x3c, 0x3c, 0x00, 0x0f, 0x84, 0x2b,
    0xfe, 0xff, 0xff, 0x4b, 0x8d, 0x3c, 0x3c, 0xbe, 0x00, 0x08, 0x00, 0x00,
    0xe8, 0x9b, 0x00, 0x00, 0x00, 0x49, 0x01, 0xc4, 0x4c, 0x39, 0xe3, 0x76,
    0x96, 0xe9, 0x10, 0xfe, 0xff, 0xff, 0x48, 0x89, 0xdf, 0x4c, 0x89, 0xe6,
    0x4c, 0x89, 0xf2, 0x4c, 0x89, 0xf9, 0x48, 0x83, 0xc4, 0x48, 0x5b, 0x41,
    0x5c, 0x41, 0x5d, 0x41, 0x5e, 0x41, 0x5f, 0x5d, 0xe9, 0x6f, 0xf8, 0xff,
    0xff, 0xcc, 0xcc, 0xcc, 0xcc, 0xcc, 0xcc, 0xcc, 0xcc, 0xcc, 0xcc, 0xcc,
    0xcc, 0xcc, 0xcc, 0xcc, 0x55, 0x48, 0x89, 0xe5, 0x48, 0x83, 0xfa, 0x08,
    0x73, 0x07, 0x48, 0x85, 0xd2, 0x75, 0x2b, 0xeb, 0x45, 0x89, 0xf0, 0x09,
    0xf8, 0xa8, 0x07, 0x75, 0x21, 0xeb, 0x17, 0x0f, 0x1f, 0x44, 0x00, 0x00,
    0x48, 0x83, 0xc7, 0x08, 0x48, 0x83, 0xc6, 0x08, 0x48, 0x83, 0xc2, 0xf8,
    0x48, 0x83, 0xfa, 0x07, 0x76, 0xd8, 0x48, 0x8b, 0x07, 0x48, 0x3b, 0x06,
    0x74, 0xe6, 0x31, 0xc9, 0x0f, 0x1f, 0x40, 0x00, 0x0f, 0xb6, 0x04, 0x0f,
    0x44, 0x0f, 0xb6, 0x04, 0x0e, 0x44, 0x38, 0xc0, 0x75, 0x0c, 0x48, 0xff,
    0xc1, 0x48, 0x39, 0xca, 0x75, 0xea, 0x31, 0xc0, 0x5d, 0xc3, 0x44, 0x29,
    0xc0, 0x5d, 0xc3, 0xcc, 0x48, 0x89, 0xf8, 0x48, 0x85, 0xf6, 0x74, 0x29,
    0x55, 0x48, 0x89, 0xe5, 0x48, 0x8d, 0x0c, 0x37, 0x48, 0x89, 0xf8, 0x66,
    0x66, 0x66, 0x66, 0x2e, 0x0f, 0x1f, 0x84, 0x00, 0x00, 0x00, 0x00, 0x00,
    0x80, 0x38, 0x00, 0x74, 0x0b, 0x48, 0xff, 0xc0, 0x48, 0xff, 0xce, 0x75,
    0xf3, 0x48, 0x89, 0xc8, 0x5d, 0x48, 0x29, 0xf8, 0xc3, 0xcc, 0xcc, 0xcc,
    0xcc, 0xcc, 0xcc, 0xcc, 0xcc, 0xcc, 0xcc, 0xcc, 0x55, 0x48, 0x89, 0xe5,
    0x41, 0x57, 0x41, 0x56, 0x41, 0x55, 0x41, 0x54, 0x53, 0x48, 0x83, 0xec,
    0x18, 0x48, 0x89, 0xcb, 0x49, 0x89, 0xd6, 0x49, 0x89, 0xf4, 0x48, 0x89,
    0x7d, 0xd0, 0x48, 0x83, 0xf9, 0x02, 0x72, 0x77, 0x48, 0xc7, 0xc0, 0xff,
    0xff, 0xff, 0xff, 0x41, 0xb9, 0x01, 0x00, 0x00, 0x00, 0x31, 0xff, 0xb9,
    0x01, 0x00, 0x00, 0x00, 0xba, 0x01, 0x00, 0x00, 0x00, 0xeb, 0x17, 0x90,
    0x4c, 0x89, 0xc9, 0x48, 0x29, 0xc1, 0xba, 0x01, 0x00, 0x00, 0x00, 0x4c,
    0x89, 0xcf, 0x49, 0x01, 0xd1, 0x49, 0x39, 0xd9, 0x73, 0x53, 0x4d, 0x8d,
    0x04, 0x06, 0x46, 0x0f, 0xb6, 0x04, 0x02, 0x47, 0x38, 0x04, 0x0e, 0x72,
    0xdb, 0x75, 0x19, 0x48, 0x39, 0xca, 0x75, 0x27, 0x48, 0x01, 0xcf, 0xba,
    0x01, 0x00, 0x00, 0x00, 0x49, 0x89, 0xf9, 0xeb, 0xd2, 0x0f, 0x1f, 0x80,
    0x00, 0x00, 0x00, 0x00, 0x4c, 0x8d, 0x4f, 0x01, 0xba, 0x01, 0x00, 0x00,
    0x00, 0x48, 0x89, 0xf8, 0xb9, 0x01, 0x00, 0x00, 0x00, 0xeb, 0xb8, 0x48,
    0xff, 0xc2, 0x49, 0x89, 0xf9, 0xeb, 0xb0, 0x41, 0xbf, 0x01, 0x00, 0x00,
    0x00, 0x45, 0x31, 0xed, 0xe9, 0x94, 0x00, 0x00, 0x00, 0x49, 0xc7, 0xc5,
    0xff, 0xff, 0xff, 0xff, 0x41, 0xba, 0x01, 0x00, 0x00, 0x00, 0x31, 0xff,
    0x41, 0xbf, 0x01, 0x00, 0x00, 0x00, 0xba, 0x01, 0x00, 0x00, 0x00, 0xeb,
    0x21, 0x66, 0x66, 0x2e, 0x0f, 0x1f, 0x84, 0x00, 0x00, 0x00, 0x00, 0x00,
    0x4d, 0x89, 0xd7, 0x4d, 0x29, 0xef, 0xba, 0x01, 0x00, 0x00, 0x00, 0x4c,
    0x89, 0xd7, 0x49, 0x01, 0xd2, 0x49, 0x39, 0xda, 0x73, 0x46, 0x47, 0x0f,
    0xb6, 0x04, 0x16, 0x4f, 0x8d, 0x0c, 0x2e, 0x46, 0x0f, 0xb6, 0x0c, 0x0a,
    0x45, 0x38, 0xc1, 0x72, 0xd7, 0x75, 0x15, 0x4c, 0x39, 0xfa, 0x75, 0x24,
    0x4c, 0x01, 0xff, 0xba, 0x01, 0x00, 0x00, 0x00, 0x49, 0x89, 0xfa, 0xeb,
    0xce, 0x0f, 0x1f, 0x00, 0x4c, 0x8d, 0x57, 0x01, 0xba, 0x01, 0x00, 0x00,
    0x00, 0x49, 0x89, 0xfd, 0x41, 0xbf, 0x01, 0x00, 0x00, 0x00, 0xeb, 0xb7,
    0x48, 0xff, 0xc2, 0x49, 0x89, 0xfa, 0xeb, 0xaf, 0x48, 0xff, 0xc0, 0x49,
    0xff, 0xc5, 0x49, 0x39, 0xc5, 0x4c, 0x0f, 0x42, 0xf9, 0x4c, 0x0f, 0x46,
    0xe8, 0x4b, 0x8d, 0x34, 0x3e, 0x4c, 0x89, 0xf7, 0x4c, 0x89, 0xea, 0xe8,
    0x14, 0xfe, 0xff, 0xff, 0x85, 0xc0, 0x0f, 0x84, 0xbb, 0x00, 0x00, 0x00,
    0x48, 0x89, 0xd9, 0x4c, 0x29, 0xe9, 0x49, 0x39, 0xcd, 0x48, 0x89, 0xca,
    0x49, 0x0f, 0x47, 0xd5, 0x4c, 0x89, 0xe7, 0x48, 0x29, 0xdf, 0x4b, 0x8d,
    0x34, 0x2e, 0x4c, 0x8b, 0x65, 0xd0, 0x4b, 0x8d, 0x04, 0x2c, 0x48, 0x89,
    0x45, 0xc8, 0x4d, 0x8d, 0x44, 0x24, 0xff, 0x45, 0x31, 0xc9, 0x4c, 0x39,
    0xeb, 0x76, 0x2c, 0x48, 0x8b, 0x45, 0xc8, 0x4e, 0x8d, 0x14, 0x08, 0x31,
    0xc0, 0x66, 0x66, 0x66, 0x66, 0x66, 0x66, 0x2e, 0x0f, 0x1f, 0x84, 0x00,
    0x00, 0x00, 0x00, 0x00, 0x44, 0x0f, 0xb6, 0x1c, 0x06, 0x45, 0x3a, 0x1c,
    0x02, 0x75, 0x48, 0x48, 0xff, 0xc0, 0x48, 0x39, 0xc1, 0x75, 0xed, 0x4b,
    0x8d, 0x04, 0x0c, 0x4d, 0x85, 0xed, 0x74, 0x44, 0x4f, 0x8d, 0x14, 0x08,
    0x4d, 0x89, 0xeb, 0x66, 0x66, 0x66, 0x66, 0x2e, 0x0f, 0x1f, 0x84, 0x00,
    0x00, 0x00, 0x00, 0x00, 0x47, 0x0f, 0xb6, 0x7c, 0x1e, 0xff, 0x47, 0x3a,
    0x3c, 0x1a, 0x75, 0x14, 0x49, 0xff, 0xcb, 0x75, 0xef, 0xeb, 0x1d, 0x66,
    0x66, 0x66, 0x66, 0x2e, 0x0f, 0x1f, 0x84, 0x00, 0x00, 0x00, 0x00, 0x00,
    0x48, 0x89, 0xd0, 0x49, 0x01, 0xc1, 0x49, 0xff, 0xc1, 0x49, 0x39, 0xf9,
    0x76, 0x84, 0x31, 0xc0, 0x48, 0x83, 0xc4, 0x18, 0x5b, 0x41, 0x5c, 0x41,
    0x5d, 0x41, 0x5e, 0x41, 0x5f, 0x5d, 0xc3, 0x49, 0x29, 0xdc, 0x48, 0x89,
    0xd9, 0x4c, 0x29, 0xf9, 0xb8, 0x01, 0x00, 0x00, 0x00, 0x4c, 0x29, 0xe8,
    0x48, 0x89, 0x45, 0xc8, 0x4c, 0x8b, 0x5d, 0xd0, 0x49, 0x8d, 0x73, 0xff,
    0x45, 0x31, 0xc0, 0x31, 0xff, 0xeb, 0x1d, 0x4d, 0x89, 0xca, 0x4c, 0x8b,
    0x5d, 0xd0, 0x49, 0xff, 0xc0, 0x4d, 0x89, 0xf9, 0x4d, 0x39, 0xc2, 0x49,
    0x89, 0xc8, 0x72, 0xb8, 0x4c, 0x01, 0xcf, 0x4c, 0x39, 0xe7, 0x77, 0xae,
    0x4d, 0x39, 0xc5, 0x4d, 0x89, 0xc1, 0x4d, 0x0f, 0x47, 0xcd, 0x49, 0x8d,
    0x04, 0x3b, 0x49, 0x39, 0xd9, 0x73, 0x20, 0x66, 0x66, 0x66, 0x66, 0x2e,
    0x0f, 0x1f, 0x84, 0x00, 0x00, 0x00, 0x00, 0x00, 0x47, 0x0f, 0xb6, 0x14,
    0x0e, 0x46, 0x3a, 0x14, 0x08, 0x75, 0x45, 0x49, 0xff, 0xc1, 0x4c, 0x39,
    0xcb, 0x75, 0xed, 0x4d, 0x39, 0xe8, 0x4d, 0x89, 0xea, 0x4d, 0x0f, 0x42,
    0xd0, 0x73, 0xab, 0x4c, 0x8d, 0x1c, 0x3e, 0x4d, 0x89, 0xe9, 0x66, 0x2e,
    0x0f, 0x1f, 0x84, 0x00, 0x00, 0x00, 0x00, 0x00, 0x43, 0x0f, 0xb6, 0x54,
    0x0e, 0xff, 0x43, 0x3a, 0x14, 0x0b, 0x75, 0x87, 0x49, 0xff, 0xc9, 0x4d,
    0x39, 0xc8, 0x72, 0xec, 0xeb, 0x80, 0x66, 0x2e, 0x0f, 0x1f, 0x84, 0x00,
    0x00, 0x00, 0x00, 0x00, 0x4c, 0x03, 0x4d, 0xc8, 0x45, 0x31, 0xc0, 0xe9,
    0x7c, 0xff, 0xff, 0xff, 0x0f, 0x1f, 0x40, 0x00, 0x55, 0x48, 0x89, 0xe5,
    0x41, 0x57, 0x41, 0x56, 0x41, 0x55, 0x41, 0x54, 0x53, 0x48, 0x81, 0xec,
    0x18, 0x08, 0x00, 0x00, 0x48, 0x89, 0xcb, 0x49, 0x89, 0xd6, 0x48, 0x89,
    0x75, 0xd0, 0x49, 0x89, 0xfc, 0x48, 0x83, 0xf9, 0x02, 0x0f, 0x82, 0x80,
    0x00, 0x00, 0x00, 0x48, 0xc7, 0xc0, 0xff, 0xff, 0xff, 0xff, 0xbe, 0x01,
    0x00, 0x00, 0x00, 0x31, 0xff, 0xb9, 0x01, 0x00, 0x00, 0x00, 0xba, 0x01,
    0x00, 0x00, 0x00, 0xeb, 0x21, 0x66, 0x66, 0x2e, 0x0f, 0x1f, 0x84, 0x00,
    0x00, 0x00, 0x00, 0x00, 0x48, 0x89, 0xf1, 0x48, 0x29, 0xc1, 0xba, 0x01,
    0x00, 0x00, 0x00, 0x48, 0x89, 0xf7, 0x48, 0x01, 0xd6, 0x48, 0x39, 0xde,
    0x73, 0x53, 0x4d, 0x8d, 0x04, 0x06, 0x46, 0x0f, 0xb6, 0x04, 0x02, 0x45,
    0x38, 0x04, 0x36, 0x72, 0xdb, 0x75, 0x19, 0x48, 0x39, 0xca, 0x75, 0x27,
    0x48, 0x01, 0xcf, 0xba, 0x01, 0x00, 0x00, 0x00, 0x48, 0x89, 0xfe, 0xeb,
    0xd2, 0x0f, 0x1f, 0x80, 0x00, 0x00, 0x00, 0x00, 0x48, 0x8d, 0x77, 0x01,
    0xba, 0x01, 0x00, 0x00, 0x00, 0x48, 0x89, 0xf8, 0xb9, 0x01, 0x00, 0x00,
    0x00, 0xeb, 0xb8, 0x48, 0xff, 0xc2, 0x48, 0x89, 0xfe, 0xeb, 0xb0, 0x41,
    0xbf, 0x01, 0x00, 0x00, 0x00, 0x45, 0x31, 0xed, 0xe9, 0x94, 0x00, 0x00,
    0x00, 0x49, 0xc7, 0xc5, 0xff, 0xff, 0xff, 0xff, 0xbe, 0x01, 0x00, 0x00,
    0x00, 0x31, 0xff, 0x41, 0xbf, 0x01, 0x00, 0x00, 0x00, 0xba, 0x01, 0x00,
    0x00, 0x00, 0xeb, 0x22, 0x66, 0x66, 0x66, 0x2e, 0x0f, 0x1f, 0x84, 0x00,
    0x00, 0x00, 0x00, 0x00, 0x49, 0x89, 0xf7, 0x4d, 0x29, 0xef, 0xba, 0x01,
    0x00, 0x00, 0x00, 0x48, 0x89, 0xf7, 0x48, 0x01, 0xd6, 0x48, 0x39, 0xde,
    0x73, 0x46, 0x45, 0x0f, 0xb6, 0x04, 0x36, 0x4f, 0x8d, 0x0c, 0x2e, 0x46,
    0x0f, 0xb6, 0x0c, 0x0a, 0x45, 0x38, 0xc1, 0x72, 0xd7, 0x75, 0x15, 0x4c,
    0x39, 0xfa, 0x75, 0x24, 0x4c, 0x01, 0xff, 0xba, 0x01, 0x00, 0x00, 0x00,
    0x48, 0x89, 0xfe, 0xeb, 0xce, 0x0f, 0x1f, 0x00, 0x48, 0x8d, 0x77, 0x01,
    0xba, 0x01, 0x00, 0x00, 0x00, 0x49, 0x89, 0xfd, 0x41, 0xbf, 0x01, 0x00,
    0x00, 0x00, 0xeb, 0xb7, 0x48, 0xff, 0xc2, 0x48, 0x89, 0xfe, 0xeb, 0xaf,
    0x48, 0xff, 0xc0, 0x49, 0xff, 0xc5, 0x49, 0x39, 0xc5, 0x4c, 0x0f, 0x42,
    0xf9, 0x4c, 0x0f, 0x46, 0xe8, 0x66, 0x48, 0x0f, 0x6e, 0xc3, 0x66, 0x0f,
    0x70, 0xc0, 0x44, 0xb8, 0x0e, 0x00, 0x00, 0x00, 0x0f, 0x1f, 0x40, 0x00,
    0x66, 0x0f, 0x7f, 0x84, 0xc5, 0x50, 0xf7, 0xff, 0xff, 0x66, 0x0f, 0x7f,
    0x84, 0xc5, 0x60, 0xf7, 0xff, 0xff, 0x66, 0x0f, 0x7f, 0x84, 0xc5, 0x70,
    0xf7, 0xff, 0xff, 0x66, 0x0f, 0x7f, 0x84, 0xc5, 0x80, 0xf7, 0xff, 0xff,
    0x66, 0x0f, 0x7f, 0x84, 0xc5, 0x90, 0xf7, 0xff, 0xff, 0x66, 0x0f, 0x7f,
    0x84, 0xc5, 0xa0, 0xf7, 0xff, 0xff, 0x66, 0x0f, 0x7f, 0x84, 0xc5, 0xb0,
    0xf7, 0xff, 0xff, 0x66, 0x0f, 0x7f, 0x84, 0xc5, 0xc0, 0xf7, 0xff, 0xff,
    0x48, 0x83, 0xc0, 0x10, 0x48, 0x3d, 0x0e, 0x01, 0x00, 0x00, 0x75, 0xac,
    0x48, 0x85, 0xdb, 0x0f, 0x84, 0xba, 0x00, 0x00, 0x00, 0x89, 0xd8, 0x83,
    0xe0, 0x03, 0x48, 0x83, 0xfb, 0x04, 0x73, 0x04, 0x31, 0xc9, 0xeb, 0x76,
    0x48, 0x89, 0xda, 0x48, 0x83, 0xe2, 0xfc, 0x48, 0x8d, 0x73, 0xff, 0x31,
    0xc9, 0x0f, 0x1f, 0x80, 0x00, 0x00, 0x00, 0x00, 0x41, 0x0f, 0xb6, 0x3c,
    0x0e, 0x48, 0x89, 0xb4, 0xfd, 0xc0, 0xf7, 0xff, 0xff, 0x48, 0x89, 0xcf,
    0x48, 0x83, 0xf7, 0xfe, 0x48, 0x01, 0xdf, 0x45, 0x0f, 0xb6, 0x44, 0x0e,
    0x01, 0x4a, 0x89, 0xbc, 0xc5, 0xc0, 0xf7, 0xff, 0xff, 0x48, 0x89, 0xcf,
    0x48, 0x83, 0xf7, 0xfd, 0x48, 0x01, 0xdf, 0x45, 0x0f, 0xb6, 0x44, 0x0e,
    0x02, 0x4a, 0x89, 0xbc, 0xc5, 0xc0, 0xf7, 0xff, 0xff, 0x48, 0x89, 0xcf,
    0x48, 0x83, 0xf7, 0xfc, 0x48, 0x01, 0xdf, 0x45, 0x0f, 0xb6, 0x44, 0x0e,
    0x03, 0x4a, 0x89, 0xbc, 0xc5, 0xc0, 0xf7, 0xff, 0xff, 0x48, 0x83, 0xc1,
    0x04, 0x48, 0x83, 0xc6, 0xfc, 0x48, 0x39, 0xca, 0x75, 0x9e, 0x48, 0x85,
    0xc0, 0x74, 0x30, 0x49, 0x8d, 0x14, 0x0e, 0x48, 0xf7, 0xd1, 0x48, 0x01,
    0xd9, 0x31, 0xf6, 0x66, 0x66, 0x66, 0x66, 0x2e, 0x0f, 0x1f, 0x84, 0x00,
    0x00, 0x00, 0x00, 0x00, 0x0f, 0xb6, 0x3c, 0x32, 0x48, 0x89, 0x8c, 0xfd,
    0xc0, 0xf7, 0xff, 0xff, 0x48, 0xff, 0xc6, 0x48, 0xff, 0xc9, 0x48, 0x39,
    0xf0, 0x75, 0xe9, 0x4b, 0x8d, 0x34, 0x3e, 0x4c, 0x89, 0xf7, 0x4c, 0x89,
    0xea, 0xe8, 0x0a, 0xfa, 0xff, 0xff, 0x85, 0xc0, 0x0f, 0x84, 0xb8, 0x00,
    0x00, 0x00, 0x48, 0x89, 0xd9, 0x4c, 0x29, 0xe9, 0x49, 0x39, 0xcd, 0x49,
    0x0f, 0x47, 0xcd, 0x48, 0x29, 0x5d, 0xd0, 0x48, 0x8d, 0x53, 0xff, 0x48,
    0x89, 0xd6, 0x4c, 0x29, 0xee, 0x4b, 0x8d, 0x3c, 0x2e, 0x4b, 0x8d, 0x04,
    0x2c, 0x48, 0x89, 0x45, 0xc8, 0x4d, 0x8d, 0x4c, 0x24, 0xff, 0x45, 0x31,
    0xd2, 0xeb, 0x0a, 0x90, 0x4d, 0x01, 0xda, 0x4c, 0x3b, 0x55, 0xd0, 0x77,
    0x69, 0x4b, 0x8d, 0x04, 0x14, 0x44, 0x0f, 0xb6, 0x5c, 0x03, 0xff, 0x4e,
    0x8b, 0x9c, 0xdd, 0xc0, 0xf7, 0xff, 0xff, 0x4d, 0x85, 0xdb, 0x75, 0xe0,
    0x4c, 0x39, 0xea, 0x76, 0x1e, 0x4c, 0x8b, 0x45, 0xc8, 0x4f, 0x8d, 0x3c,
    0x10, 0x45, 0x31, 0xdb, 0x46, 0x0f, 0xb6, 0x04, 0x1f, 0x47, 0x3a, 0x04,
    0x1f, 0x75, 0x2b, 0x49, 0xff, 0xc3, 0x4c, 0x39, 0xde, 0x75, 0xed, 0x4d,
    0x85, 0xed, 0x74, 0x2c, 0x4f, 0x8d, 0x1c, 0x11, 0x4d, 0x89, 0xef, 0x90,
    0x47, 0x0f, 0xb6, 0x44, 0x3e, 0xff, 0x47, 0x3a, 0x04, 0x3b, 0x75, 0x07,
    0x49, 0xff, 0xcf, 0x75, 0xef, 0xeb, 0x11, 0x49, 0x89, 0xcb, 0x4d, 0x01,
    0xda, 0x49, 0xff, 0xc2, 0x4c, 0x3b, 0x55, 0xd0, 0x76, 0x97, 0x31, 0xc0,
    0x48, 0x81, 0xc4, 0x18, 0x08, 0x00, 0x00, 0x5b, 0x41, 0x5c, 0x41, 0x5d,
    0x41, 0x5e, 0x41, 0x5f, 0x5d, 0xc3, 0x48, 0x8b, 0x75, 0xd0, 0x48, 0x29,
    0xde, 0x48, 0x89, 0xd9, 0x4c, 0x29, 0xf9, 0x48, 0x8d, 0x53, 0xff, 0xb8,
    0x01, 0x00, 0x00, 0x00, 0x4c, 0x29, 0xe8, 0x48, 0x89, 0x45, 0xc8, 0x49,
    0x8d, 0x44, 0x24, 0xff, 0x48, 0x89, 0x45, 0xd0, 0x45, 0x31, 0xc9, 0x45,
    0x31, 0xc0, 0x4c, 0x89, 0x65, 0xc0, 0xeb, 0x20, 0x4d, 0x89, 0xd3, 0x4c,
    0x89, 0xe6, 0x4c, 0x8b, 0x65, 0xc0, 0x49, 0xff, 0xc1, 0x4d, 0x89, 0xfa,
    0x4d, 0x39, 0xcb, 0x49, 0x89, 0xc9, 0x72, 0xa4, 0x4d, 0x01, 0xd0, 0x49,
    0x39, 0xf0, 0x77, 0x9a, 0x4b, 0x8d, 0x04, 0x04, 0x0f, 0xb6, 0x7c, 0x03,
    0xff, 0x48, 0x8b, 0xbc, 0xfd, 0xc0, 0xf7, 0xff, 0xff, 0x48, 0x85, 0xff,
    0x74, 0x22, 0x4c, 0x39, 0xff, 0x49, 0x89, 0xfa, 0x4c, 0x0f, 0x42, 0xd1,
    0x4d, 0x85, 0xc9, 0x4c, 0x0f, 0x44, 0xd7, 0x45, 0x31, 0xc9, 0xeb, 0xcc,
    0x66, 0x66, 0x66, 0x2e, 0x0f, 0x1f, 0x84, 0x00, 0x00, 0x00, 0x00, 0x00,
    0x4d, 0x39, 0xcd, 0x4d, 0x89, 0xca, 0x4d, 0x0f, 0x47, 0xd5, 0x49, 0x39,
    0xd2, 0x73, 0x14, 0x90, 0x43, 0x0f, 0xb6, 0x3c, 0x16, 0x42, 0x3a, 0x3c,
    0x10, 0x75, 0x42, 0x49, 0xff, 0xc2, 0x4c, 0x39, 0xd2, 0x75, 0xed, 0x4d,
    0x39, 0xe9, 0x4d, 0x89, 0xeb, 0x4d, 0x0f, 0x42, 0xd9, 0x73, 0x83, 0x49,
    0x89, 0xf4, 0x48, 0x8b, 0x75, 0xd0, 0x4a, 0x8d, 0x3c, 0x06, 0x4d, 0x89,
    0xea, 0x0f, 0x1f, 0x00, 0x43, 0x0f, 0xb6, 0x74, 0x16, 0xff, 0x42, 0x3a,
    0x34, 0x17, 0x0f, 0x85, 0x58, 0xff, 0xff, 0xff, 0x49, 0xff, 0xca, 0x4d,
    0x39, 0xd1, 0x72, 0xe8, 0xe9, 0x4e, 0xff, 0xff, 0xff, 0x4c, 0x03, 0x55,
    0xc8, 0xeb, 0x8c, 0x66, 0x66, 0x66, 0x66, 0x2e, 0x0f, 0x1f, 0x84, 0x00,
    0x00, 0x00, 0x00, 0x00, 0x55, 0x48, 0x89, 0xe5, 0x41, 0x57, 0x41, 0x56,
    0x41, 0x55, 0x41, 0x54, 0x53, 0x48, 0x81, 0xec, 0x28, 0x01, 0x00, 0x00,
    0x48, 0x85, 0xc9, 0x0f, 0x84, 0x86, 0x00, 0x00, 0x00, 0x49, 0x89, 0xd6,
    0x48, 0x89, 0xf2, 0x48, 0x83, 0xf9, 0x01, 0x75, 0x1a, 0x41, 0x0f, 0xb6,
    0x36, 0x48, 0x81, 0xc4, 0x28, 0x01, 0x00, 0x00, 0x5b, 0x41, 0x5c, 0x41,
    0x5d, 0x41, 0x5e, 0x41, 0x5f, 0x5d, 0xe9, 0x4d, 0xdd, 0xff, 0xff, 0x48,
    0x89, 0xd6, 0x48, 0x29, 0xce, 0x73, 0x04, 0x31, 0xff, 0xeb, 0x54, 0x4c,
    0x8d, 0x2c, 0x37, 0x48, 0x83, 0xf9, 0x02, 0x75, 0x5f, 0x41, 0x0f, 0xb6,
    0x0e, 0xc1, 0xe1, 0x10, 0x41, 0x0f, 0xb6, 0x46, 0x01, 0x09, 0xc8, 0x0f,
    0xb6, 0x17, 0xc1, 0xe2, 0x10, 0x0f, 0xb6, 0x4f, 0x01, 0x09, 0xd1, 0x48,
    0x85, 0xf6, 0x7e, 0x23, 0x39, 0xc1, 0x74, 0x1f, 0x48, 0x83, 0xc7, 0x02,
    0x89, 0xce, 0xc1, 0xe6, 0x10, 0x0f, 0xb6, 0x0f, 0x09, 0xf1, 0x4c, 0x39,
    0xef, 0x48, 0x8d, 0x7f, 0x01, 0x77, 0x04, 0x39, 0xc1, 0x75, 0xe9, 0x48,
    0x83, 0xc7, 0xfe, 0x31, 0xd2, 0x39, 0xc1, 0x48, 0x0f, 0x45, 0xfa, 0x48,
    0x89, 0xf8, 0x48, 0x81, 0xc4, 0x28, 0x01, 0x00, 0x00, 0x5b, 0x41, 0x5c,
    0x41, 0x5d, 0x41, 0x5e, 0x41, 0x5f, 0x5d, 0xc3, 0x4c, 0x89, 0x75, 0xd0,
    0x49, 0x89, 0xfc, 0x48, 0x89, 0x4d, 0xc8, 0x48, 0x81, 0xf9, 0x01, 0x01,
    0x00, 0x00, 0x0f, 0x83, 0xa8, 0x01, 0x00, 0x00, 0x48, 0x8d, 0xbd, 0xb0,
    0xfe, 0xff, 0xff, 0xba, 0x00, 0x01, 0x00, 0x00, 0x31, 0xf6, 0xe8, 0x5d,
    0x0f, 0x00, 0x00, 0xba, 0x01, 0x00, 0x00, 0x00, 0x48, 0x8b, 0x45, 0xc8,
    0x48, 0x83, 0xf8, 0x03, 0x48, 0x8b, 0x75, 0xd0, 0x74, 0x63, 0x89, 0xc1,
    0x81, 0xe1, 0xfe, 0x01, 0x00, 0x00, 0x48, 0x83, 0xc1, 0xfc, 0x66, 0x66,
    0x66, 0x66, 0x66, 0x2e, 0x0f, 0x1f, 0x84, 0x00, 0x00, 0x00, 0x00, 0x00,
    0x48, 0x89, 0xd7, 0x0f, 0xb6, 0x54, 0x16, 0xff, 0x44, 0x0f, 0xb6, 0x04,
    0x3e, 0xc0, 0xe2, 0x03, 0x45, 0x89, 0xc1, 0x41, 0x28, 0xd1, 0x41, 0x0f,
    0xb6, 0xd1, 0x40, 0x88, 0xbc, 0x15, 0xb0, 0xfe, 0xff, 0xff, 0x0f, 0xb6,
    0x54, 0x3e, 0x01, 0x41, 0xc0, 0xe0, 0x03, 0x44, 0x28, 0xc2, 0x0f, 0xb6,
    0xd2, 0x44, 0x8d, 0x47, 0x01, 0x44, 0x88, 0x84, 0x15, 0xb0, 0xfe, 0xff,
    0xff, 0x48, 0x8d, 0x57, 0x02, 0x48, 0xff, 0xcf, 0x48, 0x39, 0xcf, 0x75,
    0xb7, 0x4c, 0x8d, 0x78, 0xff, 0xa8, 0x01, 0x4c, 0x89, 0xe1, 0x74, 0x1c,
    0x0f, 0xb6, 0x7c, 0x16, 0xff, 0x44, 0x0f, 0xb6, 0x04, 0x16, 0x40, 0xc0,
    0xe7, 0x03, 0x41, 0x28, 0xf8, 0x41, 0x0f, 0xb6, 0xf8, 0x88, 0x94, 0x3d,
    0xb0, 0xfe, 0xff, 0xff, 0x0f, 0xb6, 0x54, 0x06, 0xfe, 0x0f, 0xb6, 0x7c,
    0x06, 0xff, 0xc0, 0xe2, 0x03, 0x40, 0x28, 0xd7, 0x40, 0x0f, 0xb6, 0xd7,
    0x0f, 0xb6, 0xbc, 0x15, 0xb0, 0xfe, 0xff, 0xff, 0x4d, 0x89, 0xf8, 0x49,
    0x29, 0xf8, 0x4c, 0x89, 0x45, 0xb8, 0x44, 0x88, 0xbc, 0x15, 0xb0, 0xfe,
    0xff, 0xff, 0x31, 0xdb, 0x4c, 0x39, 0xe9, 0x76, 0x23, 0xe9, 0x91, 0xfe,
    0xff, 0xff, 0x66, 0x0f, 0x1f, 0x44, 0x00, 0x00, 0x44, 0x0f, 0xb6, 0xe1,
    0x4c, 0x89, 0xf1, 0x4c, 0x29, 0xe1, 0x4d, 0x39, 0xe7, 0x76, 0x3a, 0x4c,
    0x39, 0xe9, 0x0f, 0x87, 0x73, 0xfe, 0xff, 0xff, 0x49, 0x89, 0xce, 0x0f,
    0x1f, 0x44, 0x00, 0x00, 0x43, 0x0f, 0xb6, 0x4c, 0x3e, 0xff, 0x43, 0x0f,
    0xb6, 0x14, 0x3e, 0x4d, 0x01, 0xfe, 0xc0, 0xe1, 0x03, 0x28, 0xca, 0x0f,
    0xb6, 0xca, 0x0f, 0xb6, 0x8c, 0x0d, 0xb0, 0xfe, 0xff, 0xff, 0x4d, 0x39,
    0xee, 0x77, 0xbd, 0x84, 0xc9, 0x74, 0xd9, 0xeb, 0xb7, 0x48, 0x83, 0xf8,
    0x11, 0x72, 0x1e, 0x48, 0x89, 0xdf, 0x4c, 0x29, 0xe7, 0x4c, 0x01, 0xf7,
    0x48, 0x01, 0xde, 0xba, 0x08, 0x00, 0x00, 0x00, 0xe8, 0x2b, 0xf6, 0xff,
    0xff, 0x48, 0x8b, 0x75, 0xd0, 0x85, 0xc0, 0x75, 0x26, 0x4c, 0x89, 0xf7,
    0x4c, 0x29, 0xe7, 0x48, 0x89, 0x7d, 0xc0, 0x4c, 0x89, 0xfa, 0xe8, 0x11,
    0xf6, 0xff, 0xff, 0x85, 0xc0, 0x74, 0x2c, 0x48, 0x83, 0xfb, 0x08, 0x49,
    0x0f, 0x42, 0xdf, 0x48, 0x83, 0xc3, 0xf8, 0x48, 0x8b, 0x75, 0xd0, 0x4c,
    0x03, 0x75, 0xb8, 0x4d, 0x29, 0xe6, 0x4c, 0x89, 0xf1, 0x48, 0x8b, 0x45,
    0xc8, 0x4c, 0x39, 0xe9, 0x0f, 0x86, 0x6e, 0xff, 0xff, 0xff, 0xe9, 0xdc,
    0xfd, 0xff, 0xff, 0x48, 0x8b, 0x7d, 0xc0, 0xe9, 0x2b, 0xfe, 0xff, 0xff,
    0x4c, 0x89, 0xe7, 0x48, 0x89, 0xd6, 0x48, 0x8b, 0x55, 0xd0, 0x48, 0x8b,
    0x4d, 0xc8, 0x48, 0x81, 0xc4, 0x28, 0x01, 0x00, 0x00, 0x5b, 0x41, 0x5c,
    0x41, 0x5d, 0x41, 0x5e, 0x41, 0x5f, 0x5d, 0xe9, 0x24, 0xf9, 0xff, 0xff,
    0xcc, 0xcc, 0xcc, 0xcc, 0x55, 0x48, 0x89, 0xe5, 0x31, 0xc0, 0x5d, 0xc3,
    0xcc, 0xcc, 0xcc, 0xcc, 0xcc, 0xcc, 0xcc, 0xcc, 0x31, 0xc0, 0x48, 0x83,
    0xbf, 0x50, 0x01, 0x00, 0x00, 0x00, 0x74, 0x01, 0xc3, 0x55, 0x48, 0x89,
    0xe5, 0x53, 0x50, 0x48, 0x89, 0xfb, 0xbe, 0x00, 0x01, 0x00, 0x00, 0xe8,
    0x30, 0x00, 0xff, 0xff, 0x48, 0x89, 0x83, 0x50, 0x01, 0x00, 0x00, 0x48,
    0x85, 0xc0, 0x0f, 0x84, 0x0c, 0x02, 0x00, 0x00, 0x48, 0xc7, 0x00, 0x00,
    0x00, 0x00, 0x00, 0x48, 0x8b, 0x83, 0x50, 0x01, 0x00, 0x00, 0x48, 0xc7,
    0x40, 0x08, 0x00, 0x00, 0x00, 0x00, 0x48, 0x8b, 0x83, 0x50, 0x01, 0x00,
    0x00, 0x48, 0xc7, 0x40, 0x10, 0x00, 0x00, 0x00, 0x00, 0x48, 0x8b, 0x83,
    0x50, 0x01, 0x00, 0x00, 0x48, 0xc7, 0x40, 0x18, 0x00, 0x00, 0x00, 0x00,
    0x48, 0x8b, 0x83, 0x50, 0x01, 0x00, 0x00, 0x48, 0xc7, 0x40, 0x20, 0x00,
    0x00, 0x00, 0x00, 0x48, 0x8b, 0x83, 0x50, 0x01, 0x00, 0x00, 0x48, 0xc7,
    0x40, 0x28, 0x00, 0x00, 0x00, 0x00, 0x48, 0x8b, 0x83, 0x50, 0x01, 0x00,
    0x00, 0x48, 0xc7, 0x40, 0x30, 0x00, 0x00, 0x00, 0x00, 0x48, 0x8b, 0x83,
    0x50, 0x01, 0x00, 0x00, 0x48, 0xc7, 0x40, 0x38, 0x00, 0x00, 0x00, 0x00,
    0x48, 0x8b, 0x83, 0x50, 0x01, 0x00, 0x00, 0x48, 0xc7, 0x40, 0x40, 0x00,
    0x00, 0x00, 0x00, 0x48, 0x8b, 0x83, 0x50, 0x01, 0x00, 0x00, 0x48, 0xc7,
    0x40, 0x48, 0x00, 0x00, 0x00, 0x00, 0x48, 0x8b, 0x83, 0x50, 0x01, 0x00,
    0x00, 0x48, 0xc7, 0x40, 0x50, 0x00, 0x00, 0x00, 0x00, 0x48, 0x8b, 0x83,
    0x50, 0x01, 0x00, 0x00, 0x48, 0xc7, 0x40, 0x58, 0x00, 0x00, 0x00, 0x00,
    0x48, 0x8b, 0x83, 0x50, 0x01, 0x00, 0x00, 0x48, 0xc7, 0x40, 0x60, 0x00,
    0x00, 0x00, 0x00, 0x48, 0x8b, 0x83, 0x50, 0x01, 0x00, 0x00, 0x48, 0xc7,
    0x40, 0x68, 0x00, 0x00, 0x00, 0x00, 0x48, 0x8b, 0x83, 0x50, 0x01, 0x00,
    0x00, 0x48, 0xc7, 0x40, 0x70, 0x00, 0x00, 0x00, 0x00, 0x48, 0x8b, 0x83,
    0x50, 0x01, 0x00, 0x00, 0x48, 0xc7, 0x40, 0x78, 0x00, 0x00, 0x00, 0x00,
    0x48, 0x8b, 0x83, 0x50, 0x01, 0x00, 0x00, 0x48, 0xc7, 0x80, 0x80, 0x00,
    0x00, 0x00, 0x00, 0x00, 0x00, 0x00, 0x48, 0x8b, 0x83, 0x50, 0x01, 0x00,
    0x00, 0x48, 0xc7, 0x80, 0x88, 0x00, 0x00, 0x00, 0x00, 0x00, 0x00, 0x00,
    0x48, 0x8b, 0x83, 0x50, 0x01, 0x00, 0x00, 0x48, 0xc7, 0x80, 0x90, 0x00,
    0x00, 0x00, 0x00, 0x00, 0x00, 0x00, 0x48, 0x8b, 0x83, 0x50, 0x01, 0x00,
    0x00, 0x48, 0xc7, 0x80, 0x98, 0x00, 0x00, 0x00, 0x00, 0x00, 0x00, 0x00,
    0x48, 0x8b, 0x83, 0x50, 0x01, 0x00, 0x00, 0x48, 0xc7, 0x80, 0xa0, 0x00,
    0x00, 0x00, 0x00, 0x00, 0x00, 0x00, 0x48, 0x8b, 0x83, 0x50, 0x01, 0x00,
    0x00, 0x48, 0xc7, 0x80, 0xa8, 0x00, 0x00, 0x00, 0x00, 0x00, 0x00, 0x00,
    0x48, 0x8b, 0x83, 0x50, 0x01, 0x00, 0x00, 0x48, 0xc7, 0x80, 0xb0, 0x00,
    0x00, 0x00, 0x00, 0x00, 0x00, 0x00, 0x48, 0x8b, 0x83, 0x50, 0x01, 0x00,
    0x00, 0x48, 0xc7, 0x80, 0xb8, 0x00, 0x00, 0x00, 0x00, 0x00, 0x00, 0x00,
    0x48, 0x8b, 0x83, 0x50, 0x01, 0x00, 0x00, 0x48, 0xc7, 0x80, 0xc0, 0x00,
    0x00, 0x00, 0x00, 0x00, 0x00, 0x00, 0x48, 0x8b, 0x83, 0x50, 0x01, 0x00,
    0x00, 0x48, 0xc7, 0x80, 0xc8, 0x00, 0x00, 0x00, 0x00, 0x00, 0x00, 0x00,
    0x48, 0x8b, 0x83, 0x50, 0x01, 0x00, 0x00, 0x48, 0xc7, 0x80, 0xd0, 0x00,
    0x00, 0x00, 0x00, 0x00, 0x00, 0x00, 0x48, 0x8b, 0x83, 0x50, 0x01, 0x00,
    0x00, 0x48, 0xc7, 0x80, 0xd8, 0x00, 0x00, 0x00, 0x00, 0x00, 0x00, 0x00,
    0x48, 0x8b, 0x83, 0x50, 0x01, 0x00, 0x00, 0x48, 0xc7, 0x80, 0xe0, 0x00,
    0x00, 0x00, 0x00, 0x00, 0x00, 0x00, 0x48, 0x8b, 0x83, 0x50, 0x01, 0x00,
    0x00, 0x48, 0xc7, 0x80, 0xe8, 0x00, 0x00, 0x00, 0x00, 0x00, 0x00, 0x00,
    0x48, 0x8b, 0x83, 0x50, 0x01, 0x00, 0x00, 0x48, 0xc7, 0x80, 0xf0, 0x00,
    0x00, 0x00, 0x00, 0x00, 0x00, 0x00, 0x48, 0x8b, 0x83, 0x50, 0x01, 0x00,
    0x00, 0x48, 0xc7, 0x80, 0xf8, 0x00, 0x00, 0x00, 0x00, 0x00, 0x00, 0x00,
    0x31, 0xc0, 0xeb, 0x05, 0xb8, 0xff, 0xff, 0xff, 0xff, 0x48, 0x83, 0xc4,
    0x08, 0x5b, 0x5d, 0xc3, 0x0f, 0x1f, 0x84, 0x00, 0x00, 0x00, 0x00, 0x00,
    0x83, 0xfe, 0x20, 0x72, 0x0e, 0xc7, 0x07, 0x16, 0x00, 0x00, 0x00, 0x48,
    0xc7, 0xc0, 0xff, 0xff, 0xff, 0xff, 0xc3, 0x55, 0x48, 0x89, 0xe5, 0x41,
    0x57, 0x41, 0x56, 0x53, 0x50, 0x48, 0x8b, 0x8f, 0x50, 0x01, 0x00, 0x00,
    0x48, 0x85, 0xc9, 0x74, 0x0c, 0x89, 0xf6, 0x48, 0x8b, 0x04, 0xf1, 0x48,
    0x89, 0x14, 0xf1, 0xeb, 0x1a, 0x89, 0xf3, 0x49, 0x89, 0xd6, 0x49, 0x89,
    0xff, 0xe8, 0x6e, 0xfd, 0xff, 0xff, 0x89, 0xc1, 0x48, 0xc7, 0xc0, 0xff,
    0xff, 0xff, 0xff, 0x85, 0xc9, 0x74, 0x0b, 0x48, 0x83, 0xc4, 0x08, 0x5b,
    0x41, 0x5e, 0x41, 0x5f, 0x5d, 0xc3, 0x49, 0x8b, 0x8f, 0x50, 0x01, 0x00,
    0x00, 0x4c, 0x89, 0xf2, 0x89, 0xde, 0xeb, 0xc1, 0x0f, 0x1f, 0x84, 0x00,
    0x00, 0x00, 0x00, 0x00, 0x55, 0x48, 0x89, 0xe5, 0x41, 0x56, 0x53, 0x83,
    0xfe, 0x20, 0x72, 0x12, 0xc7, 0x07, 0x16, 0x00, 0x00, 0x00, 0xbb, 0xff,
    0xff, 0xff, 0xff, 0x89, 0xd8, 0x5b, 0x41, 0x5e, 0x5d, 0xc3, 0x48, 0x8b,
    0x87, 0x50, 0x01, 0x00, 0x00, 0x31, 0xdb, 0x48, 0x85, 0xc0, 0x74, 0x33,
    0x89, 0xf1, 0x48, 0x8b, 0x0c, 0xc8, 0x48, 0x83, 0xf9, 0xff, 0x74, 0x2f,
    0x48, 0x83, 0xf9, 0x01, 0x74, 0xd9, 0x48, 0x85, 0xc9, 0x75, 0x31, 0x48,
    0x89, 0xfb, 0x41, 0x89, 0xf6, 0xe8, 0xf2, 0x0b, 0x00, 0x00, 0x48, 0x89,
    0xdf, 0x89, 0xc6, 0x44, 0x89, 0xf2, 0x5b, 0x41, 0x5e, 0x5d, 0xe9, 0xa1,
    0x0b, 0x00, 0x00, 0x31, 0xc9, 0x48, 0x83, 0xf9, 0xff, 0x75, 0xd1, 0xc7,
    0x07, 0x16, 0x00, 0x00, 0x00, 0xbb, 0x01, 0x00, 0x00, 0x00, 0xeb, 0xa3,
    0x89, 0xf2, 0x48, 0xc7, 0x04, 0xd0, 0x00, 0x00, 0x00, 0x00, 0x89, 0xf7,
    0xff, 0xd1, 0xeb, 0x93, 0x66, 0x66, 0x66, 0x2e, 0x0f, 0x1f, 0x84, 0x00,
    0x00, 0x00, 0x00, 0x00, 0xb8, 0xff, 0xff, 0xff, 0xff, 0x83, 0xfe, 0x1f,
    0x77, 0x55, 0x55, 0x48, 0x89, 0xe5, 0x41, 0x56, 0x53, 0x48, 0x8b, 0x87,
    0x50, 0x01, 0x00, 0x00, 0x48, 0x85, 0xc0, 0x74, 0x29, 0x89, 0xf2, 0x48,
    0x8b, 0x0c, 0xd0, 0x48, 0x8d, 0x79, 0x01, 0x48, 0x83, 0xff, 0x03, 0x73,
    0x09, 0x8b, 0x04, 0x8d, 0x5c, 0x03, 0x42, 0x00, 0xeb, 0x25, 0x48, 0xc7,
    0x04, 0xd0, 0x00, 0x00, 0x00, 0x00, 0x89, 0xf7, 0xff, 0xd1, 0x31, 0xc0,
    0xeb, 0x15, 0x89, 0xf3, 0x49, 0x89, 0xfe, 0xe8, 0x60, 0xfc, 0xff, 0xff,
    0x89, 0xc1, 0xb8, 0xff, 0xff, 0xff, 0xff, 0x85, 0xc9, 0x74, 0x05, 0x5b,
    0x41, 0x5e, 0x5d, 0xc3, 0x49, 0x8b, 0x86, 0x50, 0x01, 0x00, 0x00, 0x89,
    0xde, 0xeb, 0xb2, 0x0f, 0x1f, 0x44, 0x00, 0x00, 0x55, 0x48, 0x89, 0xe5,
    0x41, 0x56, 0x53, 0x4c, 0x8b, 0x35, 0x0a, 0x6e, 0x00, 0x00, 0x83, 0xff,
    0x20, 0x72, 0x13, 0x41, 0xc7, 0x06, 0x16, 0x00, 0x00, 0x00, 0xbb, 0xff,
    0xff, 0xff, 0xff, 0x89, 0xd8, 0x5b, 0x41, 0x5e, 0x5d, 0xc3, 0x49, 0x8b,
    0x86, 0x50, 0x01, 0x00, 0x00, 0x31, 0xdb, 0x48, 0x85, 0xc0, 0x74, 0x31,
    0x89, 0xf9, 0x48, 0x8b, 0x0c, 0xc8, 0x48, 0x83, 0xf9, 0xff, 0x74, 0x2d,
    0x48, 0x83, 0xf9, 0x01, 0x74, 0xd9, 0x48, 0x85, 0xc9, 0x75, 0x30, 0x89,
    0xfb, 0x4c, 0x89, 0xf7, 0xe8, 0xeb, 0x0a, 0x00, 0x00, 0x4c, 0x89, 0xf7,
    0x89, 0xc6, 0x89, 0xda, 0x5b, 0x41, 0x5e, 0x5d, 0xe9, 0x9b, 0x0a, 0x00,
    0x00, 0x31, 0xc9, 0x48, 0x83, 0xf9, 0xff, 0x75, 0xd3, 0x41, 0xc7, 0x06,
    0x16, 0x00, 0x00, 0x00, 0xbb, 0x01, 0x00, 0x00, 0x00, 0xeb, 0xa4, 0x89,
    0xfa, 0x48, 0xc7, 0x04, 0xd0, 0x00, 0x00, 0x00, 0x00, 0xff, 0xd1, 0xeb,
    0x96, 0x0f, 0x1f, 0x80, 0x00, 0x00, 0x00, 0x00, 0x55, 0x48, 0x89, 0xe5,
    0x41, 0x57, 0x41, 0x56, 0x53, 0x50, 0x48, 0x8b, 0x1d, 0x77, 0x6d, 0x00,
    0x00, 0x83, 0xff, 0x20, 0x72, 0x0f, 0xc7, 0x03, 0x16, 0x00, 0x00, 0x00,
    0x48, 0xc7, 0xc0, 0xff, 0xff, 0xff, 0xff, 0xeb, 0x33, 0x48, 0x8b, 0x8b,
    0x50, 0x01, 0x00, 0x00, 0x48, 0x85, 0xc9, 0x74, 0x0c, 0x89, 0xfa, 0x48,
    0x8b, 0x04, 0xd1, 0x48, 0x89, 0x34, 0xd1, 0xeb, 0x1b, 0x41, 0x89, 0xfe,
    0x49, 0x89, 0xf7, 0x48, 0x89, 0xdf, 0xe8, 0x65, 0xfb, 0xff, 0xff, 0x89,
    0xc1, 0x48, 0xc7, 0xc0, 0xff, 0xff, 0xff, 0xff, 0x85, 0xc9, 0x74, 0x0b,
    0x48, 0x83, 0xc4, 0x08, 0x5b, 0x41, 0x5e, 0x41, 0x5f, 0x5d, 0xc3, 0x48,
    0x8b, 0x8b, 0x50, 0x01, 0x00, 0x00, 0x4c, 0x89, 0xfe, 0x44, 0x89, 0xf7,
    0xeb, 0xbf, 0x66, 0x66, 0x66, 0x66, 0x66, 0x2e, 0x0f, 0x1f, 0x84, 0x00,
    0x00, 0x00, 0x00, 0x00, 0x55, 0x48, 0x89, 0xe5, 0x48, 0x8b, 0x3d, 0xfd,
    0x6c, 0x00, 0x00, 0x5d, 0xe9, 0x1f, 0xfb, 0xff, 0xff, 0x66, 0x66, 0x66,
    0x66, 0x66, 0x66, 0x2e, 0x0f, 0x1f, 0x84, 0x00, 0x00, 0x00, 0x00, 0x00,
    0xb8, 0xff, 0xff, 0xff, 0xff, 0x83, 0xff, 0x1f, 0x77, 0x5b, 0x55, 0x48,
    0x89, 0xe5, 0x41, 0x56, 0x53, 0x48, 0x8b, 0x1d, 0xd0, 0x6c, 0x00, 0x00,
    0x48, 0x8b, 0x83, 0x50, 0x01, 0x00, 0x00, 0x48, 0x85, 0xc0, 0x74, 0x27,
    0x89, 0xfa, 0x48, 0x8b, 0x0c, 0xd0, 0x48, 0x8d, 0x71, 0x01, 0x48, 0x83,
    0xfe, 0x03, 0x73, 0x09, 0x8b, 0x04, 0x8d, 0x5c, 0x03, 0x42, 0x00, 0xeb,
    0x24, 0x48, 0xc7, 0x04, 0xd0, 0x00, 0x00, 0x00, 0x00, 0xff, 0xd1, 0x31,
    0xc0, 0xeb, 0x16, 0x41, 0x89, 0xfe, 0x48, 0x89, 0xdf, 0xe8, 0xba, 0xfa,
    0xff, 0xff, 0x89, 0xc1, 0xb8, 0xff, 0xff, 0xff, 0xff, 0x85, 0xc9, 0x74,
    0x05, 0x5b, 0x41, 0x5e, 0x5d, 0xc3, 0x48, 0x8b, 0x83, 0x50, 0x01, 0x00,
    0x00, 0x44, 0x89, 0xf7, 0xeb, 0xb2, 0xcc, 0xcc, 0xcc, 0xcc, 0xcc, 0xcc,
    0xcc, 0xcc, 0xcc, 0xcc, 0xcc, 0xcc, 0xcc, 0xcc, 0x55, 0x48, 0x89, 0xe5,
    0xbe, 0xa4, 0x00, 0x00, 0x00, 0x48, 0x03, 0x35, 0x58, 0x6c, 0x00, 0x00,
    0x5d, 0xe9, 0x0a, 0x00, 0x00, 0x00, 0xcc, 0xcc, 0xcc, 0xcc, 0xcc, 0xcc,
    0xcc, 0xcc, 0xcc, 0xcc, 0x55, 0x48, 0x89, 0xe5, 0x48, 0x8b, 0x3f, 0x48,
    0xb9, 0x57, 0x29, 0x51, 0xce, 0xa0, 0xc8, 0x45, 0x18, 0x48, 0x89, 0xf8,
    0x48, 0xf7, 0xe9, 0x48, 0x89, 0xd1, 0x48, 0x89, 0xd0, 0x48, 0xc1, 0xe8,
    0x3f, 0x48, 0xc1, 0xf9, 0x0d, 0x48, 0x01, 0xc1, 0x48, 0x69, 0xc1, 0x80,
    0x51, 0x01, 0x00, 0x49, 0x89, 0xf8, 0x49, 0x29, 0xc0, 0x48, 0xf7, 0xd8,
    0x4d, 0x85, 0xc0, 0x4c, 0x8d, 0x94, 0x07, 0x80, 0x51, 0x01, 0x00, 0x4d,
    0x0f, 0x49, 0xd0, 0x49, 0xc1, 0xf8, 0x3f, 0x49, 0x8d, 0x3c, 0x08, 0x4c,
    0x89, 0xd0, 0x48, 0xc1, 0xe8, 0x04, 0x48, 0xba, 0x81, 0x6f, 0x5e, 0x4d,
    0x3c, 0x2b, 0x1a, 0x09, 0x48, 0xf7, 0xe2, 0x4d, 0x8d, 0x0c, 0x08, 0x49,
    0x81, 0xc1, 0x6c, 0xfa, 0x0a, 0x00, 0x48, 0xc1, 0xea, 0x03, 0x89, 0x56,
    0x08, 0x69, 0xc2, 0x10, 0x0e, 0x00, 0x00, 0x41, 0x29, 0xc2, 0x41, 0x69,
    0xc2, 0x89, 0x08, 0x00, 0x00, 0xc1, 0xe8, 0x11, 0x89, 0x46, 0x04, 0x6b,
    0xc0, 0x3c, 0x41, 0x29, 0xc2, 0x41, 0x0f, 0xb7, 0xc2, 0x89, 0x06, 0x49,
    0x8d, 0x04, 0x08, 0x48, 0x05, 0x6f, 0xfa, 0x0a, 0x00, 0x48, 0xba, 0x25,
    0x49, 0x92, 0x24, 0x49, 0x92, 0x24, 0x49, 0x48, 0xf7, 0xea, 0x48, 0x89,
    0xd0, 0x48, 0xc1, 0xe8, 0x3f, 0x48, 0xd1, 0xfa, 0x48, 0x01, 0xc2, 0x48,
    0x8d, 0x04, 0xd5, 0x00, 0x00, 0x00, 0x00, 0x48, 0x29, 0xc2, 0x48, 0x8d,
    0x04, 0x3a, 0x48, 0x05, 0x6f, 0xfa, 0x0a, 0x00, 0x44, 0x8d, 0x50, 0x07,
    0x48, 0x85, 0xc0, 0x44, 0x0f, 0x49, 0xd0, 0x49, 0x8d, 0x04, 0x08, 0x48,
    0x05, 0xbc, 0xbf, 0x08, 0x00, 0x4d, 0x85, 0xc9, 0x49, 0x0f, 0x49, 0xc1,
    0x48, 0xb9, 0xed, 0x62, 0xf8, 0xc8, 0xbc, 0x06, 0x6b, 0x39, 0x48, 0xf7,
    0xe9, 0x49, 0x89, 0xd0, 0x48, 0x89, 0xd0, 0x48, 0xc1, 0xe8, 0x3f, 0x49,
    0xc1, 0xf8, 0x0f, 0x49, 0x01, 0xc0, 0x49, 0x69, 0xc0, 0x4f, 0xc5, 0xfd,
    0xff, 0x48, 0x8d, 0x0c, 0x38, 0x48, 0x81, 0xc1, 0x6c, 0xfa, 0x0a, 0x00,
    0x48, 0x89, 0xc8, 0x48, 0xc1, 0xe8, 0x02, 0x48, 0xba, 0xe7, 0x33, 0xce,
    0x02, 0x6c, 0x3e, 0xe3, 0x2c, 0x48, 0xf7, 0xe2, 0x49, 0x89, 0xd1, 0x48,
    0xba, 0xc9, 0x5a, 0x0e, 0x00, 0xfa, 0x81, 0xac, 0xe5, 0x48, 0x89, 0xc8,
    0x48, 0xf7, 0xe2, 0x49, 0xc1, 0xe9, 0x06, 0x48, 0x89, 0xd7, 0x48, 0xc1,
    0xef, 0x0f, 0x48, 0xc1, 0xea, 0x11, 0x4c, 0x01, 0xca, 0x48, 0x01, 0xcf,
    0x48, 0x29, 0xd7, 0x48, 0xba, 0x37, 0x9f, 0x71, 0x16, 0x60, 0xf3, 0x19,
    0x67, 0x48, 0x89, 0xf8, 0x48, 0xf7, 0xe2, 0x44, 0x89, 0x56, 0x18, 0x48,
    0x29, 0xd7, 0x48, 0xd1, 0xef, 0x48, 0x01, 0xd7, 0x48, 0xc1, 0xef, 0x08,
    0x89, 0xf8, 0xc1, 0xe8, 0x02, 0x89, 0xfa, 0x48, 0x69, 0xd2, 0x1f, 0x85,
    0xeb, 0x51, 0x48, 0xc1, 0xea, 0x25, 0x44, 0x69, 0xcf, 0x93, 0xfe, 0xff,
    0xff, 0x29, 0xc1, 0x44, 0x01, 0xc9, 0x01, 0xd1, 0x81, 0xf9, 0x32, 0x01,
    0x00, 0x00, 0x72, 0x08, 0x8d, 0x81, 0xce, 0xfe, 0xff, 0xff, 0xeb, 0x33,
    0x8d, 0x41, 0x3b, 0x40, 0xf6, 0xc7, 0x03, 0x75, 0x11, 0x44, 0x6b, 0xca,
    0x64, 0x41, 0x89, 0xfa, 0xba, 0x01, 0x00, 0x00, 0x00, 0x45, 0x29, 0xca,
    0x75, 0x17, 0x44, 0x69, 0xcf, 0x29, 0x5c, 0x8f, 0xc2, 0x41, 0xc1, 0xc9,
    0x04, 0x31, 0xd2, 0x41, 0x81, 0xf9, 0x0b, 0xd7, 0xa3, 0x00, 0x0f, 0x92,
    0xc2, 0x01, 0xd0, 0x41, 0x69, 0xd0, 0x90, 0x01, 0x00, 0x00, 0x44, 0x8d,
    0x04, 0x89, 0x41, 0x83, 0xc0, 0x02, 0x41, 0xb9, 0xd7, 0x80, 0x2b, 0xd6,
    0x4d, 0x0f, 0xaf, 0xc8, 0x49, 0xc1, 0xe9, 0x27, 0x45, 0x8d, 0x51, 0xf6,
    0x45, 0x8d, 0x59, 0x02, 0x41, 0x81, 0xf8, 0xfa, 0x05, 0x00, 0x00, 0x45,
    0x0f, 0x43, 0xda, 0x45, 0x69, 0xc1, 0x99, 0x00, 0x00, 0x00, 0x41, 0x83,
    0xc0, 0x02, 0x41, 0xb9, 0xcd, 0xcc, 0xcc, 0xcc, 0x4d, 0x0f, 0xaf, 0xc8,
    0x49, 0xc1, 0xe9, 0x22, 0x44, 0x29, 0xc9, 0xff, 0xc1, 0x41, 0x83, 0xfb,
    0x02, 0x89, 0x46, 0x1c, 0x11, 0xfa, 0x81, 0xc2, 0x94, 0xf8, 0xff, 0xff,
    0x89, 0x56, 0x14, 0x44, 0x89, 0x5e, 0x10, 0x89, 0x4e, 0x0c, 0xc7, 0x46,
    0x20, 0x00, 0x00, 0x00, 0x00, 0x48, 0x89, 0xf0, 0x5d, 0xc3, 0xcc, 0xcc,
    0xcc, 0xcc, 0xcc, 0xcc, 0xcc, 0xcc, 0xcc, 0xcc, 0xcc, 0xcc, 0xcc, 0xcc,
    0x55, 0x48, 0x89, 0xe5, 0x53, 0x48, 0x83, 0xec, 0x18, 0x48, 0x89, 0xfb,
    0x48, 0xc7, 0x45, 0xe8, 0xff, 0xff, 0xff, 0xff, 0x48, 0x8b, 0x3d, 0xcd,
    0x69, 0x00, 0x00, 0x48, 0x8d, 0x75, 0xe8, 0x31, 0xd2, 0xe8, 0x1a, 0x03,
    0x00, 0x00, 0x89, 0xc1, 0x48, 0xc7, 0xc0, 0xff, 0xff, 0xff, 0xff, 0x85,
    0xc9, 0x78, 0x04, 0x48, 0x8b, 0x45, 0xe8, 0x48, 0x85, 0xdb, 0x74, 0x03,
    0x48, 0x89, 0x03, 0x48, 0x83, 0xc4, 0x18, 0x5b, 0x5d, 0xc3, 0xcc, 0xcc,
    0xcc, 0xcc, 0xcc, 0xcc, 0xcc, 0xcc, 0xcc, 0xcc, 0x55, 0x48, 0x89, 0xe5,
    0x53, 0x50, 0x48, 0x85, 0xd2, 0x74, 0x3a, 0x48, 0x89, 0xd3, 0xbe, 0xe7,
    0x18, 0x42, 0x00, 0x48, 0x89, 0xd7, 0xe8, 0xb5, 0xdb, 0xff, 0xff, 0x85,
    0xc0, 0x74, 0x26, 0xbe, 0x7a, 0x13, 0x42, 0x00, 0x48, 0x89, 0xdf, 0xe8,
    0xa4, 0xdb, 0xff, 0xff, 0x85, 0xc0, 0x74, 0x15, 0xbe, 0x45, 0x09, 0x42,
    0x00, 0x48, 0x89, 0xdf, 0xe8, 0x93, 0xdb, 0xff, 0xff, 0x85, 0xc0, 0x74,
    0x04, 0x31, 0xc0, 0xeb, 0x05, 0xb8, 0x7a, 0x13, 0x42, 0x00, 0x48, 0x83,
    0xc4, 0x08, 0x5b, 0x5d, 0xc3, 0x66, 0x66, 0x66, 0x66, 0x66, 0x66, 0x2e,
    0x0f, 0x1f, 0x84, 0x00, 0x00, 0x00, 0x00, 0x00, 0x55, 0x48, 0x89, 0xe5,
    0x0f, 0xbe, 0x05, 0x8d, 0x67, 0x00, 0x00, 0x5d, 0xc3, 0x0f, 0x1f, 0x00,
    0x55, 0x48, 0x89, 0xe5, 0x53, 0x50, 0x48, 0x85, 0xf6, 0x74, 0x3a, 0x48,
    0x89, 0xf3, 0xbe, 0xe7, 0x18, 0x42, 0x00, 0x48, 0x89, 0xdf, 0xe8, 0x45,
    0xdb, 0xff, 0xff, 0x85, 0xc0, 0x74, 0x26, 0xbe, 0x7a, 0x13, 0x42, 0x00,
    0x48, 0x89, 0xdf, 0xe8, 0x34, 0xdb, 0xff, 0xff, 0x85, 0xc0, 0x74, 0x15,
    0xbe, 0x45, 0x09, 0x42, 0x00, 0x48, 0x89, 0xdf, 0xe8, 0x23, 0xdb, 0xff,
    0xff, 0x85, 0xc0, 0x74, 0x04, 0x31, 0xc0, 0xeb, 0x05, 0xb8, 0x7a, 0x13,
    0x42, 0x00, 0x48, 0x83, 0xc4, 0x08, 0x5b, 0x5d, 0xc3, 0xcc, 0xcc, 0xcc,
    0xcc, 0xcc, 0xcc, 0xcc, 0xcc, 0xcc, 0xcc, 0xcc, 0xcc, 0xcc, 0xcc, 0xcc,
    0x55, 0x48, 0x89, 0xe5, 0x48, 0x8b, 0x05, 0x9d, 0x66, 0x00, 0x00, 0x5d,
    0xff, 0xe0, 0x66, 0x90, 0x55, 0x48, 0x89, 0xe5, 0x48, 0x85, 0xf6, 0x74,
    0x15, 0x81, 0xfa, 0x00, 0x01, 0x00, 0x00, 0x72, 0x11, 0xc7, 0x07, 0x8a,
    0x00, 0x00, 0x00, 0xb8, 0xff, 0xff, 0xff, 0xff, 0x5d, 0xc3, 0x31, 0xc0,
    0x5d, 0xc3, 0x88, 0x16, 0xb8, 0x01, 0x00, 0x00, 0x00, 0x5d, 0xc3, 0xcc,
    0xcc, 0xcc, 0xcc, 0xcc, 0x55, 0x48, 0x89, 0xe5, 0x48, 0x8b, 0x05, 0x65,
    0x66, 0x00, 0x00, 0x5d, 0xff, 0xe0, 0x66, 0x90, 0x55, 0x48, 0x89, 0xe5,
    0x48, 0x85, 0xd2, 0x74, 0x19, 0x48, 0x85, 0xc9, 0x74, 0x18, 0x48, 0x85,
    0xf6, 0x74, 0x05, 0x0f, 0xb6, 0x02, 0x89, 0x06, 0x31, 0xc0, 0x80, 0x3a,
    0x00, 0x0f, 0x95, 0xc0, 0x5d, 0xc3, 0x31, 0xc0, 0x5d, 0xc3, 0xb8, 0xfe,
    0xff, 0xff, 0xff, 0x5d, 0xc3, 0xcc, 0xcc, 0xcc, 0x55, 0x48, 0x89, 0xe5,
    0x48, 0x8d, 0x87, 0x00, 0x01, 0x00, 0x00, 0x5d, 0xc3, 0x0f, 0x1f, 0x00,
    0x55, 0x48, 0x89, 0xe5, 0xb8, 0x48, 0x29, 0x42, 0x00, 0x5d, 0xc3, 0x0f,
    0x1f, 0x44, 0x00, 0x00, 0x55, 0x48, 0x89, 0xe5, 0xb8, 0x48, 0x29, 0x42,
    0x00, 0x5d, 0xc3, 0xcc, 0xcc, 0xcc, 0xcc, 0xcc, 0x55, 0x48, 0x89, 0xe5,
    0x53, 0x50, 0x48, 0x89, 0xfb, 0xc7, 0x05, 0x6d, 0x6f, 0x00, 0x00, 0x00,
    0x00, 0x00, 0x00, 0x89, 0xf7, 0xe8, 0xe6, 0xbf, 0xfe, 0xff, 0x83, 0xf8,
    0xff, 0x0f, 0x94, 0xc2, 0x8b, 0x0d, 0x5a, 0x6f, 0x00, 0x00, 0x85, 0xc9,
    0x40, 0x0f, 0x95, 0xc6, 0x40, 0x20, 0xd6, 0x40, 0x80, 0xfe, 0x01, 0x75,
    0x02, 0x89, 0x0b, 0x48, 0x83, 0xc4, 0x08, 0x5b, 0x5d, 0xc3, 0xcc, 0xcc,
    0x55, 0x48, 0x89, 0xe5, 0x41, 0x57, 0x41, 0x56, 0x53, 0x50, 0x48, 0x3b,
    0x3d, 0xc7, 0x67, 0x00, 0x00, 0x0f, 0x84, 0xb5, 0x00, 0x00, 0x00, 0x48,
    0x89, 0xfb, 0x48, 0x83, 0x7f, 0x68, 0x00, 0x74, 0x50, 0x45, 0x31, 0xf6,
    0xeb, 0x13, 0x66, 0x2e, 0x0f, 0x1f, 0x84, 0x00, 0x00, 0x00, 0x00, 0x00,
    0x49, 0xff, 0xc6, 0x49, 0x83, 0xfe, 0x40, 0x74, 0x2c, 0x48, 0x8b, 0x43,
    0x68, 0x4a, 0x8b, 0x34, 0xf0, 0x48, 0x85, 0xf6, 0x74, 0xea, 0x66, 0x2e,
    0x0f, 0x1f, 0x84, 0x00, 0x00, 0x00, 0x00, 0x00, 0x4c, 0x8b, 0x3e, 0x48,
    0x89, 0xdf, 0xe8, 0x65, 0xf2, 0xfe, 0xff, 0x4c, 0x89, 0xfe, 0x4d, 0x85,
    0xff, 0x75, 0xed, 0xeb, 0xcb, 0x48, 0x8b, 0x73, 0x68, 0x48, 0x89, 0xdf,
    0xe8, 0x4f, 0xf2, 0xfe, 0xff, 0x48, 0x8b, 0x73, 0x50, 0x48, 0x85, 0xf6,
    0x74, 0x08, 0x48, 0x89, 0xdf, 0xe8, 0x3e, 0xf2, 0xfe, 0xff, 0x48, 0x8b,
    0x73, 0x60, 0x48, 0x85, 0xf6, 0x74, 0x18, 0x0f, 0x1f, 0x44, 0x00, 0x00,
    0x4c, 0x8b, 0x36, 0x48, 0x89, 0xdf, 0xe8, 0x25, 0xf2, 0xfe, 0xff, 0x4c,
    0x89, 0xf6, 0x4d, 0x85, 0xf6, 0x75, 0xed, 0x48, 0x8b, 0x73, 0x78, 0x48,
    0x85, 0xf6, 0x74, 0x08, 0x48, 0x89, 0xdf, 0xe8, 0x0c, 0xf2, 0xfe, 0xff,
    0x48, 0x8b, 0x43, 0x48, 0x48, 0x85, 0xc0, 0x74, 0x0f, 0x48, 0x89, 0xdf,
    0x48, 0x83, 0xc4, 0x08, 0x5b, 0x41, 0x5e, 0x41, 0x5f, 0x5d, 0xff, 0xe0,
    0x48, 0x83, 0xc4, 0x08, 0x5b, 0x41, 0x5e, 0x41, 0x5f, 0x5d, 0xc3, 0xcc,
    0xcc, 0xcc, 0xcc, 0xcc, 0xcc, 0xcc, 0xcc, 0xcc, 0x55, 0x48, 0x89, 0xe5,
    0x53, 0x50, 0x48, 0x89, 0xfb, 0xc7, 0x05, 0x4d, 0x6e, 0x00, 0x00, 0x00,
    0x00, 0x00, 0x00, 0x89, 0xf7, 0x48, 0x89, 0xd6, 0xe8, 0x03, 0xbf, 0xfe,
    0xff, 0x83, 0xf8, 0xff, 0x0f, 0x94, 0xc2, 0x8b, 0x0d, 0x37, 0x6e, 0x00,
    0x00, 0x85, 0xc9, 0x40, 0x0f, 0x95, 0xc6, 0x40, 0x20, 0xd6, 0x40, 0x80,
    0xfe, 0x01, 0x75, 0x02, 0x89, 0x0b, 0x48, 0x83, 0xc4, 0x08, 0x5b, 0x5d,
    0xc3, 0xcc, 0xcc, 0xcc, 0xcc, 0xcc, 0xcc, 0xcc, 0xcc, 0xcc, 0xcc, 0xcc,
    0xcc, 0xcc, 0xcc, 0xcc, 0x55, 0x48, 0x89, 0xe5, 0x53, 0x50, 0x48, 0x89,
    0xfb, 0xc7, 0x05, 0xfd, 0x6d, 0x00, 0x00, 0x00, 0x00, 0x00, 0x00, 0x48,
    0x89, 0xf7, 0x48, 0x89, 0xd6, 0xe8, 0xc2, 0xbd, 0xfe, 0xff, 0x83, 0xf8,
    0xff, 0x0f, 0x94, 0xc2, 0x8b, 0x0d, 0xe6, 0x6d, 0x00, 0x00, 0x85, 0xc9,
    0x40, 0x0f, 0x95, 0xc6, 0x40, 0x20, 0xd6, 0x40, 0x80, 0xfe, 0x01, 0x75,
    0x02, 0x89, 0x0b, 0x48, 0x83, 0xc4, 0x08, 0x5b, 0x5d, 0xc3, 0xcc, 0xcc,
    0xcc, 0xcc, 0xcc, 0xcc, 0xcc, 0xcc, 0xcc, 0xcc, 0xcc, 0xcc, 0xcc, 0xcc,
    0x55, 0x48, 0x89, 0xe5, 0x53, 0x50, 0x48, 0x89, 0xfb, 0xc7, 0x05, 0xad,
    0x6d, 0x00, 0x00, 0x00, 0x00, 0x00, 0x00, 0x89, 0xf7, 0xe8, 0xb6, 0xc6,
    0xfe, 0xff, 0x83, 0xf8, 0xff, 0x0f, 0x94, 0xc2, 0x8b, 0x0d, 0x9a, 0x6d,
    0x00, 0x00, 0x85, 0xc9, 0x40, 0x0f, 0x95, 0xc6, 0x40, 0x20, 0xd6, 0x40,
    0x80, 0xfe, 0x01, 0x75, 0x02, 0x89, 0x0b, 0x48, 0x83, 0xc4, 0x08, 0x5b,
    0x5d, 0xc3, 0xcc, 0xcc, 0x55, 0x48, 0x89, 0xe5, 0x53, 0x50, 0x48, 0x89,
    0xfb, 0xc7, 0x05, 0x6d, 0x6d, 0x00, 0x00, 0x00, 0x00, 0x00, 0x00, 0x89,
    0xf7, 0x48, 0x89, 0xd6, 0x89, 0xca, 0xe8, 0xf1, 0xbd, 0xfe, 0xff, 0x48,
    0x83, 0xf8, 0xff, 0x0f, 0x94, 0xc2, 0x8b, 0x0d, 0x54, 0x6d, 0x00, 0x00,
    0x85, 0xc9, 0x40, 0x0f, 0x95, 0xc6, 0x40, 0x20, 0xd6, 0x40, 0x80, 0xfe,
    0x01, 0x75, 0x02, 0x89, 0x0b, 0x48, 0x83, 0xc4, 0x08, 0x5b, 0x5d, 0xc3,
    0xcc, 0xcc, 0xcc, 0xcc, 0xcc, 0xcc, 0xcc, 0xcc, 0xcc, 0xcc, 0xcc, 0xcc,
    0x55, 0x48, 0x89, 0xe5, 0x53, 0x50, 0x48, 0x89, 0xfb, 0xc7, 0x05, 0x1d,
    0x6d, 0x00, 0x00, 0x00, 0x00, 0x00, 0x00, 0x48, 0x89, 0xf7, 0x89, 0xd6,
    0x89, 0xca, 0x31, 0xc0, 0xe8, 0x4f, 0xbd, 0xfe, 0xff, 0x83, 0xf8, 0xff,
    0x0f, 0x94, 0xc2, 0x8b, 0x0d, 0x03, 0x6d, 0x00, 0x00, 0x85, 0xc9, 0x40,
    0x0f, 0x95, 0xc6, 0x40, 0x20, 0xd6, 0x40, 0x80, 0xfe, 0x01, 0x75, 0x02,
    0x89, 0x0b, 0x48, 0x83, 0xc4, 0x08, 0x5b, 0x5d, 0xc3, 0xcc, 0xcc, 0xcc,
    0xcc, 0xcc, 0xcc, 0xcc, 0xcc, 0xcc, 0xcc, 0xcc, 0x48, 0x89, 0xf8, 0x48,
    0x83, 0xfa, 0x10, 0x0f, 0x82, 0xfa, 0x00, 0x00, 0x00, 0x49, 0x89, 0xf8,
    0x49, 0x83, 0xe0, 0x07, 0x74, 0x0f, 0x48, 0xc7, 0xc1, 0x08, 0x00, 0x00,
    0x00, 0x4c, 0x29, 0xc1, 0x48, 0x29, 0xca, 0xf3, 0xa4, 0x48, 0x81, 0xfa,
    0x00, 0x01, 0x00, 0x00, 0x0f, 0x82, 0xdb, 0x00, 0x00, 0x00, 0x50, 0x41,
    0x54, 0x41, 0x55, 0x41, 0x56, 0x48, 0x89, 0xd1, 0x48, 0xc1, 0xe9, 0x07,
    0x0f, 0x18, 0x86, 0x00, 0x03, 0x00, 0x00, 0x0f, 0x18, 0x86, 0x40, 0x03,
    0x00, 0x00, 0x48, 0x8b, 0x06, 0x4c, 0x8b, 0x46, 0x08, 0x4c, 0x8b, 0x4e,
    0x10, 0x4c, 0x8b, 0x56, 0x18, 0x4c, 0x8b, 0x5e, 0x20, 0x4c, 0x8b, 0x66,
    0x28, 0x4c, 0x8b, 0x6e, 0x30, 0x4c, 0x8b, 0x76, 0x38, 0x48, 0x0f, 0xc3,
    0x07, 0x4c, 0x0f, 0xc3, 0x47, 0x08, 0x4c, 0x0f, 0xc3, 0x4f, 0x10, 0x4c,
    0x0f, 0xc3, 0x57, 0x18, 0x4c, 0x0f, 0xc3, 0x5f, 0x20, 0x4c, 0x0f, 0xc3,
    0x67, 0x28, 0x4c, 0x0f, 0xc3, 0x6f, 0x30, 0x4c, 0x0f, 0xc3, 0x77, 0x38,
    0x48, 0x8b, 0x46, 0x40, 0x4c, 0x8b, 0x46, 0x48, 0x4c, 0x8b, 0x4e, 0x50,
    0x4c, 0x8b, 0x56, 0x58, 0x4c, 0x8b, 0x5e, 0x60, 0x4c, 0x8b, 0x66, 0x68,
    0x4c, 0x8b, 0x6e, 0x70, 0x4c, 0x8b, 0x76, 0x78, 0x48, 0x0f, 0xc3, 0x47,
    0x40, 0x4c, 0x0f, 0xc3, 0x47, 0x48, 0x4c, 0x0f, 0xc3, 0x4f, 0x50, 0x4c,
    0x0f, 0xc3, 0x57, 0x58, 0x4c, 0x0f, 0xc3, 0x5f, 0x60, 0x4c, 0x0f, 0xc3,
    0x67, 0x68, 0x4c, 0x0f, 0xc3, 0x6f, 0x70, 0x4c, 0x0f, 0xc3, 0x77, 0x78,
    0x48, 0x8d, 0xb6, 0x80, 0x00, 0x00, 0x00, 0x48, 0x8d, 0xbf, 0x80, 0x00,
    0x00, 0x00, 0x48, 0xff, 0xc9, 0x0f, 0x85, 0x4d, 0xff, 0xff, 0xff, 0x0f,
    0xae, 0xf8, 0x48, 0x89, 0xd1, 0x48, 0x83, 0xe1, 0x7f, 0xf3, 0xa4, 0x41,
    0x5e, 0x41, 0x5d, 0x41, 0x5c, 0x58, 0xc3, 0x48, 0x89, 0xd1, 0xf3, 0xa4,
    0xc3, 0x48, 0x89, 0xd1, 0x48, 0xc1, 0xe9, 0x03, 0x66, 0x2e, 0x0f, 0x1f,
    0x84, 0x00, 0x00, 0x00, 0x00, 0x00, 0x66, 0x90, 0xf3, 0x48, 0xa5, 0x48,
    0x89, 0xd1, 0x48, 0x83, 0xe1, 0x07, 0xf3, 0xa4, 0xc3, 0xcc, 0xcc, 0xcc,
    0x49, 0x89, 0xf9, 0x48, 0x89, 0xf0, 0x48, 0x89, 0xd1, 0x48, 0x83, 0xfa,
    0x10, 0x0f, 0x82, 0xa8, 0x00, 0x00, 0x00, 0x49, 0x89, 0xf8, 0x49, 0x83,
    0xe0, 0x07, 0x74, 0x12, 0x48, 0xc7, 0xc1, 0x08, 0x00, 0x00, 0x00, 0x4c,
    0x29, 0xc1, 0x48, 0x29, 0xca, 0xf3, 0xaa, 0x48, 0x89, 0xd1, 0x49, 0xb8,
    0x01, 0x01, 0x01, 0x01, 0x01, 0x01, 0x01, 0x01, 0x40, 0x0f, 0xb6, 0xc6,
    0x49, 0x0f, 0xaf, 0xc0, 0x48, 0x81, 0xfa, 0x00, 0x01, 0x00, 0x00, 0x72,
    0x78, 0x48, 0xc1, 0xe9, 0x07, 0x0f, 0x1f, 0x00, 0x48, 0x0f, 0xc3, 0x07,
    0x48, 0x0f, 0xc3, 0x47, 0x08, 0x48, 0x0f, 0xc3, 0x47, 0x10, 0x48, 0x0f,
    0xc3, 0x47, 0x18, 0x48, 0x0f, 0xc3, 0x47, 0x20, 0x48, 0x0f, 0xc3, 0x47,
    0x28, 0x48, 0x0f, 0xc3, 0x47, 0x30, 0x48, 0x0f, 0xc3, 0x47, 0x38, 0x48,
    0x0f, 0xc3, 0x47, 0x40, 0x48, 0x0f, 0xc3, 0x47, 0x48, 0x48, 0x0f, 0xc3,
    0x47, 0x50, 0x48, 0x0f, 0xc3, 0x47, 0x58, 0x48, 0x0f, 0xc3, 0x47, 0x60,
    0x48, 0x0f, 0xc3, 0x47, 0x68, 0x48, 0x0f, 0xc3, 0x47, 0x70, 0x48, 0x0f,
    0xc3, 0x47, 0x78, 0x48, 0x8d, 0xbf, 0x80, 0x00, 0x00, 0x00, 0x48, 0xff,
    0xc9, 0x75, 0xa5, 0x0f, 0xae, 0xf8, 0x48, 0x89, 0xd1, 0x48, 0x83, 0xe1,
    0x7f, 0xf3, 0xaa, 0x4c, 0x89, 0xc8, 0xc3, 0xf3, 0xaa, 0x4c, 0x89, 0xc8,
    0xc3, 0x48, 0xc1, 0xe9, 0x03, 0x66, 0x2e, 0x0f, 0x1f, 0x84, 0x00, 0x00,
    0x00, 0x00, 0x00, 0x90, 0xf3, 0x48, 0xab, 0x48, 0x89, 0xd1, 0x48, 0x83,
    0xe1, 0x07, 0xf3, 0xaa, 0x4c, 0x89, 0xc8, 0xc3, 0x55, 0x48, 0x89, 0xe5,
    0x53, 0x50, 0x48, 0x89, 0xfb, 0xc7, 0x05, 0xbd, 0x6a, 0x00, 0x00, 0x00,
    0x00, 0x00, 0x00, 0x89, 0xf7, 0x48, 0x89, 0xd6, 0x48, 0x89, 0xca, 0xe8,
    0xd0, 0xba, 0xfe, 0xff, 0x83, 0xf8, 0xff, 0x0f, 0x94, 0xc2, 0x8b, 0x0d,
    0xa4, 0x6a, 0x00, 0x00, 0x85, 0xc9, 0x40, 0x0f, 0x95, 0xc6, 0x40, 0x20,
    0xd6, 0x40, 0x80, 0xfe, 0x01, 0x75, 0x02, 0x89, 0x0b, 0x48, 0x98, 0x48,
    0x83, 0xc4, 0x08, 0x5b, 0x5d, 0xc3, 0xcc, 0xcc, 0xcc, 0xcc, 0xcc, 0xcc,
    0xcc, 0xcc, 0xcc, 0xcc, 0x55, 0x48, 0x89, 0xe5, 0x53, 0x50, 0x48, 0x89,
    0xfb, 0xc7, 0x05, 0x6d, 0x6a, 0x00, 0x00, 0x00, 0x00, 0x00, 0x00, 0x89,
    0xf7, 0x89, 0xd6, 0xe8, 0x64, 0xbc, 0xfe, 0xff, 0x83, 0xf8, 0xff, 0x0f,
    0x94, 0xc2, 0x8b, 0x0d, 0x58, 0x6a, 0x00, 0x00, 0x85, 0xc9, 0x40, 0x0f,
    0x95, 0xc6, 0x40, 0x20, 0xd6, 0x40, 0x80, 0xfe, 0x01, 0x75, 0x02, 0x89,
    0x0b, 0x48, 0x83, 0xc4, 0x08, 0x5b, 0x5d, 0xc3, 0x55, 0x48, 0x89, 0xe5,
    0x5d, 0xe9, 0x46, 0xbc, 0xfe, 0xff, 0xcc, 0xcc, 0xcc, 0xcc, 0xcc, 0xcc,
    0x55, 0x48, 0x89, 0xe5, 0x53, 0x50, 0x48, 0x89, 0xfb, 0xc7, 0x05, 0x1d,
    0x6a, 0x00, 0x00, 0x00, 0x00, 0x00, 0x00, 0x48, 0x89, 0xf7, 0xe8, 0x35,
    0xbc, 0xfe, 0xff, 0x48, 0x83, 0xf8, 0xff, 0x0f, 0x94, 0xc2, 0x8b, 0x0d,
    0x08, 0x6a, 0x00, 0x00, 0x85, 0xc9, 0x40, 0x0f, 0x95, 0xc6, 0x40, 0x20,
    0xd6, 0x40, 0x80, 0xfe, 0x01, 0x75, 0x02, 0x89, 0x0b, 0x48, 0x83, 0xc4,
    0x08, 0x5b, 0x5d, 0xc3, 0x55, 0x48, 0x89, 0xe5, 0x53, 0x50, 0x48, 0x89,
    0xfb, 0xc7, 0x05, 0xdd, 0x69, 0x00, 0x00, 0x00, 0x00, 0x00, 0x00, 0x89,
    0xf7, 0x48, 0x89, 0xd6, 0x48, 0x89, 0xca, 0xe8, 0x00, 0xba, 0xfe, 0xff,
    0x83, 0xf8, 0xff, 0x0f, 0x94, 0xc2, 0x8b, 0x0d, 0xc4, 0x69, 0x00, 0x00,
    0x85, 0xc9, 0x40, 0x0f, 0x95, 0xc6, 0x40, 0x20, 0xd6, 0x40, 0x80, 0xfe,
    0x01, 0x75, 0x02, 0x89, 0x0b, 0x48, 0x98, 0x48, 0x83, 0xc4, 0x08, 0x5b,
    0x5d, 0xc3, 0xcc, 0xcc, 0xcc, 0xcc, 0xcc, 0xcc, 0xcc, 0xcc, 0xcc, 0xcc,
    0x55, 0x48, 0x89, 0xe5, 0x48, 0x8b, 0x05, 0x2d, 0x62, 0x00, 0x00, 0x5d,
    0xc3, 0xcc, 0xcc, 0xcc, 0x55, 0x48, 0x89, 0xe5, 0xb8, 0x02, 0x00, 0x00,
    0x00, 0x66, 0x0f, 0x57, 0xc9, 0x66, 0x0f, 0x2e, 0xc1, 0x75, 0x04, 0x7a,
    0x02, 0x5d, 0xc3, 0x66, 0x48, 0x0f, 0x7e, 0xc0, 0x48, 0xb9, 0xff, 0xff,
    0xff, 0xff, 0xff, 0xff, 0xff, 0x7f, 0x48, 0x21, 0xc1, 0x48, 0xba, 0x00,
    0x00, 0x00, 0x00, 0x00, 0x00, 0xf0, 0xff, 0x48, 0x01, 0xca, 0x48, 0xc1,
    0xea, 0x35, 0xb8, 0x04, 0x00, 0x00, 0x00, 0x81, 0xfa, 0xff, 0x03, 0x00,
    0x00, 0x72, 0xce, 0x48, 0x89, 0xc8, 0x48, 0xc1, 0xe8, 0x34, 0xb8, 0x03,
    0x00, 0x00, 0x00, 0x74, 0xc0, 0x48, 0xba, 0x00, 0x00, 0x00, 0x00, 0x00,
    0x00, 0xf0, 0x7f, 0x31, 0xc0, 0x48, 0x39, 0xd1, 0x0f, 0x94, 0xc0, 0x5d,
    0xc3, 0xcc, 0xcc, 0xcc, 0xcc, 0xcc, 0xcc, 0xcc, 0x55, 0x48, 0x89, 0xe5,
    0xb8, 0x02, 0x00, 0x00, 0x00, 0x0f, 0x57, 0xc9, 0x0f, 0x2e, 0xc1, 0x75,
    0x04, 0x7a, 0x02, 0x5d, 0xc3, 0x66, 0x0f, 0x7e, 0xc2, 0x89, 0xd1, 0x81,
    0xe1, 0xff, 0xff, 0xff, 0x7f, 0x8d, 0xb1, 0x00, 0x00, 0x80, 0xff, 0xb8,
    0x04, 0x00, 0x00, 0x00, 0x81, 0xfe, 0x00, 0x00, 0x00, 0x7f, 0x72, 0xdf,
    0x81, 0xfa, 0x00, 0x00, 0x80, 0x00, 0x0f, 0x92, 0xc0, 0x81, 0xc2, 0xff,
    0xff, 0xff, 0x7f, 0x81, 0xfa, 0xff, 0xff, 0x7f, 0x00, 0x0f, 0x92, 0xc2,
    0x08, 0xc2, 0xb8, 0x03, 0x00, 0x00, 0x00, 0x75, 0xbe, 0x31, 0xc0, 0x81,
    0xf9, 0x00, 0x00, 0x80, 0x7f, 0x0f, 0x94, 0xc0, 0x5d, 0xc3, 0xcc, 0xcc,
    0xcc, 0xcc, 0xcc, 0xcc, 0xcc, 0xcc, 0xcc, 0xcc, 0xcc, 0xcc, 0xcc, 0xcc,
    0x55, 0x48, 0x89, 0xe5, 0xf2, 0x0f, 0x10, 0x05, 0xd4, 0x39, 0x00, 0x00,
    0x5d, 0xc3, 0xcc, 0xcc, 0x55, 0x48, 0x89, 0xe5, 0xf3, 0x0f, 0x10, 0x05,
    0x54, 0x50, 0x00, 0x00, 0x5d, 0xc3, 0x00, 0x00, 0x00, 0x00, 0x00, 0x00,
    0x00, 0x00, 0x00, 0x00, 0x00, 0x00, 0x00, 0x00, 0x00, 0x00, 0x00, 0x00,
    0x00, 0x00, 0x00, 0x00, 0x00, 0x00, 0x00, 0x00, 0x00, 0x00, 0x00, 0x00,
    0x00, 0x00, 0x00, 0x00, 0x00, 0x00, 0x00, 0x00, 0x00, 0x00, 0x00, 0x00,
    0x00, 0x00, 0x00, 0x00, 0x00, 0x00, 0x00, 0x00, 0x00, 0x00, 0x00, 0x00,
    0x00, 0x00, 0x00, 0x00, 0x00, 0x00, 0x00, 0x00, 0x00, 0x00, 0x00, 0x00,
    0x00, 0x00, 0x00, 0x00, 0x00, 0x00, 0x00, 0x00, 0x00, 0x00, 0x00, 0x00,
    0x00, 0x00, 0x00, 0x00, 0x00, 0x00, 0x00, 0x00, 0x00, 0x00, 0x00, 0x00,
    0x00, 0x00, 0x00, 0x00, 0x00, 0x00, 0x00, 0x00, 0x00, 0x00, 0x00, 0x00,
    0x00, 0x00, 0x00, 0x00, 0x00, 0x00, 0x00, 0x00, 0x00, 0x00, 0x00, 0x00,
    0x00, 0x00, 0x00, 0x00, 0x00, 0x00, 0x00, 0x00, 0x00, 0x00, 0x00, 0x00,
    0x00, 0x00, 0x00, 0x00, 0x00, 0x00, 0x00, 0x00, 0x00, 0x00, 0x00, 0x00,
    0x00, 0x00, 0x00, 0x00, 0x00, 0x00, 0x00, 0x00, 0x00, 0x00, 0x00, 0x00,
    0x00, 0x00, 0x00, 0x00, 0x00, 0x00, 0x00, 0x00, 0x00, 0x00, 0x00, 0x00,
    0x00, 0x00, 0x00, 0x00, 0x00, 0x00, 0x00, 0x00, 0x00, 0x00, 0x00, 0x00,
    0x00, 0x00, 0x00, 0x00, 0x00, 0x00, 0x00, 0x00, 0x00, 0x00, 0x00, 0x00,
    0x00, 0x00, 0x00, 0x00, 0x00, 0x00, 0x00, 0x00, 0x00, 0x00, 0x00, 0x00,
    0x00, 0x00, 0x00, 0x00, 0x00, 0x00, 0x00, 0x00, 0x00, 0x00, 0x00, 0x00,
    0x00, 0x00, 0x00, 0x00, 0x00, 0x00, 0x00, 0x00, 0x00, 0x00, 0x00, 0x00,
    0x00, 0x00, 0x00, 0x00, 0x00, 0x00, 0x00, 0x00, 0x00, 0x00, 0x00, 0x00,
    0x00, 0x00, 0x00, 0x00, 0x00, 0x00, 0x00, 0x00, 0x00, 0x00, 0x00, 0x00,
    0x00, 0x00, 0x00, 0x00, 0x00, 0x00, 0x00, 0x00, 0x00, 0x00, 0x00, 0x00,
    0x00, 0x00, 0x00, 0x00, 0x00, 0x00, 0x00, 0x00, 0x00, 0x00, 0x00, 0x00,
    0x00, 0x00, 0x00, 0x00, 0x00, 0x00, 0x00, 0x00, 0x00, 0x00, 0x00, 0x00,
    0x00, 0x00, 0x00, 0x00, 0x00, 0x00, 0x00, 0x00, 0x00, 0x00, 0x00, 0x00,
    0x00, 0x00, 0x00, 0x00, 0x00, 0x00, 0x00, 0x00, 0x00, 0x00, 0x00, 0x00,
    0x00, 0x00, 0x00, 0x00, 0x00, 0x00, 0x00, 0x00, 0x00, 0x00, 0x00, 0x00,
    0x00, 0x00, 0x00, 0x00, 0x00, 0x00, 0x00, 0x00, 0x00, 0x00, 0x00, 0x00,
    0x00, 0x00, 0x00, 0x00, 0x00, 0x00, 0x00, 0x00, 0x00, 0x00, 0x00, 0x00,
    0x00, 0x00, 0x00, 0x00, 0x00, 0x00, 0x00, 0x00, 0x00, 0x00, 0x00, 0x00,
    0x00, 0x00, 0x00, 0x00, 0x00, 0x00, 0x00, 0x00, 0x00, 0x00, 0x00, 0x00,
    0x00, 0x00, 0x00, 0x00, 0x00, 0x00, 0x00, 0x00, 0x00, 0x00, 0x00, 0x00,
    0x00, 0x00, 0x00, 0x00, 0x00, 0x00, 0x00, 0x00, 0x00, 0x00, 0x00, 0x00,
    0x00, 0x00, 0x00, 0x00, 0x00, 0x00, 0x00, 0x00, 0x00, 0x00, 0x00, 0x00,
    0x00, 0x00, 0x00, 0x00, 0x00, 0x00, 0x00, 0x00, 0x00, 0x00, 0x00, 0x00,
    0x00, 0x00, 0x00, 0x00, 0x00, 0x00, 0x00, 0x00, 0x00, 0x00, 0x00, 0x00,
    0x00, 0x00, 0x00, 0x00, 0x00, 0x00, 0x00, 0x00, 0x00, 0x00, 0x00, 0x00,
    0x00, 0x00, 0x00, 0x00, 0x00, 0x00, 0x00, 0x00, 0x00, 0x00, 0x00, 0x00,
    0x00, 0x00, 0x00, 0x00, 0x00, 0x00, 0x00, 0x00, 0x00, 0x00, 0x00, 0x00,
    0x00, 0x00, 0x00, 0x00, 0x00, 0x00, 0x00, 0x00, 0x00, 0x00, 0x00, 0x00,
    0x00, 0x00, 0x00, 0x00, 0x00, 0x00, 0x00, 0x00, 0x00, 0x00, 0x00, 0x00,
    0x00, 0x00, 0x00, 0x00, 0x00, 0x00, 0x00, 0x00, 0x00, 0x00, 0x00, 0x00,
    0x00, 0x00, 0x00, 0x00, 0x00, 0x00, 0x00, 0x00, 0x00, 0x00, 0x00, 0x00,
    0x00, 0x00, 0x00, 0x00, 0x00, 0x00, 0x00, 0x00, 0x00, 0x00, 0x00, 0x00,
    0x00, 0x00, 0x00, 0x00, 0x00, 0x00, 0x00, 0x00, 0x00, 0x00, 0x00, 0x00,
    0x00, 0x00, 0x00, 0x00, 0x00, 0x00, 0x00, 0x00, 0x00, 0x00, 0x00, 0x00,
    0x00, 0x00, 0x00, 0x00, 0x00, 0x00, 0x00, 0x00, 0x00, 0x00, 0x00, 0x00,
    0x00, 0x00, 0x00, 0x00, 0x00, 0x00, 0x00, 0x00, 0x00, 0x00, 0x00, 0x00,
    0x00, 0x00, 0x00, 0x00, 0x00, 0x00, 0x00, 0x00, 0x00, 0x00, 0x00, 0x00,
    0x00, 0x00, 0x00, 0x00, 0x00, 0x00, 0x00, 0x00, 0x00, 0x00, 0x00, 0x00,
    0x00, 0x00, 0x00, 0x00, 0x00, 0x00, 0x00, 0x00, 0x00, 0x00, 0x00, 0x00,
    0x00, 0x00, 0x00, 0x00, 0x00, 0x00, 0x00, 0x00, 0x00, 0x00, 0x00, 0x00,
    0x00, 0x00, 0x00, 0x00, 0x00, 0x00, 0x00, 0x00, 0x00, 0x00, 0x00, 0x00,
    0x00, 0x00, 0x00, 0x00, 0x00, 0x00, 0x00, 0x00, 0x00, 0x00, 0x00, 0x00,
    0x00, 0x00, 0x00, 0x00, 0x00, 0x00, 0x00, 0x00, 0x00, 0x00, 0x00, 0x00,
    0x00, 0x00, 0x00, 0x00, 0x00, 0x00, 0x00, 0x00, 0x00, 0x00, 0x00, 0x00,
    0x00, 0x00, 0x00, 0x00, 0x00, 0x00, 0x00, 0x00, 0x00, 0x00, 0x00, 0x00,
    0x00, 0x00, 0x00, 0x00, 0x00, 0x00, 0x00, 0x00, 0x00, 0x00, 0x00, 0x00,
    0x00, 0x00, 0x00, 0x00, 0x00, 0x00, 0x00, 0x00, 0x00, 0x00, 0x00, 0x00,
    0x00, 0x00, 0x00, 0x00, 0x00, 0x00, 0x00, 0x00, 0x00, 0x00, 0x00, 0x00,
    0x00, 0x00, 0x00, 0x00, 0x00, 0x00, 0x00, 0x00, 0x00, 0x00, 0x00, 0x00,
    0x00, 0x00, 0x00, 0x00, 0x00, 0x00, 0x00, 0x00, 0x00, 0x00, 0x00, 0x00,
    0x00, 0x00, 0x00, 0x00, 0x00, 0x00, 0x00, 0x00, 0x00, 0x00, 0x00, 0x00,
    0x00, 0x00, 0x00, 0x00, 0x00, 0x00, 0x00, 0x00, 0x00, 0x00, 0x00, 0x00,
    0x00, 0x00, 0x00, 0x00, 0x00, 0x00, 0x00, 0x00, 0x00, 0x00, 0x00, 0x00,
    0x00, 0x00, 0x00, 0x00, 0x00, 0x00, 0x00, 0x00, 0x00, 0x00, 0x00, 0x00,
    0x00, 0x00, 0x00, 0x00, 0x00, 0x00, 0x00, 0x00, 0x00, 0x00, 0x00, 0x00,
    0x00, 0x00, 0x00, 0x00, 0x00, 0x00, 0x00, 0x00, 0x00, 0x00, 0x00, 0x00,
    0x00, 0x00, 0x00, 0x00, 0x00, 0x00, 0x00, 0x00, 0x00, 0x00, 0x00, 0x00,
    0x00, 0x00, 0x00, 0x00, 0x00, 0x00, 0x00, 0x00, 0x00, 0x00, 0x00, 0x00,
    0x00, 0x00, 0x00, 0x00, 0x00, 0x00, 0x00, 0x00, 0x00, 0x00, 0x00, 0x00,
    0x00, 0x00, 0x00, 0x00, 0x00, 0x00, 0x00, 0x00, 0x00, 0x00, 0x00, 0x00,
    0x00, 0x00, 0x00, 0x00, 0x00, 0x00, 0x00, 0x00, 0x00, 0x00, 0x00, 0x00,
    0x00, 0x00, 0x00, 0x00, 0x00, 0x00, 0x00, 0x00, 0x00, 0x00, 0x00, 0x00,
    0x00, 0x00, 0x00, 0x00, 0x00, 0x00, 0x00, 0x00, 0x00, 0x00, 0x00, 0x00,
    0x00, 0x00, 0x00, 0x00, 0x00, 0x00, 0x00, 0x00, 0x00, 0x00, 0x00, 0x00,
    0x00, 0x00, 0x00, 0x00, 0x00, 0x00, 0x00, 0x00, 0x00, 0x00, 0x00, 0x00,
    0x00, 0x00, 0x00, 0x00, 0x00, 0x00, 0x00, 0x00, 0x00, 0x00, 0x00, 0x00,
    0x00, 0x00, 0x00, 0x00, 0x00, 0x00, 0x00, 0x00, 0x00, 0x00, 0x00, 0x00,
    0x00, 0x00, 0x00, 0x00, 0x00, 0x00, 0x00, 0x00, 0x00, 0x00, 0x00, 0x00,
    0x00, 0x00, 0x00, 0x00, 0x00, 0x00, 0x00, 0x00, 0x00, 0x00, 0x00, 0x00,
    0x00, 0x00, 0x00, 0x00, 0x00, 0x00, 0x00, 0x00, 0x00, 0x00, 0x00, 0x00,
    0x00, 0x00, 0x00, 0x00, 0x00, 0x00, 0x00, 0x00, 0x00, 0x00, 0x00, 0x00,
    0x00, 0x00, 0x00, 0x00, 0x00, 0x00, 0x00, 0x00, 0x00, 0x00, 0x00, 0x00,
    0x00, 0x00, 0x00, 0x00, 0x00, 0x00, 0x00, 0x00, 0x00, 0x00, 0x00, 0x00,
    0x00, 0x00, 0x00, 0x00, 0x00, 0x00, 0x00, 0x00, 0x00, 0x00, 0x00, 0x00,
    0x00, 0x00, 0x00, 0x00, 0x00, 0x00, 0x00, 0x00, 0x00, 0x00, 0x00, 0x00,
    0x00, 0x00, 0x00, 0x00, 0x00, 0x00, 0x00, 0x00, 0x00, 0x00, 0x00, 0x00,
    0x00, 0x00, 0x00, 0x00, 0x00, 0x00, 0x00, 0x00, 0x00, 0x00, 0x00, 0x00,
    0x00, 0x00, 0x00, 0x00, 0x00, 0x00, 0x00, 0x00, 0x00, 0x00, 0x00, 0x00,
    0x00, 0x00, 0x00, 0x00, 0x00, 0x00, 0x00, 0x00, 0x00, 0x00, 0x00, 0x00,
    0x00, 0x00, 0x00, 0x00, 0x00, 0x00, 0x00, 0x00, 0x00, 0x00, 0x00, 0x00,
    0x00, 0x00, 0x00, 0x00, 0x00, 0x00, 0x00, 0x00, 0x00, 0x00, 0x00, 0x00,
    0x00, 0x00, 0x00, 0x00, 0x00, 0x00, 0x00, 0x00, 0x00, 0x00, 0x00, 0x00,
    0x00, 0x00, 0x00, 0x00, 0x00, 0x00, 0x00, 0x00, 0x00, 0x00, 0x00, 0x00,
    0x00, 0x00, 0x00, 0x00, 0x00, 0x00, 0x00, 0x00, 0x00, 0x00, 0x00, 0x00,
    0x00, 0x00, 0x00, 0x00, 0x00, 0x00, 0x00, 0x00, 0x00, 0x00, 0x00, 0x00,
    0x00, 0x00, 0x00, 0x00, 0x00, 0x00, 0x00, 0x00, 0x00, 0x00, 0x00, 0x00,
    0x00, 0x00, 0x00, 0x00, 0x00, 0x00, 0x00, 0x00, 0x00, 0x00, 0x00, 0x00,
    0x00, 0x00, 0x00, 0x00, 0x00, 0x00, 0x00, 0x00, 0x00, 0x00, 0x00, 0x00,
    0x00, 0x00, 0x00, 0x00, 0x00, 0x00, 0x00, 0x00, 0x00, 0x00, 0x00, 0x00,
    0x00, 0x00, 0x00, 0x00, 0x00, 0x00, 0x00, 0x00, 0x00, 0x00, 0x00, 0x00,
    0x00, 0x00, 0x00, 0x00, 0x00, 0x00, 0x00, 0x00, 0x00, 0x00, 0x00, 0x00,
    0x00, 0x00, 0x00, 0x00, 0x00, 0x00, 0x00, 0x00, 0x00, 0x00, 0x00, 0x00,
    0x00, 0x00, 0x00, 0x00, 0x00, 0x00, 0x00, 0x00, 0x00, 0x00, 0x00, 0x00,
    0x00, 0x00, 0x00, 0x00, 0x00, 0x00, 0x00, 0x00, 0x00, 0x00, 0x00, 0x00,
    0x00, 0x00, 0x00, 0x00, 0x00, 0x00, 0x00, 0x00, 0x00, 0x00, 0x00, 0x00,
    0x00, 0x00, 0x00, 0x00, 0x00, 0x00, 0x00, 0x00, 0x00, 0x00, 0x00, 0x00,
    0x00, 0x00, 0x00, 0x00, 0x00, 0x00, 0x00, 0x00, 0x00, 0x00, 0x00, 0x00,
    0x00, 0x00, 0x00, 0x00, 0x00, 0x00, 0x00, 0x00, 0x00, 0x00, 0x00, 0x00,
    0x00, 0x00, 0x00, 0x00, 0x00, 0x00, 0x00, 0x00, 0x00, 0x00, 0x00, 0x00,
    0x00, 0x00, 0x00, 0x00, 0x00, 0x00, 0x00, 0x00, 0x00, 0x00, 0x00, 0x00,
    0x00, 0x00, 0x00, 0x00, 0x00, 0x00, 0x00, 0x00, 0x00, 0x00, 0x00, 0x00,
    0x00, 0x00, 0x00, 0x00, 0x00, 0x00, 0x00, 0x00, 0x00, 0x00, 0x00, 0x00,
    0x00, 0x00, 0x00, 0x00, 0x00, 0x00, 0x00, 0x00, 0x00, 0x00, 0x00, 0x00,
    0x00, 0x00, 0x00, 0x00, 0x00, 0x00, 0x00, 0x00, 0x00, 0x00, 0x00, 0x00,
    0x00, 0x00, 0x00, 0x00, 0x00, 0x00, 0x00, 0x00, 0x00, 0x00, 0x00, 0x00,
    0x00, 0x00, 0x00, 0x00, 0x00, 0x00, 0x00, 0x00, 0x00, 0x00, 0x00, 0x00,
    0x00, 0x00, 0x00, 0x00, 0x00, 0x00, 0x00, 0x00, 0x00, 0x00, 0x00, 0x00,
    0x00, 0x00, 0x00, 0x00, 0x00, 0x00, 0x00, 0x00, 0x00, 0x00, 0x00, 0x00,
    0x00, 0x00, 0x00, 0x00, 0x00, 0x00, 0x00, 0x00, 0x00, 0x00, 0x00, 0x00,
    0x00, 0x00, 0x00, 0x00, 0x00, 0x00, 0x00, 0x00, 0x00, 0x00, 0x00, 0x00,
    0x00, 0x00, 0x00, 0x00, 0x00, 0x00, 0x00, 0x00, 0x00, 0x00, 0x00, 0x00,
    0x00, 0x00, 0x00, 0x00, 0x00, 0x00, 0x00, 0x00, 0x00, 0x00, 0x00, 0x00,
    0x00, 0x00, 0x00, 0x00, 0x00, 0x00, 0x00, 0x00, 0x00, 0x00, 0x00, 0x00,
    0x00, 0x00, 0x00, 0x00, 0x00, 0x00, 0x00, 0x00, 0x00, 0x00, 0x00, 0x00,
    0xc7, 0x01, 0x40, 0x00, 0x00, 0x00, 0x00, 0x00, 0x81, 0x01, 0x40, 0x00,
    0x00, 0x00, 0x00, 0x00, 0x81, 0x01, 0x40, 0x00, 0x00, 0x00, 0x00, 0x00,
    0x81, 0x01, 0x40, 0x00, 0x00, 0x00, 0x00, 0x00, 0x81, 0x01, 0x40, 0x00,
    0x00, 0x00, 0x00, 0x00, 0x81, 0x01, 0x40, 0x00, 0x00, 0x00, 0x00, 0x00,
    0x81, 0x01, 0x40, 0x00, 0x00, 0x00, 0x00, 0x00, 0x81, 0x01, 0x40, 0x00,
    0x00, 0x00, 0x00, 0x00, 0x81, 0x01, 0x40, 0x00, 0x00, 0x00, 0x00, 0x00,
    0x81, 0x01, 0x40, 0x00, 0x00, 0x00, 0x00, 0x00, 0x81, 0x01, 0x40, 0x00,
    0x00, 0x00, 0x00, 0x00, 0x81, 0x01, 0x40, 0x00, 0x00, 0x00, 0x00, 0x00,
    0x81, 0x01, 0x40, 0x00, 0x00, 0x00, 0x00, 0x00, 0x81, 0x01, 0x40, 0x00,
    0x00, 0x00, 0x00, 0x00, 0x81, 0x01, 0x40, 0x00, 0x00, 0x00, 0x00, 0x00,
    0x81, 0x01, 0x40, 0x00, 0x00, 0x00, 0x00, 0x00, 0x81, 0x01, 0x40, 0x00,
    0x00, 0x00, 0x00, 0x00, 0x81, 0x01, 0x40, 0x00, 0x00, 0x00, 0x00, 0x00,
    0x81, 0x01, 0x40, 0x00, 0x00, 0x00, 0x00, 0x00, 0x81, 0x01, 0x40, 0x00,
    0x00, 0x00, 0x00, 0x00, 0x81, 0x01, 0x40, 0x00, 0x00, 0x00, 0x00, 0x00,
    0x81, 0x01, 0x40, 0x00, 0x00, 0x00, 0x00, 0x00, 0x81, 0x01, 0x40, 0x00,
    0x00, 0x00, 0x00, 0x00, 0x81, 0x01, 0x40, 0x00, 0x00, 0x00, 0x00, 0x00,
    0x81, 0x01, 0x40, 0x00, 0x00, 0x00, 0x00, 0x00, 0x81, 0x01, 0x40, 0x00,
    0x00, 0x00, 0x00, 0x00, 0x81, 0x01, 0x40, 0x00, 0x00, 0x00, 0x00, 0x00,
    0x81, 0x01, 0x40, 0x00, 0x00, 0x00, 0x00, 0x00, 0x81, 0x01, 0x40, 0x00,
    0x00, 0x00, 0x00, 0x00, 0x81, 0x01, 0x40, 0x00, 0x00, 0x00, 0x00, 0x00,
    0x81, 0x01, 0x40, 0x00, 0x00, 0x00, 0x00, 0x00, 0x81, 0x01, 0x40, 0x00,
    0x00, 0x00, 0x00, 0x00, 0x81, 0x01, 0x40, 0x00, 0x00, 0x00, 0x00, 0x00,
    0x81, 0x01, 0x40, 0x00, 0x00, 0x00, 0x00, 0x00, 0x81, 0x01, 0x40, 0x00,
    0x00, 0x00, 0x00, 0x00, 0x81, 0x01, 0x40, 0x00, 0x00, 0x00, 0x00, 0x00,
    0x81, 0x01, 0x40, 0x00, 0x00, 0x00, 0x00, 0x00, 0x81, 0x01, 0x40, 0x00,
    0x00, 0x00, 0x00, 0x00, 0x81, 0x01, 0x40, 0x00, 0x00, 0x00, 0x00, 0x00,
    0x81, 0x01, 0x40, 0x00, 0x00, 0x00, 0x00, 0x00, 0x81, 0x01, 0x40, 0x00,
    0x00, 0x00, 0x00, 0x00, 0x81, 0x01, 0x40, 0x00, 0x00, 0x00, 0x00, 0x00,
    0x81, 0x01, 0x40, 0x00, 0x00, 0x00, 0x00, 0x00, 0x81, 0x01, 0x40, 0x00,
    0x00, 0x00, 0x00, 0x00, 0x56, 0x02, 0x40, 0x00, 0x00, 0x00, 0x00, 0x00,
    0x81, 0x01, 0x40, 0x00, 0x00, 0x00, 0x00, 0x00, 0x81, 0x01, 0x40, 0x00,
    0x00, 0x00, 0x00, 0x00, 0x81, 0x01, 0x40, 0x00, 0x00, 0x00, 0x00, 0x00,
    0x81, 0x01, 0x40, 0x00, 0x00, 0x00, 0x00, 0x00, 0x42, 0x02, 0x40, 0x00,
    0x00, 0x00, 0x00, 0x00, 0x2e, 0x02, 0x40, 0x00, 0x00, 0x00, 0x00, 0x00,
    0x9c, 0x02, 0x40, 0x00, 0x00, 0x00, 0x00, 0x00, 0x81, 0x01, 0x40, 0x00,
    0x00, 0x00, 0x00, 0x00, 0x81, 0x01, 0x40, 0x00, 0x00, 0x00, 0x00, 0x00,
    0x4c, 0x02, 0x40, 0x00, 0x00, 0x00, 0x00, 0x00, 0x81, 0x01, 0x40, 0x00,
    0x00, 0x00, 0x00, 0x00, 0x81, 0x01, 0x40, 0x00, 0x00, 0x00, 0x00, 0x00,
    0x81, 0x01, 0x40, 0x00, 0x00, 0x00, 0x00, 0x00, 0x81, 0x01, 0x40, 0x00,
    0x00, 0x00, 0x00, 0x00, 0x81, 0x01, 0x40, 0x00, 0x00, 0x00, 0x00, 0x00,
    0x81, 0x01, 0x40, 0x00, 0x00, 0x00, 0x00, 0x00, 0x81, 0x01, 0x40, 0x00,
    0x00, 0x00, 0x00, 0x00, 0x60, 0x02, 0x40, 0x00, 0x00, 0x00, 0x00, 0x00,
    0x81, 0x01, 0x40, 0x00, 0x00, 0x00, 0x00, 0x00, 0x81, 0x01, 0x40, 0x00,
    0x00, 0x00, 0x00, 0x00, 0x81, 0x01, 0x40, 0x00, 0x00, 0x00, 0x00, 0x00,
    0x1a, 0x02, 0x40, 0x00, 0x00, 0x00, 0x00, 0x00, 0x81, 0x01, 0x40, 0x00,
    0x00, 0x00, 0x00, 0x00, 0x24, 0x02, 0x40, 0x00, 0x00, 0x00, 0x00, 0x00,
    0x81, 0x01, 0x40, 0x00, 0x00, 0x00, 0x00, 0x00, 0x38, 0x02, 0x40, 0x00,
    0x00, 0x00, 0x00, 0x00, 0xa7, 0x06, 0x40, 0x00, 0x00, 0x00, 0x00, 0x00,
    0xb5, 0x06, 0x40, 0x00, 0x00, 0x00, 0x00, 0x00, 0xb5, 0x06, 0x40, 0x00,
    0x00, 0x00, 0x00, 0x00, 0xb5, 0x06, 0x40, 0x00, 0x00, 0x00, 0x00, 0x00,
    0x60, 0x06, 0x40, 0x00, 0x00, 0x00, 0x00, 0x00, 0xb5, 0x06, 0x40, 0x00,
    0x00, 0x00, 0x00, 0x00, 0xb5, 0x06, 0x40, 0x00, 0x00, 0x00, 0x00, 0x00,
    0xb5, 0x06, 0x40, 0x00, 0x00, 0x00, 0x00, 0x00, 0xb5, 0x06, 0x40, 0x00,
    0x00, 0x00, 0x00, 0x00, 0x64, 0x06, 0x40, 0x00, 0x00, 0x00, 0x00, 0x00,
    0xb5, 0x06, 0x40, 0x00, 0x00, 0x00, 0x00, 0x00, 0xb5, 0x06, 0x40, 0x00,
    0x00, 0x00, 0x00, 0x00, 0xb5, 0x06, 0x40, 0x00, 0x00, 0x00, 0x00, 0x00,
    0xb5, 0x06, 0x40, 0x00, 0x00, 0x00, 0x00, 0x00, 0xb5, 0x06, 0x40, 0x00,
    0x00, 0x00, 0x00, 0x00, 0x68, 0x06, 0x40, 0x00, 0x00, 0x00, 0x00, 0x00,
    0xa2, 0x07, 0x40, 0x00, 0x00, 0x00, 0x00, 0x00, 0x01, 0x08, 0x40, 0x00,
    0x00, 0x00, 0x00, 0x00, 0x01, 0x08, 0x40, 0x00, 0x00, 0x00, 0x00, 0x00,
    0x01, 0x08, 0x40, 0x00, 0x00, 0x00, 0x00, 0x00, 0x01, 0x08, 0x40, 0x00,
    0x00, 0x00, 0x00, 0x00, 0x01, 0x08, 0x40, 0x00, 0x00, 0x00, 0x00, 0x00,
    0x01, 0x08, 0x40, 0x00, 0x00, 0x00, 0x00, 0x00, 0x01, 0x08, 0x40, 0x00,
    0x00, 0x00, 0x00, 0x00, 0x01, 0x08, 0x40, 0x00, 0x00, 0x00, 0x00, 0x00,
    0x01, 0x08, 0x40, 0x00, 0x00, 0x00, 0x00, 0x00, 0x01, 0x08, 0x40, 0x00,
    0x00, 0x00, 0x00, 0x00, 0x01, 0x08, 0x40, 0x00, 0x00, 0x00, 0x00, 0x00,
    0x98, 0x07, 0x40, 0x00, 0x00, 0x00, 0x00, 0x00, 0x9d, 0x07, 0x40, 0x00,
    0x00, 0x00, 0x00, 0x00, 0x89, 0x07, 0x40, 0x00, 0x00, 0x00, 0x00, 0x00,
    0x8e, 0x07, 0x40, 0x00, 0x00, 0x00, 0x00, 0x00, 0x01, 0x08, 0x40, 0x00,
    0x00, 0x00, 0x00, 0x00, 0x93, 0x07, 0x40, 0x00, 0x00, 0x00, 0x00, 0x00,
    0x89, 0x07, 0x40, 0x00, 0x00, 0x00, 0x00, 0x00, 0x01, 0x08, 0x40, 0x00,
    0x00, 0x00, 0x00, 0x00, 0x01, 0x08, 0x40, 0x00, 0x00, 0x00, 0x00, 0x00,
    0x5e, 0x07, 0x40, 0x00, 0x00, 0x00, 0x00, 0x00, 0x1d, 0x13, 0x40, 0x00,
    0x00, 0x00, 0x00, 0x00, 0x0a, 0x13, 0x40, 0x00, 0x00, 0x00, 0x00, 0x00,
    0x2d, 0x13, 0x40, 0x00, 0x00, 0x00, 0x00, 0x00, 0x10, 0x14, 0x40, 0x00,
    0x00, 0x00, 0x00, 0x00, 0x53, 0x19, 0x40, 0x00, 0x00, 0x00, 0x00, 0x00,
    0xa8, 0x19, 0x40, 0x00, 0x00, 0x00, 0x00, 0x00, 0xa8, 0x19, 0x40, 0x00,
    0x00, 0x00, 0x00, 0x00, 0xa8, 0x19, 0x40, 0x00, 0x00, 0x00, 0x00, 0x00,
    0xa8, 0x19, 0x40, 0x00, 0x00, 0x00, 0x00, 0x00, 0xa8, 0x19, 0x40, 0x00,
    0x00, 0x00, 0x00, 0x00, 0xa8, 0x19, 0x40, 0x00, 0x00, 0x00, 0x00, 0x00,
    0xa8, 0x19, 0x40, 0x00, 0x00, 0x00, 0x00, 0x00, 0xa8, 0x19, 0x40, 0x00,
    0x00, 0x00, 0x00, 0x00, 0xa8, 0x19, 0x40, 0x00, 0x00, 0x00, 0x00, 0x00,
    0xa8, 0x19, 0x40, 0x00, 0x00, 0x00, 0x00, 0x00, 0xa8, 0x19, 0x40, 0x00,
    0x00, 0x00, 0x00, 0x00, 0xa8, 0x19, 0x40, 0x00, 0x00, 0x00, 0x00, 0x00,
    0xa8, 0x19, 0x40, 0x00, 0x00, 0x00, 0x00, 0x00, 0xa8, 0x19, 0x40, 0x00,
    0x00, 0x00, 0x00, 0x00, 0xa8, 0x19, 0x40, 0x00, 0x00, 0x00, 0x00, 0x00,
    0xa8, 0x19, 0x40, 0x00, 0x00, 0x00, 0x00, 0x00, 0xa8, 0x19, 0x40, 0x00,
    0x00, 0x00, 0x00, 0x00, 0xa8, 0x19, 0x40, 0x00, 0x00, 0x00, 0x00, 0x00,
    0x6b, 0x19, 0x40, 0x00, 0x00, 0x00, 0x00, 0x00, 0xa8, 0x19, 0x40, 0x00,
    0x00, 0x00, 0x00, 0x00, 0xa8, 0x19, 0x40, 0x00, 0x00, 0x00, 0x00, 0x00,
    0xa8, 0x19, 0x40, 0x00, 0x00, 0x00, 0x00, 0x00, 0xa8, 0x19, 0x40, 0x00,
    0x00, 0x00, 0x00, 0x00, 0xa8, 0x19, 0x40, 0x00, 0x00, 0x00, 0x00, 0x00,
    0xa8, 0x19, 0x40, 0x00, 0x00, 0x00, 0x00, 0x00, 0xa8, 0x19, 0x40, 0x00,
    0x00, 0x00, 0x00, 0x00, 0xa8, 0x19, 0x40, 0x00, 0x00, 0x00, 0x00, 0x00,
    0xa8, 0x19, 0x40, 0x00, 0x00, 0x00, 0x00, 0x00, 0xa8, 0x19, 0x40, 0x00,
    0x00, 0x00, 0x00, 0x00, 0x8f, 0x19, 0x40, 0x00, 0x00, 0x00, 0x00, 0x00,
    0x7f, 0x19, 0x40, 0x00, 0x00, 0x00, 0x00, 0x00, 0x53, 0x19, 0x40, 0x00,
    0x00, 0x00, 0x00, 0x00, 0x53, 0x19, 0x40, 0x00, 0x00, 0x00, 0x00, 0x00,
    0x53, 0x19, 0x40, 0x00, 0x00, 0x00, 0x00, 0x00, 0xa8, 0x19, 0x40, 0x00,
    0x00, 0x00, 0x00, 0x00, 0x7f, 0x19, 0x40, 0x00, 0x00, 0x00, 0x00, 0x00,
    0xa8, 0x19, 0x40, 0x00, 0x00, 0x00, 0x00, 0x00, 0xa8, 0x19, 0x40, 0x00,
    0x00, 0x00, 0x00, 0x00, 0xa8, 0x19, 0x40, 0x00, 0x00, 0x00, 0x00, 0x00,
    0xa8, 0x19, 0x40, 0x00, 0x00, 0x00, 0x00, 0x00, 0xa8, 0x19, 0x40, 0x00,
    0x00, 0x00, 0x00, 0x00, 0x6b, 0x19, 0x40, 0x00, 0x00, 0x00, 0x00, 0x00,
    0xa8, 0x19, 0x40, 0x00, 0x00, 0x00, 0x00, 0x00, 0xa8, 0x19, 0x40, 0x00,
    0x00, 0x00, 0x00, 0x00, 0xa8, 0x19, 0x40, 0x00, 0x00, 0x00, 0x00, 0x00,
    0xa2, 0x19, 0x40, 0x00, 0x00, 0x00, 0x00, 0x00, 0xa8, 0x19, 0x40, 0x00,
    0x00, 0x00, 0x00, 0x00, 0x6b, 0x19, 0x40, 0x00, 0x00, 0x00, 0x00, 0x00,
    0xa8, 0x19, 0x40, 0x00, 0x00, 0x00, 0x00, 0x00, 0xa8, 0x19, 0x40, 0x00,
    0x00, 0x00, 0x00, 0x00, 0x6b, 0x19, 0x40, 0x00, 0x00, 0x00, 0x00, 0x00,
    0xae, 0x17, 0x40, 0x00, 0x00, 0x00, 0x00, 0x00, 0xe3, 0x17, 0x40, 0x00,
    0x00, 0x00, 0x00, 0x00, 0xe3, 0x17, 0x40, 0x00, 0x00, 0x00, 0x00, 0x00,
    0xe3, 0x17, 0x40, 0x00, 0x00, 0x00, 0x00, 0x00, 0xe3, 0x17, 0x40, 0x00,
    0x00, 0x00, 0x00, 0x00, 0xe3, 0x17, 0x40, 0x00, 0x00, 0x00, 0x00, 0x00,
    0xe3, 0x17, 0x40, 0x00, 0x00, 0x00, 0x00, 0x00, 0xe3, 0x17, 0x40, 0x00,
    0x00, 0x00, 0x00, 0x00, 0xe3, 0x17, 0x40, 0x00, 0x00, 0x00, 0x00, 0x00,
    0xe3, 0x17, 0x40, 0x00, 0x00, 0x00, 0x00, 0x00, 0xe3, 0x17, 0x40, 0x00,
    0x00, 0x00, 0x00, 0x00, 0xe3, 0x17, 0x40, 0x00, 0x00, 0x00, 0x00, 0x00,
    0xe3, 0x17, 0x40, 0x00, 0x00, 0x00, 0x00, 0x00, 0xe3, 0x17, 0x40, 0x00,
    0x00, 0x00, 0x00, 0x00, 0xe3, 0x17, 0x40, 0x00, 0x00, 0x00, 0x00, 0x00,
    0xe3, 0x17, 0x40, 0x00, 0x00, 0x00, 0x00, 0x00, 0xe3, 0x17, 0x40, 0x00,
    0x00, 0x00, 0x00, 0x00, 0xe3, 0x17, 0x40, 0x00, 0x00, 0x00, 0x00, 0x00,
    0x01, 0x18, 0x40, 0x00, 0x00, 0x00, 0x00, 0x00, 0xe3, 0x17, 0x40, 0x00,
    0x00, 0x00, 0x00, 0x00, 0xe3, 0x17, 0x40, 0x00, 0x00, 0x00, 0x00, 0x00,
    0xe3, 0x17, 0x40, 0x00, 0x00, 0x00, 0x00, 0x00, 0xf3, 0x17, 0x40, 0x00,
    0x00, 0x00, 0x00, 0x00, 0xe3, 0x17, 0x40, 0x00, 0x00, 0x00, 0x00, 0x00,
    0xfa, 0x17, 0x40, 0x00, 0x00, 0x00, 0x00, 0x00, 0x25, 0x5e, 0x40, 0x00,
    0x00, 0x00, 0x00, 0x00, 0xf0, 0x5d, 0x40, 0x00, 0x00, 0x00, 0x00, 0x00,
    0xf0, 0x5d, 0x40, 0x00, 0x00, 0x00, 0x00, 0x00, 0xf0, 0x5d, 0x40, 0x00,
    0x00, 0x00, 0x00, 0x00, 0xf0, 0x5d, 0x40, 0x00, 0x00, 0x00, 0x00, 0x00,
    0xf0, 0x5d, 0x40, 0x00, 0x00, 0x00, 0x00, 0x00, 0xf0, 0x5d, 0x40, 0x00,
    0x00, 0x00, 0x00, 0x00, 0xf0, 0x5d, 0x40, 0x00, 0x00, 0x00, 0x00, 0x00,
    0xf0, 0x5d, 0x40, 0x00, 0x00, 0x00, 0x00, 0x00, 0xf0, 0x5d, 0x40, 0x00,
    0x00, 0x00, 0x00, 0x00, 0x33, 0x5d, 0x40, 0x00, 0x00, 0x00, 0x00, 0x00,
    0x80, 0x5d, 0x40, 0x00, 0x00, 0x00, 0x00, 0x00, 0xf0, 0x5d, 0x40, 0x00,
    0x00, 0x00, 0x00, 0x00, 0xf0, 0x5d, 0x40, 0x00, 0x00, 0x00, 0x00, 0x00,
    0xf0, 0x5d, 0x40, 0x00, 0x00, 0x00, 0x00, 0x00, 0xf0, 0x5d, 0x40, 0x00,
    0x00, 0x00, 0x00, 0x00, 0xf0, 0x5d, 0x40, 0x00, 0x00, 0x00, 0x00, 0x00,
    0xf0, 0x5d, 0x40, 0x00, 0x00, 0x00, 0x00, 0x00, 0xf0, 0x5d, 0x40, 0x00,
    0x00, 0x00, 0x00, 0x00, 0xf0, 0x5d, 0x40, 0x00, 0x00, 0x00, 0x00, 0x00,
    0xf0, 0x5d, 0x40, 0x00, 0x00, 0x00, 0x00, 0x00, 0xf0, 0x5d, 0x40, 0x00,
    0x00, 0x00, 0x00, 0x00, 0xf0, 0x5d, 0x40, 0x00, 0x00, 0x00, 0x00, 0x00,
    0xf0, 0x5d, 0x40, 0x00, 0x00, 0x00, 0x00, 0x00, 0xf0, 0x5d, 0x40, 0x00,
    0x00, 0x00, 0x00, 0x00, 0xf0, 0x5d, 0x40, 0x00, 0x00, 0x00, 0x00, 0x00,
    0xf0, 0x5d, 0x40, 0x00, 0x00, 0x00, 0x00, 0x00, 0xf0, 0x5d, 0x40, 0x00,
    0x00, 0x00, 0x00, 0x00, 0xf0, 0x5d, 0x40, 0x00, 0x00, 0x00, 0x00, 0x00,
    0xf0, 0x5d, 0x40, 0x00, 0x00, 0x00, 0x00, 0x00, 0xf0, 0x5d, 0x40, 0x00,
    0x00, 0x00, 0x00, 0x00, 0xf0, 0x5d, 0x40, 0x00, 0x00, 0x00, 0x00, 0x00,
    0xf0, 0x5d, 0x40, 0x00, 0x00, 0x00, 0x00, 0x00, 0xb0, 0x5d, 0x40, 0x00,
    0x00, 0x00, 0x00, 0x00, 0xda, 0x68, 0x40, 0x00, 0x00, 0x00, 0x00, 0x00,
    0xf7, 0x68, 0x40, 0x00, 0x00, 0x00, 0x00, 0x00, 0x46, 0x67, 0x40, 0x00,
    0x00, 0x00, 0x00, 0x00, 0x46, 0x67, 0x40, 0x00, 0x00, 0x00, 0x00, 0x00,
    0xcd, 0x66, 0x40, 0x00, 0x00, 0x00, 0x00, 0x00, 0x46, 0x67, 0x40, 0x00,
    0x00, 0x00, 0x00, 0x00, 0x46, 0x67, 0x40, 0x00, 0x00, 0x00, 0x00, 0x00,
    0x46, 0x67, 0x40, 0x00, 0x00, 0x00, 0x00, 0x00, 0xa0, 0x65, 0x40, 0x00,
    0x00, 0x00, 0x00, 0x00, 0x46, 0x67, 0x40, 0x00, 0x00, 0x00, 0x00, 0x00,
    0x46, 0x67, 0x40, 0x00, 0x00, 0x00, 0x00, 0x00, 0x46, 0x67, 0x40, 0x00,
    0x00, 0x00, 0x00, 0x00, 0xa0, 0x65, 0x40, 0x00, 0x00, 0x00, 0x00, 0x00,
    0x46, 0x67, 0x40, 0x00, 0x00, 0x00, 0x00, 0x00, 0xde, 0x67, 0x40, 0x00,
    0x00, 0x00, 0x00, 0x00, 0x46, 0x67, 0x40, 0x00, 0x00, 0x00, 0x00, 0x00,
    0x46, 0x67, 0x40, 0x00, 0x00, 0x00, 0x00, 0x00, 0x46, 0x67, 0x40, 0x00,
    0x00, 0x00, 0x00, 0x00, 0x46, 0x67, 0x40, 0x00, 0x00, 0x00, 0x00, 0x00,
    0x46, 0x67, 0x40, 0x00, 0x00, 0x00, 0x00, 0x00, 0x46, 0x67, 0x40, 0x00,
    0x00, 0x00, 0x00, 0x00, 0x46, 0x67, 0x40, 0x00, 0x00, 0x00, 0x00, 0x00,
    0x46, 0x67, 0x40, 0x00, 0x00, 0x00, 0x00, 0x00, 0x46, 0x67, 0x40, 0x00,
    0x00, 0x00, 0x00, 0x00, 0x46, 0x67, 0x40, 0x00, 0x00, 0x00, 0x00, 0x00,
    0x46, 0x67, 0x40, 0x00, 0x00, 0x00, 0x00, 0x00, 0x46, 0x67, 0x40, 0x00,
    0x00, 0x00, 0x00, 0x00, 0x46, 0x67, 0x40, 0x00, 0x00, 0x00, 0x00, 0x00,
    0x46, 0x67, 0x40, 0x00, 0x00, 0x00, 0x00, 0x00, 0x46, 0x67, 0x40, 0x00,
    0x00, 0x00, 0x00, 0x00, 0xcd, 0x66, 0x40, 0x00, 0x00, 0x00, 0x00, 0x00,
    0x46, 0x67, 0x40, 0x00, 0x00, 0x00, 0x00, 0x00, 0x46, 0x67, 0x40, 0x00,
    0x00, 0x00, 0x00, 0x00, 0x46, 0x67, 0x40, 0x00, 0x00, 0x00, 0x00, 0x00,
    0x46, 0x67, 0x40, 0x00, 0x00, 0x00, 0x00, 0x00, 0x46, 0x67, 0x40, 0x00,
    0x00, 0x00, 0x00, 0x00, 0x46, 0x67, 0x40, 0x00, 0x00, 0x00, 0x00, 0x00,
    0x46, 0x67, 0x40, 0x00, 0x00, 0x00, 0x00, 0x00, 0x46, 0x67, 0x40, 0x00,
    0x00, 0x00, 0x00, 0x00, 0x46, 0x67, 0x40, 0x00, 0x00, 0x00, 0x00, 0x00,
    0x46, 0x67, 0x40, 0x00, 0x00, 0x00, 0x00, 0x00, 0x46, 0x67, 0x40, 0x00,
    0x00, 0x00, 0x00, 0x00, 0x46, 0x67, 0x40, 0x00, 0x00, 0x00, 0x00, 0x00,
    0x46, 0x67, 0x40, 0x00, 0x00, 0x00, 0x00, 0x00, 0x46, 0x67, 0x40, 0x00,
    0x00, 0x00, 0x00, 0x00, 0xd5, 0x66, 0x40, 0x00, 0x00, 0x00, 0x00, 0x00,
    0x46, 0x67, 0x40, 0x00, 0x00, 0x00, 0x00, 0x00, 0x46, 0x67, 0x40, 0x00,
    0x00, 0x00, 0x00, 0x00, 0x46, 0x67, 0x40, 0x00, 0x00, 0x00, 0x00, 0x00,
    0x46, 0x67, 0x40, 0x00, 0x00, 0x00, 0x00, 0x00, 0x46, 0x67, 0x40, 0x00,
    0x00, 0x00, 0x00, 0x00, 0x46, 0x67, 0x40, 0x00, 0x00, 0x00, 0x00, 0x00,
    0x46, 0x67, 0x40, 0x00, 0x00, 0x00, 0x00, 0x00, 0x46, 0x67, 0x40, 0x00,
    0x00, 0x00, 0x00, 0x00, 0x46, 0x67, 0x40, 0x00, 0x00, 0x00, 0x00, 0x00,
    0x46, 0x67, 0x40, 0x00, 0x00, 0x00, 0x00, 0x00, 0x46, 0x67, 0x40, 0x00,
    0x00, 0x00, 0x00, 0x00, 0x46, 0x67, 0x40, 0x00, 0x00, 0x00, 0x00, 0x00,
    0x46, 0x67, 0x40, 0x00, 0x00, 0x00, 0x00, 0x00, 0x46, 0x67, 0x40, 0x00,
    0x00, 0x00, 0x00, 0x00, 0x46, 0x67, 0x40, 0x00, 0x00, 0x00, 0x00, 0x00,
    0x46, 0x67, 0x40, 0x00, 0x00, 0x00, 0x00, 0x00, 0x46, 0x67, 0x40, 0x00,
    0x00, 0x00, 0x00, 0x00, 0x46, 0x67, 0x40, 0x00, 0x00, 0x00, 0x00, 0x00,
    0x46, 0x67, 0x40, 0x00, 0x00, 0x00, 0x00, 0x00, 0x46, 0x67, 0x40, 0x00,
    0x00, 0x00, 0x00, 0x00, 0x46, 0x67, 0x40, 0x00, 0x00, 0x00, 0x00, 0x00,
    0x46, 0x67, 0x40, 0x00, 0x00, 0x00, 0x00, 0x00, 0x46, 0x67, 0x40, 0x00,
    0x00, 0x00, 0x00, 0x00, 0xe2, 0x68, 0x40, 0x00, 0x00, 0x00, 0x00, 0x00,
    0x46, 0x67, 0x40, 0x00, 0x00, 0x00, 0x00, 0x00, 0x46, 0x67, 0x40, 0x00,
    0x00, 0x00, 0x00, 0x00, 0x46, 0x67, 0x40, 0x00, 0x00, 0x00, 0x00, 0x00,
    0x46, 0x67, 0x40, 0x00, 0x00, 0x00, 0x00, 0x00, 0x46, 0x67, 0x40, 0x00,
    0x00, 0x00, 0x00, 0x00, 0x46, 0x67, 0x40, 0x00, 0x00, 0x00, 0x00, 0x00,
    0x46, 0x67, 0x40, 0x00, 0x00, 0x00, 0x00, 0x00, 0x46, 0x67, 0x40, 0x00,
    0x00, 0x00, 0x00, 0x00, 0x46, 0x67, 0x40, 0x00, 0x00, 0x00, 0x00, 0x00,
    0xf7, 0x68, 0x40, 0x00, 0x00, 0x00, 0x00, 0x00, 0x46, 0x67, 0x40, 0x00,
    0x00, 0x00, 0x00, 0x00, 0x46, 0x67, 0x40, 0x00, 0x00, 0x00, 0x00, 0x00,
    0x46, 0x67, 0x40, 0x00, 0x00, 0x00, 0x00, 0x00, 0x46, 0x67, 0x40, 0x00,
    0x00, 0x00, 0x00, 0x00, 0x46, 0x67, 0x40, 0x00, 0x00, 0x00, 0x00, 0x00,
    0x46, 0x67, 0x40, 0x00, 0x00, 0x00, 0x00, 0x00, 0x46, 0x67, 0x40, 0x00,
    0x00, 0x00, 0x00, 0x00, 0x46, 0x67, 0x40, 0x00, 0x00, 0x00, 0x00, 0x00,
    0x46, 0x67, 0x40, 0x00, 0x00, 0x00, 0x00, 0x00, 0x46, 0x67, 0x40, 0x00,
    0x00, 0x00, 0x00, 0x00, 0x46, 0x67, 0x40, 0x00, 0x00, 0x00, 0x00, 0x00,
    0x46, 0x67, 0x40, 0x00, 0x00, 0x00, 0x00, 0x00, 0x46, 0x67, 0x40, 0x00,
    0x00, 0x00, 0x00, 0x00, 0x46, 0x67, 0x40, 0x00, 0x00, 0x00, 0x00, 0x00,
    0x46, 0x67, 0x40, 0x00, 0x00, 0x00, 0x00, 0x00, 0x46, 0x67, 0x40, 0x00,
    0x00, 0x00, 0x00, 0x00, 0xda, 0x68, 0x40, 0x00, 0x00, 0x00, 0x00, 0x00,
    0x46, 0x67, 0x40, 0x00, 0x00, 0x00, 0x00, 0x00, 0x46, 0x67, 0x40, 0x00,
    0x00, 0x00, 0x00, 0x00, 0x46, 0x67, 0x40, 0x00, 0x00, 0x00, 0x00, 0x00,
    0xcd, 0x66, 0x40, 0x00, 0x00, 0x00, 0x00, 0x00, 0xa6, 0x65, 0x40, 0x00,
    0x00, 0x00, 0x00, 0x00, 0x46, 0x67, 0x40, 0x00, 0x00, 0x00, 0x00, 0x00,
    0x46, 0x67, 0x40, 0x00, 0x00, 0x00, 0x00, 0x00, 0xa0, 0x65, 0x40, 0x00,
    0x00, 0x00, 0x00, 0x00, 0xde, 0x67, 0x40, 0x00, 0x00, 0x00, 0x00, 0x00,
    0x46, 0x67, 0x40, 0x00, 0x00, 0x00, 0x00, 0x00, 0x46, 0x67, 0x40, 0x00,
    0x00, 0x00, 0x00, 0x00, 0x46, 0x67, 0x40, 0x00, 0x00, 0x00, 0x00, 0x00,
    0x46, 0x67, 0x40, 0x00, 0x00, 0x00, 0x00, 0x00, 0x46, 0x67, 0x40, 0x00,
    0x00, 0x00, 0x00, 0x00, 0xf7, 0x68, 0x40, 0x00, 0x00, 0x00, 0x00, 0x00,
    0x00, 0x67, 0x40, 0x00, 0x00, 0x00, 0x00, 0x00, 0x35, 0x67, 0x40, 0x00,
    0x00, 0x00, 0x00, 0x00, 0xf7, 0x67, 0x40, 0x00, 0x00, 0x00, 0x00, 0x00,
    0x35, 0x67, 0x40, 0x00, 0x00, 0x00, 0x00, 0x00, 0x35, 0x67, 0x40, 0x00,
    0x00, 0x00, 0x00, 0x00, 0xf7, 0x67, 0x40, 0x00, 0x00, 0x00, 0x00, 0x00,
    0x35, 0x67, 0x40, 0x00, 0x00, 0x00, 0x00, 0x00, 0x35, 0x67, 0x40, 0x00,
    0x00, 0x00, 0x00, 0x00, 0x35, 0x67, 0x40, 0x00, 0x00, 0x00, 0x00, 0x00,
    0x35, 0x67, 0x40, 0x00, 0x00, 0x00, 0x00, 0x00, 0x35, 0x67, 0x40, 0x00,
    0x00, 0x00, 0x00, 0x00, 0x35, 0x67, 0x40, 0x00, 0x00, 0x00, 0x00, 0x00,
    0x35, 0x67, 0x40, 0x00, 0x00, 0x00, 0x00, 0x00, 0x35, 0x67, 0x40, 0x00,
    0x00, 0x00, 0x00, 0x00, 0x35, 0x67, 0x40, 0x00, 0x00, 0x00, 0x00, 0x00,
    0x35, 0x67, 0x40, 0x00, 0x00, 0x00, 0x00, 0x00, 0x35, 0x67, 0x40, 0x00,
    0x00, 0x00, 0x00, 0x00, 0x35, 0x67, 0x40, 0x00, 0x00, 0x00, 0x00, 0x00,
    0x35, 0x67, 0x40, 0x00, 0x00, 0x00, 0x00, 0x00, 0x93, 0x68, 0x40, 0x00,
    0x00, 0x00, 0x00, 0x00, 0xd5, 0x68, 0x40, 0x00, 0x00, 0x00, 0x00, 0x00,
    0xed, 0x68, 0x40, 0x00, 0x00, 0x00, 0x00, 0x00, 0xa3, 0x65, 0x40, 0x00,
    0x00, 0x00, 0x00, 0x00, 0xa3, 0x65, 0x40, 0x00, 0x00, 0x00, 0x00, 0x00,
    0xa3, 0x65, 0x40, 0x00, 0x00, 0x00, 0x00, 0x00, 0xa3, 0x65, 0x40, 0x00,
    0x00, 0x00, 0x00, 0x00, 0xa3, 0x65, 0x40, 0x00, 0x00, 0x00, 0x00, 0x00,
    0xa3, 0x65, 0x40, 0x00, 0x00, 0x00, 0x00, 0x00, 0xa3, 0x65, 0x40, 0x00,
    0x00, 0x00, 0x00, 0x00, 0xa3, 0x65, 0x40, 0x00, 0x00, 0x00, 0x00, 0x00,
    0xa3, 0x65, 0x40, 0x00, 0x00, 0x00, 0x00, 0x00, 0xa3, 0x65, 0x40, 0x00,
    0x00, 0x00, 0x00, 0x00, 0xa3, 0x65, 0x40, 0x00, 0x00, 0x00, 0x00, 0x00,
    0xa3, 0x65, 0x40, 0x00, 0x00, 0x00, 0x00, 0x00, 0xa3, 0x65, 0x40, 0x00,
    0x00, 0x00, 0x00, 0x00, 0xa3, 0x65, 0x40, 0x00, 0x00, 0x00, 0x00, 0x00,
    0xa3, 0x65, 0x40, 0x00, 0x00, 0x00, 0x00, 0x00, 0xe2, 0x68, 0x40, 0x00,
    0x00, 0x00, 0x00, 0x00, 0xa3, 0x65, 0x40, 0x00, 0x00, 0x00, 0x00, 0x00,
    0xa6, 0x65, 0x40, 0x00, 0x00, 0x00, 0x00, 0x00, 0x61, 0x73, 0x40, 0x00,
    0x00, 0x00, 0x00, 0x00, 0x5f, 0x75, 0x40, 0x00, 0x00, 0x00, 0x00, 0x00,
    0xa4, 0x6e, 0x40, 0x00, 0x00, 0x00, 0x00, 0x00, 0x5f, 0x75, 0x40, 0x00,
    0x00, 0x00, 0x00, 0x00, 0x5f, 0x75, 0x40, 0x00, 0x00, 0x00, 0x00, 0x00,
    0xa4, 0x6e, 0x40, 0x00, 0x00, 0x00, 0x00, 0x00, 0x5f, 0x75, 0x40, 0x00,
    0x00, 0x00, 0x00, 0x00, 0x5f, 0x75, 0x40, 0x00, 0x00, 0x00, 0x00, 0x00,
    0x5f, 0x75, 0x40, 0x00, 0x00, 0x00, 0x00, 0x00, 0x5f, 0x75, 0x40, 0x00,
    0x00, 0x00, 0x00, 0x00, 0x5f, 0x75, 0x40, 0x00, 0x00, 0x00, 0x00, 0x00,
    0x5f, 0x75, 0x40, 0x00, 0x00, 0x00, 0x00, 0x00, 0x5f, 0x75, 0x40, 0x00,
    0x00, 0x00, 0x00, 0x00, 0x5f, 0x75, 0x40, 0x00, 0x00, 0x00, 0x00, 0x00,
    0x5f, 0x75, 0x40, 0x00, 0x00, 0x00, 0x00, 0x00, 0x5f, 0x75, 0x40, 0x00,
    0x00, 0x00, 0x00, 0x00, 0x5f, 0x75, 0x40, 0x00, 0x00, 0x00, 0x00, 0x00,
    0x5f, 0x75, 0x40, 0x00, 0x00, 0x00, 0x00, 0x00, 0x5f, 0x75, 0x40, 0x00,
    0x00, 0x00, 0x00, 0x00, 0x5f, 0x6c, 0x40, 0x00, 0x00, 0x00, 0x00, 0x00,
    0xa6, 0x6f, 0x40, 0x00, 0x00, 0x00, 0x00, 0x00, 0x28, 0x70, 0x40, 0x00,
    0x00, 0x00, 0x00, 0x00, 0x35, 0x6e, 0x40, 0x00, 0x00, 0x00, 0x00, 0x00,
    0x28, 0x70, 0x40, 0x00, 0x00, 0x00, 0x00, 0x00, 0x28, 0x70, 0x40, 0x00,
    0x00, 0x00, 0x00, 0x00, 0x35, 0x6e, 0x40, 0x00, 0x00, 0x00, 0x00, 0x00,
    0x28, 0x70, 0x40, 0x00, 0x00, 0x00, 0x00, 0x00, 0x28, 0x70, 0x40, 0x00,
    0x00, 0x00, 0x00, 0x00, 0x28, 0x70, 0x40, 0x00, 0x00, 0x00, 0x00, 0x00,
    0x28, 0x70, 0x40, 0x00, 0x00, 0x00, 0x00, 0x00, 0x28, 0x70, 0x40, 0x00,
    0x00, 0x00, 0x00, 0x00, 0x28, 0x70, 0x40, 0x00, 0x00, 0x00, 0x00, 0x00,
    0x28, 0x70, 0x40, 0x00, 0x00, 0x00, 0x00, 0x00, 0x28, 0x70, 0x40, 0x00,
    0x00, 0x00, 0x00, 0x00, 0x28, 0x70, 0x40, 0x00, 0x00, 0x00, 0x00, 0x00,
    0x28, 0x70, 0x40, 0x00, 0x00, 0x00, 0x00, 0x00, 0x28, 0x70, 0x40, 0x00,
    0x00, 0x00, 0x00, 0x00, 0x28, 0x70, 0x40, 0x00, 0x00, 0x00, 0x00, 0x00,
    0x28, 0x70, 0x40, 0x00, 0x00, 0x00, 0x00, 0x00, 0xc0, 0x70, 0x40, 0x00,
    0x00, 0x00, 0x00, 0x00, 0x6e, 0x6e, 0x40, 0x00, 0x00, 0x00, 0x00, 0x00,
    0x02, 0x74, 0x40, 0x00, 0x00, 0x00, 0x00, 0x00, 0x02, 0x74, 0x40, 0x00,
    0x00, 0x00, 0x00, 0x00, 0x02, 0x74, 0x40, 0x00, 0x00, 0x00, 0x00, 0x00,
    0x02, 0x74, 0x40, 0x00, 0x00, 0x00, 0x00, 0x00, 0x02, 0x74, 0x40, 0x00,
    0x00, 0x00, 0x00, 0x00, 0x02, 0x74, 0x40, 0x00, 0x00, 0x00, 0x00, 0x00,
    0x02, 0x74, 0x40, 0x00, 0x00, 0x00, 0x00, 0x00, 0x02, 0x74, 0x40, 0x00,
    0x00, 0x00, 0x00, 0x00, 0x02, 0x74, 0x40, 0x00, 0x00, 0x00, 0x00, 0x00,
    0x02, 0x74, 0x40, 0x00, 0x00, 0x00, 0x00, 0x00, 0x02, 0x74, 0x40, 0x00,
    0x00, 0x00, 0x00, 0x00, 0xce, 0x73, 0x40, 0x00, 0x00, 0x00, 0x00, 0x00,
    0x02, 0x74, 0x40, 0x00, 0x00, 0x00, 0x00, 0x00, 0x02, 0x74, 0x40, 0x00,
    0x00, 0x00, 0x00, 0x00, 0x02, 0x74, 0x40, 0x00, 0x00, 0x00, 0x00, 0x00,
    0x02, 0x74, 0x40, 0x00, 0x00, 0x00, 0x00, 0x00, 0x02, 0x74, 0x40, 0x00,
    0x00, 0x00, 0x00, 0x00, 0x02, 0x74, 0x40, 0x00, 0x00, 0x00, 0x00, 0x00,
    0x02, 0x74, 0x40, 0x00, 0x00, 0x00, 0x00, 0x00, 0x02, 0x74, 0x40, 0x00,
    0x00, 0x00, 0x00, 0x00, 0x02, 0x74, 0x40, 0x00, 0x00, 0x00, 0x00, 0x00,
    0xb8, 0x73, 0x40, 0x00, 0x00, 0x00, 0x00, 0x00, 0x02, 0x74, 0x40, 0x00,
    0x00, 0x00, 0x00, 0x00, 0x02, 0x74, 0x40, 0x00, 0x00, 0x00, 0x00, 0x00,
    0x02, 0x74, 0x40, 0x00, 0x00, 0x00, 0x00, 0x00, 0x02, 0x74, 0x40, 0x00,
    0x00, 0x00, 0x00, 0x00, 0x02, 0x74, 0x40, 0x00, 0x00, 0x00, 0x00, 0x00,
    0x02, 0x74, 0x40, 0x00, 0x00, 0x00, 0x00, 0x00, 0x17, 0x6c, 0x40, 0x00,
    0x00, 0x00, 0x00, 0x00, 0x02, 0x74, 0x40, 0x00, 0x00, 0x00, 0x00, 0x00,
    0x02, 0x74, 0x40, 0x00, 0x00, 0x00, 0x00, 0x00, 0x02, 0x74, 0x40, 0x00,
    0x00, 0x00, 0x00, 0x00, 0x02, 0x74, 0x40, 0x00, 0x00, 0x00, 0x00, 0x00,
    0x02, 0x74, 0x40, 0x00, 0x00, 0x00, 0x00, 0x00, 0xca, 0x73, 0x40, 0x00,
    0x00, 0x00, 0x00, 0x00, 0x02, 0x74, 0x40, 0x00, 0x00, 0x00, 0x00, 0x00,
    0x02, 0x74, 0x40, 0x00, 0x00, 0x00, 0x00, 0x00, 0x02, 0x74, 0x40, 0x00,
    0x00, 0x00, 0x00, 0x00, 0x02, 0x74, 0x40, 0x00, 0x00, 0x00, 0x00, 0x00,
    0x02, 0x74, 0x40, 0x00, 0x00, 0x00, 0x00, 0x00, 0x02, 0x74, 0x40, 0x00,
    0x00, 0x00, 0x00, 0x00, 0x02, 0x74, 0x40, 0x00, 0x00, 0x00, 0x00, 0x00,
    0x0d, 0x74, 0x40, 0x00, 0x00, 0x00, 0x00, 0x00, 0x02, 0x74, 0x40, 0x00,
    0x00, 0x00, 0x00, 0x00, 0x02, 0x74, 0x40, 0x00, 0x00, 0x00, 0x00, 0x00,
    0x02, 0x74, 0x40, 0x00, 0x00, 0x00, 0x00, 0x00, 0x02, 0x74, 0x40, 0x00,
    0x00, 0x00, 0x00, 0x00, 0x02, 0x74, 0x40, 0x00, 0x00, 0x00, 0x00, 0x00,
    0x02, 0x74, 0x40, 0x00, 0x00, 0x00, 0x00, 0x00, 0x02, 0x74, 0x40, 0x00,
    0x00, 0x00, 0x00, 0x00, 0x02, 0x74, 0x40, 0x00, 0x00, 0x00, 0x00, 0x00,
    0x02, 0x74, 0x40, 0x00, 0x00, 0x00, 0x00, 0x00, 0x02, 0x74, 0x40, 0x00,
    0x00, 0x00, 0x00, 0x00, 0x02, 0x74, 0x40, 0x00, 0x00, 0x00, 0x00, 0x00,
    0x02, 0x74, 0x40, 0x00, 0x00, 0x00, 0x00, 0x00, 0x02, 0x74, 0x40, 0x00,
    0x00, 0x00, 0x00, 0x00, 0x02, 0x74, 0x40, 0x00, 0x00, 0x00, 0x00, 0x00,
    0x02, 0x74, 0x40, 0x00, 0x00, 0x00, 0x00, 0x00, 0x02, 0x74, 0x40, 0x00,
    0x00, 0x00, 0x00, 0x00, 0x02, 0x74, 0x40, 0x00, 0x00, 0x00, 0x00, 0x00,
    0x2e, 0x74, 0x40, 0x00, 0x00, 0x00, 0x00, 0x00, 0x02, 0x74, 0x40, 0x00,
    0x00, 0x00, 0x00, 0x00, 0x02, 0x74, 0x40, 0x00, 0x00, 0x00, 0x00, 0x00,
    0x0c, 0x75, 0x40, 0x00, 0x00, 0x00, 0x00, 0x00, 0x02, 0x74, 0x40, 0x00,
    0x00, 0x00, 0x00, 0x00, 0x02, 0x74, 0x40, 0x00, 0x00, 0x00, 0x00, 0x00,
    0xe8, 0x74, 0x40, 0x00, 0x00, 0x00, 0x00, 0x00, 0x93, 0x73, 0x40, 0x00,
    0x00, 0x00, 0x00, 0x00, 0x25, 0x6c, 0x40, 0x00, 0x00, 0x00, 0x00, 0x00,
    0xde, 0x73, 0x40, 0x00, 0x00, 0x00, 0x00, 0x00, 0xa6, 0x73, 0x40, 0x00,
    0x00, 0x00, 0x00, 0x00, 0x7a, 0x73, 0x40, 0x00, 0x00, 0x00, 0x00, 0x00,
    0x02, 0x74, 0x40, 0x00, 0x00, 0x00, 0x00, 0x00, 0x02, 0x74, 0x40, 0x00,
    0x00, 0x00, 0x00, 0x00, 0x54, 0x74, 0x40, 0x00, 0x00, 0x00, 0x00, 0x00,
    0x02, 0x74, 0x40, 0x00, 0x00, 0x00, 0x00, 0x00, 0x02, 0x74, 0x40, 0x00,
    0x00, 0x00, 0x00, 0x00, 0x02, 0x74, 0x40, 0x00, 0x00, 0x00, 0x00, 0x00,
    0x02, 0x74, 0x40, 0x00, 0x00, 0x00, 0x00, 0x00, 0x02, 0x74, 0x40, 0x00,
    0x00, 0x00, 0x00, 0x00, 0x02, 0x74, 0x40, 0x00, 0x00, 0x00, 0x00, 0x00,
    0x02, 0x74, 0x40, 0x00, 0x00, 0x00, 0x00, 0x00, 0x02, 0x74, 0x40, 0x00,
    0x00, 0x00, 0x00, 0x00, 0x69, 0x74, 0x40, 0x00, 0x00, 0x00, 0x00, 0x00,
    0x00, 0x00, 0x00, 0x00, 0x00, 0x00, 0x00, 0x00, 0xed, 0x18, 0x42, 0x00,
    0x00, 0x00, 0x00, 0x00, 0x00, 0x01, 0x40, 0x00, 0x00, 0x00, 0x00, 0x00,
    0xc2, 0x0b, 0x42, 0x00, 0x00, 0x00, 0x00, 0x00, 0xb0, 0x02, 0x40, 0x00,
    0x00, 0x00, 0x00, 0x00, 0xea, 0x0d, 0x42, 0x00, 0x00, 0x00, 0x00, 0x00,
    0x20, 0x03, 0x40, 0x00, 0x00, 0x00, 0x00, 0x00, 0x28, 0x04, 0x42, 0x00,
    0x00, 0x00, 0x00, 0x00, 0x30, 0x03, 0x40, 0x00, 0x00, 0x00, 0x00, 0x00,
    0xf6, 0x0b, 0x42, 0x00, 0x00, 0x00, 0x00, 0x00, 0x40, 0x03, 0x40, 0x00,
    0x00, 0x00, 0x00, 0x00, 0x19, 0x15, 0x42, 0x00, 0x00, 0x00, 0x00, 0x00,
    0x60, 0x04, 0x40, 0x00, 0x00, 0x00, 0x00, 0x00, 0xc6, 0x0b, 0x42, 0x00,
    0x00, 0x00, 0x00, 0x00, 0xc0, 0x05, 0x40, 0x00, 0x00, 0x00, 0x00, 0x00,
    0xef, 0x0d, 0x42, 0x00, 0x00, 0x00, 0x00, 0x00, 0x10, 0x06, 0x40, 0x00,
    0x00, 0x00, 0x00, 0x00, 0x89, 0x06, 0x42, 0x00, 0x00, 0x00, 0x00, 0x00,
    0x30, 0x07, 0x40, 0x00, 0x00, 0x00, 0x00, 0x00, 0x6a, 0x05, 0x42, 0x00,
    0x00, 0x00, 0x00, 0x00, 0x30, 0x09, 0x40, 0x00, 0x00, 0x00, 0x00, 0x00,
    0x52, 0x12, 0x42, 0x00, 0x00, 0x00, 0x00, 0x00, 0x80, 0x0a, 0x40, 0x00,
    0x00, 0x00, 0x00, 0x00, 0x8f, 0x06, 0x42, 0x00, 0x00, 0x00, 0x00, 0x00,
    0xa0, 0x0b, 0x40, 0x00, 0x00, 0x00, 0x00, 0x00, 0x6c, 0x19, 0x42, 0x00,
    0x00, 0x00, 0x00, 0x00, 0xa0, 0x0b, 0x40, 0x00, 0x00, 0x00, 0x00, 0x00,
    0x07, 0x0b, 0x42, 0x00, 0x00, 0x00, 0x00, 0x00, 0x30, 0x0c, 0x40, 0x00,
    0x00, 0x00, 0x00, 0x00, 0xff, 0x0b, 0x42, 0x00, 0x00, 0x00, 0x00, 0x00,
    0xb0, 0x0c, 0x40, 0x00, 0x00, 0x00, 0x00, 0x00, 0x55, 0x0f, 0x42, 0x00,
    0x00, 0x00, 0x00, 0x00, 0xf0, 0x0c, 0x40, 0x00, 0x00, 0x00, 0x00, 0x00,
    0x10, 0x0b, 0x42, 0x00, 0x00, 0x00, 0x00, 0x00, 0x30, 0x0d, 0x40, 0x00,
    0x00, 0x00, 0x00, 0x00, 0xf5, 0x0d, 0x42, 0x00, 0x00, 0x00, 0x00, 0x00,
    0xf0, 0x0d, 0x40, 0x00, 0x00, 0x00, 0x00, 0x00, 0x21, 0x15, 0x42, 0x00,
    0x00, 0x00, 0x00, 0x00, 0xc0, 0x10, 0x40, 0x00, 0x00, 0x00, 0x00, 0x00,
    0x00, 0x10, 0x42, 0x00, 0x00, 0x00, 0x00, 0x00, 0x80, 0x12, 0x40, 0x00,
    0x00, 0x00, 0x00, 0x00, 0x15, 0x0b, 0x42, 0x00, 0x00, 0x00, 0x00, 0x00,
    0x80, 0x12, 0x40, 0x00, 0x00, 0x00, 0x00, 0x00, 0xc7, 0x16, 0x42, 0x00,
    0x00, 0x00, 0x00, 0x00, 0x50, 0x17, 0x40, 0x00, 0x00, 0x00, 0x00, 0x00,
    0xc2, 0x07, 0x42, 0x00, 0x00, 0x00, 0x00, 0x00, 0xe0, 0x19, 0x40, 0x00,
    0x00, 0x00, 0x00, 0x00, 0x17, 0x0b, 0x42, 0x00, 0x00, 0x00, 0x00, 0x00,
    0xc0, 0x1b, 0x40, 0x00, 0x00, 0x00, 0x00, 0x00, 0xe8, 0x0c, 0x42, 0x00,
    0x00, 0x00, 0x00, 0x00, 0xc0, 0x1e, 0x40, 0x00, 0x00, 0x00, 0x00, 0x00,
    0x58, 0x0f, 0x42, 0x00, 0x00, 0x00, 0x00, 0x00, 0x50, 0x20, 0x40, 0x00,
    0x00, 0x00, 0x00, 0x00, 0xce, 0x16, 0x42, 0x00, 0x00, 0x00, 0x00, 0x00,
    0x60, 0x23, 0x40, 0x00, 0x00, 0x00, 0x00, 0x00, 0x55, 0x14, 0x42, 0x00,
    0x00, 0x00, 0x00, 0x00, 0x90, 0x25, 0x40, 0x00, 0x00, 0x00, 0x00, 0x00,
    0xb0, 0x10, 0x42, 0x00, 0x00, 0x00, 0x00, 0x00, 0x60, 0x26, 0x40, 0x00,
    0x00, 0x00, 0x00, 0x00, 0x9f, 0x04, 0x42, 0x00, 0x00, 0x00, 0x00, 0x00,
    0x90, 0x27, 0x40, 0x00, 0x00, 0x00, 0x00, 0x00, 0xc7, 0x07, 0x42, 0x00,
    0x00, 0x00, 0x00, 0x00, 0x30, 0x2b, 0x40, 0x00, 0x00, 0x00, 0x00, 0x00,
    0xa1, 0x11, 0x42, 0x00, 0x00, 0x00, 0x00, 0x00, 0xd0, 0x2c, 0x40, 0x00,
    0x00, 0x00, 0x00, 0x00, 0x05, 0x10, 0x42, 0x00, 0x00, 0x00, 0x00, 0x00,
    0x70, 0x2d, 0x40, 0x00, 0x00, 0x00, 0x00, 0x00, 0x6e, 0x05, 0x42, 0x00,
    0x00, 0x00, 0x00, 0x00, 0x00, 0x2e, 0x40, 0x00, 0x00, 0x00, 0x00, 0x00,
    0x25, 0x15, 0x42, 0x00, 0x00, 0x00, 0x00, 0x00, 0xf0, 0x2e, 0x40, 0x00,
    0x00, 0x00, 0x00, 0x00, 0x07, 0x0c, 0x42, 0x00, 0x00, 0x00, 0x00, 0x00,
    0x30, 0x30, 0x40, 0x00, 0x00, 0x00, 0x00, 0x00, 0x55, 0x12, 0x42, 0x00,
    0x00, 0x00, 0x00, 0x00, 0xc0, 0x30, 0x40, 0x00, 0x00, 0x00, 0x00, 0x00,
    0x7c, 0x13, 0x42, 0x00, 0x00, 0x00, 0x00, 0x00, 0xe0, 0x33, 0x40, 0x00,
    0x00, 0x00, 0x00, 0x00, 0x0f, 0x16, 0x42, 0x00, 0x00, 0x00, 0x00, 0x00,
    0x40, 0x36, 0x40, 0x00, 0x00, 0x00, 0x00, 0x00, 0x2e, 0x04, 0x42, 0x00,
    0x00, 0x00, 0x00, 0x00, 0x60, 0x39, 0x40, 0x00, 0x00, 0x00, 0x00, 0x00,
    0x98, 0x15, 0x42, 0x00, 0x00, 0x00, 0x00, 0x00, 0x80, 0x3b, 0x40, 0x00,
    0x00, 0x00, 0x00, 0x00, 0x3a, 0x09, 0x42, 0x00, 0x00, 0x00, 0x00, 0x00,
    0x80, 0x3b, 0x40, 0x00, 0x00, 0x00, 0x00, 0x00, 0xa7, 0x11, 0x42, 0x00,
    0x00, 0x00, 0x00, 0x00, 0x60, 0x3d, 0x40, 0x00, 0x00, 0x00, 0x00, 0x00,
    0x98, 0x06, 0x42, 0x00, 0x00, 0x00, 0x00, 0x00, 0xf0, 0x3d, 0x40, 0x00,
    0x00, 0x00, 0x00, 0x00, 0x9b, 0x15, 0x42, 0x00, 0x00, 0x00, 0x00, 0x00,
    0xa0, 0x42, 0x40, 0x00, 0x00, 0x00, 0x00, 0x00, 0xed, 0x0c, 0x42, 0x00,
    0x00, 0x00, 0x00, 0x00, 0x60, 0x44, 0x40, 0x00, 0x00, 0x00, 0x00, 0x00,
    0xa8, 0x12, 0x42, 0x00, 0x00, 0x00, 0x00, 0x00, 0x00, 0x45, 0x40, 0x00,
    0x00, 0x00, 0x00, 0x00, 0xcd, 0x07, 0x42, 0x00, 0x00, 0x00, 0x00, 0x00,
    0x90, 0x46, 0x40, 0x00, 0x00, 0x00, 0x00, 0x00, 0x07, 0x0a, 0x42, 0x00,
    0x00, 0x00, 0x00, 0x00, 0xb0, 0x47, 0x40, 0x00, 0x00, 0x00, 0x00, 0x00,
    0x70, 0x19, 0x42, 0x00, 0x00, 0x00, 0x00, 0x00, 0x40, 0x48, 0x40, 0x00,
    0x00, 0x00, 0x00, 0x00, 0x5a, 0x12, 0x42, 0x00, 0x00, 0x00, 0x00, 0x00,
    0x50, 0x49, 0x40, 0x00, 0x00, 0x00, 0x00, 0x00, 0x0e, 0x0a, 0x42, 0x00,
    0x00, 0x00, 0x00, 0x00, 0xe0, 0x4e, 0x40, 0x00, 0x00, 0x00, 0x00, 0x00,
    0x95, 0x0a, 0x42, 0x00, 0x00, 0x00, 0x00, 0x00, 0xe0, 0x52, 0x40, 0x00,
    0x00, 0x00, 0x00, 0x00, 0x14, 0x16, 0x42, 0x00, 0x00, 0x00, 0x00, 0x00,
    0x50, 0x54, 0x40, 0x00, 0x00, 0x00, 0x00, 0x00, 0xa0, 0x15, 0x42, 0x00,
    0x00, 0x00, 0x00, 0x00, 0xc0, 0x57, 0x40, 0x00, 0x00, 0x00, 0x00, 0x00,
    0x82, 0x13, 0x42, 0x00, 0x00, 0x00, 0x00, 0x00, 0xe0, 0x58, 0x40, 0x00,
    0x00, 0x00, 0x00, 0x00, 0x19, 0x16, 0x42, 0x00, 0x00, 0x00, 0x00, 0x00,
    0x80, 0x5a, 0x40, 0x00, 0x00, 0x00, 0x00, 0x00, 0xf2, 0x18, 0x42, 0x00,
    0x00, 0x00, 0x00, 0x00, 0x00, 0x5c, 0x40, 0x00, 0x00, 0x00, 0x00, 0x00,
    0xb5, 0x10, 0x42, 0x00, 0x00, 0x00, 0x00, 0x00, 0x80, 0x5e, 0x40, 0x00,
    0x00, 0x00, 0x00, 0x00, 0xf9, 0x0d, 0x42, 0x00, 0x00, 0x00, 0x00, 0x00,
    0xe0, 0x5f, 0x40, 0x00, 0x00, 0x00, 0x00, 0x00, 0xfb, 0x18, 0x42, 0x00,
    0x00, 0x00, 0x00, 0x00, 0xf0, 0x61, 0x40, 0x00, 0x00, 0x00, 0x00, 0x00,
    0x58, 0x14, 0x42, 0x00, 0x00, 0x00, 0x00, 0x00, 0xf0, 0x61, 0x40, 0x00,
    0x00, 0x00, 0x00, 0x00, 0x5d, 0x0f, 0x42, 0x00, 0x00, 0x00, 0x00, 0x00,
    0x60, 0x69, 0x40, 0x00, 0x00, 0x00, 0x00, 0x00, 0xad, 0x0e, 0x42, 0x00,
    0x00, 0x00, 0x00, 0x00, 0x60, 0x69, 0x40, 0x00, 0x00, 0x00, 0x00, 0x00,
    0x00, 0x00, 0x00, 0x00, 0x00, 0x00, 0x00, 0x00, 0x00, 0x00, 0x00, 0x00,
    0x00, 0x00, 0x00, 0x00, 0x73, 0x05, 0x42, 0x00, 0x00, 0x00, 0x00, 0x00,
    0xc0, 0x11, 0x42, 0x00, 0x00, 0x00, 0x00, 0x00, 0xd9, 0x13, 0x42, 0x00,
    0x00, 0x00, 0x00, 0x00, 0xdd, 0x13, 0x42, 0x00, 0x00, 0x00, 0x00, 0x00,
    0xc4, 0x11, 0x42, 0x00, 0x00, 0x00, 0x00, 0x00, 0xd3, 0x16, 0x42, 0x00,
    0x00, 0x00, 0x00, 0x00, 0xf9, 0x0c, 0x42, 0x00, 0x00, 0x00, 0x00, 0x00,
    0x00, 0x00, 0x00, 0x00, 0x00, 0x00, 0x00, 0x00, 0x5d, 0x15, 0x42, 0x00,
    0x00, 0x00, 0x00, 0x00, 0x97, 0x18, 0x42, 0x00, 0x00, 0x00, 0x00, 0x00,
    0x14, 0x0a, 0x42, 0x00, 0x00, 0x00, 0x00, 0x00, 0x77, 0x14, 0x42, 0x00,
    0x00, 0x00, 0x00, 0x00, 0x41, 0x09, 0x42, 0x00, 0x00, 0x00, 0x00, 0x00,
    0x61, 0x15, 0x42, 0x00, 0x00, 0x00, 0x00, 0x00, 0x0a, 0x0c, 0x42, 0x00,
    0x00, 0x00, 0x00, 0x00, 0xf1, 0x04, 0x42, 0x00, 0x00, 0x00, 0x00, 0x00,
    0x37, 0x04, 0x42, 0x00, 0x00, 0x00, 0x00, 0x00, 0x77, 0x05, 0x42, 0x00,
    0x00, 0x00, 0x00, 0x00, 0x76, 0x19, 0x42, 0x00, 0x00, 0x00, 0x00, 0x00,
    0xd7, 0x16, 0x42, 0x00, 0x00, 0x00, 0x00, 0x00, 0x00, 0x00, 0x00, 0x00,
    0x00, 0x00, 0x00, 0x00, 0xb7, 0x1d, 0xc1, 0x04, 0x00, 0x00, 0x00, 0x00,
    0x6e, 0x3b, 0x82, 0x09, 0x00, 0x00, 0x00, 0x00, 0xd9, 0x26, 0x43, 0x0d,
    0x00, 0x00, 0x00, 0x00, 0xdc, 0x76, 0x04, 0x13, 0x00, 0x00, 0x00, 0x00,
    0x6b, 0x6b, 0xc5, 0x17, 0x00, 0x00, 0x00, 0x00, 0xb2, 0x4d, 0x86, 0x1a,
    0x00, 0x00, 0x00, 0x00, 0x05, 0x50, 0x47, 0x1e, 0x00, 0x00, 0x00, 0x00,
    0xb8, 0xed, 0x08, 0x26, 0x00, 0x00, 0x00, 0x00, 0x0f, 0xf0, 0xc9, 0x22,
    0x00, 0x00, 0x00, 0x00, 0xd6, 0xd6, 0x8a, 0x2f, 0x00, 0x00, 0x00, 0x00,
    0x61, 0xcb, 0x4b, 0x2b, 0x00, 0x00, 0x00, 0x00, 0x62, 0x9b, 0x0c, 0x35,
    0x00, 0x00, 0x00, 0x00, 0xd5, 0x86, 0xcd, 0x31, 0x00, 0x00, 0x00, 0x00,
    0x0a, 0xa0, 0x8e, 0x3c, 0x00, 0x00, 0x00, 0x00, 0xbd, 0xbd, 0x4f, 0x38,
    0x00, 0x00, 0x00, 0x00, 0x70, 0xdb, 0x11, 0x4c, 0x00, 0x00, 0x00, 0x00,
    0xc7, 0xc6, 0xd0, 0x48, 0x00, 0x00, 0x00, 0x00, 0x1e, 0xe0, 0x93, 0x45,
    0x00, 0x00, 0x00, 0x00, 0xa9, 0xfd, 0x52, 0x41, 0x00, 0x00, 0x00, 0x00,
    0xac, 0xad, 0x15, 0x5f, 0x00, 0x00, 0x00, 0x00, 0x1b, 0xb0, 0xd4, 0x5b,
    0x00, 0x00, 0x00, 0x00, 0xc2, 0x96, 0x97, 0x56, 0x00, 0x00, 0x00, 0x00,
    0x75, 0x8b, 0x56, 0x52, 0x00, 0x00, 0x00, 0x00, 0xc8, 0x36, 0x19, 0x6a,
    0x00, 0x00, 0x00, 0x00, 0x7f, 0x2b, 0xd8, 0x6e, 0x00, 0x00, 0x00, 0x00,
    0xa6, 0x0d, 0x9b, 0x63, 0x00, 0x00, 0x00, 0x00, 0x11, 0x10, 0x5a, 0x67,
    0x00, 0x00, 0x00, 0x00, 0x14, 0x40, 0x1d, 0x79, 0x00, 0x00, 0x00, 0x00,
    0xa3, 0x5d, 0xdc, 0x7d, 0x00, 0x00, 0x00, 0x00, 0x7a, 0x7b, 0x9f, 0x70,
    0x00, 0x00, 0x00, 0x00, 0xcd, 0x66, 0x5e, 0x74, 0x00, 0x00, 0x00, 0x00,
    0xe0, 0xb6, 0x23, 0x98, 0x00, 0x00, 0x00, 0x00, 0x57, 0xab, 0xe2, 0x9c,
    0x00, 0x00, 0x00, 0x00, 0x8e, 0x8d, 0xa1, 0x91, 0x00, 0x00, 0x00, 0x00,
    0x39, 0x90, 0x60, 0x95, 0x00, 0x00, 0x00, 0x00, 0x3c, 0xc0, 0x27, 0x8b,
    0x00, 0x00, 0x00, 0x00, 0x8b, 0xdd, 0xe6, 0x8f, 0x00, 0x00, 0x00, 0x00,
    0x52, 0xfb, 0xa5, 0x82, 0x00, 0x00, 0x00, 0x00, 0xe5, 0xe6, 0x64, 0x86,
    0x00, 0x00, 0x00, 0x00, 0x58, 0x5b, 0x2b, 0xbe, 0x00, 0x00, 0x00, 0x00,
    0xef, 0x46, 0xea, 0xba, 0x00, 0x00, 0x00, 0x00, 0x36, 0x60, 0xa9, 0xb7,
    0x00, 0x00, 0x00, 0x00, 0x81, 0x7d, 0x68, 0xb3, 0x00, 0x00, 0x00, 0x00,
    0x84, 0x2d, 0x2f, 0xad, 0x00, 0x00, 0x00, 0x00, 0x33, 0x30, 0xee, 0xa9,
    0x00, 0x00, 0x00, 0x00, 0xea, 0x16, 0xad, 0xa4, 0x00, 0x00, 0x00, 0x00,
    0x5d, 0x27, 0x6c, 0xa0, 0x00, 0x00, 0x00, 0x00, 0x90, 0x6d, 0x32, 0xd4,
    0x00, 0x00, 0x00, 0x00, 0x27, 0x70, 0xf3, 0xd0, 0x00, 0x00, 0x00, 0x00,
    0xfe, 0x56, 0xb0, 0xdd, 0x00, 0x00, 0x00, 0x00, 0x49, 0x4b, 0x71, 0xd9,
    0x00, 0x00, 0x00, 0x00, 0x4c, 0x1b, 0x36, 0xc7, 0x00, 0x00, 0x00, 0x00,
    0xfb, 0x06, 0xf7, 0xc3, 0x00, 0x00, 0x00, 0x00, 0x22, 0x20, 0xb4, 0xce,
    0x00, 0x00, 0x00, 0x00, 0x95, 0x3d, 0x75, 0xca, 0x00, 0x00, 0x00, 0x00,
    0x28, 0x80, 0x3a, 0xf2, 0x00, 0x00, 0x00, 0x00, 0x9f, 0x9d, 0xfb, 0xf6,
    0x00, 0x00, 0x00, 0x00, 0x46, 0xbb, 0xb8, 0xfb, 0x00, 0x00, 0x00, 0x00,
    0xf1, 0xa6, 0x79, 0xff, 0x00, 0x00, 0x00, 0x00, 0xf4, 0xf6, 0x3e, 0xe1,
    0x00, 0x00, 0x00, 0x00, 0x43, 0xeb, 0xff, 0xe5, 0x00, 0x00, 0x00, 0x00,
    0x9a, 0xcd, 0xbc, 0xe8, 0x00, 0x00, 0x00, 0x00, 0x2d, 0xd0, 0x7d, 0xec,
    0x00, 0x00, 0x00, 0x00, 0x77, 0x70, 0x86, 0x34, 0x00, 0x00, 0x00, 0x00,
    0xc0, 0x6d, 0x47, 0x30, 0x00, 0x00, 0x00, 0x00, 0x19, 0x4b, 0x04, 0x3d,
    0x00, 0x00, 0x00, 0x00, 0xae, 0x56, 0xc5, 0x39, 0x00, 0x00, 0x00, 0x00,
    0xab, 0x06, 0x82, 0x27, 0x00, 0x00, 0x00, 0x00, 0x1c, 0x1b, 0x43, 0x23,
    0x00, 0x00, 0x00, 0x00, 0xc5, 0x3d, 0x00, 0x2e, 0x00, 0x00, 0x00, 0x00,
    0x72, 0x20, 0xc1, 0x2a, 0x00, 0x00, 0x00, 0x00, 0xcf, 0x9d, 0x8e, 0x12,
    0x00, 0x00, 0x00, 0x00, 0x78, 0x80, 0x4f, 0x16, 0x00, 0x00, 0x00, 0x00,
    0xa1, 0xa6, 0x0c, 0x1b, 0x00, 0x00, 0x00, 0x00, 0x16, 0xbb, 0xcd, 0x1f,
    0x00, 0x00, 0x00, 0x00, 0x13, 0xeb, 0x8a, 0x01, 0x00, 0x00, 0x00, 0x00,
    0xa4, 0xf6, 0x4b, 0x05, 0x00, 0x00, 0x00, 0x00, 0x7d, 0xd0, 0x08, 0x08,
    0x00, 0x00, 0x00, 0x00, 0xca, 0xcd, 0xc9, 0x0c, 0x00, 0x00, 0x00, 0x00,
    0x07, 0xab, 0x97, 0x78, 0x00, 0x00, 0x00, 0x00, 0xb0, 0xb6, 0x56, 0x7c,
    0x00, 0x00, 0x00, 0x00, 0x69, 0x90, 0x15, 0x71, 0x00, 0x00, 0x00, 0x00,
    0xde, 0x8d, 0xd4, 0x75, 0x00, 0x00, 0x00, 0x00, 0xdb, 0xdd, 0x93, 0x6b,
    0x00, 0x00, 0x00, 0x00, 0x6c, 0xc0, 0x52, 0x6f, 0x00, 0x00, 0x00, 0x00,
    0xb5, 0xe6, 0x11, 0x62, 0x00, 0x00, 0x00, 0x00, 0x02, 0xfb, 0xd0, 0x66,
    0x00, 0x00, 0x00, 0x00, 0xbf, 0x46, 0x9f, 0x5e, 0x00, 0x00, 0x00, 0x00,
    0x08, 0x5b, 0x5e, 0x5a, 0x00, 0x00, 0x00, 0x00, 0xd1, 0x7d, 0x1d, 0x57,
    0x00, 0x00, 0x00, 0x00, 0x66, 0x60, 0xdc, 0x53, 0x00, 0x00, 0x00, 0x00,
    0x63, 0x30, 0x9b, 0x4d, 0x00, 0x00, 0x00, 0x00, 0xd4, 0x2d, 0x5a, 0x49,
    0x00, 0x00, 0x00, 0x00, 0x0d, 0x0b, 0x19, 0x44, 0x00, 0x00, 0x00, 0x00,
    0xba, 0x16, 0xd8, 0x40, 0x00, 0x00, 0x00, 0x00, 0x97, 0xc6, 0xa5, 0xac,
    0x00, 0x00, 0x00, 0x00, 0x20, 0xdb, 0x64, 0xa8, 0x00, 0x00, 0x00, 0x00,
    0xf9, 0xfd, 0x27, 0xa5, 0x00, 0x00, 0x00, 0x00, 0x4e, 0xe0, 0xe6, 0xa1,
    0x00, 0x00, 0x00, 0x00, 0x4b, 0xb0, 0xa1, 0xbf, 0x00, 0x00, 0x00, 0x00,
    0xfc, 0xad, 0x60, 0xbb, 0x00, 0x00, 0x00, 0x00, 0x25, 0x8b, 0x23, 0xb6,
    0x00, 0x00, 0x00, 0x00, 0x92, 0x96, 0xe2, 0xb2, 0x00, 0x00, 0x00, 0x00,
    0x0f, 0x2b, 0xad, 0x8a, 0x00, 0x00, 0x00, 0x00, 0x98, 0x36, 0x6c, 0x8e,
    0x00, 0x00, 0x00, 0x00, 0x41, 0x10, 0x2f, 0x83, 0x00, 0x00, 0x00, 0x00,
    0xf6, 0x0d, 0xee, 0x87, 0x00, 0x00, 0x00, 0x00, 0xf3, 0x5d, 0xa9, 0x99,
    0x00, 0x00, 0x00, 0x00, 0x44, 0x40, 0x68, 0x9d, 0x00, 0x00, 0x00, 0x00,
    0x9d, 0x66, 0x2b, 0x90, 0x00, 0x00, 0x00, 0x00, 0x2a, 0x7b, 0xea, 0x94,
    0x00, 0x00, 0x00, 0x00, 0xe7, 0x1d, 0xb4, 0xe0, 0x00, 0x00, 0x00, 0x00,
    0x50, 0x00, 0x75, 0xe4, 0x00, 0x00, 0x00, 0x00, 0x89, 0x26, 0x36, 0xe9,
    0x00, 0x00, 0x00, 0x00, 0x3e, 0x3b, 0xf7, 0xed, 0x00, 0x00, 0x00, 0x00,
    0x3b, 0x6b, 0xb0, 0xf3, 0x00, 0x00, 0x00, 0x00, 0x8c, 0x76, 0x71, 0xf7,
    0x00, 0x00, 0x00, 0x00, 0x55, 0x50, 0x32, 0xfa, 0x00, 0x00, 0x00, 0x00,
    0xe2, 0x4d, 0xf3, 0xfe, 0x00, 0x00, 0x00, 0x00, 0x5f, 0xf0, 0xbc, 0xc6,
    0x00, 0x00, 0x00, 0x00, 0xe8, 0xed, 0x7d, 0xc2, 0x00, 0x00, 0x00, 0x00,
    0x31, 0xcb, 0x3e, 0xcf, 0x00, 0x00, 0x00, 0x00, 0x86, 0xd6, 0xff, 0xcb,
    0x00, 0x00, 0x00, 0x00, 0x83, 0x86, 0xb8, 0xd5, 0x00, 0x00, 0x00, 0x00,
    0x34, 0x9b, 0x79, 0xd1, 0x00, 0x00, 0x00, 0x00, 0xed, 0xbd, 0x3a, 0xdc,
    0x00, 0x00, 0x00, 0x00, 0x5a, 0xa0, 0xfb, 0xd8, 0x00, 0x00, 0x00, 0x00,
    0xee, 0xe0, 0x0c, 0x69, 0x00, 0x00, 0x00, 0x00, 0x59, 0xfd, 0xcd, 0x6d,
    0x00, 0x00, 0x00, 0x00, 0x80, 0xdb, 0x8e, 0x60, 0x00, 0x00, 0x00, 0x00,
    0x37, 0xc6, 0x4f, 0x64, 0x00, 0x00, 0x00, 0x00, 0x32, 0x96, 0x08, 0x7a,
    0x00, 0x00, 0x00, 0x00, 0x85, 0x8b, 0xc9, 0x7e, 0x00, 0x00, 0x00, 0x00,
    0x5c, 0xad, 0x8a, 0x73, 0x00, 0x00, 0x00, 0x00, 0xeb, 0xb0, 0x4b, 0x77,
    0x00, 0x00, 0x00, 0x00, 0x56, 0x0d, 0x04, 0x4f, 0x00, 0x00, 0x00, 0x00,
    0xe1, 0x10, 0xc5, 0x4b, 0x00, 0x00, 0x00, 0x00, 0x38, 0x36, 0x86, 0x46,
    0x00, 0x00, 0x00, 0x00, 0x8f, 0x2b, 0x47, 0x42, 0x00, 0x00, 0x00, 0x00,
    0x8a, 0x7b, 0x00, 0x5c, 0x00, 0x00, 0x00, 0x00, 0x3d, 0x66, 0xc1, 0x58,
    0x00, 0x00, 0x00, 0x00, 0xe4, 0x40, 0x82, 0x55, 0x00, 0x00, 0x00, 0x00,
    0x53, 0x5d, 0x43, 0x51, 0x00, 0x00, 0x00, 0x00, 0x9e, 0x3b, 0x1d, 0x25,
    0x00, 0x00, 0x00, 0x00, 0x29, 0x26, 0xdc, 0x21, 0x00, 0x00, 0x00, 0x00,
    0xf0, 0x00, 0x9f, 0x2c, 0x00, 0x00, 0x00, 0x00, 0x47, 0x1d, 0x5e, 0x28,
    0x00, 0x00, 0x00, 0x00, 0x42, 0x4d, 0x19, 0x36, 0x00, 0x00, 0x00, 0x00,
    0xf5, 0x50, 0xd8, 0x32, 0x00, 0x00, 0x00, 0x00, 0x2c, 0x76, 0x9b, 0x3f,
    0x00, 0x00, 0x00, 0x00, 0x9b, 0x6b, 0x5a, 0x3b, 0x00, 0x00, 0x00, 0x00,
    0x26, 0xd6, 0x15, 0x03, 0x00, 0x00, 0x00, 0x00, 0x91, 0xcb, 0xd4, 0x07,
    0x00, 0x00, 0x00, 0x00, 0x48, 0xed, 0x97, 0x0a, 0x00, 0x00, 0x00, 0x00,
    0xff, 0xf0, 0x56, 0x0e, 0x00, 0x00, 0x00, 0x00, 0xfa, 0xa0, 0x11, 0x10,
    0x00, 0x00, 0x00, 0x00, 0x4d, 0xbd, 0xd0, 0x14, 0x00, 0x00, 0x00, 0x00,
    0x94, 0x9b, 0x93, 0x19, 0x00, 0x00, 0x00, 0x00, 0x23, 0x86, 0x52, 0x1d,
    0x00, 0x00, 0x00, 0x00, 0x0e, 0x56, 0x2f, 0xf1, 0x00, 0x00, 0x00, 0x00,
    0xb9, 0x4b, 0xee, 0xf5, 0x00, 0x00, 0x00, 0x00, 0x60, 0x6d, 0xad, 0xf8,
    0x00, 0x00, 0x00, 0x00, 0xd7, 0x70, 0x6c, 0xfc, 0x00, 0x00, 0x00, 0x00,
    0xd2, 0x20, 0x2b, 0xe2, 0x00, 0x00, 0x00, 0x00, 0x65, 0x3d, 0xea, 0xe6,
    0x00, 0x00, 0x00, 0x00, 0xbc, 0x1b, 0xa9, 0xeb, 0x00, 0x00, 0x00, 0x00,
    0x0b, 0x06, 0x68, 0xef, 0x00, 0x00, 0x00, 0x00, 0xb6, 0xbb, 0x27, 0xd7,
    0x00, 0x00, 0x00, 0x00, 0x01, 0xa6, 0xe6, 0xd3, 0x00, 0x00, 0x00, 0x00,
    0xd8, 0x80, 0xa5, 0xde, 0x00, 0x00, 0x00, 0x00, 0x6f, 0x9d, 0x64, 0xda,
    0x00, 0x00, 0x00, 0x00, 0x6a, 0xcd, 0x23, 0xc4, 0x00, 0x00, 0x00, 0x00,
    0xdd, 0xd0, 0xe2, 0xc0, 0x00, 0x00, 0x00, 0x00, 0x04, 0xf6, 0xa1, 0xcd,
    0x00, 0x00, 0x00, 0x00, 0xb3, 0xeb, 0x60, 0xc9, 0x00, 0x00, 0x00, 0x00,
    0x7e, 0x8d, 0x3e, 0xbd, 0x00, 0x00, 0x00, 0x00, 0xc9, 0x90, 0xff, 0xb9,
    0x00, 0x00, 0x00, 0x00, 0x10, 0xb6, 0xbc, 0xb4, 0x00, 0x00, 0x00, 0x00,
    0xa7, 0xab, 0x7d, 0xb0, 0x00, 0x00, 0x00, 0x00, 0xa2, 0xfb, 0x3a, 0xae,
    0x00, 0x00, 0x00, 0x00, 0x15, 0xe6, 0xfb, 0xaa, 0x00, 0x00, 0x00, 0x00,
    0xcc, 0xc0, 0xb8, 0xa7, 0x00, 0x00, 0x00, 0x00, 0x7b, 0xdd, 0x79, 0xa3,
    0x00, 0x00, 0x00, 0x00, 0xc6, 0x60, 0x36, 0x9b, 0x00, 0x00, 0x00, 0x00,
    0x71, 0x7d, 0xf7, 0x9f, 0x00, 0x00, 0x00, 0x00, 0xa8, 0x5b, 0xb4, 0x92,
    0x00, 0x00, 0x00, 0x00, 0x1f, 0x46, 0x75, 0x96, 0x00, 0x00, 0x00, 0x00,
    0x1a, 0x16, 0x32, 0x88, 0x00, 0x00, 0x00, 0x00, 0xad, 0x0b, 0xf3, 0x8c,
    0x00, 0x00, 0x00, 0x00, 0x74, 0x2d, 0xb0, 0x81, 0x00, 0x00, 0x00, 0x00,
    0xc3, 0x30, 0x71, 0x85, 0x00, 0x00, 0x00, 0x00, 0x99, 0x90, 0x8a, 0x5d,
    0x00, 0x00, 0x00, 0x00, 0x2e, 0x8d, 0x4b, 0x59, 0x00, 0x00, 0x00, 0x00,
    0xf7, 0xab, 0x08, 0x54, 0x00, 0x00, 0x00, 0x00, 0x40, 0xb6, 0xc9, 0x50,
    0x00, 0x00, 0x00, 0x00, 0x45, 0xe6, 0x8e, 0x4e, 0x00, 0x00, 0x00, 0x00,
    0xf2, 0xfb, 0x4f, 0x4a, 0x00, 0x00, 0x00, 0x00, 0x6b, 0xdd, 0x0c, 0x47,
    0x00, 0x00, 0x00, 0x00, 0x9c, 0xc0, 0xcd, 0x43, 0x00, 0x00, 0x00, 0x00,
    0x21, 0x7d, 0x82, 0x7b, 0x00, 0x00, 0x00, 0x00, 0x96, 0x60, 0x43, 0x7f,
    0x00, 0x00, 0x00, 0x00, 0x4f, 0x46, 0x00, 0x72, 0x00, 0x00, 0x00, 0x00,
    0xf8, 0x5b, 0xc1, 0x76, 0x00, 0x00, 0x00, 0x00, 0xfd, 0x0b, 0x86, 0x68,
    0x00, 0x00, 0x00, 0x00, 0x4a, 0x16, 0x47, 0x6c, 0x00, 0x00, 0x00, 0x00,
    0x93, 0x30, 0x04, 0x61, 0x00, 0x00, 0x00, 0x00, 0x24, 0x2d, 0xc5, 0x65,
    0x00, 0x00, 0x00, 0x00, 0xe9, 0x4b, 0x9b, 0x11, 0x00, 0x00, 0x00, 0x00,
    0x5e, 0x56, 0x5a, 0x15, 0x00, 0x00, 0x00, 0x00, 0x87, 0x70, 0x19, 0x18,
    0x00, 0x00, 0x00, 0x00, 0x30, 0x6d, 0xd8, 0x1c, 0x00, 0x00, 0x00, 0x00,
    0x35, 0x3d, 0x9f, 0x02, 0x00, 0x00, 0x00, 0x00, 0x82, 0x20, 0x5e, 0x06,
    0x00, 0x00, 0x00, 0x00, 0x5b, 0x06, 0x1d, 0x0b, 0x00, 0x00, 0x00, 0x00,
    0xec, 0x1b, 0xdc, 0x0f, 0x00, 0x00, 0x00, 0x00, 0x51, 0xa6, 0x93, 0x37,
    0x00, 0x00, 0x00, 0x00, 0xe6, 0xbb, 0x52, 0x33, 0x00, 0x00, 0x00, 0x00,
    0x3f, 0x9d, 0x11, 0x3e, 0x00, 0x00, 0x00, 0x00, 0x88, 0x80, 0xd0, 0x3a,
    0x00, 0x00, 0x00, 0x00, 0x8d, 0xd0, 0x97, 0x24, 0x00, 0x00, 0x00, 0x00,
    0x3a, 0xcd, 0x56, 0x20, 0x00, 0x00, 0x00, 0x00, 0xe3, 0xeb, 0x15, 0x2d,
    0x00, 0x00, 0x00, 0x00, 0x54, 0xf6, 0xd4, 0x29, 0x00, 0x00, 0x00, 0x00,
    0x79, 0x26, 0xa9, 0xc5, 0x00, 0x00, 0x00, 0x00, 0xce, 0x3b, 0x68, 0xc1,
    0x00, 0x00, 0x00, 0x00, 0x17, 0x1d, 0x2b, 0xcc, 0x00, 0x00, 0x00, 0x00,
    0xa0, 0x00, 0xea, 0xc8, 0x00, 0x00, 0x00, 0x00, 0xa5, 0x50, 0xad, 0xd6,
    0x00, 0x00, 0x00, 0x00, 0x12, 0x4d, 0x6c, 0xd2, 0x00, 0x00, 0x00, 0x00,
    0xcb, 0x6b, 0x2f, 0xdf, 0x00, 0x00, 0x00, 0x00, 0x7c, 0x76, 0xee, 0xdb,
    0x00, 0x00, 0x00, 0x00, 0xc1, 0xcb, 0xa1, 0xe3, 0x00, 0x00, 0x00, 0x00,
    0x76, 0xd6, 0x60, 0xe7, 0x00, 0x00, 0x00, 0x00, 0xaf, 0xf0, 0x23, 0xea,
    0x00, 0x00, 0x00, 0x00, 0x18, 0xed, 0xe2, 0xee, 0x00, 0x00, 0x00, 0x00,
    0x1d, 0xbd, 0xa5, 0xf0, 0x00, 0x00, 0x00, 0x00, 0xaa, 0xa0, 0x64, 0xf4,
    0x00, 0x00, 0x00, 0x00, 0x73, 0x86, 0x27, 0xf9, 0x00, 0x00, 0x00, 0x00,
    0xc4, 0x9b, 0xe6, 0xfd, 0x00, 0x00, 0x00, 0x00, 0x09, 0xfd, 0xb8, 0x89,
    0x00, 0x00, 0x00, 0x00, 0xbe, 0xe0, 0x79, 0x8d, 0x00, 0x00, 0x00, 0x00,
    0x67, 0xc6, 0x3a, 0x80, 0x00, 0x00, 0x00, 0x00, 0xd0, 0xdb, 0xfb, 0x84,
    0x00, 0x00, 0x00, 0x00, 0xd5, 0x8b, 0xbc, 0x9a, 0x00, 0x00, 0x00, 0x00,
    0x62, 0x96, 0x7d, 0x9e, 0x00, 0x00, 0x00, 0x00, 0xbb, 0xb0, 0x3e, 0x93,
    0x00, 0x00, 0x00, 0x00, 0x0c, 0xad, 0xff, 0x97, 0x00, 0x00, 0x00, 0x00,
    0xb1, 0x10, 0xb0, 0xaf, 0x00, 0x00, 0x00, 0x00, 0x06, 0x0d, 0x71, 0xab,
    0x00, 0x00, 0x00, 0x00, 0xdf, 0x2b, 0x32, 0xa6, 0x00, 0x00, 0x00, 0x00,
    0x68, 0x36, 0xf3, 0xa2, 0x00, 0x00, 0x00, 0x00, 0x6d, 0x66, 0xb4, 0xbc,
    0x00, 0x00, 0x00, 0x00, 0xda, 0x7b, 0x75, 0xb8, 0x00, 0x00, 0x00, 0x00,
    0x03, 0x5d, 0x36, 0xb5, 0x00, 0x00, 0x00, 0x00, 0xb4, 0x40, 0xf7, 0xb1,
    0x00, 0x00, 0x00, 0x00, 0x00, 0x00, 0x00, 0x00, 0x00, 0x00, 0x00, 0x00,
    0x00, 0x00, 0x00, 0x00, 0x00, 0x00, 0x00, 0x00, 0x00, 0x00, 0x00, 0x00,
    0x00, 0x00, 0x00, 0x00, 0x00, 0x00, 0x00, 0x00, 0x00, 0x00, 0x00, 0x00,
    0x00, 0x00, 0x00, 0x00, 0x00, 0x00, 0x00, 0x00, 0x00, 0x00, 0x00, 0x00,
    0x00, 0x00, 0x00, 0x00, 0x00, 0x00, 0x00, 0x00, 0x00, 0x00, 0x00, 0x00,
    0x00, 0x00, 0x00, 0x00, 0x00, 0x00, 0x00, 0x00, 0x00, 0x00, 0x00, 0x00,
    0x00, 0x00, 0x00, 0x00, 0x00, 0x00, 0x00, 0x00, 0x00, 0x00, 0x00, 0x00,
    0x00, 0x00, 0x00, 0x00, 0x00, 0x00, 0x00, 0x00, 0x00, 0x00, 0x00, 0x00,
    0x00, 0x00, 0x00, 0x00, 0x00, 0x00, 0x00, 0x00, 0x00, 0x00, 0x00, 0x00,
    0x00, 0x00, 0x00, 0x00, 0x00, 0x00, 0x00, 0x00, 0x00, 0x00, 0x00, 0x00,
    0x00, 0x00, 0x00, 0x00, 0x00, 0x00, 0x00, 0x00, 0x00, 0x00, 0x00, 0x00,
    0x20, 0x20, 0x20, 0x20, 0x20, 0x20, 0x20, 0x20, 0x20, 0x28, 0x28, 0x28,
    0x28, 0x28, 0x20, 0x20, 0x20, 0x20, 0x20, 0x20, 0x20, 0x20, 0x20, 0x20,
    0x20, 0x20, 0x20, 0x20, 0x20, 0x20, 0x20, 0x20, 0x88, 0x10, 0x10, 0x10,
    0x10, 0x10, 0x10, 0x10, 0x10, 0x10, 0x10, 0x10, 0x10, 0x10, 0x10, 0x10,
    0x04, 0x04, 0x04, 0x04, 0x04, 0x04, 0x04, 0x04, 0x04, 0x04, 0x10, 0x10,
    0x10, 0x10, 0x10, 0x10, 0x10, 0x41, 0x41, 0x41, 0x41, 0x41, 0x41, 0x01,
    0x01, 0x01, 0x01, 0x01, 0x01, 0x01, 0x01, 0x01, 0x01, 0x01, 0x01, 0x01,
    0x01, 0x01, 0x01, 0x01, 0x01, 0x01, 0x01, 0x10, 0x10, 0x10, 0x10, 0x10,
    0x10, 0x42, 0x42, 0x42, 0x42, 0x42, 0x42, 0x02, 0x02, 0x02, 0x02, 0x02,
    0x02, 0x02, 0x02, 0x02, 0x02, 0x02, 0x02, 0x02, 0x02, 0x02, 0x02, 0x02,
    0x02, 0x02, 0x02, 0x10, 0x10, 0x10, 0x10, 0x20, 0x00, 0x00, 0x00, 0x00,
    0x00, 0x00, 0x00, 0x00, 0x00, 0x00, 0x00, 0x00, 0x00, 0x00, 0x00, 0x00,
    0x00, 0x00, 0x00, 0x00, 0x00, 0x00, 0x00, 0x00, 0x00, 0x00, 0x00, 0x00,
    0x00, 0x00, 0x00, 0x00, 0x00, 0x00, 0x00, 0x00, 0x00, 0x00, 0x00, 0x00,
    0x00, 0x00, 0x00, 0x00, 0x00, 0x00, 0x00, 0x00, 0x00, 0x00, 0x00, 0x00,
    0x00, 0x00, 0x00, 0x00, 0x00, 0x00, 0x00, 0x00, 0x00, 0x00, 0x00, 0x00,
    0x00, 0x00, 0x00, 0x00, 0x00, 0x00, 0x00, 0x00, 0x00, 0x00, 0x00, 0x00,
    0x00, 0x00, 0x00, 0x00, 0x00, 0x00, 0x00, 0x00, 0x00, 0x00, 0x00, 0x00,
    0x00, 0x00, 0x00, 0x00, 0x00, 0x00, 0x00, 0x00, 0x00, 0x00, 0x00, 0x00,
    0x00, 0x00, 0x00, 0x00, 0x00, 0x00, 0x00, 0x00, 0x00, 0x00, 0x00, 0x00,
    0x00, 0x00, 0x00, 0x00, 0x00, 0x00, 0x00, 0x00, 0x00, 0x00, 0x00, 0x00,
    0x00, 0x00, 0x00, 0x00, 0x00, 0x20, 0x20, 0x20, 0x20, 0x20, 0x20, 0x20,
    0x20, 0x20, 0x28, 0x28, 0x28, 0x28, 0x28, 0x20, 0x20, 0x20, 0x20, 0x20,
    0x20, 0x20, 0x20, 0x20, 0x20, 0x20, 0x20, 0x20, 0x20, 0x20, 0x20, 0x20,
    0x20, 0x88, 0x10, 0x10, 0x10, 0x10, 0x10, 0x10, 0x10, 0x10, 0x10, 0x10,
    0x10, 0x10, 0x10, 0x10, 0x10, 0x04, 0x04, 0x04, 0x04, 0x04, 0x04, 0x04,
    0x04, 0x04, 0x04, 0x10, 0x10, 0x10, 0x10, 0x10, 0x10, 0x10, 0x41, 0x41,
    0x41, 0x41, 0x41, 0x41, 0x01, 0x01, 0x01, 0x01, 0x01, 0x01, 0x01, 0x01,
    0x01, 0x01, 0x01, 0x01, 0x01, 0x01, 0x01, 0x01, 0x01, 0x01, 0x01, 0x01,
    0x10, 0x10, 0x10, 0x10, 0x10, 0x10, 0x42, 0x42, 0x42, 0x42, 0x42, 0x42,
    0x02, 0x02, 0x02, 0x02, 0x02, 0x02, 0x02, 0x02, 0x02, 0x02, 0x02, 0x02,
    0x02, 0x02, 0x02, 0x02, 0x02, 0x02, 0x02, 0x02, 0x10, 0x10, 0x10, 0x10,
    0x20, 0x00, 0x00, 0x00, 0x00, 0x00, 0x00, 0x00, 0x00, 0x00, 0x00, 0x00,
    0x00, 0x00, 0x00, 0x00, 0x00, 0x00, 0x00, 0x00, 0x00, 0x00, 0x00, 0x00,
    0x00, 0x00, 0x00, 0x00, 0x00, 0x00, 0x00, 0x00, 0x00, 0x00, 0x00, 0x00,
    0x00, 0x00, 0x00, 0x00, 0x00, 0x00, 0x00, 0x00, 0x00, 0x00, 0x00, 0x00,
    0x00, 0x00, 0x00, 0x00, 0x00, 0x00, 0x00, 0x00, 0x00, 0x00, 0x00, 0x00,
    0x00, 0x00, 0x00, 0x00, 0x00, 0x00, 0x00, 0x00, 0x00, 0x00, 0x00, 0x00,
    0x00, 0x00, 0x00, 0x00, 0x00, 0x00, 0x00, 0x00, 0x00, 0x00, 0x00, 0x00,
    0x00, 0x00, 0x00, 0x00, 0x00, 0x00, 0x00, 0x00, 0x00, 0x00, 0x00, 0x00,
    0x00, 0x00, 0x00, 0x00, 0x00, 0x00, 0x00, 0x00, 0x00, 0x00, 0x00, 0x00,
    0x00, 0x00, 0x00, 0x00, 0x00, 0x00, 0x00, 0x00, 0x00, 0x00, 0x00, 0x00,
    0x00, 0x00, 0x00, 0x00, 0x00, 0x00, 0x00, 0x00, 0x00, 0x00, 0x00, 0x00,
    0x00, 0x00, 0x00, 0x00, 0x00, 0x00, 0x00, 0x00, 0x00, 0x00, 0x00, 0x00,
    0x8f, 0xee, 0x40, 0x00, 0x00, 0x00, 0x00, 0x00, 0x02, 0xda, 0x40, 0x00,
    0x00, 0x00, 0x00, 0x00, 0x02, 0xda, 0x40, 0x00, 0x00, 0x00, 0x00, 0x00,
    0x02, 0xda, 0x40, 0x00, 0x00, 0x00, 0x00, 0x00, 0x02, 0xda, 0x40, 0x00,
    0x00, 0x00, 0x00, 0x00, 0x02, 0xda, 0x40, 0x00, 0x00, 0x00, 0x00, 0x00,
    0x02, 0xda, 0x40, 0x00, 0x00, 0x00, 0x00, 0x00, 0x02, 0xda, 0x40, 0x00,
    0x00, 0x00, 0x00, 0x00, 0x02, 0xda, 0x40, 0x00, 0x00, 0x00, 0x00, 0x00,
    0x02, 0xda, 0x40, 0x00, 0x00, 0x00, 0x00, 0x00, 0x02, 0xda, 0x40, 0x00,
    0x00, 0x00, 0x00, 0x00, 0x02, 0xda, 0x40, 0x00, 0x00, 0x00, 0x00, 0x00,
    0x02, 0xda, 0x40, 0x00, 0x00, 0x00, 0x00, 0x00, 0x02, 0xda, 0x40, 0x00,
    0x00, 0x00, 0x00, 0x00, 0x02, 0xda, 0x40, 0x00, 0x00, 0x00, 0x00, 0x00,
    0x02, 0xda, 0x40, 0x00, 0x00, 0x00, 0x00, 0x00, 0x02, 0xda, 0x40, 0x00,
    0x00, 0x00, 0x00, 0x00, 0x02, 0xda, 0x40, 0x00, 0x00, 0x00, 0x00, 0x00,
    0x02, 0xda, 0x40, 0x00, 0x00, 0x00, 0x00, 0x00, 0x02, 0xda, 0x40, 0x00,
    0x00, 0x00, 0x00, 0x00, 0x02, 0xda, 0x40, 0x00, 0x00, 0x00, 0x00, 0x00,
    0x02, 0xda, 0x40, 0x00, 0x00, 0x00, 0x00, 0x00, 0x02, 0xda, 0x40, 0x00,
    0x00, 0x00, 0x00, 0x00, 0x02, 0xda, 0x40, 0x00, 0x00, 0x00, 0x00, 0x00,
    0x02, 0xda, 0x40, 0x00, 0x00, 0x00, 0x00, 0x00, 0x02, 0xda, 0x40, 0x00,
    0x00, 0x00, 0x00, 0x00, 0x02, 0xda, 0x40, 0x00, 0x00, 0x00, 0x00, 0x00,
    0x02, 0xda, 0x40, 0x00, 0x00, 0x00, 0x00, 0x00, 0x02, 0xda, 0x40, 0x00,
    0x00, 0x00, 0x00, 0x00, 0x02, 0xda, 0x40, 0x00, 0x00, 0x00, 0x00, 0x00,
    0x02, 0xda, 0x40, 0x00, 0x00, 0x00, 0x00, 0x00, 0x02, 0xda, 0x40, 0x00,
    0x00, 0x00, 0x00, 0x00, 0x03, 0xd5, 0x40, 0x00, 0x00, 0x00, 0x00, 0x00,
    0x02, 0xda, 0x40, 0x00, 0x00, 0x00, 0x00, 0x00, 0x02, 0xda, 0x40, 0x00,
    0x00, 0x00, 0x00, 0x00, 0x22, 0xd5, 0x40, 0x00, 0x00, 0x00, 0x00, 0x00,
    0x02, 0xda, 0x40, 0x00, 0x00, 0x00, 0x00, 0x00, 0x02, 0xda, 0x40, 0x00,
    0x00, 0x00, 0x00, 0x00, 0x02, 0xda, 0x40, 0x00, 0x00, 0x00, 0x00, 0x00,
    0x02, 0xda, 0x40, 0x00, 0x00, 0x00, 0x00, 0x00, 0x02, 0xda, 0x40, 0x00,
    0x00, 0x00, 0x00, 0x00, 0x02, 0xda, 0x40, 0x00, 0x00, 0x00, 0x00, 0x00,
    0xe6, 0xd4, 0x40, 0x00, 0x00, 0x00, 0x00, 0x00, 0xdb, 0xd4, 0x40, 0x00,
    0x00, 0x00, 0x00, 0x00, 0x02, 0xda, 0x40, 0x00, 0x00, 0x00, 0x00, 0x00,
    0x75, 0xd5, 0x40, 0x00, 0x00, 0x00, 0x00, 0x00, 0x59, 0xd4, 0x40, 0x00,
    0x00, 0x00, 0x00, 0x00, 0x02, 0xda, 0x40, 0x00, 0x00, 0x00, 0x00, 0x00,
    0x16, 0xd5, 0x40, 0x00, 0x00, 0x00, 0x00, 0x00, 0xa5, 0xd4, 0x40, 0x00,
    0x00, 0x00, 0x00, 0x00, 0xa5, 0xd4, 0x40, 0x00, 0x00, 0x00, 0x00, 0x00,
    0xa5, 0xd4, 0x40, 0x00, 0x00, 0x00, 0x00, 0x00, 0xa5, 0xd4, 0x40, 0x00,
    0x00, 0x00, 0x00, 0x00, 0xa5, 0xd4, 0x40, 0x00, 0x00, 0x00, 0x00, 0x00,
    0xa5, 0xd4, 0x40, 0x00, 0x00, 0x00, 0x00, 0x00, 0xa5, 0xd4, 0x40, 0x00,
    0x00, 0x00, 0x00, 0x00, 0xa5, 0xd4, 0x40, 0x00, 0x00, 0x00, 0x00, 0x00,
    0xa5, 0xd4, 0x40, 0x00, 0x00, 0x00, 0x00, 0x00, 0x02, 0xda, 0x40, 0x00,
    0x00, 0x00, 0x00, 0x00, 0x02, 0xda, 0x40, 0x00, 0x00, 0x00, 0x00, 0x00,
    0x02, 0xda, 0x40, 0x00, 0x00, 0x00, 0x00, 0x00, 0x02, 0xda, 0x40, 0x00,
    0x00, 0x00, 0x00, 0x00, 0x02, 0xda, 0x40, 0x00, 0x00, 0x00, 0x00, 0x00,
    0x02, 0xda, 0x40, 0x00, 0x00, 0x00, 0x00, 0x00, 0x02, 0xda, 0x40, 0x00,
    0x00, 0x00, 0x00, 0x00, 0x02, 0xda, 0x40, 0x00, 0x00, 0x00, 0x00, 0x00,
    0x02, 0xda, 0x40, 0x00, 0x00, 0x00, 0x00, 0x00, 0x02, 0xda, 0x40, 0x00,
    0x00, 0x00, 0x00, 0x00, 0x99, 0xd8, 0x40, 0x00, 0x00, 0x00, 0x00, 0x00,
    0x56, 0xd6, 0x40, 0x00, 0x00, 0x00, 0x00, 0x00, 0x02, 0xda, 0x40, 0x00,
    0x00, 0x00, 0x00, 0x00, 0x56, 0xd6, 0x40, 0x00, 0x00, 0x00, 0x00, 0x00,
    0x02, 0xda, 0x40, 0x00, 0x00, 0x00, 0x00, 0x00, 0x02, 0xda, 0x40, 0x00,
    0x00, 0x00, 0x00, 0x00, 0x02, 0xda, 0x40, 0x00, 0x00, 0x00, 0x00, 0x00,
    0x02, 0xda, 0x40, 0x00, 0x00, 0x00, 0x00, 0x00, 0x2b, 0xd5, 0x40, 0x00,
    0x00, 0x00, 0x00, 0x00, 0x02, 0xda, 0x40, 0x00, 0x00, 0x00, 0x00, 0x00,
    0x02, 0xda, 0x40, 0x00, 0x00, 0x00, 0x00, 0x00, 0x33, 0xd8, 0x40, 0x00,
    0x00, 0x00, 0x00, 0x00, 0x02, 0xda, 0x40, 0x00, 0x00, 0x00, 0x00, 0x00,
    0x02, 0xda, 0x40, 0x00, 0x00, 0x00, 0x00, 0x00, 0x02, 0xda, 0x40, 0x00,
    0x00, 0x00, 0x00, 0x00, 0x02, 0xda, 0x40, 0x00, 0x00, 0x00, 0x00, 0x00,
    0x02, 0xda, 0x40, 0x00, 0x00, 0x00, 0x00, 0x00, 0xd2, 0xd7, 0x40, 0x00,
    0x00, 0x00, 0x00, 0x00, 0x02, 0xda, 0x40, 0x00, 0x00, 0x00, 0x00, 0x00,
    0x02, 0xda, 0x40, 0x00, 0x00, 0x00, 0x00, 0x00, 0x33, 0xd9, 0x40, 0x00,
    0x00, 0x00, 0x00, 0x00, 0x02, 0xda, 0x40, 0x00, 0x00, 0x00, 0x00, 0x00,
    0x02, 0xda, 0x40, 0x00, 0x00, 0x00, 0x00, 0x00, 0x02, 0xda, 0x40, 0x00,
    0x00, 0x00, 0x00, 0x00, 0x02, 0xda, 0x40, 0x00, 0x00, 0x00, 0x00, 0x00,
    0x02, 0xda, 0x40, 0x00, 0x00, 0x00, 0x00, 0x00, 0x02, 0xda, 0x40, 0x00,
    0x00, 0x00, 0x00, 0x00, 0x02, 0xda, 0x40, 0x00, 0x00, 0x00, 0x00, 0x00,
    0x02, 0xda, 0x40, 0x00, 0x00, 0x00, 0x00, 0x00, 0x02, 0xda, 0x40, 0x00,
    0x00, 0x00, 0x00, 0x00, 0x02, 0xda, 0x40, 0x00, 0x00, 0x00, 0x00, 0x00,
    0x08, 0xd8, 0x40, 0x00, 0x00, 0x00, 0x00, 0x00, 0xb6, 0xd6, 0x40, 0x00,
    0x00, 0x00, 0x00, 0x00, 0x56, 0xd6, 0x40, 0x00, 0x00, 0x00, 0x00, 0x00,
    0x56, 0xd6, 0x40, 0x00, 0x00, 0x00, 0x00, 0x00, 0x56, 0xd6, 0x40, 0x00,
    0x00, 0x00, 0x00, 0x00, 0x34, 0xd5, 0x40, 0x00, 0x00, 0x00, 0x00, 0x00,
    0xb6, 0xd6, 0x40, 0x00, 0x00, 0x00, 0x00, 0x00, 0x02, 0xda, 0x40, 0x00,
    0x00, 0x00, 0x00, 0x00, 0x02, 0xda, 0x40, 0x00, 0x00, 0x00, 0x00, 0x00,
    0xd2, 0xd4, 0x40, 0x00, 0x00, 0x00, 0x00, 0x00, 0x02, 0xda, 0x40, 0x00,
    0x00, 0x00, 0x00, 0x00, 0x9d, 0xd5, 0x40, 0x00, 0x00, 0x00, 0x00, 0x00,
    0x3b, 0xd8, 0x40, 0x00, 0x00, 0x00, 0x00, 0x00, 0xdd, 0xd7, 0x40, 0x00,
    0x00, 0x00, 0x00, 0x00, 0xd2, 0xd4, 0x40, 0x00, 0x00, 0x00, 0x00, 0x00,
    0x02, 0xda, 0x40, 0x00, 0x00, 0x00, 0x00, 0x00, 0x08, 0xd9, 0x40, 0x00,
    0x00, 0x00, 0x00, 0x00, 0x02, 0xda, 0x40, 0x00, 0x00, 0x00, 0x00, 0x00,
    0xa4, 0xd9, 0x40, 0x00, 0x00, 0x00, 0x00, 0x00, 0x02, 0xda, 0x40, 0x00,
    0x00, 0x00, 0x00, 0x00, 0x02, 0xda, 0x40, 0x00, 0x00, 0x00, 0x00, 0x00,
    0x01, 0xd9, 0x40, 0x00, 0x00, 0x00, 0x00, 0x00, 0x00, 0x00, 0x00, 0x00,
    0x00, 0x00, 0x00, 0x00, 0x20, 0x20, 0x20, 0x20, 0x20, 0x20, 0x20, 0x20,
    0x20, 0x20, 0x20, 0x20, 0x20, 0x20, 0x20, 0x20, 0x30, 0x30, 0x30, 0x30,
    0x30, 0x30, 0x30, 0x30, 0x30, 0x30, 0x30, 0x30, 0x30, 0x30, 0x30, 0x30,
    0xde, 0xf3, 0x40, 0x00, 0x00, 0x00, 0x00, 0x00, 0xde, 0xf3, 0x40, 0x00,
    0x00, 0x00, 0x00, 0x00, 0x13, 0xf4, 0x40, 0x00, 0x00, 0x00, 0x00, 0x00,
    0x38, 0xf4, 0x40, 0x00, 0x00, 0x00, 0x00, 0x00, 0x15, 0xf4, 0x40, 0x00,
    0x00, 0x00, 0x00, 0x00, 0x3a, 0xf4, 0x40, 0x00, 0x00, 0x00, 0x00, 0x00,
    0x05, 0x00, 0x00, 0x00, 0x19, 0x00, 0x00, 0x00, 0x7d, 0x00, 0x00, 0x00,
    0x00, 0x00, 0x00, 0x00, 0x00, 0x00, 0x00, 0x00, 0x00, 0x00, 0xf0, 0x3f,
    0x00, 0x00, 0x00, 0x00, 0x00, 0x00, 0x24, 0x40, 0x00, 0x00, 0x00, 0x00,
    0x00, 0x00, 0x59, 0x40, 0x00, 0x00, 0x00, 0x00, 0x00, 0x40, 0x8f, 0x40,
    0x00, 0x00, 0x00, 0x00, 0x00, 0x88, 0xc3, 0x40, 0x00, 0x00, 0x00, 0x00,
    0x00, 0x6a, 0xf8, 0x40, 0x00, 0x00, 0x00, 0x00, 0x80, 0x84, 0x2e, 0x41,
    0x00, 0x00, 0x00, 0x00, 0xd0, 0x12, 0x63, 0x41, 0x00, 0x00, 0x00, 0x00,
    0x84, 0xd7, 0x97, 0x41, 0x00, 0x00, 0x00, 0x00, 0x65, 0xcd, 0xcd, 0x41,
    0x00, 0x00, 0x00, 0x20, 0x5f, 0xa0, 0x02, 0x42, 0x00, 0x00, 0x00, 0xe8,
    0x76, 0x48, 0x37, 0x42, 0x00, 0x00, 0x00, 0xa2, 0x94, 0x1a, 0x6d, 0x42,
    0x00, 0x00, 0x40, 0xe5, 0x9c, 0x30, 0xa2, 0x42, 0x00, 0x00, 0x90, 0x1e,
    0xc4, 0xbc, 0xd6, 0x42, 0x00, 0x00, 0x34, 0x26, 0xf5, 0x6b, 0x0c, 0x43,
    0x00, 0x80, 0xe0, 0x37, 0x79, 0xc3, 0x41, 0x43, 0x00, 0xa0, 0xd8, 0x85,
    0x57, 0x34, 0x76, 0x43, 0x00, 0xc8, 0x4e, 0x67, 0x6d, 0xc1, 0xab, 0x43,
    0x00, 0x3d, 0x91, 0x60, 0xe4, 0x58, 0xe1, 0x43, 0x40, 0x8c, 0xb5, 0x78,
    0x1d, 0xaf, 0x15, 0x44, 0x50, 0xef, 0xe2, 0xd6, 0xe4, 0x1a, 0x4b, 0x44,
    0x92, 0xd5, 0x4d, 0x06, 0xcf, 0xf0, 0x80, 0x44, 0xf6, 0x4a, 0xe1, 0xc7,
    0x02, 0x2d, 0xb5, 0x44, 0xb4, 0x9d, 0xd9, 0x79, 0x43, 0x78, 0xea, 0x44,
    0x00, 0x00, 0x00, 0x00, 0x00, 0x00, 0x00, 0x00, 0x00, 0x80, 0xe0, 0x37,
    0x79, 0xc3, 0x41, 0x43, 0x17, 0x6e, 0x05, 0xb5, 0xb5, 0xb8, 0x93, 0x46,
    0xf5, 0xf9, 0x3f, 0xe9, 0x03, 0x4f, 0x38, 0x4d, 0x32, 0x1d, 0x30, 0xf9,
    0x48, 0x77, 0x82, 0x5a, 0x3c, 0xbf, 0x73, 0x7f, 0xdd, 0x4f, 0x15, 0x75,
    0x00, 0x00, 0x00, 0x00, 0x00, 0x00, 0x00, 0x00, 0xbc, 0x89, 0xd8, 0x97,
    0xb2, 0xd2, 0x9c, 0x3c, 0x33, 0xa7, 0xa8, 0xd5, 0x23, 0xf6, 0x49, 0x39,
    0x3d, 0xa7, 0xf4, 0x44, 0xfd, 0x0f, 0xa5, 0x32, 0x9d, 0x97, 0x8c, 0xcf,
    0x08, 0xba, 0x5b, 0x25, 0x43, 0x6f, 0xac, 0x64, 0x28, 0x06, 0xc8, 0x0a,
    0x00, 0x00, 0x00, 0x00, 0x00, 0x00, 0x00, 0x00, 0x85, 0x2c, 0x41, 0x00,
    0x00, 0x00, 0x00, 0x00, 0xab, 0x22, 0x41, 0x00, 0x00, 0x00, 0x00, 0x00,
    0xab, 0x22, 0x41, 0x00, 0x00, 0x00, 0x00, 0x00, 0xab, 0x22, 0x41, 0x00,
    0x00, 0x00, 0x00, 0x00, 0xab, 0x22, 0x41, 0x00, 0x00, 0x00, 0x00, 0x00,
    0xab, 0x22, 0x41, 0x00, 0x00, 0x00, 0x00, 0x00, 0xab, 0x22, 0x41, 0x00,
    0x00, 0x00, 0x00, 0x00, 0xab, 0x22, 0x41, 0x00, 0x00, 0x00, 0x00, 0x00,
    0xab, 0x22, 0x41, 0x00, 0x00, 0x00, 0x00, 0x00, 0xab, 0x22, 0x41, 0x00,
    0x00, 0x00, 0x00, 0x00, 0xab, 0x22, 0x41, 0x00, 0x00, 0x00, 0x00, 0x00,
    0xab, 0x22, 0x41, 0x00, 0x00, 0x00, 0x00, 0x00, 0xab, 0x22, 0x41, 0x00,
    0x00, 0x00, 0x00, 0x00, 0xab, 0x22, 0x41, 0x00, 0x00, 0x00, 0x00, 0x00,
    0xab, 0x22, 0x41, 0x00, 0x00, 0x00, 0x00, 0x00, 0xab, 0x22, 0x41, 0x00,
    0x00, 0x00, 0x00, 0x00, 0xab, 0x22, 0x41, 0x00, 0x00, 0x00, 0x00, 0x00,
    0xab, 0x22, 0x41, 0x00, 0x00, 0x00, 0x00, 0x00, 0xab, 0x22, 0x41, 0x00,
    0x00, 0x00, 0x00, 0x00, 0xab, 0x22, 0x41, 0x00, 0x00, 0x00, 0x00, 0x00,
    0xab, 0x22, 0x41, 0x00, 0x00, 0x00, 0x00, 0x00, 0xab, 0x22, 0x41, 0x00,
    0x00, 0x00, 0x00, 0x00, 0xab, 0x22, 0x41, 0x00, 0x00, 0x00, 0x00, 0x00,
    0xab, 0x22, 0x41, 0x00, 0x00, 0x00, 0x00, 0x00, 0xab, 0x22, 0x41, 0x00,
    0x00, 0x00, 0x00, 0x00, 0xab, 0x22, 0x41, 0x00, 0x00, 0x00, 0x00, 0x00,
    0xab, 0x22, 0x41, 0x00, 0x00, 0x00, 0x00, 0x00, 0xab, 0x22, 0x41, 0x00,
    0x00, 0x00, 0x00, 0x00, 0xab, 0x22, 0x41, 0x00, 0x00, 0x00, 0x00, 0x00,
    0xab, 0x22, 0x41, 0x00, 0x00, 0x00, 0x00, 0x00, 0xab, 0x22, 0x41, 0x00,
    0x00, 0x00, 0x00, 0x00, 0xab, 0x22, 0x41, 0x00, 0x00, 0x00, 0x00, 0x00,
    0x9b, 0x20, 0x41, 0x00, 0x00, 0x00, 0x00, 0x00, 0xab, 0x22, 0x41, 0x00,
    0x00, 0x00, 0x00, 0x00, 0xab, 0x22, 0x41, 0x00, 0x00, 0x00, 0x00, 0x00,
    0xae, 0x20, 0x41, 0x00, 0x00, 0x00, 0x00, 0x00, 0xab, 0x22, 0x41, 0x00,
    0x00, 0x00, 0x00, 0x00, 0xab, 0x22, 0x41, 0x00, 0x00, 0x00, 0x00, 0x00,
    0xab, 0x22, 0x41, 0x00, 0x00, 0x00, 0x00, 0x00, 0xab, 0x22, 0x41, 0x00,
    0x00, 0x00, 0x00, 0x00, 0xab, 0x22, 0x41, 0x00, 0x00, 0x00, 0x00, 0x00,
    0xab, 0x22, 0x41, 0x00, 0x00, 0x00, 0x00, 0x00, 0xb6, 0x20, 0x41, 0x00,
    0x00, 0x00, 0x00, 0x00, 0xd0, 0x20, 0x41, 0x00, 0x00, 0x00, 0x00, 0x00,
    0xab, 0x22, 0x41, 0x00, 0x00, 0x00, 0x00, 0x00, 0x18, 0x21, 0x41, 0x00,
    0x00, 0x00, 0x00, 0x00, 0x22, 0x20, 0x41, 0x00, 0x00, 0x00, 0x00, 0x00,
    0xab, 0x22, 0x41, 0x00, 0x00, 0x00, 0x00, 0x00, 0xdb, 0x20, 0x41, 0x00,
    0x00, 0x00, 0x00, 0x00, 0x64, 0x20, 0x41, 0x00, 0x00, 0x00, 0x00, 0x00,
    0x64, 0x20, 0x41, 0x00, 0x00, 0x00, 0x00, 0x00, 0x64, 0x20, 0x41, 0x00,
    0x00, 0x00, 0x00, 0x00, 0x64, 0x20, 0x41, 0x00, 0x00, 0x00, 0x00, 0x00,
    0x64, 0x20, 0x41, 0x00, 0x00, 0x00, 0x00, 0x00, 0x64, 0x20, 0x41, 0x00,
    0x00, 0x00, 0x00, 0x00, 0x64, 0x20, 0x41, 0x00, 0x00, 0x00, 0x00, 0x00,
    0x64, 0x20, 0x41, 0x00, 0x00, 0x00, 0x00, 0x00, 0x64, 0x20, 0x41, 0x00,
    0x00, 0x00, 0x00, 0x00, 0xab, 0x22, 0x41, 0x00, 0x00, 0x00, 0x00, 0x00,
    0xab, 0x22, 0x41, 0x00, 0x00, 0x00, 0x00, 0x00, 0xab, 0x22, 0x41, 0x00,
    0x00, 0x00, 0x00, 0x00, 0xab, 0x22, 0x41, 0x00, 0x00, 0x00, 0x00, 0x00,
    0xab, 0x22, 0x41, 0x00, 0x00, 0x00, 0x00, 0x00, 0xab, 0x22, 0x41, 0x00,
    0x00, 0x00, 0x00, 0x00, 0xab, 0x22, 0x41, 0x00, 0x00, 0x00, 0x00, 0x00,
    0xab, 0x22, 0x41, 0x00, 0x00, 0x00, 0x00, 0x00, 0xab, 0x22, 0x41, 0x00,
    0x00, 0x00, 0x00, 0x00, 0xab, 0x22, 0x41, 0x00, 0x00, 0x00, 0x00, 0x00,
    0x34, 0x22, 0x41, 0x00, 0x00, 0x00, 0x00, 0x00, 0xab, 0x22, 0x41, 0x00,
    0x00, 0x00, 0x00, 0x00, 0xab, 0x22, 0x41, 0x00, 0x00, 0x00, 0x00, 0x00,
    0xab, 0x22, 0x41, 0x00, 0x00, 0x00, 0x00, 0x00, 0xab, 0x22, 0x41, 0x00,
    0x00, 0x00, 0x00, 0x00, 0xab, 0x22, 0x41, 0x00, 0x00, 0x00, 0x00, 0x00,
    0xab, 0x22, 0x41, 0x00, 0x00, 0x00, 0x00, 0x00, 0xab, 0x22, 0x41, 0x00,
    0x00, 0x00, 0x00, 0x00, 0xab, 0x22, 0x41, 0x00, 0x00, 0x00, 0x00, 0x00,
    0xab, 0x22, 0x41, 0x00, 0x00, 0x00, 0x00, 0x00, 0xab, 0x22, 0x41, 0x00,
    0x00, 0x00, 0x00, 0x00, 0x8d, 0x23, 0x41, 0x00, 0x00, 0x00, 0x00, 0x00,
    0xab, 0x22, 0x41, 0x00, 0x00, 0x00, 0x00, 0x00, 0xab, 0x22, 0x41, 0x00,
    0x00, 0x00, 0x00, 0x00, 0xab, 0x22, 0x41, 0x00, 0x00, 0x00, 0x00, 0x00,
    0xab, 0x22, 0x41, 0x00, 0x00, 0x00, 0x00, 0x00, 0xab, 0x22, 0x41, 0x00,
    0x00, 0x00, 0x00, 0x00, 0x01, 0x22, 0x41, 0x00, 0x00, 0x00, 0x00, 0x00,
    0xab, 0x22, 0x41, 0x00, 0x00, 0x00, 0x00, 0x00, 0xab, 0x22, 0x41, 0x00,
    0x00, 0x00, 0x00, 0x00, 0xa4, 0x22, 0x41, 0x00, 0x00, 0x00, 0x00, 0x00,
    0xab, 0x22, 0x41, 0x00, 0x00, 0x00, 0x00, 0x00, 0xab, 0x22, 0x41, 0x00,
    0x00, 0x00, 0x00, 0x00, 0xab, 0x22, 0x41, 0x00, 0x00, 0x00, 0x00, 0x00,
    0xab, 0x22, 0x41, 0x00, 0x00, 0x00, 0x00, 0x00, 0xab, 0x22, 0x41, 0x00,
    0x00, 0x00, 0x00, 0x00, 0xab, 0x22, 0x41, 0x00, 0x00, 0x00, 0x00, 0x00,
    0xab, 0x22, 0x41, 0x00, 0x00, 0x00, 0x00, 0x00, 0xab, 0x22, 0x41, 0x00,
    0x00, 0x00, 0x00, 0x00, 0xab, 0x22, 0x41, 0x00, 0x00, 0x00, 0x00, 0x00,
    0xab, 0x22, 0x41, 0x00, 0x00, 0x00, 0x00, 0x00, 0x27, 0x23, 0x41, 0x00,
    0x00, 0x00, 0x00, 0x00, 0x37, 0x22, 0x41, 0x00, 0x00, 0x00, 0x00, 0x00,
    0xab, 0x22, 0x41, 0x00, 0x00, 0x00, 0x00, 0x00, 0xab, 0x22, 0x41, 0x00,
    0x00, 0x00, 0x00, 0x00, 0xab, 0x22, 0x41, 0x00, 0x00, 0x00, 0x00, 0x00,
    0x93, 0x20, 0x41, 0x00, 0x00, 0x00, 0x00, 0x00, 0x37, 0x22, 0x41, 0x00,
    0x00, 0x00, 0x00, 0x00, 0xab, 0x22, 0x41, 0x00, 0x00, 0x00, 0x00, 0x00,
    0xab, 0x22, 0x41, 0x00, 0x00, 0x00, 0x00, 0x00, 0x8b, 0x20, 0x41, 0x00,
    0x00, 0x00, 0x00, 0x00, 0xab, 0x22, 0x41, 0x00, 0x00, 0x00, 0x00, 0x00,
    0x3f, 0x21, 0x41, 0x00, 0x00, 0x00, 0x00, 0x00, 0x90, 0x23, 0x41, 0x00,
    0x00, 0x00, 0x00, 0x00, 0x48, 0x23, 0x41, 0x00, 0x00, 0x00, 0x00, 0x00,
    0x8b, 0x20, 0x41, 0x00, 0x00, 0x00, 0x00, 0x00, 0xab, 0x22, 0x41, 0x00,
    0x00, 0x00, 0x00, 0x00, 0x69, 0x23, 0x41, 0x00, 0x00, 0x00, 0x00, 0x00,
    0xab, 0x22, 0x41, 0x00, 0x00, 0x00, 0x00, 0x00, 0x04, 0x22, 0x41, 0x00,
    0x00, 0x00, 0x00, 0x00, 0xab, 0x22, 0x41, 0x00, 0x00, 0x00, 0x00, 0x00,
    0xab, 0x22, 0x41, 0x00, 0x00, 0x00, 0x00, 0x00, 0xcb, 0x22, 0x41, 0x00,
    0x00, 0x00, 0x00, 0x00, 0x00, 0x00, 0x00, 0x00, 0x00, 0x00, 0x00, 0x00,
    0x20, 0x20, 0x20, 0x20, 0x20, 0x20, 0x20, 0x20, 0x20, 0x20, 0x20, 0x20,
    0x20, 0x20, 0x20, 0x20, 0x30, 0x30, 0x30, 0x30, 0x30, 0x30, 0x30, 0x30,
    0x30, 0x30, 0x30, 0x30, 0x30, 0x30, 0x30, 0x30, 0xe7, 0x2f, 0x41, 0x00,
    0x00, 0x00, 0x00, 0x00, 0xa5, 0x31, 0x41, 0x00, 0x00, 0x00, 0x00, 0x00,
    0xaf, 0x31, 0x41, 0x00, 0x00, 0x00, 0x00, 0x00, 0x9b, 0x31, 0x41, 0x00,
    0x00, 0x00, 0x00, 0x00, 0xe7, 0x2f, 0x41, 0x00, 0x00, 0x00, 0x00, 0x00,
    0xcf, 0x32, 0x41, 0x00, 0x00, 0x00, 0x00, 0x00, 0x60, 0x33, 0x41, 0x00,
    0x00, 0x00, 0x00, 0x00, 0x60, 0x33, 0x41, 0x00, 0x00, 0x00, 0x00, 0x00,
    0x60, 0x33, 0x41, 0x00, 0x00, 0x00, 0x00, 0x00, 0x60, 0x33, 0x41, 0x00,
    0x00, 0x00, 0x00, 0x00, 0x99, 0x33, 0x41, 0x00, 0x00, 0x00, 0x00, 0x00,
    0x60, 0x33, 0x41, 0x00, 0x00, 0x00, 0x00, 0x00, 0x60, 0x33, 0x41, 0x00,
    0x00, 0x00, 0x00, 0x00, 0x60, 0x33, 0x41, 0x00, 0x00, 0x00, 0x00, 0x00,
    0x60, 0x33, 0x41, 0x00, 0x00, 0x00, 0x00, 0x00, 0x60, 0x33, 0x41, 0x00,
    0x00, 0x00, 0x00, 0x00, 0x60, 0x33, 0x41, 0x00, 0x00, 0x00, 0x00, 0x00,
    0x60, 0x33, 0x41, 0x00, 0x00, 0x00, 0x00, 0x00, 0x60, 0x33, 0x41, 0x00,
    0x00, 0x00, 0x00, 0x00, 0x60, 0x33, 0x41, 0x00, 0x00, 0x00, 0x00, 0x00,
    0x60, 0x33, 0x41, 0x00, 0x00, 0x00, 0x00, 0x00, 0x60, 0x33, 0x41, 0x00,
    0x00, 0x00, 0x00, 0x00, 0x60, 0x33, 0x41, 0x00, 0x00, 0x00, 0x00, 0x00,
    0x60, 0x33, 0x41, 0x00, 0x00, 0x00, 0x00, 0x00, 0x60, 0x33, 0x41, 0x00,
    0x00, 0x00, 0x00, 0x00, 0x60, 0x33, 0x41, 0x00, 0x00, 0x00, 0x00, 0x00,
    0x60, 0x33, 0x41, 0x00, 0x00, 0x00, 0x00, 0x00, 0x60, 0x33, 0x41, 0x00,
    0x00, 0x00, 0x00, 0x00, 0x60, 0x33, 0x41, 0x00, 0x00, 0x00, 0x00, 0x00,
    0x60, 0x33, 0x41, 0x00, 0x00, 0x00, 0x00, 0x00, 0x60, 0x33, 0x41, 0x00,
    0x00, 0x00, 0x00, 0x00, 0x60, 0x33, 0x41, 0x00, 0x00, 0x00, 0x00, 0x00,
    0x60, 0x33, 0x41, 0x00, 0x00, 0x00, 0x00, 0x00, 0x60, 0x33, 0x41, 0x00,
    0x00, 0x00, 0x00, 0x00, 0x60, 0x33, 0x41, 0x00, 0x00, 0x00, 0x00, 0x00,
    0x60, 0x33, 0x41, 0x00, 0x00, 0x00, 0x00, 0x00, 0x60, 0x33, 0x41, 0x00,
    0x00, 0x00, 0x00, 0x00, 0xcf, 0x32, 0x41, 0x00, 0x00, 0x00, 0x00, 0x00,
    0x60, 0x33, 0x41, 0x00, 0x00, 0x00, 0x00, 0x00, 0x60, 0x33, 0x41, 0x00,
    0x00, 0x00, 0x00, 0x00, 0x60, 0x33, 0x41, 0x00, 0x00, 0x00, 0x00, 0x00,
    0x60, 0x33, 0x41, 0x00, 0x00, 0x00, 0x00, 0x00, 0x99, 0x33, 0x41, 0x00,
    0x00, 0x00, 0x00, 0x00, 0x35, 0x00, 0x00, 0x00, 0xce, 0xfb, 0xff, 0xff,
    0xcb, 0x03, 0x00, 0x00, 0x01, 0x00, 0x00, 0x00, 0x00, 0x00, 0x00, 0x00,
    0x34, 0x00, 0x00, 0x00, 0xce, 0xfb, 0xff, 0xff, 0xcb, 0x03, 0x00, 0x00,
    0x01, 0x00, 0x00, 0x00, 0x00, 0x00, 0x00, 0x00, 0xbc, 0x89, 0xd8, 0x97,
    0xb2, 0xd2, 0x9c, 0x3c, 0x33, 0xa7, 0xa8, 0xd5, 0x23, 0xf6, 0x49, 0x39,
    0x3d, 0xa7, 0xf4, 0x44, 0xfd, 0x0f, 0xa5, 0x32, 0x9d, 0x97, 0x8c, 0xcf,
    0x08, 0xba, 0x5b, 0x25, 0x43, 0x6f, 0xac, 0x64, 0x28, 0x06, 0x68, 0x11,
    0x00, 0x00, 0x00, 0x00, 0x00, 0x00, 0x00, 0x00, 0x00, 0x00, 0x00, 0x00,
    0x00, 0x00, 0x00, 0x00, 0x00, 0x00, 0x00, 0x00, 0x00, 0x00, 0x00, 0x00,
    0x00, 0x00, 0x00, 0x00, 0x00, 0x00, 0x00, 0x00, 0x00, 0x00, 0x00, 0x00,
    0x00, 0x00, 0x00, 0x00, 0x00, 0x00, 0x00, 0x00, 0x00, 0x00, 0x00, 0x00,
    0x00, 0x00, 0x00, 0x00, 0x00, 0x00, 0x00, 0x00, 0x10, 0x11, 0x12, 0x13,
    0x14, 0x15, 0x16, 0x17, 0x18, 0x19, 0x00, 0x00, 0x00, 0x00, 0x00, 0x00,
    0x00, 0x1a, 0x1b, 0x1c, 0x1d, 0x1e, 0x1f, 0x00, 0x00, 0x00, 0x00, 0x00,
    0x00, 0x00, 0x00, 0x00, 0x00, 0x00, 0x00, 0x00, 0x00, 0x00, 0x00, 0x00,
    0x00, 0x00, 0x00, 0x00, 0x00, 0x00, 0x00, 0x00, 0x00, 0x1a, 0x1b, 0x1c,
    0x1d, 0x1e, 0x1f, 0x00, 0x00, 0x00, 0x00, 0x00, 0x00, 0x00, 0x00, 0x00,
    0x00, 0x00, 0x00, 0x00, 0x00, 0x00, 0x00, 0x00, 0x00, 0x00, 0x00, 0x00,
    0x00, 0x00, 0x00, 0x00, 0x00, 0x00, 0x00, 0x00, 0x00, 0x00, 0x00, 0x00,
    0x00, 0x00, 0x00, 0x00, 0x00, 0x00, 0x00, 0x00, 0x00, 0x00, 0x00, 0x00,
    0x00, 0x00, 0x00, 0x00, 0x00, 0x00, 0x00, 0x00, 0x00, 0x00, 0x00, 0x00,
    0x00, 0x00, 0x00, 0x00, 0x00, 0x00, 0x00, 0x00, 0x00, 0x00, 0x00, 0x00,
    0x00, 0x00, 0x00, 0x00, 0x00, 0x00, 0x00, 0x00, 0x00, 0x00, 0x00, 0x00,
    0x00, 0x00, 0x00, 0x00, 0x00, 0x00, 0x00, 0x00, 0x00, 0x00, 0x00, 0x00,
    0x00, 0x00, 0x00, 0x00, 0x00, 0x00, 0x00, 0x00, 0x00, 0x00, 0x00, 0x00,
    0x00, 0x00, 0x00, 0x00, 0x00, 0x00, 0x00, 0x00, 0x00, 0x00, 0x00, 0x00,
    0x00, 0x00, 0x00, 0x00, 0x00, 0x00, 0x00, 0x00, 0x00, 0x00, 0x00, 0x00,
    0x00, 0x00, 0x00, 0x00, 0x00, 0x00, 0x00, 0x00, 0x00, 0x00, 0x00, 0x00,
    0x00, 0x00, 0x00, 0x00, 0x00, 0x00, 0x00, 0x00, 0x00, 0x00, 0x00, 0x00,
    0x59, 0x81, 0x41, 0x00, 0x00, 0x00, 0x00, 0x00, 0x8b, 0x69, 0x41, 0x00,
    0x00, 0x00, 0x00, 0x00, 0x8b, 0x69, 0x41, 0x00, 0x00, 0x00, 0x00, 0x00,
    0x8b, 0x69, 0x41, 0x00, 0x00, 0x00, 0x00, 0x00, 0x8b, 0x69, 0x41, 0x00,
    0x00, 0x00, 0x00, 0x00, 0x8b, 0x69, 0x41, 0x00, 0x00, 0x00, 0x00, 0x00,
    0x8b, 0x69, 0x41, 0x00, 0x00, 0x00, 0x00, 0x00, 0x8b, 0x69, 0x41, 0x00,
    0x00, 0x00, 0x00, 0x00, 0x8b, 0x69, 0x41, 0x00, 0x00, 0x00, 0x00, 0x00,
    0x8b, 0x69, 0x41, 0x00, 0x00, 0x00, 0x00, 0x00, 0x8b, 0x69, 0x41, 0x00,
    0x00, 0x00, 0x00, 0x00, 0x8b, 0x69, 0x41, 0x00, 0x00, 0x00, 0x00, 0x00,
    0x8b, 0x69, 0x41, 0x00, 0x00, 0x00, 0x00, 0x00, 0x8b, 0x69, 0x41, 0x00,
    0x00, 0x00, 0x00, 0x00, 0x8b, 0x69, 0x41, 0x00, 0x00, 0x00, 0x00, 0x00,
    0x8b, 0x69, 0x41, 0x00, 0x00, 0x00, 0x00, 0x00, 0x8b, 0x69, 0x41, 0x00,
    0x00, 0x00, 0x00, 0x00, 0x8b, 0x69, 0x41, 0x00, 0x00, 0x00, 0x00, 0x00,
    0x8b, 0x69, 0x41, 0x00, 0x00, 0x00, 0x00, 0x00, 0x8b, 0x69, 0x41, 0x00,
    0x00, 0x00, 0x00, 0x00, 0x8b, 0x69, 0x41, 0x00, 0x00, 0x00, 0x00, 0x00,
    0x8b, 0x69, 0x41, 0x00, 0x00, 0x00, 0x00, 0x00, 0x8b, 0x69, 0x41, 0x00,
    0x00, 0x00, 0x00, 0x00, 0x8b, 0x69, 0x41, 0x00, 0x00, 0x00, 0x00, 0x00,
    0x8b, 0x69, 0x41, 0x00, 0x00, 0x00, 0x00, 0x00, 0x8b, 0x69, 0x41, 0x00,
    0x00, 0x00, 0x00, 0x00, 0x8b, 0x69, 0x41, 0x00, 0x00, 0x00, 0x00, 0x00,
    0x8b, 0x69, 0x41, 0x00, 0x00, 0x00, 0x00, 0x00, 0x8b, 0x69, 0x41, 0x00,
    0x00, 0x00, 0x00, 0x00, 0x8b, 0x69, 0x41, 0x00, 0x00, 0x00, 0x00, 0x00,
    0x8b, 0x69, 0x41, 0x00, 0x00, 0x00, 0x00, 0x00, 0x8b, 0x69, 0x41, 0x00,
    0x00, 0x00, 0x00, 0x00, 0x17, 0x65, 0x41, 0x00, 0x00, 0x00, 0x00, 0x00,
    0x8b, 0x69, 0x41, 0x00, 0x00, 0x00, 0x00, 0x00, 0x8b, 0x69, 0x41, 0x00,
    0x00, 0x00, 0x00, 0x00, 0x36, 0x65, 0x41, 0x00, 0x00, 0x00, 0x00, 0x00,
    0x8b, 0x69, 0x41, 0x00, 0x00, 0x00, 0x00, 0x00, 0x8b, 0x69, 0x41, 0x00,
    0x00, 0x00, 0x00, 0x00, 0x8b, 0x69, 0x41, 0x00, 0x00, 0x00, 0x00, 0x00,
    0x8b, 0x69, 0x41, 0x00, 0x00, 0x00, 0x00, 0x00, 0x8b, 0x69, 0x41, 0x00,
    0x00, 0x00, 0x00, 0x00, 0x8b, 0x69, 0x41, 0x00, 0x00, 0x00, 0x00, 0x00,
    0xfd, 0x64, 0x41, 0x00, 0x00, 0x00, 0x00, 0x00, 0xe9, 0x64, 0x41, 0x00,
    0x00, 0x00, 0x00, 0x00, 0x8b, 0x69, 0x41, 0x00, 0x00, 0x00, 0x00, 0x00,
    0x7a, 0x65, 0x41, 0x00, 0x00, 0x00, 0x00, 0x00, 0x67, 0x64, 0x41, 0x00,
    0x00, 0x00, 0x00, 0x00, 0x8b, 0x69, 0x41, 0x00, 0x00, 0x00, 0x00, 0x00,
    0x2a, 0x65, 0x41, 0x00, 0x00, 0x00, 0x00, 0x00, 0xb5, 0x64, 0x41, 0x00,
    0x00, 0x00, 0x00, 0x00, 0xb5, 0x64, 0x41, 0x00, 0x00, 0x00, 0x00, 0x00,
    0xb5, 0x64, 0x41, 0x00, 0x00, 0x00, 0x00, 0x00, 0xb5, 0x64, 0x41, 0x00,
    0x00, 0x00, 0x00, 0x00, 0xb5, 0x64, 0x41, 0x00, 0x00, 0x00, 0x00, 0x00,
    0xb5, 0x64, 0x41, 0x00, 0x00, 0x00, 0x00, 0x00, 0xb5, 0x64, 0x41, 0x00,
    0x00, 0x00, 0x00, 0x00, 0xb5, 0x64, 0x41, 0x00, 0x00, 0x00, 0x00, 0x00,
    0xb5, 0x64, 0x41, 0x00, 0x00, 0x00, 0x00, 0x00, 0x8b, 0x69, 0x41, 0x00,
    0x00, 0x00, 0x00, 0x00, 0x8b, 0x69, 0x41, 0x00, 0x00, 0x00, 0x00, 0x00,
    0x8b, 0x69, 0x41, 0x00, 0x00, 0x00, 0x00, 0x00, 0x8b, 0x69, 0x41, 0x00,
    0x00, 0x00, 0x00, 0x00, 0x8b, 0x69, 0x41, 0x00, 0x00, 0x00, 0x00, 0x00,
    0x8b, 0x69, 0x41, 0x00, 0x00, 0x00, 0x00, 0x00, 0x8b, 0x69, 0x41, 0x00,
    0x00, 0x00, 0x00, 0x00, 0x8b, 0x69, 0x41, 0x00, 0x00, 0x00, 0x00, 0x00,
    0x8b, 0x69, 0x41, 0x00, 0x00, 0x00, 0x00, 0x00, 0x8b, 0x69, 0x41, 0x00,
    0x00, 0x00, 0x00, 0x00, 0xf7, 0x68, 0x41, 0x00, 0x00, 0x00, 0x00, 0x00,
    0xb0, 0x65, 0x41, 0x00, 0x00, 0x00, 0x00, 0x00, 0x8b, 0x69, 0x41, 0x00,
    0x00, 0x00, 0x00, 0x00, 0xb0, 0x65, 0x41, 0x00, 0x00, 0x00, 0x00, 0x00,
    0x8b, 0x69, 0x41, 0x00, 0x00, 0x00, 0x00, 0x00, 0x8b, 0x69, 0x41, 0x00,
    0x00, 0x00, 0x00, 0x00, 0x8b, 0x69, 0x41, 0x00, 0x00, 0x00, 0x00, 0x00,
    0x8b, 0x69, 0x41, 0x00, 0x00, 0x00, 0x00, 0x00, 0xf4, 0x64, 0x41, 0x00,
    0x00, 0x00, 0x00, 0x00, 0x8b, 0x69, 0x41, 0x00, 0x00, 0x00, 0x00, 0x00,
    0x8b, 0x69, 0x41, 0x00, 0x00, 0x00, 0x00, 0x00, 0x94, 0x68, 0x41, 0x00,
    0x00, 0x00, 0x00, 0x00, 0x8b, 0x69, 0x41, 0x00, 0x00, 0x00, 0x00, 0x00,
    0x8b, 0x69, 0x41, 0x00, 0x00, 0x00, 0x00, 0x00, 0x8b, 0x69, 0x41, 0x00,
    0x00, 0x00, 0x00, 0x00, 0x8b, 0x69, 0x41, 0x00, 0x00, 0x00, 0x00, 0x00,
    0x8b, 0x69, 0x41, 0x00, 0x00, 0x00, 0x00, 0x00, 0x7e, 0x67, 0x41, 0x00,
    0x00, 0x00, 0x00, 0x00, 0x8b, 0x69, 0x41, 0x00, 0x00, 0x00, 0x00, 0x00,
    0x8b, 0x69, 0x41, 0x00, 0x00, 0x00, 0x00, 0x00, 0x4b, 0x67, 0x41, 0x00,
    0x00, 0x00, 0x00, 0x00, 0x8b, 0x69, 0x41, 0x00, 0x00, 0x00, 0x00, 0x00,
    0x8b, 0x69, 0x41, 0x00, 0x00, 0x00, 0x00, 0x00, 0x8b, 0x69, 0x41, 0x00,
    0x00, 0x00, 0x00, 0x00, 0x8b, 0x69, 0x41, 0x00, 0x00, 0x00, 0x00, 0x00,
    0x8b, 0x69, 0x41, 0x00, 0x00, 0x00, 0x00, 0x00, 0x8b, 0x69, 0x41, 0x00,
    0x00, 0x00, 0x00, 0x00, 0x8b, 0x69, 0x41, 0x00, 0x00, 0x00, 0x00, 0x00,
    0x8b, 0x69, 0x41, 0x00, 0x00, 0x00, 0x00, 0x00, 0x8b, 0x69, 0x41, 0x00,
    0x00, 0x00, 0x00, 0x00, 0x8b, 0x69, 0x41, 0x00, 0x00, 0x00, 0x00, 0x00,
    0x52, 0x67, 0x41, 0x00, 0x00, 0x00, 0x00, 0x00, 0xfb, 0x68, 0x41, 0x00,
    0x00, 0x00, 0x00, 0x00, 0xb0, 0x65, 0x41, 0x00, 0x00, 0x00, 0x00, 0x00,
    0xb0, 0x65, 0x41, 0x00, 0x00, 0x00, 0x00, 0x00, 0xb0, 0x65, 0x41, 0x00,
    0x00, 0x00, 0x00, 0x00, 0x3f, 0x65, 0x41, 0x00, 0x00, 0x00, 0x00, 0x00,
    0xfb, 0x68, 0x41, 0x00, 0x00, 0x00, 0x00, 0x00, 0x8b, 0x69, 0x41, 0x00,
    0x00, 0x00, 0x00, 0x00, 0x8b, 0x69, 0x41, 0x00, 0x00, 0x00, 0x00, 0x00,
    0xe0, 0x64, 0x41, 0x00, 0x00, 0x00, 0x00, 0x00, 0x8b, 0x69, 0x41, 0x00,
    0x00, 0x00, 0x00, 0x00, 0x60, 0x68, 0x41, 0x00, 0x00, 0x00, 0x00, 0x00,
    0x86, 0x67, 0x41, 0x00, 0x00, 0x00, 0x00, 0x00, 0x23, 0x67, 0x41, 0x00,
    0x00, 0x00, 0x00, 0x00, 0xe0, 0x64, 0x41, 0x00, 0x00, 0x00, 0x00, 0x00,
    0x8b, 0x69, 0x41, 0x00, 0x00, 0x00, 0x00, 0x00, 0x5f, 0x69, 0x41, 0x00,
    0x00, 0x00, 0x00, 0x00, 0x8b, 0x69, 0x41, 0x00, 0x00, 0x00, 0x00, 0x00,
    0x00, 0x68, 0x41, 0x00, 0x00, 0x00, 0x00, 0x00, 0x8b, 0x69, 0x41, 0x00,
    0x00, 0x00, 0x00, 0x00, 0x8b, 0x69, 0x41, 0x00, 0x00, 0x00, 0x00, 0x00,
    0x8e, 0x67, 0x41, 0x00, 0x00, 0x00, 0x00, 0x00, 0x00, 0x00, 0x00, 0x00,
    0x00, 0x00, 0x00, 0x00, 0x20, 0x20, 0x20, 0x20, 0x20, 0x20, 0x20, 0x20,
    0x20, 0x20, 0x20, 0x20, 0x20, 0x20, 0x20, 0x20, 0x30, 0x30, 0x30, 0x30,
    0x30, 0x30, 0x30, 0x30, 0x30, 0x30, 0x30, 0x30, 0x30, 0x30, 0x30, 0x30,
    0x95, 0x9e, 0x41, 0x00, 0x00, 0x00, 0x00, 0x00, 0x79, 0x9f, 0x41, 0x00,
    0x00, 0x00, 0x00, 0x00, 0x49, 0x9f, 0x41, 0x00, 0x00, 0x00, 0x00, 0x00,
    0xa9, 0x9f, 0x41, 0x00, 0x00, 0x00, 0x00, 0x00, 0xb5, 0x9f, 0x41, 0x00,
    0x00, 0x00, 0x00, 0x00, 0x5b, 0x9f, 0x41, 0x00, 0x00, 0x00, 0x00, 0x00,
    0x7f, 0x9f, 0x41, 0x00, 0x00, 0x00, 0x00, 0x00, 0x85, 0x9f, 0x41, 0x00,
    0x00, 0x00, 0x00, 0x00, 0xd3, 0x9f, 0x41, 0x00, 0x00, 0x00, 0x00, 0x00,
    0xc1, 0x9f, 0x41, 0x00, 0x00, 0x00, 0x00, 0x00, 0x19, 0x9f, 0x41, 0x00,
    0x00, 0x00, 0x00, 0x00, 0x61, 0x9f, 0x41, 0x00, 0x00, 0x00, 0x00, 0x00,
    0x3d, 0x9f, 0x41, 0x00, 0x00, 0x00, 0x00, 0x00, 0x01, 0x9f, 0x41, 0x00,
    0x00, 0x00, 0x00, 0x00, 0x91, 0x9f, 0x41, 0x00, 0x00, 0x00, 0x00, 0x00,
    0x75, 0xa0, 0x41, 0x00, 0x00, 0x00, 0x00, 0x00, 0x97, 0x9f, 0x41, 0x00,
    0x00, 0x00, 0x00, 0x00, 0xe5, 0x9f, 0x41, 0x00, 0x00, 0x00, 0x00, 0x00,
    0xd9, 0x9f, 0x41, 0x00, 0x00, 0x00, 0x00, 0x00, 0xf5, 0x9e, 0x41, 0x00,
    0x00, 0x00, 0x00, 0x00, 0x43, 0x9f, 0x41, 0x00, 0x00, 0x00, 0x00, 0x00,
    0xf7, 0x9f, 0x41, 0x00, 0x00, 0x00, 0x00, 0x00, 0xfb, 0x9e, 0x41, 0x00,
    0x00, 0x00, 0x00, 0x00, 0x37, 0x9f, 0x41, 0x00, 0x00, 0x00, 0x00, 0x00,
    0x13, 0x9f, 0x41, 0x00, 0x00, 0x00, 0x00, 0x00, 0x6d, 0x9f, 0x41, 0x00,
    0x00, 0x00, 0x00, 0x00, 0x07, 0x9f, 0x41, 0x00, 0x00, 0x00, 0x00, 0x00,
    0x21, 0xa0, 0x41, 0x00, 0x00, 0x00, 0x00, 0x00, 0x1b, 0xa0, 0x41, 0x00,
    0x00, 0x00, 0x00, 0x00, 0x2b, 0x9f, 0x41, 0x00, 0x00, 0x00, 0x00, 0x00,
    0x4f, 0x9f, 0x41, 0x00, 0x00, 0x00, 0x00, 0x00, 0xa3, 0x9f, 0x41, 0x00,
    0x00, 0x00, 0x00, 0x00, 0x55, 0x9f, 0x41, 0x00, 0x00, 0x00, 0x00, 0x00,
    0x39, 0xa0, 0x41, 0x00, 0x00, 0x00, 0x00, 0x00, 0x1f, 0x9f, 0x41, 0x00,
    0x00, 0x00, 0x00, 0x00, 0xdf, 0x9f, 0x41, 0x00, 0x00, 0x00, 0x00, 0x00,
    0x33, 0xa0, 0x41, 0x00, 0x00, 0x00, 0x00, 0x00, 0x75, 0xa0, 0x41, 0x00,
    0x00, 0x00, 0x00, 0x00, 0x75, 0xa0, 0x41, 0x00, 0x00, 0x00, 0x00, 0x00,
    0x75, 0xa0, 0x41, 0x00, 0x00, 0x00, 0x00, 0x00, 0x75, 0xa0, 0x41, 0x00,
    0x00, 0x00, 0x00, 0x00, 0x75, 0xa0, 0x41, 0x00, 0x00, 0x00, 0x00, 0x00,
    0x75, 0xa0, 0x41, 0x00, 0x00, 0x00, 0x00, 0x00, 0x75, 0xa0, 0x41, 0x00,
    0x00, 0x00, 0x00, 0x00, 0x75, 0xa0, 0x41, 0x00, 0x00, 0x00, 0x00, 0x00,
    0xe3, 0x9e, 0x41, 0x00, 0x00, 0x00, 0x00, 0x00, 0xbb, 0x9f, 0x41, 0x00,
    0x00, 0x00, 0x00, 0x00, 0x75, 0xa0, 0x41, 0x00, 0x00, 0x00, 0x00, 0x00,
    0x75, 0xa0, 0x41, 0x00, 0x00, 0x00, 0x00, 0x00, 0x75, 0xa0, 0x41, 0x00,
    0x00, 0x00, 0x00, 0x00, 0x75, 0xa0, 0x41, 0x00, 0x00, 0x00, 0x00, 0x00,
    0x75, 0xa0, 0x41, 0x00, 0x00, 0x00, 0x00, 0x00, 0x75, 0xa0, 0x41, 0x00,
    0x00, 0x00, 0x00, 0x00, 0x75, 0xa0, 0x41, 0x00, 0x00, 0x00, 0x00, 0x00,
    0x75, 0xa0, 0x41, 0x00, 0x00, 0x00, 0x00, 0x00, 0x75, 0xa0, 0x41, 0x00,
    0x00, 0x00, 0x00, 0x00, 0x75, 0xa0, 0x41, 0x00, 0x00, 0x00, 0x00, 0x00,
    0x75, 0xa0, 0x41, 0x00, 0x00, 0x00, 0x00, 0x00, 0x75, 0xa0, 0x41, 0x00,
    0x00, 0x00, 0x00, 0x00, 0x75, 0xa0, 0x41, 0x00, 0x00, 0x00, 0x00, 0x00,
    0xdd, 0x9e, 0x41, 0x00, 0x00, 0x00, 0x00, 0x00, 0xd7, 0x9e, 0x41, 0x00,
    0x00, 0x00, 0x00, 0x00, 0x31, 0x9f, 0x41, 0x00, 0x00, 0x00, 0x00, 0x00,
    0x73, 0x9f, 0x41, 0x00, 0x00, 0x00, 0x00, 0x00, 0x75, 0xa0, 0x41, 0x00,
    0x00, 0x00, 0x00, 0x00, 0x75, 0xa0, 0x41, 0x00, 0x00, 0x00, 0x00, 0x00,
    0x75, 0xa0, 0x41, 0x00, 0x00, 0x00, 0x00, 0x00, 0xf1, 0x9f, 0x41, 0x00,
    0x00, 0x00, 0x00, 0x00, 0x75, 0xa0, 0x41, 0x00, 0x00, 0x00, 0x00, 0x00,
    0x75, 0xa0, 0x41, 0x00, 0x00, 0x00, 0x00, 0x00, 0x75, 0xa0, 0x41, 0x00,
    0x00, 0x00, 0x00, 0x00, 0xb9, 0x9e, 0x41, 0x00, 0x00, 0x00, 0x00, 0x00,
    0x75, 0xa0, 0x41, 0x00, 0x00, 0x00, 0x00, 0x00, 0x75, 0xa0, 0x41, 0x00,
    0x00, 0x00, 0x00, 0x00, 0xe9, 0x9e, 0x41, 0x00, 0x00, 0x00, 0x00, 0x00,
    0x75, 0xa0, 0x41, 0x00, 0x00, 0x00, 0x00, 0x00, 0x75, 0xa0, 0x41, 0x00,
    0x00, 0x00, 0x00, 0x00, 0x8b, 0x9f, 0x41, 0x00, 0x00, 0x00, 0x00, 0x00,
    0x75, 0xa0, 0x41, 0x00, 0x00, 0x00, 0x00, 0x00, 0x75, 0xa0, 0x41, 0x00,
    0x00, 0x00, 0x00, 0x00, 0x75, 0xa0, 0x41, 0x00, 0x00, 0x00, 0x00, 0x00,
    0x75, 0xa0, 0x41, 0x00, 0x00, 0x00, 0x00, 0x00, 0x75, 0xa0, 0x41, 0x00,
    0x00, 0x00, 0x00, 0x00, 0x75, 0xa0, 0x41, 0x00, 0x00, 0x00, 0x00, 0x00,
    0x75, 0xa0, 0x41, 0x00, 0x00, 0x00, 0x00, 0x00, 0x75, 0xa0, 0x41, 0x00,
    0x00, 0x00, 0x00, 0x00, 0x75, 0xa0, 0x41, 0x00, 0x00, 0x00, 0x00, 0x00,
    0x75, 0xa0, 0x41, 0x00, 0x00, 0x00, 0x00, 0x00, 0xaf, 0x9f, 0x41, 0x00,
    0x00, 0x00, 0x00, 0x00, 0x75, 0xa0, 0x41, 0x00, 0x00, 0x00, 0x00, 0x00,
    0x3f, 0xa0, 0x41, 0x00, 0x00, 0x00, 0x00, 0x00, 0x9d, 0x9f, 0x41, 0x00,
    0x00, 0x00, 0x00, 0x00, 0xd1, 0x9e, 0x41, 0x00, 0x00, 0x00, 0x00, 0x00,
    0x75, 0xa0, 0x41, 0x00, 0x00, 0x00, 0x00, 0x00, 0x75, 0xa0, 0x41, 0x00,
    0x00, 0x00, 0x00, 0x00, 0xbf, 0x9e, 0x41, 0x00, 0x00, 0x00, 0x00, 0x00,
    0x75, 0xa0, 0x41, 0x00, 0x00, 0x00, 0x00, 0x00, 0x75, 0xa0, 0x41, 0x00,
    0x00, 0x00, 0x00, 0x00, 0x75, 0xa0, 0x41, 0x00, 0x00, 0x00, 0x00, 0x00,
    0x75, 0xa0, 0x41, 0x00, 0x00, 0x00, 0x00, 0x00, 0x75, 0xa0, 0x41, 0x00,
    0x00, 0x00, 0x00, 0x00, 0x75, 0xa0, 0x41, 0x00, 0x00, 0x00, 0x00, 0x00,
    0x75, 0xa0, 0x41, 0x00, 0x00, 0x00, 0x00, 0x00, 0x75, 0xa0, 0x41, 0x00,
    0x00, 0x00, 0x00, 0x00, 0x57, 0xa0, 0x41, 0x00, 0x00, 0x00, 0x00, 0x00,
    0x2d, 0xa0, 0x41, 0x00, 0x00, 0x00, 0x00, 0x00, 0xcb, 0x9e, 0x41, 0x00,
    0x00, 0x00, 0x00, 0x00, 0xc7, 0x9f, 0x41, 0x00, 0x00, 0x00, 0x00, 0x00,
    0xeb, 0x9f, 0x41, 0x00, 0x00, 0x00, 0x00, 0x00, 0xc5, 0x9e, 0x41, 0x00,
    0x00, 0x00, 0x00, 0x00, 0x75, 0xa0, 0x41, 0x00, 0x00, 0x00, 0x00, 0x00,
    0x15, 0xa0, 0x41, 0x00, 0x00, 0x00, 0x00, 0x00, 0xfd, 0x9f, 0x41, 0x00,
    0x00, 0x00, 0x00, 0x00, 0x69, 0xa0, 0x41, 0x00, 0x00, 0x00, 0x00, 0x00,
    0x4b, 0xa0, 0x41, 0x00, 0x00, 0x00, 0x00, 0x00, 0x5d, 0xa0, 0x41, 0x00,
    0x00, 0x00, 0x00, 0x00, 0x03, 0xa0, 0x41, 0x00, 0x00, 0x00, 0x00, 0x00,
    0x09, 0xa0, 0x41, 0x00, 0x00, 0x00, 0x00, 0x00, 0x0d, 0x9f, 0x41, 0x00,
    0x00, 0x00, 0x00, 0x00, 0x27, 0xa0, 0x41, 0x00, 0x00, 0x00, 0x00, 0x00,
    0xa7, 0x9e, 0x41, 0x00, 0x00, 0x00, 0x00, 0x00, 0x45, 0xa0, 0x41, 0x00,
    0x00, 0x00, 0x00, 0x00, 0x51, 0xa0, 0x41, 0x00, 0x00, 0x00, 0x00, 0x00,
    0x67, 0x9f, 0x41, 0x00, 0x00, 0x00, 0x00, 0x00, 0x75, 0xa0, 0x41, 0x00,
    0x00, 0x00, 0x00, 0x00, 0x63, 0xa0, 0x41, 0x00, 0x00, 0x00, 0x00, 0x00,
    0x0f, 0xa0, 0x41, 0x00, 0x00, 0x00, 0x00, 0x00, 0xad, 0x9e, 0x41, 0x00,
    0x00, 0x00, 0x00, 0x00, 0xef, 0x9e, 0x41, 0x00, 0x00, 0x00, 0x00, 0x00,
    0x75, 0xa0, 0x41, 0x00, 0x00, 0x00, 0x00, 0x00, 0x75, 0xa0, 0x41, 0x00,
    0x00, 0x00, 0x00, 0x00, 0x75, 0xa0, 0x41, 0x00, 0x00, 0x00, 0x00, 0x00,
    0x75, 0xa0, 0x41, 0x00, 0x00, 0x00, 0x00, 0x00, 0x75, 0xa0, 0x41, 0x00,
    0x00, 0x00, 0x00, 0x00, 0xcd, 0x9f, 0x41, 0x00, 0x00, 0x00, 0x00, 0x00,
    0x75, 0xa0, 0x41, 0x00, 0x00, 0x00, 0x00, 0x00, 0x75, 0xa0, 0x41, 0x00,
    0x00, 0x00, 0x00, 0x00, 0x75, 0xa0, 0x41, 0x00, 0x00, 0x00, 0x00, 0x00,
    0xb3, 0x9e, 0x41, 0x00, 0x00, 0x00, 0x00, 0x00, 0x6f, 0xa0, 0x41, 0x00,
    0x00, 0x00, 0x00, 0x00, 0xa1, 0x9e, 0x41, 0x00, 0x00, 0x00, 0x00, 0x00,
    0x25, 0x9f, 0x41, 0x00, 0x00, 0x00, 0x00, 0x00, 0x9b, 0x9e, 0x41, 0x00,
    0x00, 0x00, 0x00, 0x00, 0x02, 0x00, 0x00, 0x00, 0x01, 0x00, 0x00, 0x00,
    0x03, 0x00, 0x00, 0x00, 0x00, 0x00, 0x00, 0x00, 0x00, 0x00, 0x00, 0x00,
    0x00, 0x00, 0xf0, 0xbf, 0x00, 0x00, 0x00, 0x00, 0x00, 0x00, 0x70, 0x03,
    0x00, 0x00, 0x00, 0x00, 0x00, 0x00, 0xf8, 0xbf, 0x00, 0x00, 0x00, 0x00,
    0x00, 0x00, 0x00, 0x40, 0xff, 0xff, 0xff, 0xff, 0xff, 0xff, 0xef, 0x7f,
    0x00, 0x00, 0x00, 0x00, 0x00, 0x00, 0xf0, 0x7f, 0x00, 0x00, 0x00, 0x00,
    0x00, 0x00, 0x50, 0x39, 0x00, 0x00, 0x00, 0x00, 0x00, 0x00, 0xf0, 0x3f,
    0xff, 0xff, 0xff, 0xff, 0xff, 0xff, 0xff, 0x7f, 0x00, 0x00, 0x00, 0x00,
    0x00, 0x00, 0x24, 0x40, 0x00, 0x00, 0x00, 0x00, 0x00, 0x00, 0x14, 0x40,
    0x00, 0x00, 0x00, 0x00, 0x00, 0x00, 0xe0, 0x3f, 0x95, 0xd6, 0x26, 0xe8,
    0x0b, 0x2e, 0x11, 0x3e, 0x00, 0x00, 0x00, 0x00, 0x00, 0x00, 0x1c, 0x40,
    0x00, 0x00, 0xc0, 0xff, 0xff, 0xff, 0xdf, 0x41, 0x00, 0x00, 0x00, 0x00,
    0x00, 0x00, 0xf8, 0x7f, 0x00, 0x00, 0x00, 0x00, 0x00, 0x00, 0x14, 0xc0,
    0x95, 0xd6, 0x26, 0xe8, 0x0b, 0x2e, 0x11, 0xbe, 0x35, 0xe5, 0xaf, 0x35,
    0x00, 0x00, 0xe0, 0x3f, 0xb3, 0xc8, 0x60, 0x8b, 0x28, 0x8a, 0xc6, 0x3f,
    0xfb, 0x79, 0x9f, 0x50, 0x13, 0x44, 0xd3, 0x3f, 0x95, 0x35, 0xa0, 0x94,
    0xff, 0xff, 0xcf, 0x3f, 0x61, 0x43, 0x6f, 0x63, 0xa7, 0x87, 0xd2, 0x3f,
    0x95, 0x35, 0xa0, 0x94, 0xff, 0xff, 0xdf, 0x3f, 0x66, 0x61, 0x6c, 0x73,
    0x65, 0x00, 0x63, 0x68, 0x6d, 0x6f, 0x64, 0x00, 0x2f, 0x0a, 0x00, 0x53,
    0x65, 0x70, 0x00, 0x09, 0x25, 0x73, 0x00, 0x6e, 0x6c, 0x3a, 0x20, 0x25,
    0x73, 0x3a, 0x20, 0x63, 0x61, 0x6e, 0x6e, 0x6f, 0x74, 0x20, 0x6f, 0x70,
    0x65, 0x6e, 0x0a, 0x00, 0x2f, 0x64, 0x65, 0x76, 0x2f, 0x74, 0x74, 0x79,
    0x00, 0x2c, 0x20, 0x66, 0x75, 0x6e, 0x63, 0x74, 0x69, 0x6f, 0x6e, 0x3a,
    0x20, 0x00, 0x53, 0x6f, 0x63, 0x6b, 0x65, 0x74, 0x20, 0x61, 0x6c, 0x72,
    0x65, 0x61, 0x64, 0x79, 0x20, 0x63, 0x6f, 0x6e, 0x6e, 0x65, 0x63, 0x74,
    0x65, 0x64, 0x00, 0x49, 0x73, 0x20, 0x61, 0x20, 0x64, 0x69, 0x72, 0x65,
    0x63, 0x74, 0x6f, 0x72, 0x79, 0x00, 0x49, 0x6c, 0x6c, 0x65, 0x67, 0x61,
    0x6c, 0x20, 0x73, 0x65, 0x65, 0x6b, 0x00, 0x63, 0x75, 0x74, 0x00, 0x75,
    0x73, 0x61, 0x67, 0x65, 0x3a, 0x20, 0x73, 0x6c, 0x65, 0x65, 0x70, 0x20,
    0x6e, 0x75, 0x6d, 0x62, 0x65, 0x72, 0x5b, 0x75, 0x6e, 0x69, 0x74, 0x5d,
    0x20, 0x2e, 0x2e, 0x2e, 0x0a, 0x00, 0x68, 0x6f, 0x73, 0x74, 0x6e, 0x61,
    0x6d, 0x65, 0x3a, 0x20, 0x63, 0x61, 0x6e, 0x6e, 0x6f, 0x74, 0x20, 0x73,
    0x65, 0x74, 0x20, 0x68, 0x6f, 0x73, 0x74, 0x6e, 0x61, 0x6d, 0x65, 0x20,
    0x28, 0x6e, 0x6f, 0x74, 0x20, 0x73, 0x75, 0x70, 0x70, 0x6f, 0x72, 0x74,
    0x65, 0x64, 0x29, 0x0a, 0x00, 0x41, 0x75, 0x67, 0x00, 0x2d, 0x66, 0x00,
    0x74, 0x65, 0x73, 0x74, 0x3a, 0x20, 0x6d, 0x69, 0x73, 0x73, 0x69, 0x6e,
    0x67, 0x20, 0x5d, 0x0a, 0x00, 0x25, 0x6c, 0x75, 0x20, 0x25, 0x6c, 0x75,
    0x20, 0x25, 0x73, 0x0a, 0x00, 0x25, 0x73, 0x25, 0x63, 0x25, 0x63, 0x00,
    0x1b, 0x5b, 0x37, 0x6d, 0x00, 0x53, 0x75, 0x63, 0x63, 0x65, 0x73, 0x73,
    0x00, 0x43, 0x72, 0x6f, 0x73, 0x73, 0x2d, 0x64, 0x65, 0x76, 0x69, 0x63,
    0x65, 0x20, 0x6c, 0x69, 0x6e, 0x6b, 0x00, 0x46, 0x69, 0x6c, 0x65, 0x20,
    0x64, 0x65, 0x73, 0x63, 0x72, 0x69, 0x70, 0x74, 0x6f, 0x72, 0x20, 0x76,
    0x61, 0x6c, 0x75, 0x65, 0x20, 0x74, 0x6f, 0x6f, 0x20, 0x6c, 0x61, 0x72,
    0x67, 0x65, 0x00, 0x46, 0x69, 0x6c, 0x65, 0x20, 0x74, 0x6f, 0x6f, 0x20,
    0x6c, 0x61, 0x72, 0x67, 0x65, 0x00, 0x63, 0x61, 0x74, 0x00, 0x72, 0x6d,
    0x00, 0x20, 0x00, 0x53, 0x75, 0x6e, 0x00, 0x4f, 0x63, 0x74, 0x00, 0x3d,
    0x3d, 0x00, 0x2d, 0x67, 0x74, 0x00, 0x2d, 0x2b, 0x20, 0x23, 0x30, 0x00,
    0x2d, 0x31, 0x00, 0x6b, 0x69, 0x6c, 0x6c, 0x3a, 0x20, 0x69, 0x6e, 0x76,
    0x61, 0x6c, 0x69, 0x64, 0x20, 0x70, 0x69, 0x64, 0x3a, 0x20, 0x25, 0x73,
    0x0a, 0x00, 0x75, 0x73, 0x61, 0x67, 0x65, 0x3a, 0x20, 0x63, 0x68, 0x6d,
    0x6f, 0x64, 0x20, 0x5b, 0x2d, 0x52, 0x76, 0x5d, 0x20, 0x6d, 0x6f, 0x64,
    0x65, 0x20, 0x66, 0x69, 0x6c, 0x65, 0x20, 0x2e, 0x2e, 0x2e, 0x0a, 0x00,
    0x6c, 0x6e, 0x3a, 0x20, 0x25, 0x73, 0x20, 0x2d, 0x3e, 0x20, 0x25, 0x73,
    0x3a, 0x20, 0x66, 0x61, 0x69, 0x6c, 0x65, 0x64, 0x0a, 0x00, 0x4d, 0x6f,
    0x64, 0x65, 0x3a, 0x20, 0x25, 0x6f, 0x0a, 0x00, 0x25, 0x6c, 0x75, 0x20,
    0x25, 0x6c, 0x75, 0x0a, 0x00, 0x64, 0x75, 0x3a, 0x20, 0x25, 0x73, 0x3a,
    0x20, 0x6e, 0x6f, 0x74, 0x20, 0x66, 0x6f, 0x75, 0x6e, 0x64, 0x0a, 0x00,
    0x75, 0x73, 0x61, 0x67, 0x65, 0x3a, 0x20, 0x6d, 0x6b, 0x66, 0x69, 0x66,
    0x6f, 0x20, 0x66, 0x69, 0x6c, 0x65, 0x20, 0x2e, 0x2e, 0x2e, 0x0a, 0x00,
    0x1b, 0x5b, 0x48, 0x1b, 0x5b, 0x32, 0x4a, 0x00, 0x44, 0x65, 0x73, 0x74,
    0x69, 0x6e, 0x61, 0x74, 0x69, 0x6f, 0x6e, 0x20, 0x61, 0x64, 0x64, 0x72,
    0x65, 0x73, 0x73, 0x20, 0x72, 0x65, 0x71, 0x75, 0x69, 0x72, 0x65, 0x64,
    0x00, 0x4e, 0x6f, 0x74, 0x20, 0x73, 0x75, 0x70, 0x70, 0x6f, 0x72, 0x74,
    0x65, 0x64, 0x00, 0x42, 0x61, 0x64, 0x20, 0x6d, 0x65, 0x73, 0x73, 0x61,
    0x67, 0x65, 0x00, 0x46, 0x69, 0x6c, 0x65, 0x20, 0x6f, 0x72, 0x20, 0x70,
    0x61, 0x74, 0x68, 0x20, 0x6e, 0x61, 0x6d, 0x65, 0x20, 0x74, 0x6f, 0x6f,
    0x20, 0x6c, 0x6f, 0x6e, 0x67, 0x00, 0x63, 0x6d, 0x64, 0x73, 0x3a, 0x20,
    0x6e, 0x6f, 0x20, 0x63, 0x6f, 0x6d, 0x6d, 0x61, 0x6e, 0x64, 0x20, 0x6e,
    0x61, 0x6d, 0x65, 0x0a, 0x00, 0x75, 0x6e, 0x61, 0x6d, 0x65, 0x00, 0x70,
    0x72, 0x69, 0x6e, 0x74, 0x65, 0x6e, 0x76, 0x00, 0x64, 0x64, 0x00, 0x73,
    0x6c, 0x65, 0x65, 0x70, 0x3a, 0x20, 0x69, 0x6e, 0x76, 0x61, 0x6c, 0x69,
    0x64, 0x20, 0x75, 0x6e, 0x69, 0x74, 0x20, 0x27, 0x25, 0x63, 0x27, 0x0a,
    0x00, 0x31, 0x2e, 0x30, 0x00, 0x2d, 0x77, 0x00, 0x73, 0x65, 0x71, 0x3a,
    0x20, 0x7a, 0x65, 0x72, 0x6f, 0x20, 0x69, 0x6e, 0x63, 0x72, 0x65, 0x6d,
    0x65, 0x6e, 0x74, 0x0a, 0x00, 0x2d, 0x54, 0x45, 0x52, 0x4d, 0x00, 0x2d,
    0x48, 0x55, 0x50, 0x00, 0x63, 0x70, 0x3a, 0x20, 0x77, 0x72, 0x69, 0x74,
    0x65, 0x20, 0x65, 0x72, 0x72, 0x6f, 0x72, 0x0a, 0x00, 0x2b, 0x00, 0x25,
    0x00, 0x75, 0x73, 0x61, 0x67, 0x65, 0x3a, 0x20, 0x72, 0x65, 0x61, 0x64,
    0x6c, 0x69, 0x6e, 0x6b, 0x20, 0x66, 0x69, 0x6c, 0x65, 0x0a, 0x00, 0x73,
    0x65, 0x64, 0x3a, 0x20, 0x25, 0x73, 0x3a, 0x20, 0x63, 0x61, 0x6e, 0x6e,
    0x6f, 0x74, 0x20, 0x6f, 0x70, 0x65, 0x6e, 0x0a, 0x00, 0x63, 0x6f, 0x6d,
    0x6d, 0x3a, 0x20, 0x25, 0x73, 0x3a, 0x20, 0x63, 0x61, 0x6e, 0x6e, 0x6f,
    0x74, 0x20, 0x6f, 0x70, 0x65, 0x6e, 0x0a, 0x00, 0x1b, 0x5b, 0x25, 0x64,
    0x3b, 0x25, 0x64, 0x48, 0x00, 0x30, 0x31, 0x32, 0x33, 0x34, 0x35, 0x36,
    0x37, 0x38, 0x39, 0x41, 0x42, 0x43, 0x44, 0x45, 0x46, 0x00, 0x42, 0x61,
    0x6c, 0x6c, 0x6f, 0x63, 0x20, 0x73, 0x75, 0x63, 0x63, 0x65, 0x65, 0x64,
    0x65, 0x64, 0x00, 0x50, 0x65, 0x72, 0x6d, 0x69, 0x73, 0x73, 0x69, 0x6f,
    0x6e, 0x20, 0x64, 0x65, 0x6e, 0x69, 0x65, 0x64, 0x00, 0x4d, 0x61, 0x74,
    0x68, 0x65, 0x6d, 0x61, 0x74, 0x69, 0x63, 0x73, 0x20, 0x61, 0x72, 0x67,
    0x75, 0x6d, 0x65, 0x6e, 0x74, 0x20, 0x6f, 0x75, 0x74, 0x20, 0x6f, 0x66,
    0x20, 0x64, 0x6f, 0x6d, 0x61, 0x69, 0x6e, 0x20, 0x6f, 0x66, 0x20, 0x66,
    0x75, 0x6e, 0x63, 0x74, 0x69, 0x6f, 0x6e, 0x00, 0x4f, 0x70, 0x65, 0x72,
    0x61, 0x74, 0x69, 0x6f, 0x6e, 0x20, 0x6e, 0x6f, 0x74, 0x20, 0x73, 0x75,
    0x70, 0x70, 0x6f, 0x72, 0x74, 0x65, 0x64, 0x20, 0x6f, 0x6e, 0x20, 0x73,
    0x6f, 0x63, 0x6b, 0x65, 0x74, 0x00, 0x6b, 0x69, 0x6c, 0x6c, 0x00, 0x77,
    0x68, 0x69, 0x63, 0x68, 0x00, 0x64, 0x75, 0x00, 0x6c, 0x73, 0x3a, 0x20,
    0x25, 0x73, 0x3a, 0x20, 0x25, 0x73, 0x0a, 0x00, 0x25, 0x73, 0x2f, 0x25,
    0x73, 0x00, 0x63, 0x6f, 0x6e, 0x76, 0x3d, 0x00, 0x73, 0x70, 0x6c, 0x69,
    0x74, 0x3a, 0x20, 0x63, 0x61, 0x6e, 0x6e, 0x6f, 0x74, 0x20, 0x63, 0x72,
    0x65, 0x61, 0x74, 0x65, 0x20, 0x25, 0x73, 0x0a, 0x00, 0x28, 0x45, 0x4e,
    0x44, 0x29, 0x00, 0x4e, 0x6f, 0x20, 0x73, 0x75, 0x63, 0x68, 0x20, 0x64,
    0x65, 0x76, 0x69, 0x63, 0x65, 0x00, 0x4e, 0x6f, 0x74, 0x20, 0x61, 0x20,
    0x63, 0x68, 0x61, 0x72, 0x61, 0x63, 0x74, 0x65, 0x72, 0x20, 0x64, 0x65,
    0x76, 0x69, 0x63, 0x65, 0x00, 0x4e, 0x6f, 0x20, 0x73, 0x70, 0x61, 0x63,
    0x65, 0x20, 0x6c, 0x65, 0x66, 0x74, 0x20, 0x6f, 0x6e, 0x20, 0x64, 0x65,
    0x76, 0x69, 0x63, 0x65, 0x00, 0x25, 0x73, 0x0a, 0x00, 0x69, 0x66, 0x3d,
    0x00, 0x25, 0x64, 0x2b, 0x25, 0x64, 0x20, 0x72, 0x65, 0x63, 0x6f, 0x72,
    0x64, 0x73, 0x20, 0x69, 0x6e, 0x0a, 0x25, 0x64, 0x2b, 0x25, 0x64, 0x20,
    0x72, 0x65, 0x63, 0x6f, 0x72, 0x64, 0x73, 0x20, 0x6f, 0x75, 0x74, 0x0a,
    0x00, 0x75, 0x73, 0x61, 0x67, 0x65, 0x3a, 0x20, 0x73, 0x65, 0x64, 0x20,
    0x5b, 0x2d, 0x6e, 0x5d, 0x20, 0x73, 0x63, 0x72, 0x69, 0x70, 0x74, 0x20,
    0x5b, 0x66, 0x69, 0x6c, 0x65, 0x20, 0x2e, 0x2e, 0x2e, 0x5d, 0x0a, 0x00,
    0x1b, 0x5b, 0x25, 0x64, 0x3b, 0x31, 0x48, 0x3a, 0x00, 0x53, 0x6f, 0x63,
    0x6b, 0x65, 0x74, 0x20, 0x69, 0x73, 0x20, 0x6e, 0x6f, 0x74, 0x20, 0x63,
    0x6f, 0x6e, 0x6e, 0x65, 0x63, 0x74, 0x65, 0x64, 0x00, 0x25, 0x37, 0x64,
    0x20, 0x25, 0x37, 0x64, 0x20, 0x25, 0x37, 0x64, 0x0a, 0x00, 0x2f, 0x00,
    0x37, 0x37, 0x37, 0x00, 0x34, 0x34, 0x34, 0x00, 0x75, 0x73, 0x61, 0x67,
    0x65, 0x3a, 0x20, 0x72, 0x6d, 0x64, 0x69, 0x72, 0x20, 0x64, 0x69, 0x72,
    0x20, 0x2e, 0x2e, 0x2e, 0x0a, 0x00, 0x73, 0x65, 0x65, 0x6b, 0x3d, 0x00,
    0x25, 0x73, 0x20, 0x20, 0x25, 0x64, 0x20, 0x6c, 0x69, 0x6e, 0x65, 0x73,
    0x00, 0x50, 0x72, 0x6f, 0x74, 0x6f, 0x63, 0x6f, 0x6c, 0x20, 0x65, 0x72,
    0x72, 0x6f, 0x72, 0x00, 0x4e, 0x6f, 0x20, 0x62, 0x75, 0x66, 0x66, 0x65,
    0x72, 0x20, 0x73, 0x70, 0x61, 0x63, 0x65, 0x20, 0x61, 0x76, 0x61, 0x69,
    0x6c, 0x61, 0x62, 0x6c, 0x65, 0x00, 0x53, 0x6f, 0x63, 0x6b, 0x65, 0x74,
    0x20, 0x69, 0x73, 0x20, 0x61, 0x6c, 0x72, 0x65, 0x61, 0x64, 0x79, 0x20,
    0x63, 0x6f, 0x6e, 0x6e, 0x65, 0x63, 0x74, 0x65, 0x64, 0x00, 0x6c, 0x69,
    0x6e, 0x6b, 0x00, 0x2e, 0x00, 0x4d, 0x61, 0x79, 0x00, 0x00, 0x75, 0x73,
    0x61, 0x67, 0x65, 0x3a, 0x20, 0x74, 0x72, 0x20, 0x73, 0x74, 0x72, 0x69,
    0x6e, 0x67, 0x31, 0x20, 0x73, 0x74, 0x72, 0x69, 0x6e, 0x67, 0x32, 0x0a,
    0x00, 0x63, 0x70, 0x3a, 0x20, 0x25, 0x73, 0x3a, 0x20, 0x63, 0x61, 0x6e,
    0x6e, 0x6f, 0x74, 0x20, 0x6f, 0x70, 0x65, 0x6e, 0x0a, 0x00, 0x25, 0x64,
    0x0a, 0x00, 0x3e, 0x00, 0x64, 0x64, 0x3a, 0x20, 0x25, 0x73, 0x3a, 0x20,
    0x63, 0x61, 0x6e, 0x6e, 0x6f, 0x74, 0x20, 0x6f, 0x70, 0x65, 0x6e, 0x0a,
    0x00, 0x77, 0x71, 0x00, 0x4e, 0x6f, 0x20, 0x73, 0x75, 0x63, 0x68, 0x20,
    0x70, 0x72, 0x6f, 0x63, 0x65, 0x73, 0x73, 0x00, 0x4e, 0x6f, 0x20, 0x63,
    0x68, 0x69, 0x6c, 0x64, 0x72, 0x65, 0x6e, 0x00, 0x49, 0x6e, 0x76, 0x61,
    0x6c, 0x69, 0x64, 0x20, 0x61, 0x72, 0x67, 0x75, 0x6d, 0x65, 0x6e, 0x74,
    0x00, 0x55, 0x6e, 0x6b, 0x6e, 0x6f, 0x77, 0x6e, 0x20, 0x70, 0x72, 0x6f,
    0x74, 0x6f, 0x63, 0x6f, 0x6c, 0x00, 0x43, 0x6f, 0x6e, 0x6e, 0x65, 0x63,
    0x74, 0x69, 0x6f, 0x6e, 0x20, 0x72, 0x65, 0x73, 0x65, 0x74, 0x20, 0x62,
    0x79, 0x20, 0x70, 0x65, 0x65, 0x72, 0x00, 0x63, 0x6d, 0x64, 0x73, 0x3a,
    0x20, 0x75, 0x6e, 0x6b, 0x6e, 0x6f, 0x77, 0x6e, 0x20, 0x63, 0x6f, 0x6d,
    0x6d, 0x61, 0x6e, 0x64, 0x20, 0x27, 0x25, 0x73, 0x27, 0x0a, 0x00, 0x6d,
    0x6b, 0x66, 0x69, 0x66, 0x6f, 0x00, 0x70, 0x61, 0x73, 0x74, 0x65, 0x00,
    0x4d, 0x61, 0x72, 0x00, 0x25, 0x2e, 0x2a, 0x73, 0x2f, 0x25, 0x73, 0x00,
    0x63, 0x68, 0x6d, 0x6f, 0x64, 0x3a, 0x20, 0x25, 0x73, 0x3a, 0x20, 0x6d,
    0x6f, 0x64, 0x65, 0x20, 0x63, 0x68, 0x61, 0x6e, 0x67, 0x65, 0x64, 0x20,
    0x74, 0x6f, 0x20, 0x25, 0x6f, 0x0a, 0x00, 0x75, 0x6e, 0x65, 0x78, 0x70,
    0x61, 0x6e, 0x64, 0x3a, 0x20, 0x25, 0x73, 0x3a, 0x20, 0x63, 0x61, 0x6e,
    0x6e, 0x6f, 0x74, 0x20, 0x6f, 0x70, 0x65, 0x6e, 0x0a, 0x00, 0x6c, 0x65,
    0x73, 0x73, 0x3a, 0x20, 0x25, 0x73, 0x3a, 0x20, 0x63, 0x61, 0x6e, 0x6e,
    0x6f, 0x74, 0x20, 0x6f, 0x70, 0x65, 0x6e, 0x0a, 0x00, 0x5b, 0x6d, 0x6f,
    0x64, 0x69, 0x66, 0x69, 0x65, 0x64, 0x5d, 0x20, 0x00, 0x54, 0x6f, 0x6f,
    0x20, 0x6d, 0x61, 0x6e, 0x79, 0x20, 0x73, 0x79, 0x6d, 0x62, 0x6f, 0x6c,
    0x69, 0x63, 0x20, 0x6c, 0x69, 0x6e, 0x6b, 0x73, 0x00, 0x66, 0x6f, 0x6c,
    0x64, 0x00, 0x2d, 0x6c, 0x00, 0x75, 0x73, 0x61, 0x67, 0x65, 0x3a, 0x20,
    0x77, 0x68, 0x69, 0x63, 0x68, 0x20, 0x63, 0x6f, 0x6d, 0x6d, 0x61, 0x6e,
    0x64, 0x20, 0x2e, 0x2e, 0x2e, 0x0a, 0x00, 0x25, 0x6c, 0x64, 0x0a, 0x00,
    0x20, 0x20, 0x53, 0x69, 0x7a, 0x65, 0x3a, 0x20, 0x25, 0x6c, 0x6c, 0x64,
    0x09, 0x00, 0x1b, 0x5b, 0x37, 0x6d, 0x2d, 0x2d, 0x20, 0x49, 0x4e, 0x53,
    0x45, 0x52, 0x54, 0x20, 0x2d, 0x2d, 0x1b, 0x5b, 0x32, 0x37, 0x6d, 0x00,
    0x2f, 0x74, 0x6d, 0x70, 0x2f, 0x6e, 0x65, 0x77, 0x6c, 0x69, 0x62, 0x2f,
    0x6e, 0x65, 0x77, 0x6c, 0x69, 0x62, 0x2f, 0x6c, 0x69, 0x62, 0x63, 0x2f,
    0x73, 0x74, 0x64, 0x6c, 0x69, 0x62, 0x2f, 0x6d, 0x70, 0x72, 0x65, 0x63,
    0x2e, 0x63, 0x00, 0x68, 0x6f, 0x73, 0x74, 0x6e, 0x61, 0x6d, 0x65, 0x00,
    0x64, 0x61, 0x74, 0x65, 0x00, 0x5b, 0x00, 0x77, 0x63, 0x00, 0x72, 0x6f,
    0x6f, 0x74, 0x0a, 0x00, 0x75, 0x73, 0x61, 0x67, 0x65, 0x3a, 0x20, 0x73,
    0x65, 0x71, 0x20, 0x5b, 0x2d, 0x73, 0x20, 0x73, 0x65, 0x70, 0x5d, 0x20,
    0x5b, 0x2d, 0x66, 0x20, 0x66, 0x6d, 0x74, 0x5d, 0x20, 0x5b, 0x66, 0x69,
    0x72, 0x73, 0x74, 0x20, 0x5b, 0x73, 0x74, 0x65, 0x70, 0x5d, 0x5d, 0x20,
    0x6c, 0x61, 0x73, 0x74, 0x0a, 0x00, 0x21, 0x00, 0x63, 0x70, 0x3a, 0x20,
    0x25, 0x73, 0x3a, 0x20, 0x63, 0x61, 0x6e, 0x6e, 0x6f, 0x74, 0x20, 0x63,
    0x72, 0x65, 0x61, 0x74, 0x65, 0x0a, 0x00, 0x61, 0x2b, 0x72, 0x77, 0x78,
    0x00, 0x72, 0x65, 0x61, 0x64, 0x6c, 0x69, 0x6e, 0x6b, 0x3a, 0x20, 0x25,
    0x73, 0x3a, 0x20, 0x6e, 0x6f, 0x74, 0x20, 0x61, 0x20, 0x73, 0x79, 0x6d,
    0x6c, 0x69, 0x6e, 0x6b, 0x0a, 0x00, 0x75, 0x73, 0x61, 0x67, 0x65, 0x3a,
    0x20, 0x63, 0x6f, 0x6c, 0x72, 0x6d, 0x20, 0x5b, 0x73, 0x74, 0x61, 0x72,
    0x74, 0x20, 0x5b, 0x65, 0x6e, 0x64, 0x5d, 0x5d, 0x0a, 0x00, 0x56, 0x69,
    0x72, 0x74, 0x75, 0x61, 0x6c, 0x20, 0x63, 0x69, 0x72, 0x63, 0x75, 0x69,
    0x74, 0x20, 0x69, 0x73, 0x20, 0x67, 0x6f, 0x6e, 0x65, 0x00, 0x70, 0x77,
    0x64, 0x00, 0x79, 0x65, 0x73, 0x00, 0x2d, 0x64, 0x00, 0x72, 0x65, 0x76,
    0x3a, 0x20, 0x25, 0x73, 0x3a, 0x20, 0x63, 0x61, 0x6e, 0x6e, 0x6f, 0x74,
    0x20, 0x6f, 0x70, 0x65, 0x6e, 0x0a, 0x00, 0x4f, 0x70, 0x65, 0x72, 0x61,
    0x74, 0x69, 0x6f, 0x6e, 0x20, 0x63, 0x61, 0x6e, 0x63, 0x65, 0x6c, 0x65,
    0x64, 0x00, 0x62, 0x61, 0x73, 0x65, 0x6e, 0x61, 0x6d, 0x65, 0x00, 0x6c,
    0x6f, 0x67, 0x6e, 0x61, 0x6d, 0x65, 0x00, 0x6d, 0x76, 0x00, 0x4a, 0x75,
    0x6c, 0x00, 0x2d, 0x6c, 0x74, 0x00, 0x75, 0x73, 0x61, 0x67, 0x65, 0x3a,
    0x20, 0x6b, 0x69, 0x6c, 0x6c, 0x20, 0x5b, 0x2d, 0x73, 0x69, 0x67, 0x6e,
    0x61, 0x6c, 0x5d, 0x20, 0x70, 0x69, 0x64, 0x20, 0x2e, 0x2e, 0x2e, 0x0a,
    0x00, 0x2d, 0x32, 0x00, 0x68, 0x65, 0x61, 0x64, 0x3a, 0x20, 0x25, 0x73,
    0x3a, 0x20, 0x63, 0x61, 0x6e, 0x6e, 0x6f, 0x74, 0x20, 0x6f, 0x70, 0x65,
    0x6e, 0x0a, 0x00, 0x74, 0x61, 0x69, 0x6c, 0x3a, 0x20, 0x25, 0x73, 0x3a,
    0x20, 0x63, 0x61, 0x6e, 0x6e, 0x6f, 0x74, 0x20, 0x6f, 0x70, 0x65, 0x6e,
    0x0a, 0x00, 0x75, 0x73, 0x61, 0x67, 0x65, 0x3a, 0x20, 0x67, 0x72, 0x65,
    0x70, 0x20, 0x5b, 0x2d, 0x69, 0x76, 0x6e, 0x5d, 0x20, 0x70, 0x61, 0x74,
    0x74, 0x65, 0x72, 0x6e, 0x20, 0x5b, 0x66, 0x69, 0x6c, 0x65, 0x20, 0x2e,
    0x2e, 0x2e, 0x5d, 0x0a, 0x00, 0x3c, 0x00, 0x20, 0x20, 0x46, 0x69, 0x6c,
    0x65, 0x3a, 0x20, 0x25, 0x73, 0x0a, 0x00, 0x69, 0x6e, 0x66, 0x00, 0x41,
    0x72, 0x67, 0x20, 0x6c, 0x69, 0x73, 0x74, 0x20, 0x74, 0x6f, 0x6f, 0x20,
    0x6c, 0x6f, 0x6e, 0x67, 0x00, 0x48, 0x6f, 0x73, 0x74, 0x20, 0x69, 0x73,
    0x20, 0x64, 0x6f, 0x77, 0x6e, 0x00, 0x4e, 0x6f, 0x20, 0x6c, 0x6f, 0x63,
    0x6b, 0x00, 0x56, 0x61, 0x6c, 0x75, 0x65, 0x20, 0x74, 0x6f, 0x6f, 0x20,
    0x6c, 0x61, 0x72, 0x67, 0x65, 0x20, 0x66, 0x6f, 0x72, 0x20, 0x64, 0x65,
    0x66, 0x69, 0x6e, 0x65, 0x64, 0x20, 0x64, 0x61, 0x74, 0x61, 0x20, 0x74,
    0x79, 0x70, 0x65, 0x00, 0x68, 0x65, 0x61, 0x64, 0x00, 0x72, 0x65, 0x61,
    0x64, 0x6c, 0x69, 0x6e, 0x6b, 0x00, 0x25, 0x73, 0x00, 0x53, 0x61, 0x74,
    0x00, 0x2d, 0x69, 0x00, 0x21, 0x3d, 0x00, 0x48, 0x55, 0x50, 0x20, 0x49,
    0x4e, 0x54, 0x20, 0x51, 0x55, 0x49, 0x54, 0x20, 0x49, 0x4c, 0x4c, 0x20,
    0x54, 0x52, 0x41, 0x50, 0x20, 0x41, 0x42, 0x52, 0x54, 0x20, 0x45, 0x4d,
    0x54, 0x20, 0x46, 0x50, 0x45, 0x20, 0x4b, 0x49, 0x4c, 0x4c, 0x20, 0x42,
    0x55, 0x53, 0x20, 0x53, 0x45, 0x47, 0x56, 0x20, 0x53, 0x59, 0x53, 0x20,
    0x50, 0x49, 0x50, 0x45, 0x20, 0x41, 0x4c, 0x52, 0x4d, 0x20, 0x54, 0x45,
    0x52, 0x4d, 0x0a, 0x00, 0x73, 0x6f, 0x72, 0x74, 0x3a, 0x20, 0x25, 0x73,
    0x3a, 0x20, 0x63, 0x61, 0x6e, 0x6e, 0x6f, 0x74, 0x20, 0x6f, 0x70, 0x65,
    0x6e, 0x0a, 0x00, 0x75, 0x73, 0x61, 0x67, 0x65, 0x3a, 0x20, 0x6d, 0x6b,
    0x64, 0x69, 0x72, 0x20, 0x64, 0x69, 0x72, 0x20, 0x2e, 0x2e, 0x2e, 0x0a,
    0x00, 0x78, 0x61, 0x72, 0x67, 0x73, 0x3a, 0x20, 0x25, 0x73, 0x3a, 0x20,
    0x65, 0x78, 0x65, 0x63, 0x20, 0x66, 0x61, 0x69, 0x6c, 0x65, 0x64, 0x0a,
    0x00, 0x6f, 0x66, 0x3d, 0x00, 0x4e, 0x6f, 0x20, 0x73, 0x75, 0x63, 0x68,
    0x20, 0x66, 0x69, 0x6c, 0x65, 0x20, 0x6f, 0x72, 0x20, 0x64, 0x69, 0x72,
    0x65, 0x63, 0x74, 0x6f, 0x72, 0x79, 0x00, 0x42, 0x61, 0x64, 0x20, 0x66,
    0x69, 0x6c, 0x65, 0x20, 0x6e, 0x75, 0x6d, 0x62, 0x65, 0x72, 0x00, 0x4e,
    0x6f, 0x74, 0x20, 0x65, 0x6e, 0x6f, 0x75, 0x67, 0x68, 0x20, 0x73, 0x70,
    0x61, 0x63, 0x65, 0x00, 0x43, 0x6f, 0x6e, 0x6e, 0x65, 0x63, 0x74, 0x69,
    0x6f, 0x6e, 0x20, 0x61, 0x62, 0x6f, 0x72, 0x74, 0x65, 0x64, 0x20, 0x62,
    0x79, 0x20, 0x6e, 0x65, 0x74, 0x77, 0x6f, 0x72, 0x6b, 0x00, 0x74, 0x72,
    0x75, 0x65, 0x00, 0x73, 0x6c, 0x65, 0x65, 0x70, 0x00, 0x73, 0x65, 0x71,
    0x00, 0x73, 0x70, 0x6c, 0x69, 0x74, 0x00, 0x2d, 0x6e, 0x00, 0x2e, 0x0a,
    0x00, 0x50, 0x41, 0x54, 0x48, 0x00, 0x62, 0x73, 0x3d, 0x00, 0x75, 0x73,
    0x61, 0x67, 0x65, 0x3a, 0x20, 0x63, 0x68, 0x6f, 0x77, 0x6e, 0x20, 0x6f,
    0x77, 0x6e, 0x65, 0x72, 0x5b, 0x3a, 0x67, 0x72, 0x6f, 0x75, 0x70, 0x5d,
    0x20, 0x66, 0x69, 0x6c, 0x65, 0x20, 0x2e, 0x2e, 0x2e, 0x0a, 0x00, 0x75,
    0x73, 0x61, 0x67, 0x65, 0x3a, 0x20, 0x63, 0x6f, 0x6d, 0x6d, 0x20, 0x5b,
    0x2d, 0x31, 0x32, 0x33, 0x5d, 0x20, 0x66, 0x69, 0x6c, 0x65, 0x31, 0x20,
    0x66, 0x69, 0x6c, 0x65, 0x32, 0x0a, 0x00, 0x4e, 0x6f, 0x74, 0x20, 0x6f,
    0x77, 0x6e, 0x65, 0x72, 0x00, 0x49, 0x64, 0x65, 0x6e, 0x74, 0x69, 0x66,
    0x69, 0x65, 0x72, 0x20, 0x72, 0x65, 0x6d, 0x6f, 0x76, 0x65, 0x64, 0x00,
    0x4e, 0x6f, 0x74, 0x20, 0x61, 0x20, 0x73, 0x74, 0x72, 0x65, 0x61, 0x6d,
    0x00, 0x41, 0x64, 0x64, 0x72, 0x65, 0x73, 0x73, 0x20, 0x66, 0x61, 0x6d,
    0x69, 0x6c, 0x79, 0x20, 0x6e, 0x6f, 0x74, 0x20, 0x73, 0x75, 0x70, 0x70,
    0x6f, 0x72, 0x74, 0x65, 0x64, 0x20, 0x62, 0x79, 0x20, 0x70, 0x72, 0x6f,
    0x74, 0x6f, 0x63, 0x6f, 0x6c, 0x20, 0x66, 0x61, 0x6d, 0x69, 0x6c, 0x79,
    0x00, 0x76, 0x69, 0x6d, 0x00, 0x75, 0x73, 0x61, 0x67, 0x65, 0x3a, 0x20,
    0x62, 0x61, 0x73, 0x65, 0x6e, 0x61, 0x6d, 0x65, 0x20, 0x73, 0x74, 0x72,
    0x69, 0x6e, 0x67, 0x20, 0x5b, 0x73, 0x75, 0x66, 0x66, 0x69, 0x78, 0x5d,
    0x0a, 0x00, 0x78, 0x38, 0x36, 0x5f, 0x36, 0x34, 0x00, 0x2d, 0x61, 0x00,
    0x67, 0x72, 0x65, 0x70, 0x3a, 0x20, 0x25, 0x73, 0x3a, 0x20, 0x63, 0x61,
    0x6e, 0x6e, 0x6f, 0x74, 0x20, 0x6f, 0x70, 0x65, 0x6e, 0x0a, 0x00, 0x75,
    0x73, 0x61, 0x67, 0x65, 0x3a, 0x20, 0x65, 0x78, 0x70, 0x72, 0x20, 0x65,
    0x78, 0x70, 0x72, 0x65, 0x73, 0x73, 0x69, 0x6f, 0x6e, 0x0a, 0x00, 0x73,
    0x74, 0x61, 0x74, 0x3a, 0x20, 0x25, 0x73, 0x3a, 0x20, 0x6e, 0x6f, 0x74,
    0x20, 0x66, 0x6f, 0x75, 0x6e, 0x64, 0x0a, 0x00, 0x6d, 0x6b, 0x66, 0x69,
    0x66, 0x6f, 0x3a, 0x20, 0x25, 0x73, 0x3a, 0x20, 0x63, 0x61, 0x6e, 0x6e,
    0x6f, 0x74, 0x20, 0x63, 0x72, 0x65, 0x61, 0x74, 0x65, 0x0a, 0x00, 0x4e,
    0x6f, 0x20, 0x73, 0x75, 0x63, 0x68, 0x20, 0x64, 0x65, 0x76, 0x69, 0x63,
    0x65, 0x20, 0x6f, 0x72, 0x20, 0x61, 0x64, 0x64, 0x72, 0x65, 0x73, 0x73,
    0x00, 0x69, 0x64, 0x00, 0x74, 0x61, 0x69, 0x6c, 0x00, 0x76, 0x69, 0x00,
    0x25, 0x67, 0x00, 0x2d, 0x65, 0x71, 0x00, 0x2d, 0x67, 0x65, 0x00, 0x74,
    0x6f, 0x75, 0x63, 0x68, 0x3a, 0x20, 0x25, 0x73, 0x3a, 0x20, 0x63, 0x61,
    0x6e, 0x6e, 0x6f, 0x74, 0x20, 0x63, 0x72, 0x65, 0x61, 0x74, 0x65, 0x0a,
    0x00, 0x3a, 0x00, 0x75, 0x73, 0x61, 0x67, 0x65, 0x3a, 0x20, 0x73, 0x74,
    0x61, 0x74, 0x20, 0x5b, 0x2d, 0x66, 0x20, 0x66, 0x6f, 0x72, 0x6d, 0x61,
    0x74, 0x5d, 0x20, 0x66, 0x69, 0x6c, 0x65, 0x20, 0x2e, 0x2e, 0x2e, 0x0a,
    0x00, 0x66, 0x6f, 0x6c, 0x64, 0x3a, 0x20, 0x25, 0x73, 0x3a, 0x20, 0x63,
    0x61, 0x6e, 0x6e, 0x6f, 0x74, 0x20, 0x6f, 0x70, 0x65, 0x6e, 0x0a, 0x00,
    0x78, 0x00, 0x71, 0x21, 0x00, 0x49, 0x4e, 0x46, 0x00, 0x54, 0x6f, 0x6f,
    0x20, 0x6d, 0x61, 0x6e, 0x79, 0x20, 0x6f, 0x70, 0x65, 0x6e, 0x20, 0x66,
    0x69, 0x6c, 0x65, 0x73, 0x20, 0x69, 0x6e, 0x20, 0x73, 0x79, 0x73, 0x74,
    0x65, 0x6d, 0x00, 0x46, 0x75, 0x6e, 0x63, 0x74, 0x69, 0x6f, 0x6e, 0x20,
    0x6e, 0x6f, 0x74, 0x20, 0x69, 0x6d, 0x70, 0x6c, 0x65, 0x6d, 0x65, 0x6e,
    0x74, 0x65, 0x64, 0x00, 0x74, 0x65, 0x73, 0x74, 0x00, 0x6d, 0x6b, 0x64,
    0x69, 0x72, 0x00, 0x78, 0x2d, 0x6f, 0x73, 0x20, 0x31, 0x2e, 0x30, 0x20,
    0x28, 0x54, 0x61, 0x68, 0x6f, 0x65, 0x29, 0x00, 0x25, 0x73, 0x20, 0x6e,
    0x6f, 0x74, 0x20, 0x66, 0x6f, 0x75, 0x6e, 0x64, 0x0a, 0x00, 0x75, 0x73,
    0x61, 0x67, 0x65, 0x3a, 0x20, 0x78, 0x61, 0x72, 0x67, 0x73, 0x20, 0x63,
    0x6f, 0x6d, 0x6d, 0x61, 0x6e, 0x64, 0x20, 0x5b, 0x61, 0x72, 0x67, 0x73,
    0x2e, 0x2e, 0x2e, 0x5d, 0x0a, 0x00, 0x63, 0x6b, 0x73, 0x75, 0x6d, 0x3a,
    0x20, 0x25, 0x73, 0x3a, 0x20, 0x63, 0x61, 0x6e, 0x6e, 0x6f, 0x74, 0x20,
    0x6f, 0x70, 0x65, 0x6e, 0x0a, 0x00, 0x25, 0x6c, 0x6c, 0x64, 0x4b, 0x09,
    0x25, 0x73, 0x0a, 0x00, 0x75, 0x73, 0x61, 0x67, 0x65, 0x3a, 0x20, 0x73,
    0x65, 0x64, 0x20, 0x2d, 0x65, 0x20, 0x73, 0x63, 0x72, 0x69, 0x70, 0x74,
    0x20, 0x5b, 0x66, 0x69, 0x6c, 0x65, 0x20, 0x2e, 0x2e, 0x2e, 0x5d, 0x0a,
    0x00, 0x4e, 0x61, 0x4e, 0x00, 0x53, 0x6f, 0x63, 0x6b, 0x65, 0x74, 0x20,
    0x6f, 0x70, 0x65, 0x72, 0x61, 0x74, 0x69, 0x6f, 0x6e, 0x20, 0x6f, 0x6e,
    0x20, 0x6e, 0x6f, 0x6e, 0x2d, 0x73, 0x6f, 0x63, 0x6b, 0x65, 0x74, 0x00,
    0x75, 0x6e, 0x69, 0x71, 0x00, 0x63, 0x6f, 0x6c, 0x72, 0x6d, 0x00, 0x75,
    0x73, 0x61, 0x67, 0x65, 0x3a, 0x20, 0x64, 0x69, 0x72, 0x6e, 0x61, 0x6d,
    0x65, 0x20, 0x73, 0x74, 0x72, 0x69, 0x6e, 0x67, 0x20, 0x5b, 0x2e, 0x2e,
    0x2e, 0x5d, 0x0a, 0x00, 0x73, 0x6c, 0x65, 0x65, 0x70, 0x3a, 0x20, 0x69,
    0x6e, 0x76, 0x61, 0x6c, 0x69, 0x64, 0x20, 0x74, 0x69, 0x6d, 0x65, 0x20,
    0x69, 0x6e, 0x74, 0x65, 0x72, 0x76, 0x61, 0x6c, 0x3a, 0x20, 0x25, 0x73,
    0x0a, 0x00, 0x2d, 0x39, 0x00, 0x2d, 0x49, 0x4e, 0x54, 0x00, 0x65, 0x78,
    0x70, 0x72, 0x3a, 0x20, 0x64, 0x69, 0x76, 0x69, 0x73, 0x69, 0x6f, 0x6e,
    0x20, 0x62, 0x79, 0x20, 0x7a, 0x65, 0x72, 0x6f, 0x0a, 0x00, 0x63, 0x68,
    0x6d, 0x6f, 0x64, 0x3a, 0x20, 0x25, 0x73, 0x3a, 0x20, 0x63, 0x61, 0x6e,
    0x6e, 0x6f, 0x74, 0x20, 0x63, 0x68, 0x61, 0x6e, 0x67, 0x65, 0x20, 0x6d,
    0x6f, 0x64, 0x65, 0x0a, 0x00, 0x6e, 0x6f, 0x65, 0x72, 0x72, 0x6f, 0x72,
    0x00, 0x25, 0x6c, 0x6c, 0x64, 0x4d, 0x09, 0x25, 0x73, 0x0a, 0x00, 0x42,
    0x61, 0x64, 0x20, 0x61, 0x64, 0x64, 0x72, 0x65, 0x73, 0x73, 0x00, 0x43,
    0x6f, 0x6e, 0x6e, 0x65, 0x63, 0x74, 0x69, 0x6f, 0x6e, 0x20, 0x61, 0x6c,
    0x72, 0x65, 0x61, 0x64, 0x79, 0x20, 0x69, 0x6e, 0x20, 0x70, 0x72, 0x6f,
    0x67, 0x72, 0x65, 0x73, 0x73, 0x00, 0x52, 0x65, 0x61, 0x64, 0x2d, 0x6f,
    0x6e, 0x6c, 0x79, 0x20, 0x66, 0x69, 0x6c, 0x65, 0x20, 0x73, 0x79, 0x73,
    0x74, 0x65, 0x6d, 0x00, 0x43, 0x6f, 0x6e, 0x6e, 0x65, 0x63, 0x74, 0x69,
    0x6f, 0x6e, 0x20, 0x74, 0x69, 0x6d, 0x65, 0x64, 0x20, 0x6f, 0x75, 0x74,
    0x00, 0x74, 0x6f, 0x75, 0x63, 0x68, 0x00, 0x72, 0x6d, 0x64, 0x69, 0x72,
    0x00, 0x63, 0x61, 0x74, 0x3a, 0x20, 0x25, 0x73, 0x3a, 0x20, 0x25, 0x73,
    0x0a, 0x00, 0x78, 0x2d, 0x6f, 0x73, 0x0a, 0x00, 0x4d, 0x6f, 0x6e, 0x00,
    0x54, 0x68, 0x75, 0x00, 0x5d, 0x00, 0x2d, 0x6c, 0x65, 0x00, 0x25, 0x64,
    0x3a, 0x25, 0x73, 0x00, 0x65, 0x78, 0x70, 0x72, 0x3a, 0x20, 0x74, 0x6f,
    0x6f, 0x20, 0x63, 0x6f, 0x6d, 0x70, 0x6c, 0x65, 0x78, 0x20, 0x65, 0x78,
    0x70, 0x72, 0x65, 0x73, 0x73, 0x69, 0x6f, 0x6e, 0x0a, 0x00, 0x73, 0x6b,
    0x69, 0x70, 0x3d, 0x00, 0x25, 0x6c, 0x6c, 0x64, 0x09, 0x25, 0x73, 0x0a,
    0x00, 0x72, 0x6f, 0x6f, 0x74, 0x00, 0x75, 0x73, 0x61, 0x67, 0x65, 0x3a,
    0x20, 0x73, 0x65, 0x64, 0x20, 0x73, 0x63, 0x72, 0x69, 0x70, 0x74, 0x20,
    0x5b, 0x66, 0x69, 0x6c, 0x65, 0x20, 0x2e, 0x2e, 0x2e, 0x5d, 0x0a, 0x00,
    0x25, 0x2a, 0x64, 0x09, 0x25, 0x73, 0x00, 0x1b, 0x5b, 0x32, 0x37, 0x6d,
    0x00, 0x46, 0x69, 0x6c, 0x65, 0x20, 0x65, 0x78, 0x69, 0x73, 0x74, 0x73,
    0x00, 0x53, 0x74, 0x72, 0x65, 0x61, 0x6d, 0x20, 0x69, 0x6f, 0x63, 0x74,
    0x6c, 0x20, 0x74, 0x69, 0x6d, 0x65, 0x6f, 0x75, 0x74, 0x00, 0x6c, 0x73,
    0x00, 0x67, 0x72, 0x65, 0x70, 0x00, 0x73, 0x65, 0x64, 0x00, 0x0a, 0x00,
    0x3d, 0x00, 0x6b, 0x69, 0x6c, 0x6c, 0x3a, 0x20, 0x25, 0x73, 0x3a, 0x20,
    0x6e, 0x6f, 0x20, 0x73, 0x75, 0x63, 0x68, 0x20, 0x70, 0x72, 0x6f, 0x63,
    0x65, 0x73, 0x73, 0x0a, 0x00, 0x2d, 0x74, 0x00, 0x1b, 0x5b, 0x31, 0x3b,
    0x31, 0x48, 0x1b, 0x5b, 0x30, 0x6d, 0x2f, 0x00, 0x6e, 0x66, 0x00, 0x4e,
    0x6f, 0x74, 0x20, 0x61, 0x20, 0x64, 0x69, 0x72, 0x65, 0x63, 0x74, 0x6f,
    0x72, 0x79, 0x00, 0x44, 0x65, 0x61, 0x64, 0x6c, 0x6f, 0x63, 0x6b, 0x00,
    0x63, 0x6b, 0x73, 0x75, 0x6d, 0x00, 0x78, 0x2d, 0x6f, 0x73, 0x00, 0x25,
    0x73, 0x2f, 0x20, 0x20, 0x00, 0x25, 0x73, 0x20, 0x20, 0x20, 0x00, 0x54,
    0x68, 0x75, 0x20, 0x4a, 0x61, 0x6e, 0x20, 0x20, 0x31, 0x20, 0x30, 0x30,
    0x3a, 0x30, 0x30, 0x3a, 0x30, 0x30, 0x20, 0x55, 0x54, 0x43, 0x20, 0x32,
    0x30, 0x32, 0x35, 0x0a, 0x00, 0x2d, 0x73, 0x00, 0x2d, 0x65, 0x00, 0x2d,
    0x31, 0x35, 0x00, 0x25, 0x37, 0x64, 0x20, 0x25, 0x37, 0x64, 0x20, 0x25,
    0x37, 0x64, 0x20, 0x74, 0x6f, 0x74, 0x61, 0x6c, 0x0a, 0x00, 0x75, 0x73,
    0x61, 0x67, 0x65, 0x3a, 0x20, 0x63, 0x70, 0x20, 0x73, 0x72, 0x63, 0x20,
    0x64, 0x73, 0x74, 0x0a, 0x00, 0x75, 0x73, 0x61, 0x67, 0x65, 0x3a, 0x20,
    0x6d, 0x76, 0x20, 0x73, 0x72, 0x63, 0x20, 0x64, 0x73, 0x74, 0x0a, 0x00,
    0x73, 0x70, 0x6c, 0x69, 0x74, 0x3a, 0x20, 0x25, 0x73, 0x3a, 0x20, 0x63,
    0x61, 0x6e, 0x6e, 0x6f, 0x74, 0x20, 0x6f, 0x70, 0x65, 0x6e, 0x0a, 0x00,
    0x48, 0x6f, 0x73, 0x74, 0x20, 0x69, 0x73, 0x20, 0x75, 0x6e, 0x72, 0x65,
    0x61, 0x63, 0x68, 0x61, 0x62, 0x6c, 0x65, 0x00, 0x4e, 0x65, 0x74, 0x77,
    0x6f, 0x72, 0x6b, 0x20, 0x69, 0x73, 0x20, 0x75, 0x6e, 0x72, 0x65, 0x61,
    0x63, 0x68, 0x61, 0x62, 0x6c, 0x65, 0x00, 0x50, 0x72, 0x6f, 0x74, 0x6f,
    0x63, 0x6f, 0x6c, 0x20, 0x6e, 0x6f, 0x74, 0x20, 0x61, 0x76, 0x61, 0x69,
    0x6c, 0x61, 0x62, 0x6c, 0x65, 0x00, 0x43, 0x00, 0x78, 0x61, 0x72, 0x67,
    0x73, 0x00, 0x72, 0x65, 0x76, 0x00, 0x72, 0x00, 0x20, 0x09, 0x0a, 0x0d,
    0x00, 0x2a, 0x00, 0x49, 0x6e, 0x6f, 0x64, 0x65, 0x3a, 0x20, 0x25, 0x6c,
    0x75, 0x09, 0x4c, 0x69, 0x6e, 0x6b, 0x73, 0x3a, 0x20, 0x25, 0x6c, 0x75,
    0x0a, 0x00, 0x55, 0x69, 0x64, 0x3a, 0x20, 0x25, 0x64, 0x09, 0x47, 0x69,
    0x64, 0x3a, 0x20, 0x25, 0x64, 0x0a, 0x00, 0x09, 0x09, 0x25, 0x73, 0x00,
    0x49, 0x2f, 0x4f, 0x20, 0x65, 0x72, 0x72, 0x6f, 0x72, 0x00, 0x43, 0x6f,
    0x6e, 0x6e, 0x65, 0x63, 0x74, 0x69, 0x6f, 0x6e, 0x20, 0x72, 0x65, 0x66,
    0x75, 0x73, 0x65, 0x64, 0x00, 0x54, 0x75, 0x65, 0x00, 0x57, 0x65, 0x64,
    0x00, 0x77, 0x63, 0x3a, 0x20, 0x25, 0x73, 0x3a, 0x20, 0x63, 0x61, 0x6e,
    0x6e, 0x6f, 0x74, 0x20, 0x6f, 0x70, 0x65, 0x6e, 0x0a, 0x00, 0x75, 0x73,
    0x61, 0x67, 0x65, 0x3a, 0x20, 0x74, 0x6f, 0x75, 0x63, 0x68, 0x20, 0x66,
    0x69, 0x6c, 0x65, 0x20, 0x2e, 0x2e, 0x2e, 0x0a, 0x00, 0x30, 0x00, 0x63,
    0x68, 0x6f, 0x77, 0x6e, 0x3a, 0x20, 0x25, 0x73, 0x3a, 0x20, 0x63, 0x61,
    0x6e, 0x6e, 0x6f, 0x74, 0x20, 0x63, 0x68, 0x61, 0x6e, 0x67, 0x65, 0x20,
    0x6f, 0x77, 0x6e, 0x65, 0x72, 0x0a, 0x00, 0x2f, 0x74, 0x6d, 0x70, 0x2f,
    0x6e, 0x65, 0x77, 0x6c, 0x69, 0x62, 0x2f, 0x6e, 0x65, 0x77, 0x6c, 0x69,
    0x62, 0x2f, 0x6c, 0x69, 0x62, 0x63, 0x2f, 0x73, 0x74, 0x64, 0x6c, 0x69,
    0x62, 0x2f, 0x64, 0x74, 0x6f, 0x61, 0x2e, 0x63, 0x00, 0x74, 0x72, 0x00,
    0x6d, 0x6f, 0x72, 0x65, 0x00, 0x75, 0x73, 0x61, 0x67, 0x65, 0x3a, 0x20,
    0x75, 0x6e, 0x61, 0x6d, 0x65, 0x20, 0x5b, 0x2d, 0x61, 0x6d, 0x6e, 0x6f,
    0x70, 0x72, 0x73, 0x76, 0x5d, 0x0a, 0x00, 0x41, 0x70, 0x72, 0x00, 0x6d,
    0x6b, 0x64, 0x69, 0x72, 0x3a, 0x20, 0x25, 0x73, 0x3a, 0x20, 0x63, 0x61,
    0x6e, 0x6e, 0x6f, 0x74, 0x20, 0x63, 0x72, 0x65, 0x61, 0x74, 0x65, 0x0a,
    0x00, 0x2d, 0x00, 0x75, 0x73, 0x61, 0x67, 0x65, 0x3a, 0x20, 0x6c, 0x6e,
    0x20, 0x5b, 0x2d, 0x73, 0x66, 0x5d, 0x20, 0x73, 0x72, 0x63, 0x20, 0x5b,
    0x73, 0x72, 0x63, 0x5d, 0x20, 0x2e, 0x2e, 0x2e, 0x20, 0x64, 0x73, 0x74,
    0x0a, 0x00, 0x61, 0x73, 0x73, 0x65, 0x72, 0x74, 0x69, 0x6f, 0x6e, 0x20,
    0x22, 0x25, 0x73, 0x22, 0x20, 0x66, 0x61, 0x69, 0x6c, 0x65, 0x64, 0x3a,
    0x20, 0x66, 0x69, 0x6c, 0x65, 0x20, 0x22, 0x25, 0x73, 0x22, 0x2c, 0x20,
    0x6c, 0x69, 0x6e, 0x65, 0x20, 0x25, 0x64, 0x25, 0x73, 0x25, 0x73, 0x0a,
    0x00, 0x49, 0x6e, 0x74, 0x65, 0x72, 0x72, 0x75, 0x70, 0x74, 0x65, 0x64,
    0x20, 0x73, 0x79, 0x73, 0x74, 0x65, 0x6d, 0x20, 0x63, 0x61, 0x6c, 0x6c,
    0x00, 0x44, 0x65, 0x76, 0x69, 0x63, 0x65, 0x20, 0x6f, 0x72, 0x20, 0x72,
    0x65, 0x73, 0x6f, 0x75, 0x72, 0x63, 0x65, 0x20, 0x62, 0x75, 0x73, 0x79,
    0x00, 0x64, 0x69, 0x72, 0x6e, 0x61, 0x6d, 0x65, 0x00, 0x74, 0x65, 0x65,
    0x00, 0x63, 0x70, 0x00, 0x6c, 0x73, 0x3a, 0x20, 0x25, 0x73, 0x3a, 0x20,
    0x6e, 0x6f, 0x74, 0x20, 0x61, 0x20, 0x64, 0x69, 0x72, 0x65, 0x63, 0x74,
    0x6f, 0x72, 0x79, 0x0a, 0x00, 0x75, 0x69, 0x64, 0x3d, 0x25, 0x64, 0x28,
    0x72, 0x6f, 0x6f, 0x74, 0x29, 0x20, 0x67, 0x69, 0x64, 0x3d, 0x25, 0x64,
    0x28, 0x77, 0x68, 0x65, 0x65, 0x6c, 0x29, 0x0a, 0x00, 0x4a, 0x61, 0x6e,
    0x00, 0x4a, 0x75, 0x6e, 0x00, 0x72, 0x6d, 0x3a, 0x20, 0x25, 0x73, 0x3a,
    0x20, 0x63, 0x61, 0x6e, 0x6e, 0x6f, 0x74, 0x20, 0x72, 0x65, 0x6d, 0x6f,
    0x76, 0x65, 0x0a, 0x00, 0x3e, 0x3d, 0x00, 0x73, 0x79, 0x6e, 0x63, 0x00,
    0x71, 0x00, 0x69, 0x6e, 0x69, 0x74, 0x79, 0x00, 0x42, 0x72, 0x6f, 0x6b,
    0x65, 0x6e, 0x20, 0x70, 0x69, 0x70, 0x65, 0x00, 0x6c, 0x6e, 0x00, 0x73,
    0x74, 0x61, 0x74, 0x00, 0x6e, 0x6c, 0x00, 0x79, 0x00, 0x25, 0x73, 0x20,
    0x25, 0x73, 0x20, 0x25, 0x32, 0x64, 0x20, 0x25, 0x30, 0x32, 0x64, 0x3a,
    0x25, 0x30, 0x32, 0x64, 0x3a, 0x25, 0x30, 0x32, 0x64, 0x20, 0x55, 0x54,
    0x43, 0x20, 0x25, 0x64, 0x0a, 0x00, 0x4e, 0x41, 0x4e, 0x00, 0x45, 0x78,
    0x65, 0x63, 0x20, 0x66, 0x6f, 0x72, 0x6d, 0x61, 0x74, 0x20, 0x65, 0x72,
    0x72, 0x6f, 0x72, 0x00, 0x54, 0x6f, 0x6f, 0x20, 0x6d, 0x61, 0x6e, 0x79,
    0x20, 0x6c, 0x69, 0x6e, 0x6b, 0x73, 0x00, 0x52, 0x65, 0x73, 0x75, 0x6c,
    0x74, 0x20, 0x74, 0x6f, 0x6f, 0x20, 0x6c, 0x61, 0x72, 0x67, 0x65, 0x00,
    0x4d, 0x75, 0x6c, 0x74, 0x69, 0x68, 0x6f, 0x70, 0x20, 0x61, 0x74, 0x74,
    0x65, 0x6d, 0x70, 0x74, 0x65, 0x64, 0x00, 0x65, 0x78, 0x70, 0x72, 0x00,
    0x63, 0x6f, 0x6d, 0x6d, 0x00, 0x65, 0x78, 0x70, 0x61, 0x6e, 0x64, 0x00,
    0x74, 0x65, 0x65, 0x3a, 0x20, 0x25, 0x73, 0x3a, 0x20, 0x63, 0x61, 0x6e,
    0x6e, 0x6f, 0x74, 0x20, 0x6f, 0x70, 0x65, 0x6e, 0x0a, 0x00, 0x2d, 0x72,
    0x00, 0x2d, 0x4b, 0x49, 0x4c, 0x4c, 0x00, 0x3c, 0x3d, 0x00, 0x72, 0x6d,
    0x64, 0x69, 0x72, 0x3a, 0x20, 0x25, 0x73, 0x3a, 0x20, 0x63, 0x61, 0x6e,
    0x6e, 0x6f, 0x74, 0x20, 0x72, 0x65, 0x6d, 0x6f, 0x76, 0x65, 0x0a, 0x00,
    0x63, 0x6f, 0x75, 0x6e, 0x74, 0x3d, 0x00, 0x70, 0x61, 0x73, 0x74, 0x65,
    0x3a, 0x20, 0x25, 0x73, 0x3a, 0x20, 0x63, 0x61, 0x6e, 0x6e, 0x6f, 0x74,
    0x20, 0x6f, 0x70, 0x65, 0x6e, 0x0a, 0x00, 0x65, 0x78, 0x70, 0x61, 0x6e,
    0x64, 0x3a, 0x20, 0x25, 0x73, 0x3a, 0x20, 0x63, 0x61, 0x6e, 0x6e, 0x6f,
    0x74, 0x20, 0x6f, 0x70, 0x65, 0x6e, 0x0a, 0x00, 0x77, 0x00, 0x25, 0x64,
    0x25, 0x25, 0x00, 0x77, 0x20, 0x00, 0x6e, 0x61, 0x6e, 0x00, 0x30, 0x31,
    0x32, 0x33, 0x34, 0x35, 0x36, 0x37, 0x38, 0x39, 0x61, 0x62, 0x63, 0x64,
    0x65, 0x66, 0x00, 0x4e, 0x6f, 0x20, 0x73, 0x74, 0x72, 0x65, 0x61, 0x6d,
    0x20, 0x72, 0x65, 0x73, 0x6f, 0x75, 0x72, 0x63, 0x65, 0x73, 0x00, 0x70,
    0x72, 0x69, 0x6e, 0x74, 0x66, 0x00, 0x73, 0x6f, 0x72, 0x74, 0x00, 0x46,
    0x72, 0x69, 0x00, 0x44, 0x65, 0x63, 0x00, 0x2d, 0x7a, 0x00, 0x2d, 0x63,
    0x00, 0x37, 0x35, 0x35, 0x00, 0x3a, 0x20, 0x00, 0x2f, 0x74, 0x6d, 0x70,
    0x2f, 0x6e, 0x65, 0x77, 0x6c, 0x69, 0x62, 0x2f, 0x6e, 0x65, 0x77, 0x6c,
    0x69, 0x62, 0x2f, 0x6c, 0x69, 0x62, 0x63, 0x2f, 0x73, 0x74, 0x64, 0x6c,
    0x69, 0x62, 0x2f, 0x67, 0x64, 0x74, 0x6f, 0x61, 0x2d, 0x67, 0x65, 0x74,
    0x68, 0x65, 0x78, 0x2e, 0x63, 0x00, 0x4e, 0x6f, 0x20, 0x64, 0x61, 0x74,
    0x61, 0x00, 0x41, 0x64, 0x64, 0x72, 0x65, 0x73, 0x73, 0x20, 0x61, 0x6c,
    0x72, 0x65, 0x61, 0x64, 0x79, 0x20, 0x69, 0x6e, 0x20, 0x75, 0x73, 0x65,
    0x00, 0x50, 0x72, 0x65, 0x76, 0x69, 0x6f, 0x75, 0x73, 0x20, 0x6f, 0x77,
    0x6e, 0x65, 0x72, 0x20, 0x64, 0x69, 0x65, 0x64, 0x00, 0x41, 0x76, 0x61,
    0x69, 0x6c, 0x61, 0x62, 0x6c, 0x65, 0x3a, 0x20, 0x65, 0x63, 0x68, 0x6f,
    0x20, 0x70, 0x77, 0x64, 0x20, 0x74, 0x72, 0x75, 0x65, 0x20, 0x66, 0x61,
    0x6c, 0x73, 0x65, 0x20, 0x62, 0x61, 0x73, 0x65, 0x6e, 0x61, 0x6d, 0x65,
    0x20, 0x64, 0x69, 0x72, 0x6e, 0x61, 0x6d, 0x65, 0x20, 0x79, 0x65, 0x73,
    0x20, 0x73, 0x6c, 0x65, 0x65, 0x70, 0x20, 0x75, 0x6e, 0x61, 0x6d, 0x65,
    0x20, 0x63, 0x61, 0x74, 0x20, 0x6c, 0x73, 0x20, 0x65, 0x6e, 0x76, 0x20,
    0x70, 0x72, 0x69, 0x6e, 0x74, 0x65, 0x6e, 0x76, 0x20, 0x68, 0x6f, 0x73,
    0x74, 0x6e, 0x61, 0x6d, 0x65, 0x20, 0x6c, 0x6f, 0x67, 0x6e, 0x61, 0x6d,
    0x65, 0x20, 0x69, 0x64, 0x20, 0x64, 0x61, 0x74, 0x65, 0x20, 0x73, 0x65,
    0x71, 0x20, 0x74, 0x65, 0x65, 0x20, 0x74, 0x65, 0x73, 0x74, 0x20, 0x70,
    0x72, 0x69, 0x6e, 0x74, 0x66, 0x20, 0x6b, 0x69, 0x6c, 0x6c, 0x20, 0x77,
    0x63, 0x20, 0x68, 0x65, 0x61, 0x64, 0x20, 0x74, 0x61, 0x69, 0x6c, 0x20,
    0x73, 0x6f, 0x72, 0x74, 0x20, 0x74, 0x72, 0x20, 0x75, 0x6e, 0x69, 0x71,
    0x20, 0x63, 0x75, 0x74, 0x20, 0x77, 0x68, 0x69, 0x63, 0x68, 0x20, 0x74,
    0x6f, 0x75, 0x63, 0x68, 0x20, 0x6d, 0x6b, 0x64, 0x69, 0x72, 0x20, 0x72,
    0x6d, 0x20, 0x63, 0x70, 0x20, 0x6d, 0x76, 0x20, 0x67, 0x72, 0x65, 0x70,
    0x20, 0x78, 0x61, 0x72, 0x67, 0x73, 0x20, 0x65, 0x78, 0x70, 0x72, 0x20,
    0x63, 0x68, 0x6d, 0x6f, 0x64, 0x20, 0x6c, 0x6e, 0x20, 0x72, 0x6d, 0x64,
    0x69, 0x72, 0x20, 0x64, 0x64, 0x20, 0x73, 0x74, 0x61, 0x74, 0x20, 0x72,
    0x65, 0x61, 0x64, 0x6c, 0x69, 0x6e, 0x6b, 0x20, 0x63, 0x6b, 0x73, 0x75,
    0x6d, 0x20, 0x64, 0x75, 0x20, 0x6d, 0x6b, 0x66, 0x69, 0x66, 0x6f, 0x20,
    0x63, 0x68, 0x6f, 0x77, 0x6e, 0x20, 0x73, 0x65, 0x64, 0x20, 0x70, 0x61,
    0x73, 0x74, 0x65, 0x20, 0x66, 0x6f, 0x6c, 0x64, 0x20, 0x63, 0x6f, 0x6d,
    0x6d, 0x20, 0x6e, 0x6c, 0x20, 0x72, 0x65, 0x76, 0x20, 0x65, 0x78, 0x70,
    0x61, 0x6e, 0x64, 0x20, 0x75, 0x6e, 0x65, 0x78, 0x70, 0x61, 0x6e, 0x64,
    0x20, 0x63, 0x6f, 0x6c, 0x72, 0x6d, 0x20, 0x73, 0x70, 0x6c, 0x69, 0x74,
    0x20, 0x6c, 0x65, 0x73, 0x73, 0x20, 0x6d, 0x6f, 0x72, 0x65, 0x20, 0x76,
    0x69, 0x20, 0x76, 0x69, 0x6d, 0x0a, 0x00, 0x46, 0x65, 0x62, 0x00, 0x36,
    0x34, 0x34, 0x00, 0x1b, 0x5b, 0x25, 0x64, 0x3b, 0x31, 0x48, 0x00, 0x49,
    0x6e, 0x66, 0x69, 0x6e, 0x69, 0x74, 0x79, 0x00, 0x4e, 0x6f, 0x20, 0x6d,
    0x6f, 0x72, 0x65, 0x20, 0x70, 0x72, 0x6f, 0x63, 0x65, 0x73, 0x73, 0x65,
    0x73, 0x00, 0x54, 0x65, 0x78, 0x74, 0x20, 0x66, 0x69, 0x6c, 0x65, 0x20,
    0x62, 0x75, 0x73, 0x79, 0x00, 0x41, 0x64, 0x64, 0x72, 0x65, 0x73, 0x73,
    0x20, 0x6e, 0x6f, 0x74, 0x20, 0x61, 0x76, 0x61, 0x69, 0x6c, 0x61, 0x62,
    0x6c, 0x65, 0x00, 0x50, 0x4f, 0x53, 0x49, 0x58, 0x00, 0x65, 0x63, 0x68,
    0x6f, 0x00, 0x75, 0x6e, 0x65, 0x78, 0x70, 0x61, 0x6e, 0x64, 0x00, 0x6c,
    0x65, 0x73, 0x73, 0x00, 0x2d, 0x6e, 0x65, 0x00, 0x36, 0x30, 0x30, 0x00,
    0x25, 0x6c, 0x6c, 0x64, 0x0a, 0x00, 0x75, 0x73, 0x61, 0x67, 0x65, 0x3a,
    0x20, 0x76, 0x69, 0x20, 0x66, 0x69, 0x6c, 0x65, 0x0a, 0x00, 0x61, 0x6e,
    0x00, 0x4e, 0x65, 0x74, 0x77, 0x6f, 0x72, 0x6b, 0x20, 0x69, 0x6e, 0x74,
    0x65, 0x72, 0x66, 0x61, 0x63, 0x65, 0x20, 0x69, 0x73, 0x20, 0x6e, 0x6f,
    0x74, 0x20, 0x63, 0x6f, 0x6e, 0x66, 0x69, 0x67, 0x75, 0x72, 0x65, 0x64,
    0x00, 0x53, 0x74, 0x61, 0x74, 0x65, 0x20, 0x6e, 0x6f, 0x74, 0x20, 0x72,
    0x65, 0x63, 0x6f, 0x76, 0x65, 0x72, 0x61, 0x62, 0x6c, 0x65, 0x00, 0x4d,
    0x65, 0x73, 0x73, 0x61, 0x67, 0x65, 0x20, 0x74, 0x6f, 0x6f, 0x20, 0x6c,
    0x6f, 0x6e, 0x67, 0x00, 0x65, 0x6e, 0x76, 0x00, 0x63, 0x68, 0x6f, 0x77,
    0x6e, 0x00, 0x4e, 0x6f, 0x76, 0x00, 0x2d, 0x6f, 0x00, 0x25, 0x37, 0x64,
    0x20, 0x25, 0x37, 0x64, 0x20, 0x25, 0x37, 0x64, 0x20, 0x25, 0x73, 0x0a,
    0x00, 0x63, 0x75, 0x74, 0x3a, 0x20, 0x25, 0x73, 0x3a, 0x20, 0x63, 0x61,
    0x6e, 0x6e, 0x6f, 0x74, 0x20, 0x6f, 0x70, 0x65, 0x6e, 0x0a, 0x00, 0x2f,
    0x62, 0x69, 0x6e, 0x3a, 0x2f, 0x75, 0x73, 0x72, 0x2f, 0x62, 0x69, 0x6e,
    0x00, 0x28, 0x6e, 0x75, 0x6c, 0x6c, 0x29, 0x00, 0x4e, 0x6f, 0x20, 0x6d,
    0x65, 0x73, 0x73, 0x61, 0x67, 0x65, 0x20, 0x6f, 0x66, 0x20, 0x64, 0x65,
    0x73, 0x69, 0x72, 0x65, 0x64, 0x20, 0x74, 0x79, 0x70, 0x65, 0x00, 0x49,
    0x6c, 0x6c, 0x65, 0x67, 0x61, 0x6c, 0x20, 0x62, 0x79, 0x74, 0x65, 0x20,
    0x73, 0x65, 0x71, 0x75, 0x65, 0x6e, 0x63, 0x65, 0x00, 0x44, 0x69, 0x72,
    0x65, 0x63, 0x74, 0x6f, 0x72, 0x79, 0x20, 0x6e, 0x6f, 0x74, 0x20, 0x65,
    0x6d, 0x70, 0x74, 0x79, 0x00, 0x50, 0x72, 0x6f, 0x74, 0x6f, 0x63, 0x6f,
    0x6c, 0x20, 0x77, 0x72, 0x6f, 0x6e, 0x67, 0x20, 0x74, 0x79, 0x70, 0x65,
    0x20, 0x66, 0x6f, 0x72, 0x20, 0x73, 0x6f, 0x63, 0x6b, 0x65, 0x74, 0x00,
    0x53, 0x6f, 0x66, 0x74, 0x77, 0x61, 0x72, 0x65, 0x20, 0x63, 0x61, 0x75,
    0x73, 0x65, 0x64, 0x20, 0x63, 0x6f, 0x6e, 0x6e, 0x65, 0x63, 0x74, 0x69,
    0x6f, 0x6e, 0x20, 0x61, 0x62, 0x6f, 0x72, 0x74, 0x00, 0x00, 0x00, 0x00,
    0xff, 0xff, 0xff, 0xff, 0xff, 0xff, 0xff, 0x7f, 0xff, 0xff, 0xff, 0xff,
    0xff, 0xff, 0xff, 0x7f, 0x00, 0x00, 0x00, 0x00, 0x00, 0x00, 0x00, 0x80,
    0x00, 0x00, 0x00, 0x00, 0x00, 0x00, 0x00, 0x80, 0x00, 0x00, 0x00, 0x80,
    0x00, 0x00, 0x00, 0x80, 0x00, 0x00, 0x00, 0x80, 0x00, 0x00, 0x00, 0x80,
    0x00, 0x00, 0xc0, 0x7f, 0x00, 0x00, 0x00, 0x00, 0x00, 0x00, 0x00, 0x00,
    0x00, 0x00, 0x00, 0x00, 0x00, 0x00, 0x00, 0x00, 0x00, 0x00, 0x00, 0x00,
    0x00, 0x00, 0x00, 0x00, 0x00, 0x00, 0x00, 0x00, 0x00, 0x00, 0x00, 0x00,
    0x00, 0x00, 0x00, 0x00, 0x00, 0x00, 0x00, 0x00, 0x00, 0x00, 0x00, 0x00,
    0x00, 0x00, 0x00, 0x00, 0x00, 0x00, 0x00, 0x00, 0x00, 0x00, 0x00, 0x00,
    0x00, 0x00, 0x00, 0x00, 0x00, 0x00, 0x00, 0x00, 0x00, 0x00, 0x00, 0x00,
    0x00, 0x00, 0x00, 0x00, 0x00, 0x00, 0x00, 0x00, 0x00, 0x00, 0x00, 0x00,
    0x00, 0x00, 0x00, 0x00, 0x00, 0x00, 0x00, 0x00, 0x00, 0x00, 0x00, 0x00,
    0x00, 0x00, 0x00, 0x00, 0x00, 0x00, 0x00, 0x00, 0x00, 0x00, 0x00, 0x00,
    0x00, 0x00, 0x00, 0x00, 0x00, 0x00, 0x00, 0x00, 0x00, 0x00, 0x00, 0x00,
    0x00, 0x00, 0x00, 0x00, 0x00, 0x00, 0x00, 0x00, 0x00, 0x00, 0x00, 0x00,
    0x00, 0x00, 0x00, 0x00, 0x00, 0x00, 0x00, 0x00, 0x00, 0x00, 0x00, 0x00,
    0x00, 0x00, 0x00, 0x00, 0x00, 0x00, 0x00, 0x00, 0x00, 0x00, 0x00, 0x00,
    0x00, 0x00, 0x00, 0x00, 0x00, 0x00, 0x00, 0x00, 0x00, 0x00, 0x00, 0x00,
    0x00, 0x00, 0x00, 0x00, 0x00, 0x00, 0x00, 0x00, 0x00, 0x00, 0x00, 0x00,
    0x00, 0x00, 0x00, 0x00, 0x00, 0x00, 0x00, 0x00, 0x00, 0x00, 0x00, 0x00,
    0x00, 0x00, 0x00, 0x00, 0x00, 0x00, 0x00, 0x00, 0x00, 0x00, 0x00, 0x00,
    0x00, 0x00, 0x00, 0x00, 0x00, 0x00, 0x00, 0x00, 0x00, 0x00, 0x00, 0x00,
    0x00, 0x00, 0x00, 0x00, 0x00, 0x00, 0x00, 0x00, 0x00, 0x00, 0x00, 0x00,
    0x00, 0x00, 0x00, 0x00, 0x00, 0x00, 0x00, 0x00, 0x00, 0x00, 0x00, 0x00,
    0x00, 0x00, 0x00, 0x00, 0x00, 0x00, 0x00, 0x00, 0x00, 0x00, 0x00, 0x00,
    0x00, 0x00, 0x00, 0x00, 0x00, 0x00, 0x00, 0x00, 0x00, 0x00, 0x00, 0x00,
    0x00, 0x00, 0x00, 0x00, 0x00, 0x00, 0x00, 0x00, 0x00, 0x00, 0x00, 0x00,
    0x00, 0x00, 0x00, 0x00, 0x00, 0x00, 0x00, 0x00, 0x00, 0x00, 0x00, 0x00,
    0x00, 0x00, 0x00, 0x00, 0x00, 0x00, 0x00, 0x00, 0x00, 0x00, 0x00, 0x00,
    0x00, 0x00, 0x00, 0x00, 0x00, 0x00, 0x00, 0x00, 0x00, 0x00, 0x00, 0x00,
    0x00, 0x00, 0x00, 0x00, 0x00, 0x00, 0x00, 0x00, 0x00, 0x00, 0x00, 0x00,
    0x00, 0x00, 0x00, 0x00, 0x00, 0x00, 0x00, 0x00, 0x00, 0x00, 0x00, 0x00,
    0x00, 0x00, 0x00, 0x00, 0x00, 0x00, 0x00, 0x00, 0x00, 0x00, 0x00, 0x00,
    0x00, 0x00, 0x00, 0x00, 0x00, 0x00, 0x00, 0x00, 0x00, 0x00, 0x00, 0x00,
    0x00, 0x00, 0x00, 0x00, 0x00, 0x00, 0x00, 0x00, 0x00, 0x00, 0x00, 0x00,
    0x00, 0x00, 0x00, 0x00, 0x00, 0x00, 0x00, 0x00, 0x00, 0x00, 0x00, 0x00,
    0x00, 0x00, 0x00, 0x00, 0x00, 0x00, 0x00, 0x00, 0x00, 0x00, 0x00, 0x00,
    0x00, 0x00, 0x00, 0x00, 0x00, 0x00, 0x00, 0x00, 0x00, 0x00, 0x00, 0x00,
    0x00, 0x00, 0x00, 0x00, 0x00, 0x00, 0x00, 0x00, 0x00, 0x00, 0x00, 0x00,
    0x00, 0x00, 0x00, 0x00, 0x00, 0x00, 0x00, 0x00, 0x00, 0x00, 0x00, 0x00,
    0x00, 0x00, 0x00, 0x00, 0x00, 0x00, 0x00, 0x00, 0x00, 0x00, 0x00, 0x00,
    0x00, 0x00, 0x00, 0x00, 0x00, 0x00, 0x00, 0x00, 0x00, 0x00, 0x00, 0x00,
    0x00, 0x00, 0x00, 0x00, 0x00, 0x00, 0x00, 0x00, 0x00, 0x00, 0x00, 0x00,
    0x00, 0x00, 0x00, 0x00, 0x00, 0x00, 0x00, 0x00, 0x00, 0x00, 0x00, 0x00,
    0x00, 0x00, 0x00, 0x00, 0x00, 0x00, 0x00, 0x00, 0x00, 0x00, 0x00, 0x00,
    0x00, 0x00, 0x00, 0x00, 0x00, 0x00, 0x00, 0x00, 0x00, 0x00, 0x00, 0x00,
    0x00, 0x00, 0x00, 0x00, 0x00, 0x00, 0x00, 0x00, 0x00, 0x00, 0x00, 0x00,
    0x00, 0x00, 0x00, 0x00, 0x00, 0x00, 0x00, 0x00, 0x00, 0x00, 0x00, 0x00,
    0x00, 0x00, 0x00, 0x00, 0x00, 0x00, 0x00, 0x00, 0x00, 0x00, 0x00, 0x00,
    0x00, 0x00, 0x00, 0x00, 0x00, 0x00, 0x00, 0x00, 0x00, 0x00, 0x00, 0x00,
    0x00, 0x00, 0x00, 0x00, 0x00, 0x00, 0x00, 0x00, 0x00, 0x00, 0x00, 0x00,
    0x00, 0x00, 0x00, 0x00, 0x00, 0x00, 0x00, 0x00, 0x00, 0x00, 0x00, 0x00,
    0x00, 0x00, 0x00, 0x00, 0x00, 0x00, 0x00, 0x00, 0x00, 0x00, 0x00, 0x00,
    0x00, 0x00, 0x00, 0x00, 0x00, 0x00, 0x00, 0x00, 0x00, 0x00, 0x00, 0x00,
    0x00, 0x00, 0x00, 0x00, 0x00, 0x00, 0x00, 0x00, 0x00, 0x00, 0x00, 0x00,
    0x00, 0x00, 0x00, 0x00, 0x00, 0x00, 0x00, 0x00, 0x00, 0x00, 0x00, 0x00,
    0x00, 0x00, 0x00, 0x00, 0x00, 0x00, 0x00, 0x00, 0x00, 0x00, 0x00, 0x00,
    0x00, 0x00, 0x00, 0x00, 0x00, 0x00, 0x00, 0x00, 0x00, 0x00, 0x00, 0x00,
    0x00, 0x00, 0x00, 0x00, 0x00, 0x00, 0x00, 0x00, 0x00, 0x00, 0x00, 0x00,
    0x00, 0x00, 0x00, 0x00, 0x00, 0x00, 0x00, 0x00, 0x00, 0x00, 0x00, 0x00,
    0x00, 0x00, 0x00, 0x00, 0x00, 0x00, 0x00, 0x00, 0x00, 0x00, 0x00, 0x00,
    0x00, 0x00, 0x00, 0x00, 0x00, 0x00, 0x00, 0x00, 0x00, 0x00, 0x00, 0x00,
    0x00, 0x00, 0x00, 0x00, 0x00, 0x00, 0x00, 0x00, 0x00, 0x00, 0x00, 0x00,
    0x00, 0x00, 0x00, 0x00, 0x00, 0x00, 0x00, 0x00, 0x00, 0x00, 0x00, 0x00,
    0x00, 0x00, 0x00, 0x00, 0x00, 0x00, 0x00, 0x00, 0x00, 0x00, 0x00, 0x00,
    0x00, 0x00, 0x00, 0x00, 0x00, 0x00, 0x00, 0x00, 0x00, 0x00, 0x00, 0x00,
    0x00, 0x00, 0x00, 0x00, 0x00, 0x00, 0x00, 0x00, 0x00, 0x00, 0x00, 0x00,
    0x00, 0x00, 0x00, 0x00, 0x00, 0x00, 0x00, 0x00, 0x00, 0x00, 0x00, 0x00,
    0x00, 0x00, 0x00, 0x00, 0x00, 0x00, 0x00, 0x00, 0x00, 0x00, 0x00, 0x00,
    0x00, 0x00, 0x00, 0x00, 0x00, 0x00, 0x00, 0x00, 0x00, 0x00, 0x00, 0x00,
    0x00, 0x00, 0x00, 0x00, 0x00, 0x00, 0x00, 0x00, 0x00, 0x00, 0x00, 0x00,
    0x00, 0x00, 0x00, 0x00, 0x00, 0x00, 0x00, 0x00, 0x00, 0x00, 0x00, 0x00,
    0x00, 0x00, 0x00, 0x00, 0x00, 0x00, 0x00, 0x00, 0x00, 0x00, 0x00, 0x00,
    0x00, 0x00, 0x00, 0x00, 0x00, 0x00, 0x00, 0x00, 0x00, 0x00, 0x00, 0x00,
    0x00, 0x00, 0x00, 0x00, 0x00, 0x00, 0x00, 0x00, 0x00, 0x00, 0x00, 0x00,
    0x00, 0x00, 0x00, 0x00, 0x00, 0x00, 0x00, 0x00, 0x00, 0x00, 0x00, 0x00,
    0x00, 0x00, 0x00, 0x00, 0x00, 0x00, 0x00, 0x00, 0x00, 0x00, 0x00, 0x00,
    0x00, 0x00, 0x00, 0x00, 0x00, 0x00, 0x00, 0x00, 0x00, 0x00, 0x00, 0x00,
    0x00, 0x00, 0x00, 0x00, 0x00, 0x00, 0x00, 0x00, 0x00, 0x00, 0x00, 0x00,
    0x00, 0x00, 0x00, 0x00, 0x00, 0x00, 0x00, 0x00, 0x00, 0x00, 0x00, 0x00,
    0x00, 0x00, 0x00, 0x00, 0x00, 0x00, 0x00, 0x00, 0x00, 0x00, 0x00, 0x00,
    0x00, 0x00, 0x00, 0x00, 0x00, 0x00, 0x00, 0x00, 0x00, 0x00, 0x00, 0x00,
    0x00, 0x00, 0x00, 0x00, 0x00, 0x00, 0x00, 0x00, 0x00, 0x00, 0x00, 0x00,
    0x00, 0x00, 0x00, 0x00, 0x00, 0x00, 0x00, 0x00, 0x00, 0x00, 0x00, 0x00,
    0x00, 0x00, 0x00, 0x00, 0x00, 0x00, 0x00, 0x00, 0x00, 0x00, 0x00, 0x00,
    0x00, 0x00, 0x00, 0x00, 0x00, 0x00, 0x00, 0x00, 0x00, 0x00, 0x00, 0x00,
    0x00, 0x00, 0x00, 0x00, 0x00, 0x00, 0x00, 0x00, 0x00, 0x00, 0x00, 0x00,
    0x00, 0x00, 0x00, 0x00, 0x00, 0x00, 0x00, 0x00, 0x00, 0x00, 0x00, 0x00,
    0x00, 0x00, 0x00, 0x00, 0x00, 0x00, 0x00, 0x00, 0x00, 0x00, 0x00, 0x00,
    0x00, 0x00, 0x00, 0x00, 0x00, 0x00, 0x00, 0x00, 0x00, 0x00, 0x00, 0x00,
    0x00, 0x00, 0x00, 0x00, 0x00, 0x00, 0x00, 0x00, 0x00, 0x00, 0x00, 0x00,
    0x00, 0x00, 0x00, 0x00, 0x00, 0x00, 0x00, 0x00, 0x00, 0x00, 0x00, 0x00,
    0x00, 0x00, 0x00, 0x00, 0x00, 0x00, 0x00, 0x00, 0x00, 0x00, 0x00, 0x00,
    0x00, 0x00, 0x00, 0x00, 0x00, 0x00, 0x00, 0x00, 0x00, 0x00, 0x00, 0x00,
    0x00, 0x00, 0x00, 0x00, 0x00, 0x00, 0x00, 0x00, 0x00, 0x00, 0x00, 0x00,
    0x00, 0x00, 0x00, 0x00, 0x00, 0x00, 0x00, 0x00, 0x00, 0x00, 0x00, 0x00,
    0x00, 0x00, 0x00, 0x00, 0x00, 0x00, 0x00, 0x00, 0x00, 0x00, 0x00, 0x00,
    0x00, 0x00, 0x00, 0x00, 0x00, 0x00, 0x00, 0x00, 0x00, 0x00, 0x00, 0x00,
    0x00, 0x00, 0x00, 0x00, 0x00, 0x00, 0x00, 0x00, 0x00, 0x00, 0x00, 0x00,
    0x00, 0x00, 0x00, 0x00, 0x00, 0x00, 0x00, 0x00, 0x00, 0x00, 0x00, 0x00,
    0x00, 0x00, 0x00, 0x00, 0x00, 0x00, 0x00, 0x00, 0x00, 0x00, 0x00, 0x00,
    0x00, 0x00, 0x00, 0x00, 0x00, 0x00, 0x00, 0x00, 0x00, 0x00, 0x00, 0x00,
    0x00, 0x00, 0x00, 0x00, 0x00, 0x00, 0x00, 0x00, 0x00, 0x00, 0x00, 0x00,
    0x00, 0x00, 0x00, 0x00, 0x00, 0x00, 0x00, 0x00, 0x00, 0x00, 0x00, 0x00,
    0x00, 0x00, 0x00, 0x00, 0x00, 0x00, 0x00, 0x00, 0x00, 0x00, 0x00, 0x00,
    0x00, 0x00, 0x00, 0x00, 0x00, 0x00, 0x00, 0x00, 0x00, 0x00, 0x00, 0x00,
    0x00, 0x00, 0x00, 0x00, 0x00, 0x00, 0x00, 0x00, 0x00, 0x00, 0x00, 0x00,
    0x00, 0x00, 0x00, 0x00, 0x00, 0x00, 0x00, 0x00, 0x00, 0x00, 0x00, 0x00,
    0x00, 0x00, 0x00, 0x00, 0x00, 0x00, 0x00, 0x00, 0x00, 0x00, 0x00, 0x00,
    0x00, 0x00, 0x00, 0x00, 0x00, 0x00, 0x00, 0x00, 0x00, 0x00, 0x00, 0x00,
    0x00, 0x00, 0x00, 0x00, 0x00, 0x00, 0x00, 0x00, 0x00, 0x00, 0x00, 0x00,
    0x00, 0x00, 0x00, 0x00, 0x00, 0x00, 0x00, 0x00, 0x00, 0x00, 0x00, 0x00,
    0x00, 0x00, 0x00, 0x00, 0x00, 0x00, 0x00, 0x00, 0x00, 0x00, 0x00, 0x00,
    0x00, 0x00, 0x00, 0x00, 0x00, 0x00, 0x00, 0x00, 0x00, 0x00, 0x00, 0x00,
    0x00, 0x00, 0x00, 0x00, 0x00, 0x00, 0x00, 0x00, 0x00, 0x00, 0x00, 0x00,
    0x00, 0x00, 0x00, 0x00, 0x00, 0x00, 0x00, 0x00, 0x00, 0x00, 0x00, 0x00,
    0x00, 0x00, 0x00, 0x00, 0x00, 0x00, 0x00, 0x00, 0x00, 0x00, 0x00, 0x00,
    0x00, 0x00, 0x00, 0x00, 0x00, 0x00, 0x00, 0x00, 0x00, 0x00, 0x00, 0x00,
    0x00, 0x00, 0x00, 0x00, 0x00, 0x00, 0x00, 0x00, 0x00, 0x00, 0x00, 0x00,
    0x00, 0x00, 0x00, 0x00, 0x00, 0x00, 0x00, 0x00, 0x00, 0x00, 0x00, 0x00,
    0x00, 0x00, 0x00, 0x00, 0x00, 0x00, 0x00, 0x00, 0x00, 0x00, 0x00, 0x00,
    0x00, 0x00, 0x00, 0x00, 0x00, 0x00, 0x00, 0x00, 0x00, 0x00, 0x00, 0x00,
    0x00, 0x00, 0x00, 0x00, 0x00, 0x00, 0x00, 0x00, 0x01, 0x00, 0x00, 0x00,
    0x00, 0x00, 0x00, 0x00, 0x20, 0x30, 0x42, 0x00, 0x00, 0x00, 0x00, 0x00,
    0x00, 0x00, 0x00, 0x00, 0x00, 0x00, 0x00, 0x00, 0x00, 0x00, 0x00, 0x00,
    0x00, 0x00, 0x00, 0x00, 0x10, 0x20, 0x42, 0x00, 0x00, 0x00, 0x00, 0x00,
    0x10, 0x20, 0x42, 0x00, 0x00, 0x00, 0x00, 0x00, 0x20, 0x20, 0x42, 0x00,
    0x00, 0x00, 0x00, 0x00, 0x20, 0x20, 0x42, 0x00, 0x00, 0x00, 0x00, 0x00,
    0x30, 0x20, 0x42, 0x00, 0x00, 0x00, 0x00, 0x00, 0x30, 0x20, 0x42, 0x00,
    0x00, 0x00, 0x00, 0x00, 0x40, 0x20, 0x42, 0x00, 0x00, 0x00, 0x00, 0x00,
    0x40, 0x20, 0x42, 0x00, 0x00, 0x00, 0x00, 0x00, 0x50, 0x20, 0x42, 0x00,
    0x00, 0x00, 0x00, 0x00, 0x50, 0x20, 0x42, 0x00, 0x00, 0x00, 0x00, 0x00,
    0x60, 0x20, 0x42, 0x00, 0x00, 0x00, 0x00, 0x00, 0x60, 0x20, 0x42, 0x00,
    0x00, 0x00, 0x00, 0x00, 0x70, 0x20, 0x42, 0x00, 0x00, 0x00, 0x00, 0x00,
    0x70, 0x20, 0x42, 0x00, 0x00, 0x00, 0x00, 0x00, 0x80, 0x20, 0x42, 0x00,
    0x00, 0x00, 0x00, 0x00, 0x80, 0x20, 0x42, 0x00, 0x00, 0x00, 0x00, 0x00,
    0x90, 0x20, 0x42, 0x00, 0x00, 0x00, 0x00, 0x00, 0x90, 0x20, 0x42, 0x00,
    0x00, 0x00, 0x00, 0x00, 0xa0, 0x20, 0x42, 0x00, 0x00, 0x00, 0x00, 0x00,
    0xa0, 0x20, 0x42, 0x00, 0x00, 0x00, 0x00, 0x00, 0xb0, 0x20, 0x42, 0x00,
    0x00, 0x00, 0x00, 0x00, 0xb0, 0x20, 0x42, 0x00, 0x00, 0x00, 0x00, 0x00,
    0xc0, 0x20, 0x42, 0x00, 0x00, 0x00, 0x00, 0x00, 0xc0, 0x20, 0x42, 0x00,
    0x00, 0x00, 0x00, 0x00, 0xd0, 0x20, 0x42, 0x00, 0x00, 0x00, 0x00, 0x00,
    0xd0, 0x20, 0x42, 0x00, 0x00, 0x00, 0x00, 0x00, 0xe0, 0x20, 0x42, 0x00,
    0x00, 0x00, 0x00, 0x00, 0xe0, 0x20, 0x42, 0x00, 0x00, 0x00, 0x00, 0x00,
    0xf0, 0x20, 0x42, 0x00, 0x00, 0x00, 0x00, 0x00, 0xf0, 0x20, 0x42, 0x00,
    0x00, 0x00, 0x00, 0x00, 0x00, 0x21, 0x42, 0x00, 0x00, 0x00, 0x00, 0x00,
    0x00, 0x21, 0x42, 0x00, 0x00, 0x00, 0x00, 0x00, 0x10, 0x21, 0x42, 0x00,
    0x00, 0x00, 0x00, 0x00, 0x10, 0x21, 0x42, 0x00, 0x00, 0x00, 0x00, 0x00,
    0x20, 0x21, 0x42, 0x00, 0x00, 0x00, 0x00, 0x00, 0x20, 0x21, 0x42, 0x00,
    0x00, 0x00, 0x00, 0x00, 0x30, 0x21, 0x42, 0x00, 0x00, 0x00, 0x00, 0x00,
    0x30, 0x21, 0x42, 0x00, 0x00, 0x00, 0x00, 0x00, 0x40, 0x21, 0x42, 0x00,
    0x00, 0x00, 0x00, 0x00, 0x40, 0x21, 0x42, 0x00, 0x00, 0x00, 0x00, 0x00,
    0x50, 0x21, 0x42, 0x00, 0x00, 0x00, 0x00, 0x00, 0x50, 0x21, 0x42, 0x00,
    0x00, 0x00, 0x00, 0x00, 0x60, 0x21, 0x42, 0x00, 0x00, 0x00, 0x00, 0x00,
    0x60, 0x21, 0x42, 0x00, 0x00, 0x00, 0x00, 0x00, 0x70, 0x21, 0x42, 0x00,
    0x00, 0x00, 0x00, 0x00, 0x70, 0x21, 0x42, 0x00, 0x00, 0x00, 0x00, 0x00,
    0x80, 0x21, 0x42, 0x00, 0x00, 0x00, 0x00, 0x00, 0x80, 0x21, 0x42, 0x00,
    0x00, 0x00, 0x00, 0x00, 0x90, 0x21, 0x42, 0x00, 0x00, 0x00, 0x00, 0x00,
    0x90, 0x21, 0x42, 0x00, 0x00, 0x00, 0x00, 0x00, 0xa0, 0x21, 0x42, 0x00,
    0x00, 0x00, 0x00, 0x00, 0xa0, 0x21, 0x42, 0x00, 0x00, 0x00, 0x00, 0x00,
    0xb0, 0x21, 0x42, 0x00, 0x00, 0x00, 0x00, 0x00, 0xb0, 0x21, 0x42, 0x00,
    0x00, 0x00, 0x00, 0x00, 0xc0, 0x21, 0x42, 0x00, 0x00, 0x00, 0x00, 0x00,
    0xc0, 0x21, 0x42, 0x00, 0x00, 0x00, 0x00, 0x00, 0xd0, 0x21, 0x42, 0x00,
    0x00, 0x00, 0x00, 0x00, 0xd0, 0x21, 0x42, 0x00, 0x00, 0x00, 0x00, 0x00,
    0xe0, 0x21, 0x42, 0x00, 0x00, 0x00, 0x00, 0x00, 0xe0, 0x21, 0x42, 0x00,
    0x00, 0x00, 0x00, 0x00, 0xf0, 0x21, 0x42, 0x00, 0x00, 0x00, 0x00, 0x00,
    0xf0, 0x21, 0x42, 0x00, 0x00, 0x00, 0x00, 0x00, 0x00, 0x22, 0x42, 0x00,
    0x00, 0x00, 0x00, 0x00, 0x00, 0x22, 0x42, 0x00, 0x00, 0x00, 0x00, 0x00,
    0x10, 0x22, 0x42, 0x00, 0x00, 0x00, 0x00, 0x00, 0x10, 0x22, 0x42, 0x00,
    0x00, 0x00, 0x00, 0x00, 0x20, 0x22, 0x42, 0x00, 0x00, 0x00, 0x00, 0x00,
    0x20, 0x22, 0x42, 0x00, 0x00, 0x00, 0x00, 0x00, 0x30, 0x22, 0x42, 0x00,
    0x00, 0x00, 0x00, 0x00, 0x30, 0x22, 0x42, 0x00, 0x00, 0x00, 0x00, 0x00,
    0x40, 0x22, 0x42, 0x00, 0x00, 0x00, 0x00, 0x00, 0x40, 0x22, 0x42, 0x00,
    0x00, 0x00, 0x00, 0x00, 0x50, 0x22, 0x42, 0x00, 0x00, 0x00, 0x00, 0x00,
    0x50, 0x22, 0x42, 0x00, 0x00, 0x00, 0x00, 0x00, 0x60, 0x22, 0x42, 0x00,
    0x00, 0x00, 0x00, 0x00, 0x60, 0x22, 0x42, 0x00, 0x00, 0x00, 0x00, 0x00,
    0x70, 0x22, 0x42, 0x00, 0x00, 0x00, 0x00, 0x00, 0x70, 0x22, 0x42, 0x00,
    0x00, 0x00, 0x00, 0x00, 0x80, 0x22, 0x42, 0x00, 0x00, 0x00, 0x00, 0x00,
    0x80, 0x22, 0x42, 0x00, 0x00, 0x00, 0x00, 0x00, 0x90, 0x22, 0x42, 0x00,
    0x00, 0x00, 0x00, 0x00, 0x90, 0x22, 0x42, 0x00, 0x00, 0x00, 0x00, 0x00,
    0xa0, 0x22, 0x42, 0x00, 0x00, 0x00, 0x00, 0x00, 0xa0, 0x22, 0x42, 0x00,
    0x00, 0x00, 0x00, 0x00, 0xb0, 0x22, 0x42, 0x00, 0x00, 0x00, 0x00, 0x00,
    0xb0, 0x22, 0x42, 0x00, 0x00, 0x00, 0x00, 0x00, 0xc0, 0x22, 0x42, 0x00,
    0x00, 0x00, 0x00, 0x00, 0xc0, 0x22, 0x42, 0x00, 0x00, 0x00, 0x00, 0x00,
    0xd0, 0x22, 0x42, 0x00, 0x00, 0x00, 0x00, 0x00, 0xd0, 0x22, 0x42, 0x00,
    0x00, 0x00, 0x00, 0x00, 0xe0, 0x22, 0x42, 0x00, 0x00, 0x00, 0x00, 0x00,
    0xe0, 0x22, 0x42, 0x00, 0x00, 0x00, 0x00, 0x00, 0xf0, 0x22, 0x42, 0x00,
    0x00, 0x00, 0x00, 0x00, 0xf0, 0x22, 0x42, 0x00, 0x00, 0x00, 0x00, 0x00,
    0x00, 0x23, 0x42, 0x00, 0x00, 0x00, 0x00, 0x00, 0x00, 0x23, 0x42, 0x00,
    0x00, 0x00, 0x00, 0x00, 0x10, 0x23, 0x42, 0x00, 0x00, 0x00, 0x00, 0x00,
    0x10, 0x23, 0x42, 0x00, 0x00, 0x00, 0x00, 0x00, 0x20, 0x23, 0x42, 0x00,
    0x00, 0x00, 0x00, 0x00, 0x20, 0x23, 0x42, 0x00, 0x00, 0x00, 0x00, 0x00,
    0x30, 0x23, 0x42, 0x00, 0x00, 0x00, 0x00, 0x00, 0x30, 0x23, 0x42, 0x00,
    0x00, 0x00, 0x00, 0x00, 0x40, 0x23, 0x42, 0x00, 0x00, 0x00, 0x00, 0x00,
    0x40, 0x23, 0x42, 0x00, 0x00, 0x00, 0x00, 0x00, 0x50, 0x23, 0x42, 0x00,
    0x00, 0x00, 0x00, 0x00, 0x50, 0x23, 0x42, 0x00, 0x00, 0x00, 0x00, 0x00,
    0x60, 0x23, 0x42, 0x00, 0x00, 0x00, 0x00, 0x00, 0x60, 0x23, 0x42, 0x00,
    0x00, 0x00, 0x00, 0x00, 0x70, 0x23, 0x42, 0x00, 0x00, 0x00, 0x00, 0x00,
    0x70, 0x23, 0x42, 0x00, 0x00, 0x00, 0x00, 0x00, 0x80, 0x23, 0x42, 0x00,
    0x00, 0x00, 0x00, 0x00, 0x80, 0x23, 0x42, 0x00, 0x00, 0x00, 0x00, 0x00,
    0x90, 0x23, 0x42, 0x00, 0x00, 0x00, 0x00, 0x00, 0x90, 0x23, 0x42, 0x00,
    0x00, 0x00, 0x00, 0x00, 0xa0, 0x23, 0x42, 0x00, 0x00, 0x00, 0x00, 0x00,
    0xa0, 0x23, 0x42, 0x00, 0x00, 0x00, 0x00, 0x00, 0xb0, 0x23, 0x42, 0x00,
    0x00, 0x00, 0x00, 0x00, 0xb0, 0x23, 0x42, 0x00, 0x00, 0x00, 0x00, 0x00,
    0xc0, 0x23, 0x42, 0x00, 0x00, 0x00, 0x00, 0x00, 0xc0, 0x23, 0x42, 0x00,
    0x00, 0x00, 0x00, 0x00, 0xd0, 0x23, 0x42, 0x00, 0x00, 0x00, 0x00, 0x00,
    0xd0, 0x23, 0x42, 0x00, 0x00, 0x00, 0x00, 0x00, 0xe0, 0x23, 0x42, 0x00,
    0x00, 0x00, 0x00, 0x00, 0xe0, 0x23, 0x42, 0x00, 0x00, 0x00, 0x00, 0x00,
    0xf0, 0x23, 0x42, 0x00, 0x00, 0x00, 0x00, 0x00, 0xf0, 0x23, 0x42, 0x00,
    0x00, 0x00, 0x00, 0x00, 0x00, 0x24, 0x42, 0x00, 0x00, 0x00, 0x00, 0x00,
    0x00, 0x24, 0x42, 0x00, 0x00, 0x00, 0x00, 0x00, 0x10, 0x24, 0x42, 0x00,
    0x00, 0x00, 0x00, 0x00, 0x10, 0x24, 0x42, 0x00, 0x00, 0x00, 0x00, 0x00,
    0x20, 0x24, 0x42, 0x00, 0x00, 0x00, 0x00, 0x00, 0x20, 0x24, 0x42, 0x00,
    0x00, 0x00, 0x00, 0x00, 0x30, 0x24, 0x42, 0x00, 0x00, 0x00, 0x00, 0x00,
    0x30, 0x24, 0x42, 0x00, 0x00, 0x00, 0x00, 0x00, 0x40, 0x24, 0x42, 0x00,
    0x00, 0x00, 0x00, 0x00, 0x40, 0x24, 0x42, 0x00, 0x00, 0x00, 0x00, 0x00,
    0x50, 0x24, 0x42, 0x00, 0x00, 0x00, 0x00, 0x00, 0x50, 0x24, 0x42, 0x00,
    0x00, 0x00, 0x00, 0x00, 0x60, 0x24, 0x42, 0x00, 0x00, 0x00, 0x00, 0x00,
    0x60, 0x24, 0x42, 0x00, 0x00, 0x00, 0x00, 0x00, 0x70, 0x24, 0x42, 0x00,
    0x00, 0x00, 0x00, 0x00, 0x70, 0x24, 0x42, 0x00, 0x00, 0x00, 0x00, 0x00,
    0x80, 0x24, 0x42, 0x00, 0x00, 0x00, 0x00, 0x00, 0x80, 0x24, 0x42, 0x00,
    0x00, 0x00, 0x00, 0x00, 0x90, 0x24, 0x42, 0x00, 0x00, 0x00, 0x00, 0x00,
    0x90, 0x24, 0x42, 0x00, 0x00, 0x00, 0x00, 0x00, 0xa0, 0x24, 0x42, 0x00,
    0x00, 0x00, 0x00, 0x00, 0xa0, 0x24, 0x42, 0x00, 0x00, 0x00, 0x00, 0x00,
    0xb0, 0x24, 0x42, 0x00, 0x00, 0x00, 0x00, 0x00, 0xb0, 0x24, 0x42, 0x00,
    0x00, 0x00, 0x00, 0x00, 0xc0, 0x24, 0x42, 0x00, 0x00, 0x00, 0x00, 0x00,
    0xc0, 0x24, 0x42, 0x00, 0x00, 0x00, 0x00, 0x00, 0xd0, 0x24, 0x42, 0x00,
    0x00, 0x00, 0x00, 0x00, 0xd0, 0x24, 0x42, 0x00, 0x00, 0x00, 0x00, 0x00,
    0xe0, 0x24, 0x42, 0x00, 0x00, 0x00, 0x00, 0x00, 0xe0, 0x24, 0x42, 0x00,
    0x00, 0x00, 0x00, 0x00, 0xf0, 0x24, 0x42, 0x00, 0x00, 0x00, 0x00, 0x00,
    0xf0, 0x24, 0x42, 0x00, 0x00, 0x00, 0x00, 0x00, 0x00, 0x25, 0x42, 0x00,
    0x00, 0x00, 0x00, 0x00, 0x00, 0x25, 0x42, 0x00, 0x00, 0x00, 0x00, 0x00,
    0x10, 0x25, 0x42, 0x00, 0x00, 0x00, 0x00, 0x00, 0x10, 0x25, 0x42, 0x00,
    0x00, 0x00, 0x00, 0x00, 0x20, 0x25, 0x42, 0x00, 0x00, 0x00, 0x00, 0x00,
    0x20, 0x25, 0x42, 0x00, 0x00, 0x00, 0x00, 0x00, 0x30, 0x25, 0x42, 0x00,
    0x00, 0x00, 0x00, 0x00, 0x30, 0x25, 0x42, 0x00, 0x00, 0x00, 0x00, 0x00,
    0x40, 0x25, 0x42, 0x00, 0x00, 0x00, 0x00, 0x00, 0x40, 0x25, 0x42, 0x00,
    0x00, 0x00, 0x00, 0x00, 0x50, 0x25, 0x42, 0x00, 0x00, 0x00, 0x00, 0x00,
    0x50, 0x25, 0x42, 0x00, 0x00, 0x00, 0x00, 0x00, 0x60, 0x25, 0x42, 0x00,
    0x00, 0x00, 0x00, 0x00, 0x60, 0x25, 0x42, 0x00, 0x00, 0x00, 0x00, 0x00,
    0x70, 0x25, 0x42, 0x00, 0x00, 0x00, 0x00, 0x00, 0x70, 0x25, 0x42, 0x00,
    0x00, 0x00, 0x00, 0x00, 0x80, 0x25, 0x42, 0x00, 0x00, 0x00, 0x00, 0x00,
    0x80, 0x25, 0x42, 0x00, 0x00, 0x00, 0x00, 0x00, 0x90, 0x25, 0x42, 0x00,
    0x00, 0x00, 0x00, 0x00, 0x90, 0x25, 0x42, 0x00, 0x00, 0x00, 0x00, 0x00,
    0xa0, 0x25, 0x42, 0x00, 0x00, 0x00, 0x00, 0x00, 0xa0, 0x25, 0x42, 0x00,
    0x00, 0x00, 0x00, 0x00, 0xb0, 0x25, 0x42, 0x00, 0x00, 0x00, 0x00, 0x00,
    0xb0, 0x25, 0x42, 0x00, 0x00, 0x00, 0x00, 0x00, 0xc0, 0x25, 0x42, 0x00,
    0x00, 0x00, 0x00, 0x00, 0xc0, 0x25, 0x42, 0x00, 0x00, 0x00, 0x00, 0x00,
    0xd0, 0x25, 0x42, 0x00, 0x00, 0x00, 0x00, 0x00, 0xd0, 0x25, 0x42, 0x00,
    0x00, 0x00, 0x00, 0x00, 0xe0, 0x25, 0x42, 0x00, 0x00, 0x00, 0x00, 0x00,
    0xe0, 0x25, 0x42, 0x00, 0x00, 0x00, 0x00, 0x00, 0xf0, 0x25, 0x42, 0x00,
    0x00, 0x00, 0x00, 0x00, 0xf0, 0x25, 0x42, 0x00, 0x00, 0x00, 0x00, 0x00,
    0x00, 0x26, 0x42, 0x00, 0x00, 0x00, 0x00, 0x00, 0x00, 0x26, 0x42, 0x00,
    0x00, 0x00, 0x00, 0x00, 0x10, 0x26, 0x42, 0x00, 0x00, 0x00, 0x00, 0x00,
    0x10, 0x26, 0x42, 0x00, 0x00, 0x00, 0x00, 0x00, 0x20, 0x26, 0x42, 0x00,
    0x00, 0x00, 0x00, 0x00, 0x20, 0x26, 0x42, 0x00, 0x00, 0x00, 0x00, 0x00,
    0x30, 0x26, 0x42, 0x00, 0x00, 0x00, 0x00, 0x00, 0x30, 0x26, 0x42, 0x00,
    0x00, 0x00, 0x00, 0x00, 0x40, 0x26, 0x42, 0x00, 0x00, 0x00, 0x00, 0x00,
    0x40, 0x26, 0x42, 0x00, 0x00, 0x00, 0x00, 0x00, 0x50, 0x26, 0x42, 0x00,
    0x00, 0x00, 0x00, 0x00, 0x50, 0x26, 0x42, 0x00, 0x00, 0x00, 0x00, 0x00,
    0x60, 0x26, 0x42, 0x00, 0x00, 0x00, 0x00, 0x00, 0x60, 0x26, 0x42, 0x00,
    0x00, 0x00, 0x00, 0x00, 0x70, 0x26, 0x42, 0x00, 0x00, 0x00, 0x00, 0x00,
    0x70, 0x26, 0x42, 0x00, 0x00, 0x00, 0x00, 0x00, 0x80, 0x26, 0x42, 0x00,
    0x00, 0x00, 0x00, 0x00, 0x80, 0x26, 0x42, 0x00, 0x00, 0x00, 0x00, 0x00,
    0x90, 0x26, 0x42, 0x00, 0x00, 0x00, 0x00, 0x00, 0x90, 0x26, 0x42, 0x00,
    0x00, 0x00, 0x00, 0x00, 0xa0, 0x26, 0x42, 0x00, 0x00, 0x00, 0x00, 0x00,
    0xa0, 0x26, 0x42, 0x00, 0x00, 0x00, 0x00, 0x00, 0xb0, 0x26, 0x42, 0x00,
    0x00, 0x00, 0x00, 0x00, 0xb0, 0x26, 0x42, 0x00, 0x00, 0x00, 0x00, 0x00,
    0xc0, 0x26, 0x42, 0x00, 0x00, 0x00, 0x00, 0x00, 0xc0, 0x26, 0x42, 0x00,
    0x00, 0x00, 0x00, 0x00, 0xd0, 0x26, 0x42, 0x00, 0x00, 0x00, 0x00, 0x00,
    0xd0, 0x26, 0x42, 0x00, 0x00, 0x00, 0x00, 0x00, 0xe0, 0x26, 0x42, 0x00,
    0x00, 0x00, 0x00, 0x00, 0xe0, 0x26, 0x42, 0x00, 0x00, 0x00, 0x00, 0x00,
    0xf0, 0x26, 0x42, 0x00, 0x00, 0x00, 0x00, 0x00, 0xf0, 0x26, 0x42, 0x00,
    0x00, 0x00, 0x00, 0x00, 0x00, 0x27, 0x42, 0x00, 0x00, 0x00, 0x00, 0x00,
    0x00, 0x27, 0x42, 0x00, 0x00, 0x00, 0x00, 0x00, 0x10, 0x27, 0x42, 0x00,
    0x00, 0x00, 0x00, 0x00, 0x10, 0x27, 0x42, 0x00, 0x00, 0x00, 0x00, 0x00,
    0x20, 0x27, 0x42, 0x00, 0x00, 0x00, 0x00, 0x00, 0x20, 0x27, 0x42, 0x00,
    0x00, 0x00, 0x00, 0x00, 0x30, 0x27, 0x42, 0x00, 0x00, 0x00, 0x00, 0x00,
    0x30, 0x27, 0x42, 0x00, 0x00, 0x00, 0x00, 0x00, 0x40, 0x27, 0x42, 0x00,
    0x00, 0x00, 0x00, 0x00, 0x40, 0x27, 0x42, 0x00, 0x00, 0x00, 0x00, 0x00,
    0x50, 0x27, 0x42, 0x00, 0x00, 0x00, 0x00, 0x00, 0x50, 0x27, 0x42, 0x00,
    0x00, 0x00, 0x00, 0x00, 0x60, 0x27, 0x42, 0x00, 0x00, 0x00, 0x00, 0x00,
    0x60, 0x27, 0x42, 0x00, 0x00, 0x00, 0x00, 0x00, 0x70, 0x27, 0x42, 0x00,
    0x00, 0x00, 0x00, 0x00, 0x70, 0x27, 0x42, 0x00, 0x00, 0x00, 0x00, 0x00,
    0x80, 0x27, 0x42, 0x00, 0x00, 0x00, 0x00, 0x00, 0x80, 0x27, 0x42, 0x00,
    0x00, 0x00, 0x00, 0x00, 0x90, 0x27, 0x42, 0x00, 0x00, 0x00, 0x00, 0x00,
    0x90, 0x27, 0x42, 0x00, 0x00, 0x00, 0x00, 0x00, 0xa0, 0x27, 0x42, 0x00,
    0x00, 0x00, 0x00, 0x00, 0xa0, 0x27, 0x42, 0x00, 0x00, 0x00, 0x00, 0x00,
    0xb0, 0x27, 0x42, 0x00, 0x00, 0x00, 0x00, 0x00, 0xb0, 0x27, 0x42, 0x00,
    0x00, 0x00, 0x00, 0x00, 0xc0, 0x27, 0x42, 0x00, 0x00, 0x00, 0x00, 0x00,
    0xc0, 0x27, 0x42, 0x00, 0x00, 0x00, 0x00, 0x00, 0xd0, 0x27, 0x42, 0x00,
    0x00, 0x00, 0x00, 0x00, 0xd0, 0x27, 0x42, 0x00, 0x00, 0x00, 0x00, 0x00,
    0xe0, 0x27, 0x42, 0x00, 0x00, 0x00, 0x00, 0x00, 0xe0, 0x27, 0x42, 0x00,
    0x00, 0x00, 0x00, 0x00, 0xf0, 0x27, 0x42, 0x00, 0x00, 0x00, 0x00, 0x00,
    0xf0, 0x27, 0x42, 0x00, 0x00, 0x00, 0x00, 0x00, 0x00, 0x28, 0x42, 0x00,
    0x00, 0x00, 0x00, 0x00, 0x00, 0x28, 0x42, 0x00, 0x00, 0x00, 0x00, 0x00,
    0x00, 0x00, 0x02, 0x00, 0x00, 0x00, 0x00, 0x00, 0xff, 0xff, 0xff, 0xff,
    0xff, 0xff, 0xff, 0xff, 0x00, 0x00, 0x00, 0x00, 0x00, 0x00, 0x00, 0x00,
    0x03, 0x00, 0x00, 0x00, 0x00, 0x00, 0x00, 0x00, 0x90, 0x30, 0x42, 0x00,
    0x00, 0x00, 0x00, 0x00, 0x43, 0x00, 0x00, 0x00, 0x00, 0x00, 0x00, 0x00,
    0x00, 0x00, 0x00, 0x00, 0x00, 0x00, 0x00, 0x00, 0x00, 0x00, 0x00, 0x00,
    0x00, 0x00, 0x00, 0x00, 0x00, 0x00, 0x00, 0x00, 0x00, 0x00, 0x00, 0x00,
    0x43, 0x00, 0x00, 0x00, 0x00, 0x00, 0x00, 0x00, 0x00, 0x00, 0x00, 0x00,
    0x00, 0x00, 0x00, 0x00, 0x00, 0x00, 0x00, 0x00, 0x00, 0x00, 0x00, 0x00,
    0x00, 0x00, 0x00, 0x00, 0x00, 0x00, 0x00, 0x00, 0x43, 0x00, 0x00, 0x00,
    0x00, 0x00, 0x00, 0x00, 0x00, 0x00, 0x00, 0x00, 0x00, 0x00, 0x00, 0x00,
    0x00, 0x00, 0x00, 0x00, 0x00, 0x00, 0x00, 0x00, 0x00, 0x00, 0x00, 0x00,
    0x00, 0x00, 0x00, 0x00, 0x43, 0x00, 0x00, 0x00, 0x00, 0x00, 0x00, 0x00,
    0x00, 0x00, 0x00, 0x00, 0x00, 0x00, 0x00, 0x00, 0x00, 0x00, 0x00, 0x00,
    0x00, 0x00, 0x00, 0x00, 0x00, 0x00, 0x00, 0x00, 0x00, 0x00, 0x00, 0x00,
    0x43, 0x00, 0x00, 0x00, 0x00, 0x00, 0x00, 0x00, 0x00, 0x00, 0x00, 0x00,
    0x00, 0x00, 0x00, 0x00, 0x00, 0x00, 0x00, 0x00, 0x00, 0x00, 0x00, 0x00,
    0x00, 0x00, 0x00, 0x00, 0x00, 0x00, 0x00, 0x00, 0x43, 0x00, 0x00, 0x00,
    0x00, 0x00, 0x00, 0x00, 0x00, 0x00, 0x00, 0x00, 0x00, 0x00, 0x00, 0x00,
    0x00, 0x00, 0x00, 0x00, 0x00, 0x00, 0x00, 0x00, 0x00, 0x00, 0x00, 0x00,
    0x00, 0x00, 0x00, 0x00, 0x43, 0x00, 0x00, 0x00, 0x00, 0x00, 0x00, 0x00,
    0x00, 0x00, 0x00, 0x00, 0x00, 0x00, 0x00, 0x00, 0x00, 0x00, 0x00, 0x00,
    0x00, 0x00, 0x00, 0x00, 0x00, 0x00, 0x00, 0x00, 0x00, 0x00, 0x00, 0x00,
    0x90, 0xc2, 0x41, 0x00, 0x00, 0x00, 0x00, 0x00, 0xd0, 0xc2, 0x41, 0x00,
    0x00, 0x00, 0x00, 0x00, 0x00, 0x00, 0x00, 0x00, 0x00, 0x00, 0x00, 0x00,
    0xdf, 0xec, 0x41, 0x00, 0x00, 0x00, 0x00, 0x00, 0x3f, 0x09, 0x42, 0x00,
    0x00, 0x00, 0x00, 0x00, 0x45, 0x09, 0x42, 0x00, 0x00, 0x00, 0x00, 0x00,
    0x45, 0x09, 0x42, 0x00, 0x00, 0x00, 0x00, 0x00, 0x45, 0x09, 0x42, 0x00,
    0x00, 0x00, 0x00, 0x00, 0x45, 0x09, 0x42, 0x00, 0x00, 0x00, 0x00, 0x00,
    0x45, 0x09, 0x42, 0x00, 0x00, 0x00, 0x00, 0x00, 0x45, 0x09, 0x42, 0x00,
    0x00, 0x00, 0x00, 0x00, 0x45, 0x09, 0x42, 0x00, 0x00, 0x00, 0x00, 0x00,
    0x45, 0x09, 0x42, 0x00, 0x00, 0x00, 0x00, 0x00, 0x45, 0x09, 0x42, 0x00,
    0x00, 0x00, 0x00, 0x00, 0x7f, 0x7f, 0x7f, 0x7f, 0x7f, 0x7f, 0x7f, 0x7f,
    0x7f, 0x7f, 0x7f, 0x7f, 0x7f, 0x7f, 0x00, 0x00, 0x01, 0x00, 0x41, 0x53,
    0x43, 0x49, 0x49, 0x00, 0x00, 0x00, 0x00, 0x00, 0x00, 0x00, 0x00, 0x00,
    0x00, 0x00, 0x00, 0x00, 0x00, 0x00, 0x00, 0x00, 0x00, 0x00, 0x00, 0x00,
    0x00, 0x00, 0x00, 0x00, 0x00, 0x00, 0x41, 0x53, 0x43, 0x49, 0x49, 0x00,
    0x00, 0x00, 0x00, 0x00, 0x00, 0x00, 0x00, 0x00, 0x00, 0x00, 0x00, 0x00,
    0x00, 0x00, 0x00, 0x00, 0x00, 0x00, 0x00, 0x00, 0x00, 0x00, 0x00, 0x00,
    0x00, 0x00, 0x00, 0x00, 0x00, 0x00, 0x00, 0x00, 0x00, 0x00, 0x00, 0x00,
    0x00, 0x00, 0x00, 0x00, 0x90, 0x30, 0x42, 0x00, 0x00, 0x00, 0x00, 0x00,
    0x40, 0x31, 0x42, 0x00, 0x00, 0x00, 0x00, 0x00, 0xf0, 0x31, 0x42, 0x00,
    0x00, 0x00, 0x00, 0x00, 0x00, 0x00, 0x00, 0x00, 0x00, 0x00, 0x00, 0x00,
    0x00, 0x00, 0x00, 0x00, 0x00, 0x00, 0x00, 0x00, 0x00, 0x00, 0x00, 0x00,
    0x00, 0x00, 0x00, 0x00, 0x00, 0x00, 0x00, 0x00, 0x00, 0x00, 0x00, 0x00,
    0x00, 0x00, 0x00, 0x00, 0x00, 0x00, 0x00, 0x00, 0x00, 0x00, 0x00, 0x00,
    0x00, 0x00, 0x00, 0x00, 0x00, 0x00, 0x00, 0x00, 0x00, 0x00, 0x00, 0x00,
    0x00, 0x00, 0x00, 0x00, 0x00, 0x00, 0x00, 0x00, 0x00, 0x00, 0x00, 0x00,
    0x00, 0x00, 0x00, 0x00, 0x00, 0x00, 0x00, 0x00, 0x00, 0x00, 0x00, 0x00,
    0x00, 0x00, 0x00, 0x00, 0x00, 0x00, 0x00, 0x00, 0x00, 0x00, 0x00, 0x00,
    0x00, 0x00, 0x00, 0x00, 0x00, 0x00, 0x00, 0x00, 0x00, 0x00, 0x00, 0x00,
    0x00, 0x00, 0x00, 0x00, 0x00, 0x00, 0x00, 0x00, 0x00, 0x00, 0x00, 0x00,
    0x00, 0x00, 0x00, 0x00, 0x00, 0x00, 0x00, 0x00, 0x00, 0x00, 0x00, 0x00,
    0x00, 0x00, 0x00, 0x00, 0x00, 0x00, 0x00, 0x00, 0x00, 0x00, 0x00, 0x00,
    0x00, 0x00, 0x00, 0x00, 0x00, 0x00, 0x00, 0x00, 0x00, 0x00, 0x00, 0x00,
    0x00, 0x00, 0x00, 0x00, 0x00, 0x00, 0x00, 0x00, 0x00, 0x00, 0x00, 0x00,
    0x00, 0x00, 0x00, 0x00, 0x00, 0x00, 0x00, 0x00, 0x00, 0x00, 0x00, 0x00,
    0x01, 0x00, 0x00, 0x00, 0x00, 0x00, 0x00, 0x00, 0x0e, 0x33, 0xcd, 0xab,
    0x34, 0x12, 0x6d, 0xe6, 0xec, 0xde, 0x05, 0x00, 0x0b, 0x00, 0x00, 0x00,
    0x00, 0x00, 0x00, 0x00, 0x00, 0x00, 0x00, 0x00, 0x00, 0x00, 0x00, 0x00,
    0x00, 0x00, 0x00, 0x00, 0x00, 0x00, 0x00, 0x00, 0x00, 0x00, 0x00, 0x00,
    0x00, 0x00, 0x00, 0x00, 0x00, 0x00, 0x00, 0x00, 0x00, 0x00, 0x00, 0x00,
    0x00, 0x00, 0x00, 0x00, 0x00, 0x00, 0x00, 0x00, 0x00, 0x00, 0x00, 0x00,
    0x00, 0x00, 0x00, 0x00, 0x00, 0x00, 0x00, 0x00, 0x00, 0x00, 0x00, 0x00,
    0x00, 0x00, 0x00, 0x00, 0x00, 0x00, 0x00, 0x00, 0x00, 0x00, 0x00, 0x00,
    0x00, 0x00, 0x00, 0x00, 0x00, 0x00, 0x00, 0x00, 0x00, 0x00, 0x00, 0x00,
    0x00, 0x00, 0x00, 0x00, 0x00, 0x00, 0x00, 0x00, 0x00, 0x00, 0x00, 0x00,
    0x00, 0x00, 0x00, 0x00, 0x00, 0x00, 0x00, 0x00, 0x00, 0x00, 0x00, 0x00,
    0x00, 0x00, 0x00, 0x00, 0xf0, 0x29, 0x42, 0x00, 0x00, 0x00, 0x00, 0x00,
    0x00, 0x2e, 0x74, 0x65, 0x78, 0x74, 0x00, 0x2e, 0x62, 0x73, 0x73, 0x00,
    0x2e, 0x73, 0x68, 0x73, 0x74, 0x72, 0x74, 0x61, 0x62, 0x00, 0x2e, 0x72,
    0x6f, 0x64, 0x61, 0x74, 0x61, 0x00, 0x2e, 0x64, 0x61, 0x74, 0x61, 0x00,
    0x00, 0x00, 0x00, 0x00, 0x00, 0x00, 0x00, 0x00, 0x00, 0x00, 0x00, 0x00,
    0x00, 0x00, 0x00, 0x00, 0x00, 0x00, 0x00, 0x00, 0x00, 0x00, 0x00, 0x00,
    0x00, 0x00, 0x00, 0x00, 0x00, 0x00, 0x00, 0x00, 0x00, 0x00, 0x00, 0x00,
    0x00, 0x00, 0x00, 0x00, 0x00, 0x00, 0x00, 0x00, 0x00, 0x00, 0x00, 0x00,
    0x00, 0x00, 0x00, 0x00, 0x00, 0x00, 0x00, 0x00, 0x00, 0x00, 0x00, 0x00,
    0x00, 0x00, 0x00, 0x00, 0x00, 0x00, 0x00, 0x00, 0x01, 0x00, 0x00, 0x00,
    0x01, 0x00, 0x00, 0x00, 0x06, 0x00, 0x00, 0x00, 0x00, 0x00, 0x00, 0x00,
    0x00, 0x00, 0x40, 0x00, 0x00, 0x00, 0x00, 0x00, 0x00, 0x10, 0x00, 0x00,
    0x00, 0x00, 0x00, 0x00, 0x1e, 0xca, 0x01, 0x00, 0x00, 0x00, 0x00, 0x00,
    0x00, 0x00, 0x00, 0x00, 0x00, 0x00, 0x00, 0x00, 0x00, 0x10, 0x00, 0x00,
    0x00, 0x00, 0x00, 0x00, 0x00, 0x00, 0x00, 0x00, 0x00, 0x00, 0x00, 0x00,
    0x16, 0x00, 0x00, 0x00, 0x01, 0x00, 0x00, 0x00, 0x32, 0x00, 0x00, 0x00,
    0x00, 0x00, 0x00, 0x00, 0x00, 0xd0, 0x41, 0x00, 0x00, 0x00, 0x00, 0x00,
    0x00, 0xe0, 0x01, 0x00, 0x00, 0x00, 0x00, 0x00, 0x74, 0x4a, 0x00, 0x00,
    0x00, 0x00, 0x00, 0x00, 0x00, 0x00, 0x00, 0x00, 0x00, 0x00, 0x00, 0x00,
    0x00, 0x10, 0x00, 0x00, 0x00, 0x00, 0x00, 0x00, 0x00, 0x00, 0x00, 0x00,
    0x00, 0x00, 0x00, 0x00, 0x1e, 0x00, 0x00, 0x00, 0x01, 0x00, 0x00, 0x00,
    0x03, 0x00, 0x00, 0x00, 0x00, 0x00, 0x00, 0x00, 0x00, 0x20, 0x42, 0x00,
    0x00, 0x00, 0x00, 0x00, 0x00, 0x30, 0x02, 0x00, 0x00, 0x00, 0x00, 0x00,
    0x50, 0x0b, 0x00, 0x00, 0x00, 0x00, 0x00, 0x00, 0x00, 0x00, 0x00, 0x00,
    0x00, 0x00, 0x00, 0x00, 0x00, 0x10, 0x00, 0x00, 0x00, 0x00, 0x00, 0x00,
    0x00, 0x00, 0x00, 0x00, 0x00, 0x00, 0x00, 0x00, 0x07, 0x00, 0x00, 0x00,
    0x08, 0x00, 0x00, 0x00, 0x03, 0x00, 0x00, 0x00, 0x00, 0x00, 0x00, 0x00,
    0x00, 0x30, 0x42, 0x00, 0x00, 0x00, 0x00, 0x00, 0x50, 0x3b, 0x02, 0x00,
    0x00, 0x00, 0x00, 0x00, 0xb4, 0x02, 0x00, 0x00, 0x00, 0x00, 0x00, 0x00,
    0x00, 0x00, 0x00, 0x00, 0x00, 0x00, 0x00, 0x00, 0x00, 0x10, 0x00, 0x00,
    0x00, 0x00, 0x00, 0x00, 0x00, 0x00, 0x00, 0x00, 0x00, 0x00, 0x00, 0x00,
    0x0c, 0x00, 0x00, 0x00, 0x03, 0x00, 0x00, 0x00, 0x00, 0x00, 0x00, 0x00,
    0x00, 0x00, 0x00, 0x00, 0x00, 0x00, 0x00, 0x00, 0x00, 0x00, 0x00, 0x00,
    0x50, 0x3b, 0x02, 0x00, 0x00, 0x00, 0x00, 0x00, 0x24, 0x00, 0x00, 0x00,
    0x00, 0x00, 0x00, 0x00, 0x00, 0x00, 0x00, 0x00, 0x00, 0x00, 0x00, 0x00,
    0x01, 0x00, 0x00, 0x00, 0x00, 0x00, 0x00, 0x00, 0x00, 0x00, 0x00, 0x00,
    0x00, 0x00, 0x00, 0x00,
};

const uint8_t *cmds_elf_data = cmds_elf_bytes;
size_t cmds_elf_len = sizeof(cmds_elf_bytes);
