#include <stdint.h>
#include <stddef.h>

static const uint8_t composer_elf_bytes[] = {
    0x7f, 0x45, 0x4c, 0x46, 0x02, 0x01, 0x01, 0x00, 0x00, 0x00, 0x00, 0x00,
    0x00, 0x00, 0x00, 0x00, 0x02, 0x00, 0x3e, 0x00, 0x01, 0x00, 0x00, 0x00,
    0x00, 0x00, 0x40, 0x00, 0x00, 0x00, 0x00, 0x00, 0x40, 0x00, 0x00, 0x00,
    0x00, 0x00, 0x00, 0x00, 0x30, 0x78, 0x00, 0x00, 0x00, 0x00, 0x00, 0x00,
    0x00, 0x00, 0x00, 0x00, 0x40, 0x00, 0x38, 0x00, 0x04, 0x00, 0x40, 0x00,
    0x09, 0x00, 0x07, 0x00, 0x01, 0x00, 0x00, 0x00, 0x05, 0x00, 0x00, 0x00,
    0x00, 0x10, 0x00, 0x00, 0x00, 0x00, 0x00, 0x00, 0x00, 0x00, 0x40, 0x00,
    0x00, 0x00, 0x00, 0x00, 0x00, 0x00, 0x40, 0x00, 0x00, 0x00, 0x00, 0x00,
    0xcf, 0x30, 0x00, 0x00, 0x00, 0x00, 0x00, 0x00, 0xcf, 0x30, 0x00, 0x00,
    0x00, 0x00, 0x00, 0x00, 0x00, 0x10, 0x00, 0x00, 0x00, 0x00, 0x00, 0x00,
    0x01, 0x00, 0x00, 0x00, 0x04, 0x00, 0x00, 0x00, 0x00, 0x50, 0x00, 0x00,
    0x00, 0x00, 0x00, 0x00, 0x00, 0x40, 0x40, 0x00, 0x00, 0x00, 0x00, 0x00,
    0x00, 0x40, 0x40, 0x00, 0x00, 0x00, 0x00, 0x00, 0xd3, 0x10, 0x00, 0x00,
    0x00, 0x00, 0x00, 0x00, 0xd3, 0x10, 0x00, 0x00, 0x00, 0x00, 0x00, 0x00,
    0x00, 0x10, 0x00, 0x00, 0x00, 0x00, 0x00, 0x00, 0x01, 0x00, 0x00, 0x00,
    0x06, 0x00, 0x00, 0x00, 0x00, 0x70, 0x00, 0x00, 0x00, 0x00, 0x00, 0x00,
    0x00, 0x60, 0x40, 0x00, 0x00, 0x00, 0x00, 0x00, 0x00, 0x60, 0x40, 0x00,
    0x00, 0x00, 0x00, 0x00, 0x04, 0x00, 0x00, 0x00, 0x00, 0x00, 0x00, 0x00,
    0x30, 0x13, 0x00, 0x00, 0x00, 0x00, 0x00, 0x00, 0x00, 0x10, 0x00, 0x00,
    0x00, 0x00, 0x00, 0x00, 0x51, 0xe5, 0x74, 0x64, 0x06, 0x00, 0x00, 0x00,
    0x00, 0x00, 0x00, 0x00, 0x00, 0x00, 0x00, 0x00, 0x00, 0x00, 0x00, 0x00,
    0x00, 0x00, 0x00, 0x00, 0x00, 0x00, 0x00, 0x00, 0x00, 0x00, 0x00, 0x00,
    0x00, 0x00, 0x00, 0x00, 0x00, 0x00, 0x00, 0x00, 0x00, 0x00, 0x00, 0x00,
    0x00, 0x00, 0x00, 0x00, 0x00, 0x00, 0x00, 0x00, 0x00, 0x00, 0x00, 0x00,
    0x00, 0x00, 0x00, 0x00, 0x00, 0x00, 0x00, 0x00, 0x00, 0x00, 0x00, 0x00,
    0x00, 0x00, 0x00, 0x00, 0x00, 0x00, 0x00, 0x00, 0x00, 0x00, 0x00, 0x00,
    0x00, 0x00, 0x00, 0x00, 0x00, 0x00, 0x00, 0x00, 0x00, 0x00, 0x00, 0x00,
    0x00, 0x00, 0x00, 0x00, 0x00, 0x00, 0x00, 0x00, 0x00, 0x00, 0x00, 0x00,
    0x00, 0x00, 0x00, 0x00, 0x00, 0x00, 0x00, 0x00, 0x00, 0x00, 0x00, 0x00,
    0x00, 0x00, 0x00, 0x00, 0x00, 0x00, 0x00, 0x00, 0x00, 0x00, 0x00, 0x00,
    0x00, 0x00, 0x00, 0x00, 0x00, 0x00, 0x00, 0x00, 0x00, 0x00, 0x00, 0x00,
    0x00, 0x00, 0x00, 0x00, 0x00, 0x00, 0x00, 0x00, 0x00, 0x00, 0x00, 0x00,
    0x00, 0x00, 0x00, 0x00, 0x00, 0x00, 0x00, 0x00, 0x00, 0x00, 0x00, 0x00,
    0x00, 0x00, 0x00, 0x00, 0x00, 0x00, 0x00, 0x00, 0x00, 0x00, 0x00, 0x00,
    0x00, 0x00, 0x00, 0x00, 0x00, 0x00, 0x00, 0x00, 0x00, 0x00, 0x00, 0x00,
    0x00, 0x00, 0x00, 0x00, 0x00, 0x00, 0x00, 0x00, 0x00, 0x00, 0x00, 0x00,
    0x00, 0x00, 0x00, 0x00, 0x00, 0x00, 0x00, 0x00, 0x00, 0x00, 0x00, 0x00,
    0x00, 0x00, 0x00, 0x00, 0x00, 0x00, 0x00, 0x00, 0x00, 0x00, 0x00, 0x00,
    0x00, 0x00, 0x00, 0x00, 0x00, 0x00, 0x00, 0x00, 0x00, 0x00, 0x00, 0x00,
    0x00, 0x00, 0x00, 0x00, 0x00, 0x00, 0x00, 0x00, 0x00, 0x00, 0x00, 0x00,
    0x00, 0x00, 0x00, 0x00, 0x00, 0x00, 0x00, 0x00, 0x00, 0x00, 0x00, 0x00,
    0x00, 0x00, 0x00, 0x00, 0x00, 0x00, 0x00, 0x00, 0x00, 0x00, 0x00, 0x00,
    0x00, 0x00, 0x00, 0x00, 0x00, 0x00, 0x00, 0x00, 0x00, 0x00, 0x00, 0x00,
    0x00, 0x00, 0x00, 0x00, 0x00, 0x00, 0x00, 0x00, 0x00, 0x00, 0x00, 0x00,
    0x00, 0x00, 0x00, 0x00, 0x00, 0x00, 0x00, 0x00, 0x00, 0x00, 0x00, 0x00,
    0x00, 0x00, 0x00, 0x00, 0x00, 0x00, 0x00, 0x00, 0x00, 0x00, 0x00, 0x00,
    0x00, 0x00, 0x00, 0x00, 0x00, 0x00, 0x00, 0x00, 0x00, 0x00, 0x00, 0x00,
    0x00, 0x00, 0x00, 0x00, 0x00, 0x00, 0x00, 0x00, 0x00, 0x00, 0x00, 0x00,
    0x00, 0x00, 0x00, 0x00, 0x00, 0x00, 0x00, 0x00, 0x00, 0x00, 0x00, 0x00,
    0x00, 0x00, 0x00, 0x00, 0x00, 0x00, 0x00, 0x00, 0x00, 0x00, 0x00, 0x00,
    0x00, 0x00, 0x00, 0x00, 0x00, 0x00, 0x00, 0x00, 0x00, 0x00, 0x00, 0x00,
    0x00, 0x00, 0x00, 0x00, 0x00, 0x00, 0x00, 0x00, 0x00, 0x00, 0x00, 0x00,
    0x00, 0x00, 0x00, 0x00, 0x00, 0x00, 0x00, 0x00, 0x00, 0x00, 0x00, 0x00,
    0x00, 0x00, 0x00, 0x00, 0x00, 0x00, 0x00, 0x00, 0x00, 0x00, 0x00, 0x00,
    0x00, 0x00, 0x00, 0x00, 0x00, 0x00, 0x00, 0x00, 0x00, 0x00, 0x00, 0x00,
    0x00, 0x00, 0x00, 0x00, 0x00, 0x00, 0x00, 0x00, 0x00, 0x00, 0x00, 0x00,
    0x00, 0x00, 0x00, 0x00, 0x00, 0x00, 0x00, 0x00, 0x00, 0x00, 0x00, 0x00,
    0x00, 0x00, 0x00, 0x00, 0x00, 0x00, 0x00, 0x00, 0x00, 0x00, 0x00, 0x00,
    0x00, 0x00, 0x00, 0x00, 0x00, 0x00, 0x00, 0x00, 0x00, 0x00, 0x00, 0x00,
    0x00, 0x00, 0x00, 0x00, 0x00, 0x00, 0x00, 0x00, 0x00, 0x00, 0x00, 0x00,
    0x00, 0x00, 0x00, 0x00, 0x00, 0x00, 0x00, 0x00, 0x00, 0x00, 0x00, 0x00,
    0x00, 0x00, 0x00, 0x00, 0x00, 0x00, 0x00, 0x00, 0x00, 0x00, 0x00, 0x00,
    0x00, 0x00, 0x00, 0x00, 0x00, 0x00, 0x00, 0x00, 0x00, 0x00, 0x00, 0x00,
    0x00, 0x00, 0x00, 0x00, 0x00, 0x00, 0x00, 0x00, 0x00, 0x00, 0x00, 0x00,
    0x00, 0x00, 0x00, 0x00, 0x00, 0x00, 0x00, 0x00, 0x00, 0x00, 0x00, 0x00,
    0x00, 0x00, 0x00, 0x00, 0x00, 0x00, 0x00, 0x00, 0x00, 0x00, 0x00, 0x00,
    0x00, 0x00, 0x00, 0x00, 0x00, 0x00, 0x00, 0x00, 0x00, 0x00, 0x00, 0x00,
    0x00, 0x00, 0x00, 0x00, 0x00, 0x00, 0x00, 0x00, 0x00, 0x00, 0x00, 0x00,
    0x00, 0x00, 0x00, 0x00, 0x00, 0x00, 0x00, 0x00, 0x00, 0x00, 0x00, 0x00,
    0x00, 0x00, 0x00, 0x00, 0x00, 0x00, 0x00, 0x00, 0x00, 0x00, 0x00, 0x00,
    0x00, 0x00, 0x00, 0x00, 0x00, 0x00, 0x00, 0x00, 0x00, 0x00, 0x00, 0x00,
    0x00, 0x00, 0x00, 0x00, 0x00, 0x00, 0x00, 0x00, 0x00, 0x00, 0x00, 0x00,
    0x00, 0x00, 0x00, 0x00, 0x00, 0x00, 0x00, 0x00, 0x00, 0x00, 0x00, 0x00,
    0x00, 0x00, 0x00, 0x00, 0x00, 0x00, 0x00, 0x00, 0x00, 0x00, 0x00, 0x00,
    0x00, 0x00, 0x00, 0x00, 0x00, 0x00, 0x00, 0x00, 0x00, 0x00, 0x00, 0x00,
    0x00, 0x00, 0x00, 0x00, 0x00, 0x00, 0x00, 0x00, 0x00, 0x00, 0x00, 0x00,
    0x00, 0x00, 0x00, 0x00, 0x00, 0x00, 0x00, 0x00, 0x00, 0x00, 0x00, 0x00,
    0x00, 0x00, 0x00, 0x00, 0x00, 0x00, 0x00, 0x00, 0x00, 0x00, 0x00, 0x00,
    0x00, 0x00, 0x00, 0x00, 0x00, 0x00, 0x00, 0x00, 0x00, 0x00, 0x00, 0x00,
    0x00, 0x00, 0x00, 0x00, 0x00, 0x00, 0x00, 0x00, 0x00, 0x00, 0x00, 0x00,
    0x00, 0x00, 0x00, 0x00, 0x00, 0x00, 0x00, 0x00, 0x00, 0x00, 0x00, 0x00,
    0x00, 0x00, 0x00, 0x00, 0x00, 0x00, 0x00, 0x00, 0x00, 0x00, 0x00, 0x00,
    0x00, 0x00, 0x00, 0x00, 0x00, 0x00, 0x00, 0x00, 0x00, 0x00, 0x00, 0x00,
    0x00, 0x00, 0x00, 0x00, 0x00, 0x00, 0x00, 0x00, 0x00, 0x00, 0x00, 0x00,
    0x00, 0x00, 0x00, 0x00, 0x00, 0x00, 0x00, 0x00, 0x00, 0x00, 0x00, 0x00,
    0x00, 0x00, 0x00, 0x00, 0x00, 0x00, 0x00, 0x00, 0x00, 0x00, 0x00, 0x00,
    0x00, 0x00, 0x00, 0x00, 0x00, 0x00, 0x00, 0x00, 0x00, 0x00, 0x00, 0x00,
    0x00, 0x00, 0x00, 0x00, 0x00, 0x00, 0x00, 0x00, 0x00, 0x00, 0x00, 0x00,
    0x00, 0x00, 0x00, 0x00, 0x00, 0x00, 0x00, 0x00, 0x00, 0x00, 0x00, 0x00,
    0x00, 0x00, 0x00, 0x00, 0x00, 0x00, 0x00, 0x00, 0x00, 0x00, 0x00, 0x00,
    0x00, 0x00, 0x00, 0x00, 0x00, 0x00, 0x00, 0x00, 0x00, 0x00, 0x00, 0x00,
    0x00, 0x00, 0x00, 0x00, 0x00, 0x00, 0x00, 0x00, 0x00, 0x00, 0x00, 0x00,
    0x00, 0x00, 0x00, 0x00, 0x00, 0x00, 0x00, 0x00, 0x00, 0x00, 0x00, 0x00,
    0x00, 0x00, 0x00, 0x00, 0x00, 0x00, 0x00, 0x00, 0x00, 0x00, 0x00, 0x00,
    0x00, 0x00, 0x00, 0x00, 0x00, 0x00, 0x00, 0x00, 0x00, 0x00, 0x00, 0x00,
    0x00, 0x00, 0x00, 0x00, 0x00, 0x00, 0x00, 0x00, 0x00, 0x00, 0x00, 0x00,
    0x00, 0x00, 0x00, 0x00, 0x00, 0x00, 0x00, 0x00, 0x00, 0x00, 0x00, 0x00,
    0x00, 0x00, 0x00, 0x00, 0x00, 0x00, 0x00, 0x00, 0x00, 0x00, 0x00, 0x00,
    0x00, 0x00, 0x00, 0x00, 0x00, 0x00, 0x00, 0x00, 0x00, 0x00, 0x00, 0x00,
    0x00, 0x00, 0x00, 0x00, 0x00, 0x00, 0x00, 0x00, 0x00, 0x00, 0x00, 0x00,
    0x00, 0x00, 0x00, 0x00, 0x00, 0x00, 0x00, 0x00, 0x00, 0x00, 0x00, 0x00,
    0x00, 0x00, 0x00, 0x00, 0x00, 0x00, 0x00, 0x00, 0x00, 0x00, 0x00, 0x00,
    0x00, 0x00, 0x00, 0x00, 0x00, 0x00, 0x00, 0x00, 0x00, 0x00, 0x00, 0x00,
    0x00, 0x00, 0x00, 0x00, 0x00, 0x00, 0x00, 0x00, 0x00, 0x00, 0x00, 0x00,
    0x00, 0x00, 0x00, 0x00, 0x00, 0x00, 0x00, 0x00, 0x00, 0x00, 0x00, 0x00,
    0x00, 0x00, 0x00, 0x00, 0x00, 0x00, 0x00, 0x00, 0x00, 0x00, 0x00, 0x00,
    0x00, 0x00, 0x00, 0x00, 0x00, 0x00, 0x00, 0x00, 0x00, 0x00, 0x00, 0x00,
    0x00, 0x00, 0x00, 0x00, 0x00, 0x00, 0x00, 0x00, 0x00, 0x00, 0x00, 0x00,
    0x00, 0x00, 0x00, 0x00, 0x00, 0x00, 0x00, 0x00, 0x00, 0x00, 0x00, 0x00,
    0x00, 0x00, 0x00, 0x00, 0x00, 0x00, 0x00, 0x00, 0x00, 0x00, 0x00, 0x00,
    0x00, 0x00, 0x00, 0x00, 0x00, 0x00, 0x00, 0x00, 0x00, 0x00, 0x00, 0x00,
    0x00, 0x00, 0x00, 0x00, 0x00, 0x00, 0x00, 0x00, 0x00, 0x00, 0x00, 0x00,
    0x00, 0x00, 0x00, 0x00, 0x00, 0x00, 0x00, 0x00, 0x00, 0x00, 0x00, 0x00,
    0x00, 0x00, 0x00, 0x00, 0x00, 0x00, 0x00, 0x00, 0x00, 0x00, 0x00, 0x00,
    0x00, 0x00, 0x00, 0x00, 0x00, 0x00, 0x00, 0x00, 0x00, 0x00, 0x00, 0x00,
    0x00, 0x00, 0x00, 0x00, 0x00, 0x00, 0x00, 0x00, 0x00, 0x00, 0x00, 0x00,
    0x00, 0x00, 0x00, 0x00, 0x00, 0x00, 0x00, 0x00, 0x00, 0x00, 0x00, 0x00,
    0x00, 0x00, 0x00, 0x00, 0x00, 0x00, 0x00, 0x00, 0x00, 0x00, 0x00, 0x00,
    0x00, 0x00, 0x00, 0x00, 0x00, 0x00, 0x00, 0x00, 0x00, 0x00, 0x00, 0x00,
    0x00, 0x00, 0x00, 0x00, 0x00, 0x00, 0x00, 0x00, 0x00, 0x00, 0x00, 0x00,
    0x00, 0x00, 0x00, 0x00, 0x00, 0x00, 0x00, 0x00, 0x00, 0x00, 0x00, 0x00,
    0x00, 0x00, 0x00, 0x00, 0x00, 0x00, 0x00, 0x00, 0x00, 0x00, 0x00, 0x00,
    0x00, 0x00, 0x00, 0x00, 0x00, 0x00, 0x00, 0x00, 0x00, 0x00, 0x00, 0x00,
    0x00, 0x00, 0x00, 0x00, 0x00, 0x00, 0x00, 0x00, 0x00, 0x00, 0x00, 0x00,
    0x00, 0x00, 0x00, 0x00, 0x00, 0x00, 0x00, 0x00, 0x00, 0x00, 0x00, 0x00,
    0x00, 0x00, 0x00, 0x00, 0x00, 0x00, 0x00, 0x00, 0x00, 0x00, 0x00, 0x00,
    0x00, 0x00, 0x00, 0x00, 0x00, 0x00, 0x00, 0x00, 0x00, 0x00, 0x00, 0x00,
    0x00, 0x00, 0x00, 0x00, 0x00, 0x00, 0x00, 0x00, 0x00, 0x00, 0x00, 0x00,
    0x00, 0x00, 0x00, 0x00, 0x00, 0x00, 0x00, 0x00, 0x00, 0x00, 0x00, 0x00,
    0x00, 0x00, 0x00, 0x00, 0x00, 0x00, 0x00, 0x00, 0x00, 0x00, 0x00, 0x00,
    0x00, 0x00, 0x00, 0x00, 0x00, 0x00, 0x00, 0x00, 0x00, 0x00, 0x00, 0x00,
    0x00, 0x00, 0x00, 0x00, 0x00, 0x00, 0x00, 0x00, 0x00, 0x00, 0x00, 0x00,
    0x00, 0x00, 0x00, 0x00, 0x00, 0x00, 0x00, 0x00, 0x00, 0x00, 0x00, 0x00,
    0x00, 0x00, 0x00, 0x00, 0x00, 0x00, 0x00, 0x00, 0x00, 0x00, 0x00, 0x00,
    0x00, 0x00, 0x00, 0x00, 0x00, 0x00, 0x00, 0x00, 0x00, 0x00, 0x00, 0x00,
    0x00, 0x00, 0x00, 0x00, 0x00, 0x00, 0x00, 0x00, 0x00, 0x00, 0x00, 0x00,
    0x00, 0x00, 0x00, 0x00, 0x00, 0x00, 0x00, 0x00, 0x00, 0x00, 0x00, 0x00,
    0x00, 0x00, 0x00, 0x00, 0x00, 0x00, 0x00, 0x00, 0x00, 0x00, 0x00, 0x00,
    0x00, 0x00, 0x00, 0x00, 0x00, 0x00, 0x00, 0x00, 0x00, 0x00, 0x00, 0x00,
    0x00, 0x00, 0x00, 0x00, 0x00, 0x00, 0x00, 0x00, 0x00, 0x00, 0x00, 0x00,
    0x00, 0x00, 0x00, 0x00, 0x00, 0x00, 0x00, 0x00, 0x00, 0x00, 0x00, 0x00,
    0x00, 0x00, 0x00, 0x00, 0x00, 0x00, 0x00, 0x00, 0x00, 0x00, 0x00, 0x00,
    0x00, 0x00, 0x00, 0x00, 0x00, 0x00, 0x00, 0x00, 0x00, 0x00, 0x00, 0x00,
    0x00, 0x00, 0x00, 0x00, 0x00, 0x00, 0x00, 0x00, 0x00, 0x00, 0x00, 0x00,
    0x00, 0x00, 0x00, 0x00, 0x00, 0x00, 0x00, 0x00, 0x00, 0x00, 0x00, 0x00,
    0x00, 0x00, 0x00, 0x00, 0x00, 0x00, 0x00, 0x00, 0x00, 0x00, 0x00, 0x00,
    0x00, 0x00, 0x00, 0x00, 0x00, 0x00, 0x00, 0x00, 0x00, 0x00, 0x00, 0x00,
    0x00, 0x00, 0x00, 0x00, 0x00, 0x00, 0x00, 0x00, 0x00, 0x00, 0x00, 0x00,
    0x00, 0x00, 0x00, 0x00, 0x00, 0x00, 0x00, 0x00, 0x00, 0x00, 0x00, 0x00,
    0x00, 0x00, 0x00, 0x00, 0x00, 0x00, 0x00, 0x00, 0x00, 0x00, 0x00, 0x00,
    0x00, 0x00, 0x00, 0x00, 0x00, 0x00, 0x00, 0x00, 0x00, 0x00, 0x00, 0x00,
    0x00, 0x00, 0x00, 0x00, 0x00, 0x00, 0x00, 0x00, 0x00, 0x00, 0x00, 0x00,
    0x00, 0x00, 0x00, 0x00, 0x00, 0x00, 0x00, 0x00, 0x00, 0x00, 0x00, 0x00,
    0x00, 0x00, 0x00, 0x00, 0x00, 0x00, 0x00, 0x00, 0x00, 0x00, 0x00, 0x00,
    0x00, 0x00, 0x00, 0x00, 0x00, 0x00, 0x00, 0x00, 0x00, 0x00, 0x00, 0x00,
    0x00, 0x00, 0x00, 0x00, 0x00, 0x00, 0x00, 0x00, 0x00, 0x00, 0x00, 0x00,
    0x00, 0x00, 0x00, 0x00, 0x00, 0x00, 0x00, 0x00, 0x00, 0x00, 0x00, 0x00,
    0x00, 0x00, 0x00, 0x00, 0x00, 0x00, 0x00, 0x00, 0x00, 0x00, 0x00, 0x00,
    0x00, 0x00, 0x00, 0x00, 0x00, 0x00, 0x00, 0x00, 0x00, 0x00, 0x00, 0x00,
    0x00, 0x00, 0x00, 0x00, 0x00, 0x00, 0x00, 0x00, 0x00, 0x00, 0x00, 0x00,
    0x00, 0x00, 0x00, 0x00, 0x00, 0x00, 0x00, 0x00, 0x00, 0x00, 0x00, 0x00,
    0x00, 0x00, 0x00, 0x00, 0x00, 0x00, 0x00, 0x00, 0x00, 0x00, 0x00, 0x00,
    0x00, 0x00, 0x00, 0x00, 0x00, 0x00, 0x00, 0x00, 0x00, 0x00, 0x00, 0x00,
    0x00, 0x00, 0x00, 0x00, 0x00, 0x00, 0x00, 0x00, 0x00, 0x00, 0x00, 0x00,
    0x00, 0x00, 0x00, 0x00, 0x00, 0x00, 0x00, 0x00, 0x00, 0x00, 0x00, 0x00,
    0x00, 0x00, 0x00, 0x00, 0x00, 0x00, 0x00, 0x00, 0x00, 0x00, 0x00, 0x00,
    0x00, 0x00, 0x00, 0x00, 0x00, 0x00, 0x00, 0x00, 0x00, 0x00, 0x00, 0x00,
    0x00, 0x00, 0x00, 0x00, 0x00, 0x00, 0x00, 0x00, 0x00, 0x00, 0x00, 0x00,
    0x00, 0x00, 0x00, 0x00, 0x00, 0x00, 0x00, 0x00, 0x00, 0x00, 0x00, 0x00,
    0x00, 0x00, 0x00, 0x00, 0x00, 0x00, 0x00, 0x00, 0x00, 0x00, 0x00, 0x00,
    0x00, 0x00, 0x00, 0x00, 0x00, 0x00, 0x00, 0x00, 0x00, 0x00, 0x00, 0x00,
    0x00, 0x00, 0x00, 0x00, 0x00, 0x00, 0x00, 0x00, 0x00, 0x00, 0x00, 0x00,
    0x00, 0x00, 0x00, 0x00, 0x00, 0x00, 0x00, 0x00, 0x00, 0x00, 0x00, 0x00,
    0x00, 0x00, 0x00, 0x00, 0x00, 0x00, 0x00, 0x00, 0x00, 0x00, 0x00, 0x00,
    0x00, 0x00, 0x00, 0x00, 0x00, 0x00, 0x00, 0x00, 0x00, 0x00, 0x00, 0x00,
    0x00, 0x00, 0x00, 0x00, 0x00, 0x00, 0x00, 0x00, 0x00, 0x00, 0x00, 0x00,
    0x00, 0x00, 0x00, 0x00, 0x00, 0x00, 0x00, 0x00, 0x00, 0x00, 0x00, 0x00,
    0x00, 0x00, 0x00, 0x00, 0x00, 0x00, 0x00, 0x00, 0x00, 0x00, 0x00, 0x00,
    0x00, 0x00, 0x00, 0x00, 0x00, 0x00, 0x00, 0x00, 0x00, 0x00, 0x00, 0x00,
    0x00, 0x00, 0x00, 0x00, 0x00, 0x00, 0x00, 0x00, 0x00, 0x00, 0x00, 0x00,
    0x00, 0x00, 0x00, 0x00, 0x00, 0x00, 0x00, 0x00, 0x00, 0x00, 0x00, 0x00,
    0x00, 0x00, 0x00, 0x00, 0x00, 0x00, 0x00, 0x00, 0x00, 0x00, 0x00, 0x00,
    0x00, 0x00, 0x00, 0x00, 0x00, 0x00, 0x00, 0x00, 0x00, 0x00, 0x00, 0x00,
    0x00, 0x00, 0x00, 0x00, 0x00, 0x00, 0x00, 0x00, 0x00, 0x00, 0x00, 0x00,
    0x00, 0x00, 0x00, 0x00, 0x00, 0x00, 0x00, 0x00, 0x00, 0x00, 0x00, 0x00,
    0x00, 0x00, 0x00, 0x00, 0x00, 0x00, 0x00, 0x00, 0x00, 0x00, 0x00, 0x00,
    0x00, 0x00, 0x00, 0x00, 0x00, 0x00, 0x00, 0x00, 0x00, 0x00, 0x00, 0x00,
    0x00, 0x00, 0x00, 0x00, 0x00, 0x00, 0x00, 0x00, 0x00, 0x00, 0x00, 0x00,
    0x00, 0x00, 0x00, 0x00, 0x00, 0x00, 0x00, 0x00, 0x00, 0x00, 0x00, 0x00,
    0x00, 0x00, 0x00, 0x00, 0x00, 0x00, 0x00, 0x00, 0x00, 0x00, 0x00, 0x00,
    0x00, 0x00, 0x00, 0x00, 0x00, 0x00, 0x00, 0x00, 0x00, 0x00, 0x00, 0x00,
    0x00, 0x00, 0x00, 0x00, 0x00, 0x00, 0x00, 0x00, 0x00, 0x00, 0x00, 0x00,
    0x00, 0x00, 0x00, 0x00, 0x00, 0x00, 0x00, 0x00, 0x00, 0x00, 0x00, 0x00,
    0x00, 0x00, 0x00, 0x00, 0x00, 0x00, 0x00, 0x00, 0x00, 0x00, 0x00, 0x00,
    0x00, 0x00, 0x00, 0x00, 0x00, 0x00, 0x00, 0x00, 0x00, 0x00, 0x00, 0x00,
    0x00, 0x00, 0x00, 0x00, 0x00, 0x00, 0x00, 0x00, 0x00, 0x00, 0x00, 0x00,
    0x00, 0x00, 0x00, 0x00, 0x00, 0x00, 0x00, 0x00, 0x00, 0x00, 0x00, 0x00,
    0x00, 0x00, 0x00, 0x00, 0x00, 0x00, 0x00, 0x00, 0x00, 0x00, 0x00, 0x00,
    0x00, 0x00, 0x00, 0x00, 0x00, 0x00, 0x00, 0x00, 0x00, 0x00, 0x00, 0x00,
    0x00, 0x00, 0x00, 0x00, 0x00, 0x00, 0x00, 0x00, 0x00, 0x00, 0x00, 0x00,
    0x00, 0x00, 0x00, 0x00, 0x00, 0x00, 0x00, 0x00, 0x00, 0x00, 0x00, 0x00,
    0x00, 0x00, 0x00, 0x00, 0x00, 0x00, 0x00, 0x00, 0x00, 0x00, 0x00, 0x00,
    0x00, 0x00, 0x00, 0x00, 0x00, 0x00, 0x00, 0x00, 0x00, 0x00, 0x00, 0x00,
    0x00, 0x00, 0x00, 0x00, 0x00, 0x00, 0x00, 0x00, 0x00, 0x00, 0x00, 0x00,
    0x00, 0x00, 0x00, 0x00, 0x00, 0x00, 0x00, 0x00, 0x00, 0x00, 0x00, 0x00,
    0x00, 0x00, 0x00, 0x00, 0x00, 0x00, 0x00, 0x00, 0x00, 0x00, 0x00, 0x00,
    0x00, 0x00, 0x00, 0x00, 0x00, 0x00, 0x00, 0x00, 0x00, 0x00, 0x00, 0x00,
    0x00, 0x00, 0x00, 0x00, 0x00, 0x00, 0x00, 0x00, 0x00, 0x00, 0x00, 0x00,
    0x00, 0x00, 0x00, 0x00, 0x00, 0x00, 0x00, 0x00, 0x00, 0x00, 0x00, 0x00,
    0x00, 0x00, 0x00, 0x00, 0x00, 0x00, 0x00, 0x00, 0x00, 0x00, 0x00, 0x00,
    0x00, 0x00, 0x00, 0x00, 0x00, 0x00, 0x00, 0x00, 0x00, 0x00, 0x00, 0x00,
    0x00, 0x00, 0x00, 0x00, 0x00, 0x00, 0x00, 0x00, 0x00, 0x00, 0x00, 0x00,
    0x00, 0x00, 0x00, 0x00, 0x00, 0x00, 0x00, 0x00, 0x00, 0x00, 0x00, 0x00,
    0x00, 0x00, 0x00, 0x00, 0x00, 0x00, 0x00, 0x00, 0x00, 0x00, 0x00, 0x00,
    0x00, 0x00, 0x00, 0x00, 0x00, 0x00, 0x00, 0x00, 0x00, 0x00, 0x00, 0x00,
    0x00, 0x00, 0x00, 0x00, 0x00, 0x00, 0x00, 0x00, 0x00, 0x00, 0x00, 0x00,
    0x00, 0x00, 0x00, 0x00, 0x00, 0x00, 0x00, 0x00, 0x00, 0x00, 0x00, 0x00,
    0x00, 0x00, 0x00, 0x00, 0x00, 0x00, 0x00, 0x00, 0x00, 0x00, 0x00, 0x00,
    0x00, 0x00, 0x00, 0x00, 0x00, 0x00, 0x00, 0x00, 0x00, 0x00, 0x00, 0x00,
    0x00, 0x00, 0x00, 0x00, 0x00, 0x00, 0x00, 0x00, 0x00, 0x00, 0x00, 0x00,
    0x00, 0x00, 0x00, 0x00, 0x00, 0x00, 0x00, 0x00, 0x00, 0x00, 0x00, 0x00,
    0x00, 0x00, 0x00, 0x00, 0x00, 0x00, 0x00, 0x00, 0x00, 0x00, 0x00, 0x00,
    0x00, 0x00, 0x00, 0x00, 0x00, 0x00, 0x00, 0x00, 0x00, 0x00, 0x00, 0x00,
    0x00, 0x00, 0x00, 0x00, 0x00, 0x00, 0x00, 0x00, 0x00, 0x00, 0x00, 0x00,
    0x00, 0x00, 0x00, 0x00, 0x00, 0x00, 0x00, 0x00, 0x00, 0x00, 0x00, 0x00,
    0x00, 0x00, 0x00, 0x00, 0x00, 0x00, 0x00, 0x00, 0x00, 0x00, 0x00, 0x00,
    0x00, 0x00, 0x00, 0x00, 0x00, 0x00, 0x00, 0x00, 0x00, 0x00, 0x00, 0x00,
    0x00, 0x00, 0x00, 0x00, 0x00, 0x00, 0x00, 0x00, 0x00, 0x00, 0x00, 0x00,
    0x00, 0x00, 0x00, 0x00, 0x00, 0x00, 0x00, 0x00, 0x00, 0x00, 0x00, 0x00,
    0x00, 0x00, 0x00, 0x00, 0x00, 0x00, 0x00, 0x00, 0x00, 0x00, 0x00, 0x00,
    0x00, 0x00, 0x00, 0x00, 0x00, 0x00, 0x00, 0x00, 0x00, 0x00, 0x00, 0x00,
    0x00, 0x00, 0x00, 0x00, 0x00, 0x00, 0x00, 0x00, 0x00, 0x00, 0x00, 0x00,
    0x00, 0x00, 0x00, 0x00, 0x00, 0x00, 0x00, 0x00, 0x00, 0x00, 0x00, 0x00,
    0x00, 0x00, 0x00, 0x00, 0x00, 0x00, 0x00, 0x00, 0x00, 0x00, 0x00, 0x00,
    0x00, 0x00, 0x00, 0x00, 0x00, 0x00, 0x00, 0x00, 0x00, 0x00, 0x00, 0x00,
    0x00, 0x00, 0x00, 0x00, 0x00, 0x00, 0x00, 0x00, 0x00, 0x00, 0x00, 0x00,
    0x00, 0x00, 0x00, 0x00, 0x00, 0x00, 0x00, 0x00, 0x00, 0x00, 0x00, 0x00,
    0x00, 0x00, 0x00, 0x00, 0x00, 0x00, 0x00, 0x00, 0x00, 0x00, 0x00, 0x00,
    0x00, 0x00, 0x00, 0x00, 0x00, 0x00, 0x00, 0x00, 0x00, 0x00, 0x00, 0x00,
    0x00, 0x00, 0x00, 0x00, 0x00, 0x00, 0x00, 0x00, 0x00, 0x00, 0x00, 0x00,
    0x00, 0x00, 0x00, 0x00, 0x00, 0x00, 0x00, 0x00, 0x00, 0x00, 0x00, 0x00,
    0x00, 0x00, 0x00, 0x00, 0x00, 0x00, 0x00, 0x00, 0x00, 0x00, 0x00, 0x00,
    0x00, 0x00, 0x00, 0x00, 0x00, 0x00, 0x00, 0x00, 0x00, 0x00, 0x00, 0x00,
    0x00, 0x00, 0x00, 0x00, 0x00, 0x00, 0x00, 0x00, 0x00, 0x00, 0x00, 0x00,
    0x00, 0x00, 0x00, 0x00, 0x00, 0x00, 0x00, 0x00, 0x00, 0x00, 0x00, 0x00,
    0x00, 0x00, 0x00, 0x00, 0x00, 0x00, 0x00, 0x00, 0x00, 0x00, 0x00, 0x00,
    0x00, 0x00, 0x00, 0x00, 0x00, 0x00, 0x00, 0x00, 0x00, 0x00, 0x00, 0x00,
    0x00, 0x00, 0x00, 0x00, 0x00, 0x00, 0x00, 0x00, 0x00, 0x00, 0x00, 0x00,
    0x00, 0x00, 0x00, 0x00, 0x00, 0x00, 0x00, 0x00, 0x00, 0x00, 0x00, 0x00,
    0x00, 0x00, 0x00, 0x00, 0x00, 0x00, 0x00, 0x00, 0x00, 0x00, 0x00, 0x00,
    0x00, 0x00, 0x00, 0x00, 0x00, 0x00, 0x00, 0x00, 0x00, 0x00, 0x00, 0x00,
    0x00, 0x00, 0x00, 0x00, 0x00, 0x00, 0x00, 0x00, 0x00, 0x00, 0x00, 0x00,
    0x00, 0x00, 0x00, 0x00, 0x00, 0x00, 0x00, 0x00, 0x00, 0x00, 0x00, 0x00,
    0x00, 0x00, 0x00, 0x00, 0x00, 0x00, 0x00, 0x00, 0x00, 0x00, 0x00, 0x00,
    0x00, 0x00, 0x00, 0x00, 0x00, 0x00, 0x00, 0x00, 0x00, 0x00, 0x00, 0x00,
    0x00, 0x00, 0x00, 0x00, 0x00, 0x00, 0x00, 0x00, 0x00, 0x00, 0x00, 0x00,
    0x00, 0x00, 0x00, 0x00, 0x00, 0x00, 0x00, 0x00, 0x00, 0x00, 0x00, 0x00,
    0x00, 0x00, 0x00, 0x00, 0x00, 0x00, 0x00, 0x00, 0x00, 0x00, 0x00, 0x00,
    0x00, 0x00, 0x00, 0x00, 0x00, 0x00, 0x00, 0x00, 0x00, 0x00, 0x00, 0x00,
    0x00, 0x00, 0x00, 0x00, 0x00, 0x00, 0x00, 0x00, 0x00, 0x00, 0x00, 0x00,
    0x00, 0x00, 0x00, 0x00, 0x00, 0x00, 0x00, 0x00, 0x00, 0x00, 0x00, 0x00,
    0x00, 0x00, 0x00, 0x00, 0x00, 0x00, 0x00, 0x00, 0x00, 0x00, 0x00, 0x00,
    0x00, 0x00, 0x00, 0x00, 0x00, 0x00, 0x00, 0x00, 0x00, 0x00, 0x00, 0x00,
    0x00, 0x00, 0x00, 0x00, 0x00, 0x00, 0x00, 0x00, 0x00, 0x00, 0x00, 0x00,
    0x00, 0x00, 0x00, 0x00, 0x00, 0x00, 0x00, 0x00, 0x00, 0x00, 0x00, 0x00,
    0x00, 0x00, 0x00, 0x00, 0x00, 0x00, 0x00, 0x00, 0x00, 0x00, 0x00, 0x00,
    0x00, 0x00, 0x00, 0x00, 0x00, 0x00, 0x00, 0x00, 0x00, 0x00, 0x00, 0x00,
    0x00, 0x00, 0x00, 0x00, 0x00, 0x00, 0x00, 0x00, 0x00, 0x00, 0x00, 0x00,
    0x00, 0x00, 0x00, 0x00, 0x00, 0x00, 0x00, 0x00, 0x00, 0x00, 0x00, 0x00,
    0x00, 0x00, 0x00, 0x00, 0x00, 0x00, 0x00, 0x00, 0x00, 0x00, 0x00, 0x00,
    0x00, 0x00, 0x00, 0x00, 0x00, 0x00, 0x00, 0x00, 0x00, 0x00, 0x00, 0x00,
    0x00, 0x00, 0x00, 0x00, 0x00, 0x00, 0x00, 0x00, 0x00, 0x00, 0x00, 0x00,
    0x00, 0x00, 0x00, 0x00, 0x00, 0x00, 0x00, 0x00, 0x00, 0x00, 0x00, 0x00,
    0x00, 0x00, 0x00, 0x00, 0x00, 0x00, 0x00, 0x00, 0x00, 0x00, 0x00, 0x00,
    0x00, 0x00, 0x00, 0x00, 0x00, 0x00, 0x00, 0x00, 0x00, 0x00, 0x00, 0x00,
    0x00, 0x00, 0x00, 0x00, 0x00, 0x00, 0x00, 0x00, 0x00, 0x00, 0x00, 0x00,
    0x00, 0x00, 0x00, 0x00, 0x00, 0x00, 0x00, 0x00, 0x00, 0x00, 0x00, 0x00,
    0x00, 0x00, 0x00, 0x00, 0x00, 0x00, 0x00, 0x00, 0x00, 0x00, 0x00, 0x00,
    0x00, 0x00, 0x00, 0x00, 0x00, 0x00, 0x00, 0x00, 0x00, 0x00, 0x00, 0x00,
    0x00, 0x00, 0x00, 0x00, 0x00, 0x00, 0x00, 0x00, 0x00, 0x00, 0x00, 0x00,
    0x00, 0x00, 0x00, 0x00, 0x00, 0x00, 0x00, 0x00, 0x00, 0x00, 0x00, 0x00,
    0x00, 0x00, 0x00, 0x00, 0x00, 0x00, 0x00, 0x00, 0x00, 0x00, 0x00, 0x00,
    0x00, 0x00, 0x00, 0x00, 0x00, 0x00, 0x00, 0x00, 0x00, 0x00, 0x00, 0x00,
    0x00, 0x00, 0x00, 0x00, 0x00, 0x00, 0x00, 0x00, 0x00, 0x00, 0x00, 0x00,
    0x00, 0x00, 0x00, 0x00, 0x00, 0x00, 0x00, 0x00, 0x00, 0x00, 0x00, 0x00,
    0x00, 0x00, 0x00, 0x00, 0x00, 0x00, 0x00, 0x00, 0x00, 0x00, 0x00, 0x00,
    0x00, 0x00, 0x00, 0x00, 0x00, 0x00, 0x00, 0x00, 0x00, 0x00, 0x00, 0x00,
    0x00, 0x00, 0x00, 0x00, 0x00, 0x00, 0x00, 0x00, 0x00, 0x00, 0x00, 0x00,
    0x00, 0x00, 0x00, 0x00, 0x00, 0x00, 0x00, 0x00, 0x00, 0x00, 0x00, 0x00,
    0x00, 0x00, 0x00, 0x00, 0x00, 0x00, 0x00, 0x00, 0x00, 0x00, 0x00, 0x00,
    0x00, 0x00, 0x00, 0x00, 0x00, 0x00, 0x00, 0x00, 0x00, 0x00, 0x00, 0x00,
    0x00, 0x00, 0x00, 0x00, 0x00, 0x00, 0x00, 0x00, 0x00, 0x00, 0x00, 0x00,
    0x00, 0x00, 0x00, 0x00, 0x00, 0x00, 0x00, 0x00, 0x00, 0x00, 0x00, 0x00,
    0x00, 0x00, 0x00, 0x00, 0x00, 0x00, 0x00, 0x00, 0x00, 0x00, 0x00, 0x00,
    0x00, 0x00, 0x00, 0x00, 0x00, 0x00, 0x00, 0x00, 0x00, 0x00, 0x00, 0x00,
    0x00, 0x00, 0x00, 0x00, 0x00, 0x00, 0x00, 0x00, 0x00, 0x00, 0x00, 0x00,
    0x00, 0x00, 0x00, 0x00, 0x00, 0x00, 0x00, 0x00, 0x00, 0x00, 0x00, 0x00,
    0x00, 0x00, 0x00, 0x00, 0x00, 0x00, 0x00, 0x00, 0x00, 0x00, 0x00, 0x00,
    0x00, 0x00, 0x00, 0x00, 0x00, 0x00, 0x00, 0x00, 0x00, 0x00, 0x00, 0x00,
    0x00, 0x00, 0x00, 0x00, 0x00, 0x00, 0x00, 0x00, 0x00, 0x00, 0x00, 0x00,
    0x00, 0x00, 0x00, 0x00, 0x00, 0x00, 0x00, 0x00, 0x00, 0x00, 0x00, 0x00,
    0x00, 0x00, 0x00, 0x00, 0x00, 0x00, 0x00, 0x00, 0x00, 0x00, 0x00, 0x00,
    0x00, 0x00, 0x00, 0x00, 0x00, 0x00, 0x00, 0x00, 0x00, 0x00, 0x00, 0x00,
    0x00, 0x00, 0x00, 0x00, 0x00, 0x00, 0x00, 0x00, 0x00, 0x00, 0x00, 0x00,
    0x00, 0x00, 0x00, 0x00, 0x00, 0x00, 0x00, 0x00, 0x00, 0x00, 0x00, 0x00,
    0x00, 0x00, 0x00, 0x00, 0x00, 0x00, 0x00, 0x00, 0x00, 0x00, 0x00, 0x00,
    0x00, 0x00, 0x00, 0x00, 0x00, 0x00, 0x00, 0x00, 0x00, 0x00, 0x00, 0x00,
    0x00, 0x00, 0x00, 0x00, 0x00, 0x00, 0x00, 0x00, 0x00, 0x00, 0x00, 0x00,
    0x00, 0x00, 0x00, 0x00, 0x00, 0x00, 0x00, 0x00, 0x00, 0x00, 0x00, 0x00,
    0x00, 0x00, 0x00, 0x00, 0x00, 0x00, 0x00, 0x00, 0x00, 0x00, 0x00, 0x00,
    0x00, 0x00, 0x00, 0x00, 0x00, 0x00, 0x00, 0x00, 0x00, 0x00, 0x00, 0x00,
    0x00, 0x00, 0x00, 0x00, 0x00, 0x00, 0x00, 0x00, 0x00, 0x00, 0x00, 0x00,
    0x00, 0x00, 0x00, 0x00, 0x00, 0x00, 0x00, 0x00, 0x00, 0x00, 0x00, 0x00,
    0x00, 0x00, 0x00, 0x00, 0x00, 0x00, 0x00, 0x00, 0x00, 0x00, 0x00, 0x00,
    0x00, 0x00, 0x00, 0x00, 0x00, 0x00, 0x00, 0x00, 0x00, 0x00, 0x00, 0x00,
    0x00, 0x00, 0x00, 0x00, 0x00, 0x00, 0x00, 0x00, 0x00, 0x00, 0x00, 0x00,
    0x00, 0x00, 0x00, 0x00, 0x00, 0x00, 0x00, 0x00, 0x00, 0x00, 0x00, 0x00,
    0x00, 0x00, 0x00, 0x00, 0x00, 0x00, 0x00, 0x00, 0x00, 0x00, 0x00, 0x00,
    0x00, 0x00, 0x00, 0x00, 0x00, 0x00, 0x00, 0x00, 0x00, 0x00, 0x00, 0x00,
    0x00, 0x00, 0x00, 0x00, 0x00, 0x00, 0x00, 0x00, 0x00, 0x00, 0x00, 0x00,
    0x00, 0x00, 0x00, 0x00, 0x00, 0x00, 0x00, 0x00, 0x00, 0x00, 0x00, 0x00,
    0x00, 0x00, 0x00, 0x00, 0x00, 0x00, 0x00, 0x00, 0x00, 0x00, 0x00, 0x00,
    0x00, 0x00, 0x00, 0x00, 0x00, 0x00, 0x00, 0x00, 0x00, 0x00, 0x00, 0x00,
    0x00, 0x00, 0x00, 0x00, 0x00, 0x00, 0x00, 0x00, 0x00, 0x00, 0x00, 0x00,
    0x00, 0x00, 0x00, 0x00, 0x00, 0x00, 0x00, 0x00, 0x00, 0x00, 0x00, 0x00,
    0x00, 0x00, 0x00, 0x00, 0x00, 0x00, 0x00, 0x00, 0x00, 0x00, 0x00, 0x00,
    0x00, 0x00, 0x00, 0x00, 0x00, 0x00, 0x00, 0x00, 0x00, 0x00, 0x00, 0x00,
    0x00, 0x00, 0x00, 0x00, 0x00, 0x00, 0x00, 0x00, 0x00, 0x00, 0x00, 0x00,
    0x00, 0x00, 0x00, 0x00, 0x00, 0x00, 0x00, 0x00, 0x00, 0x00, 0x00, 0x00,
    0x00, 0x00, 0x00, 0x00, 0x00, 0x00, 0x00, 0x00, 0x00, 0x00, 0x00, 0x00,
    0x00, 0x00, 0x00, 0x00, 0x00, 0x00, 0x00, 0x00, 0x00, 0x00, 0x00, 0x00,
    0x00, 0x00, 0x00, 0x00, 0x00, 0x00, 0x00, 0x00, 0x00, 0x00, 0x00, 0x00,
    0x00, 0x00, 0x00, 0x00, 0x00, 0x00, 0x00, 0x00, 0x00, 0x00, 0x00, 0x00,
    0x00, 0x00, 0x00, 0x00, 0x00, 0x00, 0x00, 0x00, 0x00, 0x00, 0x00, 0x00,
    0x00, 0x00, 0x00, 0x00, 0x00, 0x00, 0x00, 0x00, 0x00, 0x00, 0x00, 0x00,
    0x00, 0x00, 0x00, 0x00, 0x00, 0x00, 0x00, 0x00, 0x00, 0x00, 0x00, 0x00,
    0x00, 0x00, 0x00, 0x00, 0x00, 0x00, 0x00, 0x00, 0x00, 0x00, 0x00, 0x00,
    0x00, 0x00, 0x00, 0x00, 0x00, 0x00, 0x00, 0x00, 0x00, 0x00, 0x00, 0x00,
    0x00, 0x00, 0x00, 0x00, 0x00, 0x00, 0x00, 0x00, 0x00, 0x00, 0x00, 0x00,
    0x00, 0x00, 0x00, 0x00, 0x00, 0x00, 0x00, 0x00, 0x00, 0x00, 0x00, 0x00,
    0x00, 0x00, 0x00, 0x00, 0x00, 0x00, 0x00, 0x00, 0x00, 0x00, 0x00, 0x00,
    0x00, 0x00, 0x00, 0x00, 0xe8, 0x1b, 0x00, 0x00, 0x00, 0x48, 0xc7, 0xc7,
    0x00, 0x00, 0x00, 0x00, 0x48, 0xc7, 0xc0, 0x00, 0x00, 0x00, 0x00, 0x0f,
    0x05, 0xeb, 0xfe, 0xcc, 0xcc, 0xcc, 0xcc, 0xcc, 0xcc, 0xcc, 0xcc, 0xcc,
    0x55, 0x48, 0x89, 0xe5, 0x41, 0x57, 0x41, 0x56, 0x41, 0x55, 0x41, 0x54,
    0x53, 0x48, 0x81, 0xec, 0x98, 0x03, 0x00, 0x00, 0xbf, 0x0d, 0x00, 0x00,
    0x00, 0xbe, 0x6a, 0x4d, 0x40, 0x00, 0xba, 0x11, 0x00, 0x00, 0x00, 0xe8,
    0xe8, 0x2c, 0x00, 0x00, 0x48, 0x8d, 0xbd, 0xf8, 0xfe, 0xff, 0xff, 0xe8,
    0xbc, 0x2f, 0x00, 0x00, 0x89, 0x85, 0x64, 0xff, 0xff, 0xff, 0x85, 0xc0,
    0x74, 0x2e, 0x48, 0x8d, 0xb5, 0x78, 0xfd, 0xff, 0xff, 0xbf, 0x0f, 0x00,
    0x00, 0x00, 0xe8, 0xa1, 0x2c, 0x00, 0x00, 0x48, 0x85, 0xc0, 0x0f, 0x84,
    0xee, 0x01, 0x00, 0x00, 0xbf, 0x0d, 0x00, 0x00, 0x00, 0xbe, 0x8c, 0x4f,
    0x40, 0x00, 0xba, 0x18, 0x00, 0x00, 0x00, 0xe9, 0x3c, 0x22, 0x00, 0x00,
    0x48, 0xbb, 0x00, 0x00, 0x00, 0x00, 0x00, 0x70, 0x00, 0x00, 0x8b, 0x85,
    0x08, 0xff, 0xff, 0xff, 0x8b, 0x8d, 0x0c, 0xff, 0xff, 0xff, 0x89, 0x05,
    0x58, 0x6f, 0x00, 0x00, 0x89, 0x0d, 0x56, 0x6f, 0x00, 0x00, 0x8b, 0x8d,
    0x10, 0xff, 0xff, 0xff, 0xc1, 0xe9, 0x02, 0xb8, 0xff, 0x0f, 0x00, 0x00,
    0x48, 0x03, 0x85, 0x00, 0xff, 0xff, 0xff, 0x89, 0x0d, 0x3f, 0x6f, 0x00,
    0x00, 0x48, 0xc1, 0xe8, 0x0c, 0x89, 0x05, 0x39, 0x6f, 0x00, 0x00, 0x85,
    0xc0, 0x74, 0x4b, 0x41, 0x89, 0xc6, 0x49, 0xc1, 0xe6, 0x0c, 0x45, 0x31,
    0xff, 0x66, 0x66, 0x66, 0x66, 0x66, 0x66, 0x2e, 0x0f, 0x1f, 0x84, 0x00,
    0x00, 0x00, 0x00, 0x00, 0x49, 0x8d, 0x34, 0x1f, 0x48, 0x8b, 0x95, 0xf8,
    0xfe, 0xff, 0xff, 0x4c, 0x01, 0xfa, 0xbf, 0x07, 0x00, 0x00, 0x00, 0xb9,
    0x12, 0x00, 0x00, 0x00, 0xe8, 0x43, 0x2c, 0x00, 0x00, 0x48, 0x85, 0xc0,
    0x0f, 0x85, 0x88, 0x04, 0x00, 0x00, 0x49, 0x81, 0xc7, 0x00, 0x10, 0x00,
    0x00, 0x4d, 0x39, 0xfe, 0x75, 0xce, 0x48, 0x89, 0x1d, 0xe7, 0x6e, 0x00,
    0x00, 0xbb, 0x1b, 0x4f, 0x40, 0x00, 0x48, 0x83, 0xbd, 0x18, 0xff, 0xff,
    0xff, 0x00, 0x0f, 0x84, 0xd2, 0x01, 0x00, 0x00, 0x49, 0xbe, 0x00, 0x00,
    0x00, 0x00, 0x01, 0x50, 0x00, 0x00, 0x8b, 0x85, 0x20, 0xff, 0xff, 0xff,
    0x8b, 0x8d, 0x24, 0xff, 0xff, 0xff, 0x89, 0xc2, 0x0f, 0xaf, 0xd1, 0x44,
    0x8d, 0x3c, 0x95, 0xff, 0x0f, 0x00, 0x00, 0x41, 0x81, 0xff, 0x00, 0x10,
    0x00, 0x00, 0x72, 0x46, 0x41, 0xc1, 0xef, 0x0c, 0x45, 0x31, 0xe4, 0x90,
    0x4b, 0x8d, 0x34, 0x34, 0x48, 0x8b, 0x95, 0x18, 0xff, 0xff, 0xff, 0x4c,
    0x01, 0xe2, 0xbf, 0x07, 0x00, 0x00, 0x00, 0xb9, 0x12, 0x00, 0x00, 0x00,
    0xe8, 0xc3, 0x2b, 0x00, 0x00, 0x48, 0x85, 0xc0, 0x0f, 0x85, 0x5a, 0x21,
    0x00, 0x00, 0x49, 0x81, 0xc4, 0x00, 0x10, 0x00, 0x00, 0x49, 0xff, 0xcf,
    0x75, 0xce, 0x8b, 0x85, 0x20, 0xff, 0xff, 0xff, 0x8b, 0x8d, 0x24, 0xff,
    0xff, 0xff, 0x0f, 0xaf, 0xc8, 0x85, 0xc9, 0x74, 0x28, 0x31, 0xc0, 0x66,
    0x0f, 0x1f, 0x84, 0x00, 0x00, 0x00, 0x00, 0x00, 0x41, 0xc7, 0x04, 0x86,
    0x00, 0x00, 0x00, 0x00, 0x48, 0xff, 0xc0, 0x8b, 0x8d, 0x24, 0xff, 0xff,
    0xff, 0x0f, 0xaf, 0x8d, 0x20, 0xff, 0xff, 0xff, 0x48, 0x39, 0xc8, 0x72,
    0xe3, 0xb8, 0x24, 0x40, 0x40, 0x00, 0x31, 0xc9, 0x66, 0x66, 0x66, 0x2e,
    0x0f, 0x1f, 0x84, 0x00, 0x00, 0x00, 0x00, 0x00, 0x31, 0xd2, 0x66, 0x66,
    0x66, 0x66, 0x66, 0x2e, 0x0f, 0x1f, 0x84, 0x00, 0x00, 0x00, 0x00, 0x00,
    0x8b, 0xb5, 0x20, 0xff, 0xff, 0xff, 0x0f, 0xaf, 0xf1, 0x01, 0xd6, 0x8b,
    0x7c, 0x90, 0xfc, 0x44, 0x8b, 0x04, 0x90, 0x41, 0x89, 0x3c, 0xb6, 0x8b,
    0xb5, 0x20, 0xff, 0xff, 0xff, 0x0f, 0xaf, 0xf1, 0x01, 0xd6, 0xff, 0xc6,
    0x45, 0x89, 0x04, 0xb6, 0x48, 0x83, 0xc2, 0x02, 0x48, 0x83, 0xfa, 0x1c,
    0x75, 0xce, 0x48, 0xff, 0xc1, 0x48, 0x83, 0xc0, 0x70, 0x48, 0x83, 0xf9,
    0x1d, 0x75, 0xb1, 0xbf, 0x11, 0x00, 0x00, 0x00, 0xe8, 0xb7, 0x2a, 0x00,
    0x00, 0x48, 0x89, 0xc6, 0x48, 0xc1, 0xee, 0x20, 0x89, 0xc7, 0xba, 0x0d,
    0x00, 0x00, 0x00, 0xb9, 0x0b, 0x00, 0x00, 0x00, 0xe8, 0x0f, 0x2e, 0x00,
    0x00, 0xe9, 0xa8, 0x00, 0x00, 0x00, 0x48, 0xbb, 0x00, 0x00, 0x00, 0x00,
    0x00, 0x70, 0x00, 0x00, 0x8b, 0x85, 0x80, 0xfd, 0xff, 0xff, 0x8b, 0x8d,
    0x84, 0xfd, 0xff, 0xff, 0x89, 0x05, 0x7e, 0x6d, 0x00, 0x00, 0x89, 0x0d,
    0x7c, 0x6d, 0x00, 0x00, 0x8b, 0x85, 0x88, 0xfd, 0xff, 0xff, 0x89, 0xc2,
    0xc1, 0xea, 0x02, 0x89, 0x15, 0x6f, 0x6d, 0x00, 0x00, 0x0f, 0xaf, 0xc1,
    0x05, 0xff, 0x0f, 0x00, 0x00, 0x41, 0x89, 0xc6, 0x41, 0xc1, 0xee, 0x0c,
    0x44, 0x89, 0x35, 0x5d, 0x6d, 0x00, 0x00, 0x3d, 0x00, 0x10, 0x00, 0x00,
    0x72, 0x4c, 0x41, 0x83, 0xfe, 0x01, 0x41, 0x83, 0xd6, 0x00, 0x41, 0xc1,
    0xe6, 0x0c, 0x45, 0x31, 0xff, 0x66, 0x66, 0x2e, 0x0f, 0x1f, 0x84, 0x00,
    0x00, 0x00, 0x00, 0x00, 0x49, 0x8d, 0x34, 0x1f, 0x48, 0x8b, 0x95, 0x78,
    0xfd, 0xff, 0xff, 0x4c, 0x01, 0xfa, 0xbf, 0x07, 0x00, 0x00, 0x00, 0xb9,
    0x12, 0x00, 0x00, 0x00, 0xe8, 0x63, 0x2a, 0x00, 0x00, 0x48, 0x85, 0xc0,
    0x0f, 0x85, 0xe9, 0x1f, 0x00, 0x00, 0x49, 0x81, 0xc7, 0x00, 0x10, 0x00,
    0x00, 0x4d, 0x39, 0xfe, 0x75, 0xce, 0x48, 0x89, 0x1d, 0x07, 0x6d, 0x00,
    0x00, 0xbb, 0x0b, 0x4d, 0x40, 0x00, 0xbf, 0x0d, 0x00, 0x00, 0x00, 0xba,
    0x14, 0x00, 0x00, 0x00, 0x48, 0x89, 0xde, 0xe8, 0x10, 0x2a, 0x00, 0x00,
    0x8b, 0x0d, 0xde, 0x6c, 0x00, 0x00, 0x8b, 0x05, 0xdc, 0x6c, 0x00, 0x00,
    0x0f, 0xaf, 0xc1, 0x44, 0x8d, 0x34, 0x85, 0xff, 0x0f, 0x00, 0x00, 0x41,
    0x81, 0xfe, 0x00, 0x10, 0x00, 0x00, 0x72, 0x37, 0x41, 0xc1, 0xee, 0x0c,
    0x48, 0xbb, 0x00, 0x00, 0x00, 0x00, 0x00, 0x50, 0x00, 0x00, 0x66, 0x90,
    0xbe, 0x06, 0x00, 0x00, 0x00, 0x48, 0x89, 0xdf, 0xe8, 0x23, 0x2b, 0x00,
    0x00, 0x85, 0xc0, 0x0f, 0x88, 0x59, 0x02, 0x00, 0x00, 0x48, 0x81, 0xc3,
    0x00, 0x10, 0x00, 0x00, 0x49, 0xff, 0xce, 0x75, 0xdf, 0x8b, 0x0d, 0x8d,
    0x6c, 0x00, 0x00, 0x8b, 0x15, 0x83, 0x6c, 0x00, 0x00, 0x85, 0xc9, 0x0f,
    0x8e, 0x50, 0x01, 0x00, 0x00, 0x31, 0xc0, 0x49, 0xbe, 0x00, 0x00, 0x00,
    0x00, 0x00, 0x50, 0x00, 0x00, 0xeb, 0x13, 0x66, 0x66, 0x66, 0x66, 0x2e,
    0x0f, 0x1f, 0x84, 0x00, 0x00, 0x00, 0x00, 0x00, 0xff, 0xc0, 0x39, 0xc8,
    0x7d, 0x31, 0x85, 0xd2, 0x7e, 0xf6, 0x31, 0xc9, 0x0f, 0x1f, 0x40, 0x00,
    0x8b, 0x15, 0x52, 0x6c, 0x00, 0x00, 0x0f, 0xaf, 0xd0, 0x01, 0xca, 0x41,
    0xc7, 0x04, 0x96, 0x28, 0x20, 0x1a, 0xff, 0xff, 0xc1, 0x8b, 0x15, 0x35,
    0x6c, 0x00, 0x00, 0x39, 0xd1, 0x7c, 0xe1, 0x8b, 0x0d, 0x2f, 0x6c, 0x00,
    0x00, 0xeb, 0xc9, 0x85, 0xd2, 0x0f, 0x9e, 0xc0, 0x85, 0xc9, 0x40, 0x0f,
    0x9e, 0xc6, 0x40, 0x08, 0xc6, 0x0f, 0x85, 0xf4, 0x00, 0x00, 0x00, 0x48,
    0x8b, 0x05, 0x1e, 0x6c, 0x00, 0x00, 0x8b, 0x35, 0x10, 0x6c, 0x00, 0x00,
    0x89, 0xcf, 0x41, 0x89, 0xd0, 0x45, 0x89, 0xc1, 0x41, 0x83, 0xe1, 0x03,
    0x41, 0x83, 0xe0, 0xfc, 0x4c, 0x8d, 0x50, 0x0c, 0x4c, 0x89, 0x55, 0xd0,
    0x45, 0x31, 0xdb, 0x31, 0xdb, 0xeb, 0x18, 0x66, 0x0f, 0x1f, 0x84, 0x00,
    0x00, 0x00, 0x00, 0x00, 0x48, 0xff, 0xc3, 0x41, 0x01, 0xf3, 0x48, 0x39,
    0xfb, 0x0f, 0x84, 0xa6, 0x00, 0x00, 0x00, 0x45, 0x89, 0xde, 0x83, 0xfa,
    0x04, 0x73, 0x09, 0x45, 0x31, 0xff, 0xeb, 0x54, 0x0f, 0x1f, 0x40, 0x00,
    0x49, 0xba, 0x00, 0x00, 0x00, 0x00, 0x00, 0x50, 0x00, 0x00, 0x4f, 0x8d,
    0x24, 0xb2, 0x49, 0x83, 0xc4, 0x0c, 0x4c, 0x8b, 0x55, 0xd0, 0x4f, 0x8d,
    0x2c, 0xb2, 0x45, 0x31, 0xff, 0x0f, 0x1f, 0x00, 0x47, 0x8b, 0x54, 0xbc,
    0xf4, 0x47, 0x89, 0x54, 0xbd, 0xf4, 0x47, 0x8b, 0x54, 0xbc, 0xf8, 0x47,
    0x89, 0x54, 0xbd, 0xf8, 0x47, 0x8b, 0x54, 0xbc, 0xfc, 0x47, 0x89, 0x54,
    0xbd, 0xfc, 0x47, 0x8b, 0x14, 0xbc, 0x47, 0x89, 0x54, 0xbd, 0x00, 0x49,
    0x83, 0xc7, 0x04, 0x4d, 0x39, 0xf8, 0x75, 0xd0, 0x4d, 0x85, 0xc9, 0x74,
    0x8b, 0x49, 0xc1, 0xe6, 0x02, 0x4f, 0x8d, 0x34, 0xbe, 0x4e, 0x8d, 0x3c,
    0x30, 0x49, 0xba, 0x00, 0x00, 0x00, 0x00, 0x00, 0x50, 0x00, 0x00, 0x4d,
    0x01, 0xd6, 0x45, 0x31, 0xe4, 0x66, 0x66, 0x66, 0x66, 0x66, 0x66, 0x2e,
    0x0f, 0x1f, 0x84, 0x00, 0x00, 0x00, 0x00, 0x00, 0x47, 0x8b, 0x2c, 0xa6,
    0x47, 0x89, 0x2c, 0xa7, 0x49, 0xff, 0xc4, 0x4d, 0x39, 0xe1, 0x75, 0xf0,
    0xe9, 0x4b, 0xff, 0xff, 0xff, 0x49, 0xbe, 0x00, 0x00, 0x00, 0x00, 0x00,
    0x50, 0x00, 0x00, 0x83, 0xbd, 0x64, 0xff, 0xff, 0xff, 0x00, 0x75, 0x09,
    0x31, 0xff, 0x31, 0xf6, 0xe8, 0x3f, 0x2b, 0x00, 0x00, 0xbf, 0x0d, 0x00,
    0x00, 0x00, 0xbe, 0xa5, 0x4f, 0x40, 0x00, 0xba, 0x11, 0x00, 0x00, 0x00,
    0xe8, 0x2b, 0x28, 0x00, 0x00, 0xbf, 0x00, 0x4d, 0x40, 0x00, 0xbe, 0x06,
    0x00, 0x00, 0x00, 0xe8, 0x0c, 0x2a, 0x00, 0x00, 0x85, 0xc0, 0x0f, 0x88,
    0x96, 0x00, 0x00, 0x00, 0x89, 0xc3, 0xbe, 0x5a, 0x4d, 0x40, 0x00, 0xba,
    0x11, 0x00, 0x00, 0x00, 0x89, 0xc7, 0xe8, 0x41, 0x2a, 0x00, 0x00, 0x89,
    0xdf, 0xe8, 0x6a, 0x2a, 0x00, 0x00, 0xbf, 0x00, 0x4d, 0x40, 0x00, 0x31,
    0xf6, 0xe8, 0xde, 0x29, 0x00, 0x00, 0x85, 0xc0, 0x0f, 0x88, 0x88, 0x00,
    0x00, 0x00, 0x89, 0xc3, 0x48, 0x8d, 0xb5, 0x90, 0xfd, 0xff, 0xff, 0xba,
    0x20, 0x00, 0x00, 0x00, 0x89, 0xc7, 0xe8, 0xe1, 0x29, 0x00, 0x00, 0x83,
    0xf8, 0x11, 0xb8, 0x12, 0x50, 0x40, 0x00, 0xbe, 0x08, 0x4f, 0x40, 0x00,
    0x48, 0x0f, 0x44, 0xf0, 0x48, 0xc7, 0xc2, 0xff, 0xff, 0xff, 0xff, 0x66,
    0x0f, 0x1f, 0x84, 0x00, 0x00, 0x00, 0x00, 0x00, 0x80, 0x7c, 0x16, 0x01,
    0x00, 0x48, 0x8d, 0x52, 0x01, 0x75, 0xf5, 0xbf, 0x0d, 0x00, 0x00, 0x00,
    0xe8, 0x9b, 0x27, 0x00, 0x00, 0x89, 0xdf, 0xe8, 0x04, 0x2a, 0x00, 0x00,
    0xeb, 0x48, 0xbf, 0x0d, 0x00, 0x00, 0x00, 0xbe, 0xbe, 0x4d, 0x40, 0x00,
    0xba, 0x1c, 0x00, 0x00, 0x00, 0xe9, 0x16, 0x1d, 0x00, 0x00, 0xbf, 0x0d,
    0x00, 0x00, 0x00, 0xbe, 0xb5, 0x4e, 0x40, 0x00, 0xeb, 0x1e, 0xbf, 0x0d,
    0x00, 0x00, 0x00, 0xbe, 0x32, 0x4f, 0x40, 0x00, 0xba, 0x1e, 0x00, 0x00,
    0x00, 0xe9, 0xf6, 0x1c, 0x00, 0x00, 0xbf, 0x0d, 0x00, 0x00, 0x00, 0xbe,
    0x5e, 0x4e, 0x40, 0x00, 0xba, 0x1a, 0x00, 0x00, 0x00, 0xe8, 0x4a, 0x27,
    0x00, 0x00, 0xe8, 0xd5, 0x27, 0x00, 0x00, 0x49, 0x89, 0xc5, 0x48, 0x85,
    0xc0, 0x74, 0x1e, 0xbf, 0x03, 0x00, 0x00, 0x00, 0x4c, 0x89, 0xee, 0xe8,
    0x40, 0x28, 0x00, 0x00, 0xbf, 0x0d, 0x00, 0x00, 0x00, 0xbe, 0xf7, 0x4d,
    0x40, 0x00, 0xba, 0x1b, 0x00, 0x00, 0x00, 0xeb, 0x0f, 0xbf, 0x0d, 0x00,
    0x00, 0x00, 0xbe, 0x20, 0x4d, 0x40, 0x00, 0xba, 0x1c, 0x00, 0x00, 0x00,
    0xe8, 0x0b, 0x27, 0x00, 0x00, 0xc7, 0x45, 0x90, 0x01, 0x00, 0x00, 0x00,
    0x4c, 0x8d, 0xa5, 0x90, 0xfd, 0xff, 0xff, 0xc7, 0x45, 0xcc, 0x00, 0x00,
    0x00, 0x00, 0xc7, 0x85, 0x78, 0xff, 0xff, 0xff, 0x00, 0x00, 0x00, 0x00,
    0x48, 0xc7, 0x85, 0x70, 0xff, 0xff, 0xff, 0x00, 0x00, 0x00, 0x00, 0x4c,
    0x89, 0xad, 0xf0, 0xfe, 0xff, 0xff, 0xeb, 0x12, 0x0f, 0x1f, 0x84, 0x00,
    0x00, 0x00, 0x00, 0x00, 0xbf, 0x01, 0x00, 0x00, 0x00, 0xe8, 0x96, 0x26,
    0x00, 0x00, 0xbf, 0x11, 0x00, 0x00, 0x00, 0xe8, 0x8c, 0x26, 0x00, 0x00,
    0x48, 0x89, 0x45, 0x80, 0x0f, 0x1f, 0x84, 0x00, 0x00, 0x00, 0x00, 0x00,
    0x48, 0x8d, 0xbd, 0x48, 0xff, 0xff, 0xff, 0xe8, 0x74, 0x28, 0x00, 0x00,
    0x85, 0xc0, 0x0f, 0x84, 0x6c, 0x06, 0x00, 0x00, 0x8b, 0x85, 0x48, 0xff,
    0xff, 0xff, 0x83, 0xf8, 0x04, 0x75, 0x62, 0x0f, 0xb6, 0x85, 0x5f, 0xff,
    0xff, 0xff, 0x3c, 0x1b, 0x0f, 0x84, 0x0b, 0x1c, 0x00, 0x00, 0x8d, 0x48,
    0xe0, 0x80, 0xf9, 0x5e, 0x0f, 0x87, 0xd6, 0x05, 0x00, 0x00, 0x0f, 0x28,
    0x05, 0xff, 0x49, 0x00, 0x00, 0x0f, 0x29, 0x85, 0x90, 0xfd, 0xff, 0xff,
    0xc7, 0x85, 0x9f, 0xfd, 0xff, 0xff, 0x20, 0x58, 0x0a, 0x00, 0x88, 0x85,
    0xa0, 0xfd, 0xff, 0xff, 0x48, 0xc7, 0xc2, 0xff, 0xff, 0xff, 0xff, 0x90,
    0x80, 0xbc, 0x15, 0x91, 0xfd, 0xff, 0xff, 0x00, 0x48, 0x8d, 0x52, 0x01,
    0x75, 0xf2, 0xbf, 0x0d, 0x00, 0x00, 0x00, 0x4c, 0x89, 0xe6, 0xe8, 0x35,
    0x26, 0x00, 0x00, 0x8b, 0x85, 0x48, 0xff, 0xff, 0xff, 0x83, 0xf8, 0x02,
    0x0f, 0x85, 0x56, 0x04, 0x00, 0x00, 0x8b, 0xb5, 0x4c, 0xff, 0xff, 0xff,
    0x8b, 0x95, 0x50, 0xff, 0xff, 0xff, 0xbf, 0x51, 0x4f, 0x40, 0x00, 0xe8,
    0xf0, 0x1b, 0x00, 0x00, 0x8b, 0xbd, 0x4c, 0xff, 0xff, 0xff, 0x8b, 0xb5,
    0x50, 0xff, 0xff, 0xff, 0xe8, 0xff, 0x1e, 0x00, 0x00, 0x89, 0xc3, 0xbf,
    0x24, 0x50, 0x40, 0x00, 0xba, 0x30, 0x4f, 0x40, 0x00, 0x89, 0xc6, 0xe8,
    0x9c, 0x20, 0x00, 0x00, 0x0f, 0xb6, 0x85, 0x5c, 0xff, 0xff, 0xff, 0x3c,
    0x01, 0x0f, 0x95, 0xc1, 0x85, 0xdb, 0x0f, 0x98, 0xc2, 0x08, 0xca, 0x0f,
    0x85, 0x83, 0x03, 0x00, 0x00, 0x4c, 0x63, 0x3d, 0xb4, 0x68, 0x00, 0x00,
    0x49, 0xff, 0xcf, 0x44, 0x89, 0xfe, 0x44, 0x39, 0xfb, 0x0f, 0x8d, 0x3d,
    0x02, 0x00, 0x00, 0x41, 0x89, 0xd8, 0x4a, 0x8d, 0x14, 0xc5, 0x00, 0x00,
    0x00, 0x00, 0x48, 0x8b, 0x84, 0xd2, 0x60, 0x70, 0x40, 0x00, 0x48, 0x89,
    0x85, 0xd0, 0xfd, 0xff, 0xff, 0x0f, 0x10, 0x84, 0xd2, 0x50, 0x70, 0x40,
    0x00, 0x0f, 0x29, 0x85, 0xc0, 0xfd, 0xff, 0xff, 0x0f, 0x10, 0x84, 0xd2,
    0x40, 0x70, 0x40, 0x00, 0x0f, 0x29, 0x85, 0xb0, 0xfd, 0xff, 0xff, 0x0f,
    0x10, 0x84, 0xd2, 0x30, 0x70, 0x40, 0x00, 0x0f, 0x29, 0x85, 0xa0, 0xfd,
    0xff, 0xff, 0x0f, 0x10, 0x84, 0xd2, 0x20, 0x70, 0x40, 0x00, 0x0f, 0x29,
    0x85, 0x90, 0xfd, 0xff, 0xff, 0x42, 0x8b, 0x04, 0x85, 0x80, 0x72, 0x40,
    0x00, 0x42, 0x8b, 0x0c, 0x85, 0xa0, 0x72, 0x40, 0x00, 0x41, 0x89, 0xf1,
    0x41, 0x29, 0xd9, 0x4c, 0x89, 0xc7, 0x41, 0xf6, 0xc1, 0x01, 0x74, 0x74,
    0x49, 0x8d, 0x78, 0x01, 0x4c, 0x8b, 0x8c, 0xd2, 0xa8, 0x70, 0x40, 0x00,
    0x4c, 0x89, 0x8c, 0xd2, 0x60, 0x70, 0x40, 0x00, 0x0f, 0x10, 0x84, 0xd2,
    0x98, 0x70, 0x40, 0x00, 0x0f, 0x11, 0x84, 0xd2, 0x50, 0x70, 0x40, 0x00,
    0x0f, 0x10, 0x84, 0xd2, 0x88, 0x70, 0x40, 0x00, 0x0f, 0x11, 0x84, 0xd2,
    0x40, 0x70, 0x40, 0x00, 0x0f, 0x10, 0x84, 0xd2, 0x78, 0x70, 0x40, 0x00,
    0x0f, 0x11, 0x84, 0xd2, 0x30, 0x70, 0x40, 0x00, 0x0f, 0x10, 0x84, 0xd2,
    0x68, 0x70, 0x40, 0x00, 0x0f, 0x11, 0x84, 0xd2, 0x20, 0x70, 0x40, 0x00,
    0x42, 0x8b, 0x14, 0x85, 0x84, 0x72, 0x40, 0x00, 0x42, 0x89, 0x14, 0x85,
    0x80, 0x72, 0x40, 0x00, 0x42, 0x8b, 0x14, 0x85, 0xa4, 0x72, 0x40, 0x00,
    0x42, 0x89, 0x14, 0x85, 0xa0, 0x72, 0x40, 0x00, 0x89, 0xf2, 0x4c, 0x8d,
    0x4a, 0xff, 0x4d, 0x39, 0xc1, 0x0f, 0x84, 0xdd, 0x00, 0x00, 0x00, 0x4c,
    0x8d, 0x04, 0xff, 0x4e, 0x8d, 0x04, 0xc5, 0x20, 0x70, 0x40, 0x00, 0x66,
    0x0f, 0x1f, 0x84, 0x00, 0x00, 0x00, 0x00, 0x00, 0x4d, 0x8b, 0x88, 0x88,
    0x00, 0x00, 0x00, 0x4d, 0x89, 0x48, 0x40, 0x41, 0x0f, 0x10, 0x40, 0x48,
    0x41, 0x0f, 0x10, 0x48, 0x58, 0x41, 0x0f, 0x10, 0x50, 0x68, 0x41, 0x0f,
    0x10, 0x58, 0x78, 0x41, 0x0f, 0x11, 0x58, 0x30, 0x41, 0x0f, 0x11, 0x50,
    0x20, 0x41, 0x0f, 0x11, 0x48, 0x10, 0x41, 0x0f, 0x11, 0x00, 0x44, 0x8b,
    0x0c, 0xbd, 0x84, 0x72, 0x40, 0x00, 0x44, 0x89, 0x0c, 0xbd, 0x80, 0x72,
    0x40, 0x00, 0x44, 0x8b, 0x0c, 0xbd, 0xa4, 0x72, 0x40, 0x00, 0x44, 0x89,
    0x0c, 0xbd, 0xa0, 0x72, 0x40, 0x00, 0x44, 0x8b, 0x0c, 0xbd, 0x88, 0x72,
    0x40, 0x00, 0x44, 0x89, 0x0c, 0xbd, 0x84, 0x72, 0x40, 0x00, 0x44, 0x8b,
    0x0c, 0xbd, 0xa8, 0x72, 0x40, 0x00, 0x44, 0x89, 0x0c, 0xbd, 0xa4, 0x72,
    0x40, 0x00, 0x48, 0x8d, 0x7f, 0x02, 0x4d, 0x8b, 0x88, 0xd0, 0x00, 0x00,
    0x00, 0x4d, 0x89, 0x88, 0x88, 0x00, 0x00, 0x00, 0x41, 0x0f, 0x10, 0x80,
    0x90, 0x00, 0x00, 0x00, 0x41, 0x0f, 0x10, 0x88, 0xa0, 0x00, 0x00, 0x00,
    0x41, 0x0f, 0x10, 0x90, 0xb0, 0x00, 0x00, 0x00, 0x41, 0x0f, 0x10, 0x98,
    0xc0, 0x00, 0x00, 0x00, 0x41, 0x0f, 0x11, 0x58, 0x78, 0x41, 0x0f, 0x11,
    0x50, 0x68, 0x41, 0x0f, 0x11, 0x48, 0x58, 0x41, 0x0f, 0x11, 0x40, 0x48,
    0x49, 0x81, 0xc0, 0x90, 0x00, 0x00, 0x00, 0x48, 0x39, 0xfa, 0x0f, 0x85,
    0x38, 0xff, 0xff, 0xff, 0x48, 0x8d, 0x3c, 0xd5, 0x00, 0x00, 0x00, 0x00,
    0x4c, 0x8b, 0x85, 0xd0, 0xfd, 0xff, 0xff, 0x4c, 0x89, 0x84, 0xff, 0x60,
    0x70, 0x40, 0x00, 0x0f, 0x28, 0x85, 0x90, 0xfd, 0xff, 0xff, 0x0f, 0x28,
    0x8d, 0xa0, 0xfd, 0xff, 0xff, 0x0f, 0x28, 0x95, 0xb0, 0xfd, 0xff, 0xff,
    0x0f, 0x28, 0x9d, 0xc0, 0xfd, 0xff, 0xff, 0x0f, 0x11, 0x9c, 0xff, 0x50,
    0x70, 0x40, 0x00, 0x0f, 0x11, 0x94, 0xff, 0x40, 0x70, 0x40, 0x00, 0x0f,
    0x11, 0x8c, 0xff, 0x30, 0x70, 0x40, 0x00, 0x0f, 0x11, 0x84, 0xff, 0x20,
    0x70, 0x40, 0x00, 0x89, 0x04, 0x95, 0x80, 0x72, 0x40, 0x00, 0x89, 0x0c,
    0x95, 0xa0, 0x72, 0x40, 0x00, 0xc6, 0x05, 0xbc, 0x68, 0x00, 0x00, 0x01,
    0x49, 0xc1, 0xe7, 0x03, 0x8b, 0x9d, 0x4c, 0xff, 0xff, 0xff, 0x8b, 0x95,
    0x50, 0xff, 0xff, 0xff, 0x43, 0x2b, 0x9c, 0xff, 0x20, 0x70, 0x40, 0x00,
    0x43, 0x2b, 0x94, 0xff, 0x24, 0x70, 0x40, 0x00, 0x43, 0x83, 0xbc, 0xff,
    0x38, 0x70, 0x40, 0x00, 0x00, 0x0f, 0x95, 0xc0, 0x83, 0xfa, 0x30, 0x0f,
    0x9c, 0xc1, 0x20, 0xc1, 0x80, 0xf9, 0x01, 0x75, 0x34, 0x89, 0x35, 0x11,
    0x56, 0x00, 0x00, 0x89, 0x1d, 0x6b, 0x68, 0x00, 0x00, 0x89, 0x15, 0x69,
    0x68, 0x00, 0x00, 0xbf, 0xdb, 0x4d, 0x40, 0x00, 0x4d, 0x89, 0xec, 0x41,
    0x89, 0xd5, 0xba, 0x30, 0x4f, 0x40, 0x00, 0xe8, 0xd0, 0x1d, 0x00, 0x00,
    0x44, 0x89, 0xea, 0x4d, 0x89, 0xe5, 0x4c, 0x8d, 0xa5, 0x90, 0xfd, 0xff,
    0xff, 0x4b, 0x8d, 0x04, 0xff, 0x48, 0x05, 0x20, 0x70, 0x40, 0x00, 0x48,
    0x8b, 0x78, 0x28, 0x48, 0x85, 0xff, 0x0f, 0x84, 0x2c, 0x01, 0x00, 0x00,
    0x48, 0xc7, 0x85, 0x90, 0xfd, 0xff, 0xff, 0x02, 0x00, 0x00, 0x00, 0x0f,
    0x57, 0xc0, 0x0f, 0x11, 0x85, 0x98, 0xfd, 0xff, 0xff, 0x0f, 0x11, 0x85,
    0xa8, 0xfd, 0xff, 0xff, 0x48, 0xc7, 0x85, 0xb8, 0xfd, 0xff, 0xff, 0x00,
    0x00, 0x00, 0x00, 0x48, 0xb8, 0x00, 0x00, 0x00, 0x00, 0x14, 0x00, 0x00,
    0x00, 0x48, 0x89, 0x85, 0xc0, 0xfd, 0xff, 0xff, 0xc7, 0x85, 0xc8, 0xfd,
    0xff, 0xff, 0x07, 0x00, 0x00, 0x00, 0x88, 0x9d, 0xcc, 0xfd, 0xff, 0xff,
    0x88, 0xbd, 0xcd, 0xfd, 0xff, 0xff, 0x89, 0xd8, 0xc1, 0xe8, 0x10, 0x88,
    0x85, 0xce, 0xfd, 0xff, 0xff, 0xc1, 0xeb, 0x18, 0x88, 0x9d, 0xcf, 0xfd,
    0xff, 0xff, 0x88, 0x95, 0xd0, 0xfd, 0xff, 0xff, 0x88, 0xb5, 0xd1, 0xfd,
    0xff, 0xff, 0x89, 0xd0, 0xc1, 0xe8, 0x10, 0x88, 0x85, 0xd2, 0xfd, 0xff,
    0xff, 0xc1, 0xea, 0x18, 0x88, 0x95, 0xd3, 0xfd, 0xff, 0xff, 0x48, 0xb8,
    0x01, 0x00, 0x00, 0x00, 0x01, 0x00, 0x00, 0x00, 0x48, 0x89, 0x85, 0xd4,
    0xfd, 0xff, 0xff, 0x4c, 0x89, 0xe6, 0xe8, 0x01, 0x23, 0x00, 0x00, 0xe9,
    0x8c, 0x00, 0x00, 0x00, 0x66, 0x66, 0x66, 0x2e, 0x0f, 0x1f, 0x84, 0x00,
    0x00, 0x00, 0x00, 0x00, 0x3c, 0x02, 0x0f, 0x95, 0xc0, 0x85, 0xdb, 0x0f,
    0x99, 0xc1, 0x08, 0xc1, 0x75, 0x72, 0x8b, 0x9d, 0x4c, 0xff, 0xff, 0xff,
    0x44, 0x8b, 0xbd, 0x50, 0xff, 0xff, 0xff, 0xbf, 0x98, 0x4e, 0x40, 0x00,
    0x89, 0xde, 0x44, 0x89, 0xfa, 0xe8, 0x06, 0x18, 0x00, 0x00, 0x48, 0x63,
    0x05, 0x07, 0x65, 0x00, 0x00, 0x48, 0x69, 0xc8, 0xab, 0xaa, 0xaa, 0x2a,
    0x48, 0x89, 0xca, 0x48, 0xc1, 0xea, 0x3f, 0x48, 0xc1, 0xe9, 0x20, 0x01,
    0xd1, 0x01, 0xc9, 0x8d, 0x0c, 0x49, 0x29, 0xc8, 0x48, 0x98, 0x44, 0x8b,
    0x04, 0x85, 0xd0, 0x4c, 0x40, 0x00, 0x89, 0xdf, 0x44, 0x89, 0xfe, 0xba,
    0xf4, 0x01, 0x00, 0x00, 0xb9, 0x2c, 0x01, 0x00, 0x00, 0x45, 0x31, 0xc9,
    0x6a, 0x00, 0x6a, 0x00, 0xe8, 0x6f, 0x1e, 0x00, 0x00, 0x48, 0x83, 0xc4,
    0x10, 0x66, 0x66, 0x2e, 0x0f, 0x1f, 0x84, 0x00, 0x00, 0x00, 0x00, 0x00,
    0x8b, 0x85, 0x48, 0xff, 0xff, 0xff, 0x83, 0xf8, 0x03, 0x75, 0x2d, 0x80,
    0xbd, 0x5c, 0xff, 0xff, 0xff, 0x01, 0x75, 0x24, 0xbf, 0x0d, 0x00, 0x00,
    0x00, 0xbe, 0x3d, 0x50, 0x40, 0x00, 0xba, 0x25, 0x00, 0x00, 0x00, 0xe8,
    0xa8, 0x21, 0x00, 0x00, 0xc7, 0x05, 0x6e, 0x54, 0x00, 0x00, 0xff, 0xff,
    0xff, 0xff, 0x8b, 0x85, 0x48, 0xff, 0xff, 0xff, 0x83, 0xf8, 0x01, 0x0f,
    0x85, 0xdf, 0xfa, 0xff, 0xff, 0x8b, 0x9d, 0x4c, 0xff, 0xff, 0xff, 0x8b,
    0xb5, 0x50, 0xff, 0xff, 0xff, 0x89, 0xdf, 0x41, 0x89, 0xf7, 0xe8, 0x79,
    0x1a, 0x00, 0x00, 0x85, 0xc0, 0x0f, 0x88, 0xc1, 0xfa, 0xff, 0xff, 0x89,
    0xc0, 0x48, 0xc1, 0xe0, 0x03, 0x48, 0x8b, 0xbc, 0xc0, 0x48, 0x70, 0x40,
    0x00, 0x48, 0x85, 0xff, 0x0f, 0x84, 0xaa, 0xfa, 0xff, 0xff, 0x48, 0x8d,
    0x04, 0xc0, 0x48, 0x05, 0x20, 0x70, 0x40, 0x00, 0x2b, 0x18, 0x44, 0x89,
    0xf9, 0x2b, 0x48, 0x04, 0x48, 0xc7, 0x85, 0x90, 0xfd, 0xff, 0xff, 0x02,
    0x00, 0x00, 0x00, 0x0f, 0x57, 0xc0, 0x0f, 0x11, 0x85, 0x98, 0xfd, 0xff,
    0xff, 0x0f, 0x11, 0x85, 0xa8, 0xfd, 0xff, 0xff, 0x48, 0xc7, 0x85, 0xb8,
    0xfd, 0xff, 0xff, 0x00, 0x00, 0x00, 0x00, 0x48, 0xb8, 0x00, 0x00, 0x00,
    0x00, 0x14, 0x00, 0x00, 0x00, 0x48, 0x89, 0x85, 0xc0, 0xfd, 0xff, 0xff,
    0xc7, 0x85, 0xc8, 0xfd, 0xff, 0xff, 0x07, 0x00, 0x00, 0x00, 0x88, 0x9d,
    0xcc, 0xfd, 0xff, 0xff, 0x88, 0xbd, 0xcd, 0xfd, 0xff, 0xff, 0x89, 0xd8,
    0xc1, 0xe8, 0x10, 0x88, 0x85, 0xce, 0xfd, 0xff, 0xff, 0xc1, 0xeb, 0x18,
    0x88, 0x9d, 0xcf, 0xfd, 0xff, 0xff, 0x88, 0x8d, 0xd0, 0xfd, 0xff, 0xff,
    0x88, 0xad, 0xd1, 0xfd, 0xff, 0xff, 0x89, 0xc8, 0xc1, 0xe8, 0x10, 0x88,
    0x85, 0xd2, 0xfd, 0xff, 0xff, 0xc1, 0xe9, 0x18, 0x88, 0x8d, 0xd3, 0xfd,
    0xff, 0xff, 0x48, 0xc7, 0x85, 0xd4, 0xfd, 0xff, 0xff, 0x00, 0x00, 0x00,
    0x00, 0x4c, 0x89, 0xe6, 0xe8, 0x53, 0x21, 0x00, 0x00, 0xe9, 0xfe, 0xf9,
    0xff, 0xff, 0x66, 0x66, 0x66, 0x66, 0x66, 0x2e, 0x0f, 0x1f, 0x84, 0x00,
    0x00, 0x00, 0x00, 0x00, 0x0f, 0xb7, 0x85, 0x60, 0xff, 0xff, 0xff, 0x05,
    0xff, 0xfe, 0xff, 0xff, 0x83, 0xf8, 0x03, 0x0f, 0x87, 0x56, 0xfa, 0xff,
    0xff, 0xff, 0x24, 0xc5, 0x00, 0x40, 0x40, 0x00, 0xbf, 0x0d, 0x00, 0x00,
    0x00, 0xbe, 0x34, 0x4e, 0x40, 0x00, 0xba, 0x13, 0x00, 0x00, 0x00, 0xe9,
    0x36, 0xfa, 0xff, 0xff, 0xbf, 0x0d, 0x00, 0x00, 0x00, 0xbe, 0x9b, 0x50,
    0x40, 0x00, 0xba, 0x15, 0x00, 0x00, 0x00, 0xe9, 0x22, 0xfa, 0xff, 0xff,
    0xbf, 0x0d, 0x00, 0x00, 0x00, 0xbe, 0xd7, 0x4f, 0x40, 0x00, 0xba, 0x16,
    0x00, 0x00, 0x00, 0xe9, 0x0e, 0xfa, 0xff, 0xff, 0xbf, 0x0d, 0x00, 0x00,
    0x00, 0xbe, 0x48, 0x4e, 0x40, 0x00, 0xba, 0x15, 0x00, 0x00, 0x00, 0xe9,
    0xfa, 0xf9, 0xff, 0xff, 0x0f, 0x1f, 0x40, 0x00, 0x4d, 0x85, 0xed, 0x0f,
    0x84, 0x71, 0x03, 0x00, 0x00, 0x0f, 0x1f, 0x80, 0x00, 0x00, 0x00, 0x00,
    0x4c, 0x89, 0xef, 0x4c, 0x89, 0xe6, 0x31, 0xd2, 0xe8, 0xd3, 0x20, 0x00,
    0x00, 0x85, 0xc0, 0x0f, 0x84, 0x4b, 0x03, 0x00, 0x00, 0x8b, 0x8d, 0xc4,
    0xfd, 0xff, 0xff, 0x83, 0xf9, 0x04, 0x72, 0xe0, 0x8b, 0x85, 0xc8, 0xfd,
    0xff, 0xff, 0x83, 0xf8, 0x01, 0x74, 0x54, 0x83, 0xf8, 0x02, 0x0f, 0x85,
    0xbb, 0x00, 0x00, 0x00, 0xbf, 0x0d, 0x00, 0x00, 0x00, 0xbe, 0x7c, 0x4d,
    0x40, 0x00, 0xba, 0x20, 0x00, 0x00, 0x00, 0xe8, 0xd8, 0x1f, 0x00, 0x00,
    0x83, 0xbd, 0xc4, 0xfd, 0xff, 0xff, 0x07, 0x76, 0xaf, 0x8b, 0xb5, 0xcc,
    0xfd, 0xff, 0xff, 0x3b, 0x35, 0xab, 0x62, 0x00, 0x00, 0x73, 0xa1, 0x48,
    0x8d, 0x04, 0xf6, 0xc7, 0x04, 0xc5, 0x3c, 0x70, 0x40, 0x00, 0x00, 0x00,
    0x00, 0x00, 0xc6, 0x05, 0xe7, 0x64, 0x00, 0x00, 0x01, 0xbf, 0xd0, 0x4e,
    0x40, 0x00, 0xe9, 0xe4, 0x00, 0x00, 0x00, 0xbf, 0x0d, 0x00, 0x00, 0x00,
    0xbe, 0xb7, 0x4f, 0x40, 0x00, 0xba, 0x1f, 0x00, 0x00, 0x00, 0xe8, 0x8d,
    0x1f, 0x00, 0x00, 0x83, 0xbd, 0xc4, 0xfd, 0xff, 0xff, 0x28, 0x0f, 0x82,
    0x60, 0xff, 0xff, 0xff, 0x8b, 0xbd, 0xcc, 0xfd, 0xff, 0xff, 0x8b, 0xb5,
    0xd0, 0xfd, 0xff, 0xff, 0x8b, 0x95, 0xd4, 0xfd, 0xff, 0xff, 0x8b, 0x8d,
    0xd8, 0xfd, 0xff, 0xff, 0x44, 0x8b, 0x85, 0xdc, 0xfd, 0xff, 0xff, 0x45,
    0x31, 0xc9, 0x83, 0xbd, 0xe0, 0xfd, 0xff, 0xff, 0x00, 0x41, 0x0f, 0x95,
    0xc1, 0x8b, 0x85, 0xe4, 0xfd, 0xff, 0xff, 0xff, 0xb5, 0xe8, 0xfd, 0xff,
    0xff, 0x50, 0xe8, 0xd1, 0x1b, 0x00, 0x00, 0x48, 0x83, 0xc4, 0x10, 0xc6,
    0x05, 0x6e, 0x64, 0x00, 0x00, 0x01, 0xe9, 0x11, 0xff, 0xff, 0xff, 0x83,
    0xf8, 0x06, 0x0f, 0x95, 0xc2, 0x83, 0xf9, 0x18, 0x0f, 0x92, 0xc1, 0x08,
    0xd1, 0x75, 0x73, 0x8b, 0xb5, 0xcc, 0xfd, 0xff, 0xff, 0x3b, 0x35, 0xfd,
    0x61, 0x00, 0x00, 0x0f, 0x83, 0xef, 0xfe, 0xff, 0xff, 0x48, 0x8d, 0x04,
    0xf5, 0x00, 0x00, 0x00, 0x00, 0x83, 0xbc, 0xc0, 0x3c, 0x70, 0x40, 0x00,
    0x00, 0x0f, 0x84, 0xd9, 0xfe, 0xff, 0xff, 0x48, 0x8d, 0x04, 0xc0, 0x48,
    0x05, 0x20, 0x70, 0x40, 0x00, 0xc7, 0x40, 0x30, 0x01, 0x00, 0x00, 0x00,
    0x8b, 0x8d, 0xd8, 0xfd, 0xff, 0xff, 0x8b, 0x95, 0xdc, 0xfd, 0xff, 0xff,
    0x89, 0xcf, 0x09, 0xd7, 0x0f, 0x85, 0xe5, 0x01, 0x00, 0x00, 0x48, 0xc7,
    0x40, 0x34, 0x00, 0x00, 0x00, 0x00, 0x48, 0x8b, 0x48, 0x08, 0x48, 0x89,
    0x48, 0x3c, 0xbf, 0xee, 0x4f, 0x40, 0x00, 0xba, 0x30, 0x4f, 0x40, 0x00,
    0xe8, 0x63, 0x19, 0x00, 0x00, 0xe9, 0x8e, 0xfe, 0xff, 0xff, 0x83, 0xf8,
    0x08, 0x74, 0x3a, 0x83, 0xf8, 0x09, 0x0f, 0x85, 0x80, 0xfe, 0xff, 0xff,
    0xbf, 0x0d, 0x00, 0x00, 0x00, 0xbe, 0x9d, 0x4d, 0x40, 0x00, 0xba, 0x20,
    0x00, 0x00, 0x00, 0xe8, 0x8c, 0x1e, 0x00, 0x00, 0xc6, 0x05, 0xc5, 0x63,
    0x00, 0x00, 0x00, 0xc7, 0x05, 0xbf, 0x63, 0x00, 0x00, 0x00, 0x00, 0x00,
    0x00, 0xc6, 0x05, 0xb0, 0x63, 0x00, 0x00, 0x01, 0xe9, 0x4f, 0xfe, 0xff,
    0xff, 0xbf, 0x0d, 0x00, 0x00, 0x00, 0xbe, 0x6b, 0x4f, 0x40, 0x00, 0xba,
    0x20, 0x00, 0x00, 0x00, 0xe8, 0x5b, 0x1e, 0x00, 0x00, 0x80, 0x3d, 0x94,
    0x63, 0x00, 0x00, 0x00, 0x0f, 0x85, 0x2e, 0xfe, 0xff, 0xff, 0x83, 0xbd,
    0xc4, 0xfd, 0xff, 0xff, 0x10, 0x0f, 0x82, 0x21, 0xfe, 0xff, 0xff, 0x83,
    0x3d, 0x16, 0x61, 0x00, 0x00, 0x00, 0x74, 0x4b, 0x48, 0xbb, 0x00, 0x00,
    0x00, 0x00, 0x00, 0x70, 0x00, 0x00, 0x45, 0x31, 0xf6, 0x66, 0x66, 0x2e,
    0x0f, 0x1f, 0x84, 0x00, 0x00, 0x00, 0x00, 0x00, 0x8b, 0xb5, 0xcc, 0xfd,
    0xff, 0xff, 0xb9, 0x12, 0x00, 0x00, 0x00, 0x48, 0x89, 0xdf, 0x48, 0x89,
    0xda, 0xe8, 0x7a, 0x1f, 0x00, 0x00, 0x85, 0xc0, 0x0f, 0x88, 0xe2, 0xfd,
    0xff, 0xff, 0x49, 0xff, 0xc6, 0x8b, 0x05, 0xd5, 0x60, 0x00, 0x00, 0x48,
    0x81, 0xc3, 0x00, 0x10, 0x00, 0x00, 0x49, 0x39, 0xc6, 0x72, 0xcd, 0xc6,
    0x05, 0x26, 0x63, 0x00, 0x00, 0x01, 0x8b, 0xb5, 0xcc, 0xfd, 0xff, 0xff,
    0x89, 0x35, 0x1e, 0x63, 0x00, 0x00, 0xbf, 0x3d, 0x4d, 0x40, 0x00, 0xba,
    0x30, 0x4f, 0x40, 0x00, 0xe8, 0x7b, 0x18, 0x00, 0x00, 0x8b, 0x15, 0x95,
    0x60, 0x00, 0x00, 0x8b, 0x0d, 0x93, 0x60, 0x00, 0x00, 0x8b, 0x05, 0x91,
    0x60, 0x00, 0x00, 0x48, 0xc7, 0x85, 0x40, 0xfc, 0xff, 0xff, 0x02, 0x00,
    0x00, 0x00, 0x0f, 0x57, 0xc0, 0x0f, 0x11, 0x85, 0x48, 0xfc, 0xff, 0xff,
    0x0f, 0x11, 0x85, 0x58, 0xfc, 0xff, 0xff, 0x48, 0xc7, 0x85, 0x68, 0xfc,
    0xff, 0xff, 0x00, 0x00, 0x00, 0x00, 0x48, 0xbe, 0x00, 0x00, 0x00, 0x00,
    0x20, 0x00, 0x00, 0x00, 0x48, 0x89, 0xb5, 0x70, 0xfc, 0xff, 0xff, 0xc7,
    0x85, 0x78, 0xfc, 0xff, 0xff, 0x05, 0x00, 0x00, 0x00, 0x48, 0xbe, 0x00,
    0x00, 0x00, 0x00, 0x00, 0x70, 0x00, 0x00, 0x48, 0x89, 0xb5, 0x80, 0xfc,
    0xff, 0xff, 0x88, 0x95, 0x88, 0xfc, 0xff, 0xff, 0x88, 0xb5, 0x89, 0xfc,
    0xff, 0xff, 0x89, 0xd6, 0xc1, 0xee, 0x10, 0x40, 0x88, 0xb5, 0x8a, 0xfc,
    0xff, 0xff, 0xc1, 0xea, 0x18, 0x88, 0x95, 0x8b, 0xfc, 0xff, 0xff, 0x88,
    0x8d, 0x8c, 0xfc, 0xff, 0xff, 0x88, 0xad, 0x8d, 0xfc, 0xff, 0xff, 0x89,
    0xca, 0xc1, 0xea, 0x10, 0x88, 0x95, 0x8e, 0xfc, 0xff, 0xff, 0xc1, 0xe9,
    0x18, 0x88, 0x8d, 0x8f, 0xfc, 0xff, 0xff, 0x88, 0x85, 0x90, 0xfc, 0xff,
    0xff, 0x88, 0xa5, 0x91, 0xfc, 0xff, 0xff, 0x89, 0xc1, 0xc1, 0xe9, 0x10,
    0x88, 0x8d, 0x92, 0xfc, 0xff, 0xff, 0xc1, 0xe8, 0x18, 0x88, 0x85, 0x93,
    0xfc, 0xff, 0xff, 0x48, 0x8b, 0xbd, 0xd0, 0xfd, 0xff, 0xff, 0x48, 0x8d,
    0xb5, 0x40, 0xfc, 0xff, 0xff, 0xe8, 0x92, 0x1d, 0x00, 0x00, 0xe9, 0xcd,
    0xfc, 0xff, 0xff, 0x48, 0x8b, 0xbd, 0xd0, 0xfd, 0xff, 0xff, 0x48, 0x89,
    0x78, 0x34, 0x89, 0x48, 0x3c, 0x89, 0x50, 0x40, 0xbf, 0x79, 0x4e, 0x40,
    0x00, 0xba, 0x83, 0x50, 0x40, 0x00, 0xe8, 0x7d, 0x17, 0x00, 0x00, 0xe9,
    0xa8, 0xfc, 0xff, 0xff, 0x0f, 0x1f, 0x84, 0x00, 0x00, 0x00, 0x00, 0x00,
    0x49, 0xbe, 0x00, 0x00, 0x00, 0x00, 0x00, 0x50, 0x00, 0x00, 0x8b, 0x05,
    0xf8, 0x61, 0x00, 0x00, 0x8d, 0x48, 0x01, 0x89, 0x0d, 0xef, 0x61, 0x00,
    0x00, 0x83, 0xf8, 0x3b, 0x0f, 0x8c, 0xa4, 0x00, 0x00, 0x00, 0xc7, 0x05,
    0xdc, 0x61, 0x00, 0x00, 0x00, 0x00, 0x00, 0x00, 0x83, 0x3d, 0x75, 0x5f,
    0x00, 0x00, 0x00, 0x7e, 0x6d, 0x31, 0xdb, 0x41, 0xbe, 0x3c, 0x70, 0x40,
    0x00, 0x45, 0x31, 0xff, 0xeb, 0x21, 0x66, 0x66, 0x66, 0x66, 0x66, 0x2e,
    0x0f, 0x1f, 0x84, 0x00, 0x00, 0x00, 0x00, 0x00, 0x48, 0xff, 0xc3, 0x48,
    0x63, 0x05, 0x4e, 0x5f, 0x00, 0x00, 0x49, 0x83, 0xc6, 0x48, 0x48, 0x39,
    0xc3, 0x7d, 0x2d, 0x41, 0x83, 0x3e, 0x00, 0x74, 0xe7, 0x41, 0x8b, 0x7e,
    0x04, 0x48, 0x85, 0xff, 0x74, 0xde, 0xe8, 0xf9, 0x1d, 0x00, 0x00, 0x85,
    0xc0, 0x75, 0xd5, 0x41, 0xc7, 0x06, 0x00, 0x00, 0x00, 0x00, 0x41, 0xbf,
    0x01, 0x00, 0x00, 0x00, 0xeb, 0xc6, 0x66, 0x0f, 0x1f, 0x44, 0x00, 0x00,
    0x45, 0x85, 0xff, 0x0f, 0x94, 0xc3, 0x49, 0xbe, 0x00, 0x00, 0x00, 0x00,
    0x00, 0x50, 0x00, 0x00, 0xeb, 0x02, 0xb3, 0x01, 0x8b, 0x05, 0x5a, 0x61,
    0x00, 0x00, 0x85, 0xc0, 0x0f, 0x95, 0xc1, 0x84, 0x0d, 0x4b, 0x61, 0x00,
    0x00, 0x74, 0x0b, 0x89, 0xc7, 0xe8, 0xb2, 0x1d, 0x00, 0x00, 0x85, 0xc0,
    0x74, 0x16, 0x84, 0xdb, 0x74, 0x23, 0x80, 0x3d, 0x33, 0x61, 0x00, 0x00,
    0x01, 0x0f, 0x84, 0x1d, 0xf5, 0xff, 0xff, 0xe9, 0xf2, 0x00, 0x00, 0x00,
    0xc6, 0x05, 0x21, 0x61, 0x00, 0x00, 0x00, 0xc7, 0x05, 0x1b, 0x61, 0x00,
    0x00, 0x00, 0x00, 0x00, 0x00, 0x48, 0x63, 0x05, 0xb8, 0x5e, 0x00, 0x00,
    0x48, 0x85, 0xc0, 0x0f, 0x8e, 0xa1, 0x00, 0x00, 0x00, 0x31, 0xc9, 0xbe,
    0x20, 0x70, 0x40, 0x00, 0x31, 0xd2, 0xeb, 0x1a, 0x66, 0x66, 0x66, 0x2e,
    0x0f, 0x1f, 0x84, 0x00, 0x00, 0x00, 0x00, 0x00, 0xff, 0xc2, 0x48, 0xff,
    0xc1, 0x48, 0x83, 0xc6, 0x48, 0x48, 0x39, 0xc8, 0x74, 0x7e, 0x83, 0x7e,
    0x1c, 0x00, 0x74, 0xee, 0x89, 0xd7, 0x48, 0x39, 0xf9, 0x74, 0xe5, 0x48,
    0x63, 0xfa, 0x4c, 0x8d, 0x04, 0xfd, 0x00, 0x00, 0x00, 0x00, 0x4c, 0x8b,
    0x4e, 0x40, 0x4f, 0x89, 0x8c, 0xc0, 0x60, 0x70, 0x40, 0x00, 0x0f, 0x10,
    0x06, 0x0f, 0x10, 0x4e, 0x10, 0x0f, 0x10, 0x56, 0x20, 0x0f, 0x10, 0x5e,
    0x30, 0x43, 0x0f, 0x11, 0x9c, 0xc0, 0x50, 0x70, 0x40, 0x00, 0x43, 0x0f,
    0x11, 0x94, 0xc0, 0x40, 0x70, 0x40, 0x00, 0x43, 0x0f, 0x11, 0x8c, 0xc0,
    0x30, 0x70, 0x40, 0x00, 0x43, 0x0f, 0x11, 0x84, 0xc0, 0x20, 0x70, 0x40,
    0x00, 0x44, 0x8b, 0x04, 0x8d, 0x80, 0x72, 0x40, 0x00, 0x44, 0x89, 0x04,
    0xbd, 0x80, 0x72, 0x40, 0x00, 0x44, 0x8b, 0x04, 0x8d, 0xa0, 0x72, 0x40,
    0x00, 0x44, 0x89, 0x04, 0xbd, 0xa0, 0x72, 0x40, 0x00, 0xe9, 0x76, 0xff,
    0xff, 0xff, 0x31, 0xd2, 0x89, 0x15, 0x06, 0x5e, 0x00, 0x00, 0xbf, 0x0d,
    0x00, 0x00, 0x00, 0xbe, 0x13, 0x4e, 0x40, 0x00, 0xba, 0x20, 0x00, 0x00,
    0x00, 0xe8, 0x0a, 0x1b, 0x00, 0x00, 0xc6, 0x05, 0x3f, 0x60, 0x00, 0x00,
    0x01, 0x80, 0x3d, 0x3c, 0x60, 0x00, 0x00, 0x01, 0x0f, 0x84, 0x26, 0xf4,
    0xff, 0xff, 0x48, 0x8b, 0x45, 0x80, 0x48, 0x89, 0xc7, 0x48, 0xc1, 0xef,
    0x20, 0x48, 0x63, 0x15, 0xb4, 0x4d, 0x00, 0x00, 0x44, 0x8b, 0x15, 0xad,
    0x5d, 0x00, 0x00, 0x44, 0x8b, 0x1d, 0xaa, 0x5d, 0x00, 0x00, 0x48, 0x85,
    0xd2, 0x78, 0x69, 0x48, 0x8b, 0x45, 0x80, 0x2b, 0x05, 0xf7, 0x5f, 0x00,
    0x00, 0x89, 0xf9, 0x2b, 0x0d, 0xf3, 0x5f, 0x00, 0x00, 0x48, 0xc1, 0xe2,
    0x03, 0x85, 0xc0, 0xbe, 0x00, 0x00, 0x00, 0x00, 0x0f, 0x4e, 0xc6, 0x85,
    0xc9, 0x0f, 0x4e, 0xce, 0x8b, 0xb4, 0xd2, 0x28, 0x70, 0x40, 0x00, 0x49,
    0x89, 0xf9, 0x8d, 0x3c, 0x30, 0x45, 0x89, 0xd0, 0x41, 0x29, 0xf0, 0x44,
    0x39, 0xd7, 0x4c, 0x89, 0xcf, 0x44, 0x0f, 0x4e, 0xc0, 0x8b, 0x84, 0xd2,
    0x2c, 0x70, 0x40, 0x00, 0x44, 0x89, 0xde, 0x29, 0xc6, 0x01, 0xc8, 0x44,
    0x39, 0xd8, 0x48, 0x8b, 0x45, 0x80, 0x0f, 0x4e, 0xf1, 0x44, 0x89, 0x84,
    0xd2, 0x20, 0x70, 0x40, 0x00, 0x89, 0xb4, 0xd2, 0x24, 0x70, 0x40, 0x00,
    0x44, 0x89, 0x5d, 0xd0, 0x83, 0xc0, 0xf3, 0x8d, 0x4f, 0xf5, 0x89, 0x85,
    0x68, 0xff, 0xff, 0xff, 0x33, 0x85, 0x70, 0xff, 0xff, 0xff, 0x89, 0x8d,
    0x6c, 0xff, 0xff, 0xff, 0x33, 0x8d, 0x78, 0xff, 0xff, 0xff, 0x09, 0xc1,
    0x8b, 0x45, 0x90, 0x09, 0xc1, 0x0f, 0x95, 0xc1, 0x48, 0x63, 0x15, 0x1d,
    0x5d, 0x00, 0x00, 0x48, 0x85, 0xd2, 0x0f, 0x28, 0x05, 0xeb, 0x39, 0x00,
    0x00, 0x48, 0x89, 0xbd, 0x30, 0xff, 0xff, 0xff, 0x88, 0x4d, 0x88, 0x44,
    0x89, 0x55, 0xb8, 0x0f, 0x8e, 0x99, 0x01, 0x00, 0x00, 0x48, 0x8d, 0x3c,
    0x95, 0x00, 0x00, 0x00, 0x00, 0x45, 0x31, 0xc0, 0x41, 0xb9, 0x20, 0x70,
    0x40, 0x00, 0x44, 0x89, 0x55, 0xc0, 0x8b, 0x45, 0xd0, 0x89, 0x45, 0xb0,
    0x31, 0xf6, 0xc7, 0x45, 0xa8, 0x00, 0x00, 0x00, 0x00, 0x45, 0x31, 0xd2,
    0xeb, 0x3b, 0x66, 0x66, 0x66, 0x66, 0x66, 0x2e, 0x0f, 0x1f, 0x84, 0x00,
    0x00, 0x00, 0x00, 0x00, 0x45, 0x39, 0xdc, 0x45, 0x0f, 0x4f, 0xdc, 0x44,
    0x89, 0x5d, 0xa8, 0x49, 0xbe, 0x00, 0x00, 0x00, 0x00, 0x00, 0x50, 0x00,
    0x00, 0x4c, 0x8d, 0xa5, 0x90, 0xfd, 0xff, 0xff, 0x49, 0x83, 0xc0, 0x04,
    0x49, 0x83, 0xc1, 0x48, 0x4c, 0x39, 0xc7, 0x0f, 0x84, 0xe3, 0x00, 0x00,
    0x00, 0x41, 0x83, 0x79, 0x1c, 0x00, 0x74, 0xe8, 0x45, 0x8b, 0x39, 0x41,
    0x8b, 0x98, 0x80, 0x72, 0x40, 0x00, 0x41, 0x39, 0xdf, 0x75, 0x1d, 0x45,
    0x8b, 0x71, 0x04, 0x45, 0x8b, 0x98, 0xa0, 0x72, 0x40, 0x00, 0x45, 0x39,
    0xde, 0x75, 0x18, 0x49, 0xbe, 0x00, 0x00, 0x00, 0x00, 0x00, 0x50, 0x00,
    0x00, 0xeb, 0xbd, 0x90, 0x45, 0x8b, 0x98, 0xa0, 0x72, 0x40, 0x00, 0x45,
    0x8b, 0x71, 0x04, 0x41, 0x8b, 0x41, 0x08, 0x8d, 0x0c, 0x18, 0x44, 0x01,
    0xf8, 0x39, 0xf1, 0x41, 0x89, 0xf2, 0x44, 0x0f, 0x4f, 0xd1, 0x44, 0x39,
    0xd0, 0x44, 0x0f, 0x4f, 0xd0, 0x89, 0xf0, 0x41, 0x0f, 0x4f, 0xc2, 0x39,
    0xf1, 0x89, 0xc6, 0x41, 0x0f, 0x4f, 0xf2, 0x44, 0x8b, 0x55, 0xb0, 0x45,
    0x39, 0xd3, 0x44, 0x89, 0xd0, 0x41, 0x0f, 0x4c, 0xc3, 0x41, 0x39, 0xc6,
    0x41, 0x0f, 0x4c, 0xc6, 0x45, 0x8b, 0x61, 0x0c, 0x44, 0x89, 0xd1, 0x0f,
    0x4c, 0xc8, 0x45, 0x39, 0xd3, 0x0f, 0x4c, 0xc8, 0x89, 0x4d, 0xb0, 0x44,
    0x8b, 0x55, 0xc0, 0x44, 0x39, 0xd3, 0x44, 0x89, 0xd0, 0x0f, 0x4c, 0xc3,
    0x41, 0x39, 0xc7, 0x41, 0x0f, 0x4c, 0xc7, 0x44, 0x89, 0xd1, 0x0f, 0x4c,
    0xc8, 0x44, 0x39, 0xd3, 0x0f, 0x4c, 0xc8, 0x89, 0x4d, 0xc0, 0x45, 0x01,
    0xe3, 0x45, 0x01, 0xf4, 0x41, 0xba, 0x01, 0x00, 0x00, 0x00, 0x8b, 0x45,
    0xa8, 0x41, 0x39, 0xc3, 0x44, 0x0f, 0x4e, 0xd8, 0x0f, 0x8f, 0x06, 0xff,
    0xff, 0xff, 0x45, 0x39, 0xdc, 0x0f, 0x8e, 0x08, 0xff, 0xff, 0xff, 0xe9,
    0xf8, 0xfe, 0xff, 0xff, 0x0f, 0x1f, 0x84, 0x00, 0x00, 0x00, 0x00, 0x00,
    0xc7, 0x45, 0xa0, 0x00, 0x00, 0x00, 0x00, 0x83, 0x7d, 0x90, 0x00, 0x0f,
    0x85, 0x91, 0x00, 0x00, 0x00, 0xf6, 0x05, 0xf0, 0x5d, 0x00, 0x00, 0x01,
    0x0f, 0x85, 0x84, 0x00, 0x00, 0x00, 0xf6, 0x05, 0xe7, 0x5d, 0x00, 0x00,
    0x01, 0xbf, 0x00, 0x00, 0x00, 0x00, 0x44, 0x8b, 0x45, 0xb8, 0x44, 0x8b,
    0x4d, 0xd0, 0x0f, 0x85, 0xaa, 0x01, 0x00, 0x00, 0x45, 0x85, 0xd2, 0x74,
    0x70, 0x8b, 0x45, 0xc0, 0x89, 0x45, 0xa0, 0x8b, 0x7d, 0xb0, 0x41, 0x89,
    0xf0, 0x44, 0x8b, 0x4d, 0xa8, 0xe9, 0x90, 0x01, 0x00, 0x00, 0x85, 0xc0,
    0x0f, 0x85, 0x78, 0x01, 0x00, 0x00, 0xc7, 0x45, 0xa0, 0x00, 0x00, 0x00,
    0x00, 0xf6, 0x05, 0xa0, 0x5d, 0x00, 0x00, 0x01, 0x0f, 0x85, 0x6b, 0x01,
    0x00, 0x00, 0xf6, 0x05, 0x97, 0x5d, 0x00, 0x00, 0x01, 0xbf, 0x00, 0x00,
    0x00, 0x00, 0x45, 0x89, 0xd0, 0x8b, 0x45, 0xd0, 0x41, 0x89, 0xc1, 0x44,
    0x89, 0x55, 0xc0, 0x89, 0x45, 0xb0, 0xc7, 0x45, 0xa8, 0x00, 0x00, 0x00,
    0x00, 0x41, 0xba, 0x00, 0x00, 0x00, 0x00, 0x0f, 0x84, 0xc3, 0x00, 0x00,
    0x00, 0xe9, 0x40, 0x01, 0x00, 0x00, 0x31, 0xff, 0x44, 0x8b, 0x45, 0xb8,
    0xe9, 0x31, 0x01, 0x00, 0x00, 0x48, 0x8d, 0x04, 0xd5, 0x00, 0x00, 0x00,
    0x00, 0x48, 0x8d, 0x3c, 0xc0, 0x45, 0x31, 0xc0, 0x45, 0x31, 0xc9, 0xeb,
    0x18, 0x66, 0x66, 0x66, 0x66, 0x66, 0x66, 0x2e, 0x0f, 0x1f, 0x84, 0x00,
    0x00, 0x00, 0x00, 0x00, 0x49, 0x83, 0xc0, 0x48, 0x4c, 0x39, 0xc7, 0x74,
    0x7d, 0x41, 0x83, 0xb8, 0x3c, 0x70, 0x40, 0x00, 0x00, 0x74, 0xed, 0x41,
    0x83, 0xb8, 0x50, 0x70, 0x40, 0x00, 0x00, 0x74, 0xe3, 0x41, 0x8b, 0x80,
    0x54, 0x70, 0x40, 0x00, 0x41, 0x03, 0x80, 0x20, 0x70, 0x40, 0x00, 0x41,
    0x8b, 0x88, 0x58, 0x70, 0x40, 0x00, 0x41, 0x03, 0x88, 0x24, 0x70, 0x40,
    0x00, 0x45, 0x8b, 0x88, 0x5c, 0x70, 0x40, 0x00, 0x41, 0x01, 0xc1, 0x45,
    0x8b, 0x90, 0x60, 0x70, 0x40, 0x00, 0x41, 0x01, 0xca, 0x44, 0x8b, 0x5d,
    0xc0, 0x44, 0x39, 0xd8, 0x44, 0x0f, 0x4c, 0xd8, 0x44, 0x89, 0x5d, 0xc0,
    0x8b, 0x45, 0xb0, 0x39, 0xc1, 0x0f, 0x4c, 0xc1, 0x89, 0x45, 0xb0, 0x41,
    0x39, 0xf1, 0x41, 0x0f, 0x4f, 0xf1, 0x8b, 0x45, 0xa8, 0x41, 0x39, 0xc2,
    0x41, 0x0f, 0x4f, 0xc2, 0x89, 0x45, 0xa8, 0x41, 0xb9, 0x01, 0x00, 0x00,
    0x00, 0xe9, 0x7a, 0xff, 0xff, 0xff, 0x45, 0x85, 0xc9, 0x41, 0x0f, 0x95,
    0xc2, 0x89, 0x75, 0xa0, 0x44, 0x89, 0xd0, 0x0f, 0xb6, 0x75, 0x88, 0x40,
    0x08, 0xf0, 0xa8, 0x01, 0x74, 0x2f, 0x40, 0x84, 0xf6, 0xb8, 0x04, 0x00,
    0x00, 0x00, 0x8b, 0x4d, 0xcc, 0x0f, 0x45, 0xc8, 0x89, 0xc8, 0x45, 0x84,
    0xd2, 0x74, 0x23, 0x89, 0x45, 0xcc, 0x44, 0x8b, 0x4d, 0xb8, 0x44, 0x8b,
    0x55, 0xd0, 0x8b, 0x4d, 0xc0, 0x8b, 0x7d, 0xb0, 0x44, 0x8b, 0x45, 0xa8,
    0x8b, 0x75, 0xa0, 0xeb, 0x68, 0x8b, 0x45, 0xcc, 0x85, 0xc0, 0x7e, 0x11,
    0xff, 0xc8, 0x31, 0xdb, 0x44, 0x8b, 0x4d, 0xb8, 0x44, 0x8b, 0x55, 0xd0,
    0xe9, 0xc4, 0x04, 0x00, 0x00, 0xbf, 0x01, 0x00, 0x00, 0x00, 0xe8, 0xe1,
    0x16, 0x00, 0x00, 0xc7, 0x45, 0xcc, 0x00, 0x00, 0x00, 0x00, 0xc7, 0x45,
    0x90, 0x00, 0x00, 0x00, 0x00, 0xe9, 0x38, 0xf0, 0xff, 0xff, 0xc7, 0x45,
    0xa0, 0x00, 0x00, 0x00, 0x00, 0x31, 0xff, 0x45, 0x89, 0xd0, 0x44, 0x8b,
    0x4d, 0xd0, 0x80, 0x7d, 0x88, 0x00, 0xb8, 0x04, 0x00, 0x00, 0x00, 0x8b,
    0x4d, 0xcc, 0x0f, 0x45, 0xc8, 0x89, 0x4d, 0xcc, 0x8b, 0x4d, 0xa0, 0x44,
    0x89, 0xc6, 0x45, 0x89, 0xc8, 0x44, 0x8b, 0x4d, 0xb8, 0x44, 0x8b, 0x55,
    0xd0, 0x85, 0xc9, 0xb8, 0x00, 0x00, 0x00, 0x00, 0x0f, 0x4e, 0xc8, 0x85,
    0xff, 0x0f, 0x4e, 0xf8, 0x44, 0x39, 0xce, 0x41, 0x0f, 0x4d, 0xf1, 0x45,
    0x39, 0xd0, 0x45, 0x0f, 0x4d, 0xc2, 0x89, 0x75, 0xa0, 0x89, 0x4d, 0xc0,
    0x29, 0xce, 0x89, 0x7d, 0xb0, 0x44, 0x89, 0x45, 0xa8, 0x0f, 0x8e, 0x0b,
    0x03, 0x00, 0x00, 0x44, 0x39, 0xc7, 0x0f, 0x8d, 0x02, 0x03, 0x00, 0x00,
    0x8b, 0x05, 0x62, 0x59, 0x00, 0x00, 0x44, 0x8b, 0x55, 0xb0, 0x44, 0x89,
    0xd1, 0x44, 0x89, 0xc7, 0x41, 0x89, 0xf0, 0x41, 0x81, 0xe0, 0xf8, 0xff,
    0xff, 0x7f, 0x41, 0x89, 0xc1, 0x45, 0x0f, 0xaf, 0xca, 0x44, 0x03, 0x4d,
    0xc0, 0xeb, 0x14, 0x66, 0x0f, 0x1f, 0x84, 0x00, 0x00, 0x00, 0x00, 0x00,
    0x48, 0xff, 0xc1, 0x41, 0x01, 0xc1, 0x48, 0x39, 0xf9, 0x74, 0x57, 0x45,
    0x89, 0xca, 0x83, 0xfe, 0x08, 0x73, 0x0d, 0x45, 0x31, 0xdb, 0xeb, 0x34,
    0x0f, 0x1f, 0x84, 0x00, 0x00, 0x00, 0x00, 0x00, 0x4f, 0x8d, 0x1c, 0x96,
    0x49, 0x83, 0xc3, 0x10, 0x31, 0xdb, 0x66, 0x0f, 0x1f, 0x44, 0x00, 0x00,
    0x41, 0x0f, 0x11, 0x44, 0x9b, 0xf0, 0x41, 0x0f, 0x11, 0x04, 0x9b, 0x48,
    0x83, 0xc3, 0x08, 0x49, 0x39, 0xd8, 0x75, 0xec, 0x4d, 0x89, 0xc3, 0x41,
    0x39, 0xf0, 0x74, 0xb4, 0x4f, 0x8d, 0x14, 0x96, 0x43, 0xc7, 0x04, 0x9a,
    0x28, 0x20, 0x1a, 0xff, 0x49, 0xff, 0xc3, 0x4c, 0x39, 0xde, 0x75, 0xf0,
    0xeb, 0x9e, 0xc7, 0x45, 0x98, 0x00, 0x00, 0x00, 0x00, 0xeb, 0x16, 0x0f,
    0x1f, 0x44, 0x00, 0x00, 0x8b, 0x45, 0x98, 0xff, 0xc0, 0x89, 0x45, 0x98,
    0x83, 0xf8, 0x03, 0x0f, 0x84, 0x3f, 0x02, 0x00, 0x00, 0x85, 0xd2, 0x7e,
    0xeb, 0x31, 0xc0, 0xeb, 0x1a, 0x0f, 0x1f, 0x80, 0x00, 0x00, 0x00, 0x00,
    0x48, 0x8b, 0x45, 0xd0, 0x48, 0xff, 0xc0, 0x48, 0x63, 0x15, 0xaa, 0x58,
    0x00, 0x00, 0x48, 0x39, 0xd0, 0x7d, 0xcd, 0x48, 0x89, 0x45, 0xd0, 0x48,
    0x8d, 0x04, 0xc5, 0x00, 0x00, 0x00, 0x00, 0x83, 0xbc, 0xc0, 0x3c, 0x70,
    0x40, 0x00, 0x00, 0x74, 0xd7, 0x48, 0x8d, 0x1c, 0xc0, 0x48, 0x81, 0xc3,
    0x20, 0x70, 0x40, 0x00, 0x8b, 0x45, 0x98, 0x39, 0x43, 0x18, 0x75, 0xc4,
    0x48, 0x83, 0x7b, 0x10, 0x00, 0x74, 0xbd, 0x8b, 0x7b, 0x20, 0x48, 0x85,
    0xff, 0x74, 0x09, 0xe8, 0x30, 0x17, 0x00, 0x00, 0x85, 0xc0, 0x74, 0xac,
    0x8b, 0x33, 0x8b, 0x45, 0xc0, 0x41, 0x89, 0xc0, 0x41, 0x29, 0xf0, 0x45,
    0x85, 0xc0, 0xb8, 0x00, 0x00, 0x00, 0x00, 0x44, 0x0f, 0x4e, 0xc0, 0x8b,
    0x7b, 0x04, 0x8b, 0x4d, 0xb0, 0x41, 0x89, 0xcc, 0x41, 0x29, 0xfc, 0x45,
    0x85, 0xe4, 0x44, 0x0f, 0x4e, 0xe0, 0x8b, 0x45, 0xa0, 0x89, 0xc2, 0x29,
    0xf2, 0x8b, 0x43, 0x08, 0x39, 0xc2, 0x0f, 0x4d, 0xd0, 0x8b, 0x45, 0xa8,
    0x89, 0xc1, 0x29, 0xf9, 0x8b, 0x43, 0x0c, 0x39, 0xc1, 0x0f, 0x4d, 0xc8,
    0x4c, 0x89, 0x45, 0xb8, 0x41, 0x39, 0xd0, 0x0f, 0x8d, 0x57, 0xff, 0xff,
    0xff, 0x41, 0x39, 0xcc, 0x0f, 0x8d, 0x4e, 0xff, 0xff, 0xff, 0x48, 0x8b,
    0x45, 0xb8, 0x01, 0xf0, 0x45, 0x8d, 0x14, 0x3c, 0x49, 0x89, 0xc8, 0x41,
    0x01, 0xf8, 0x45, 0x85, 0xd2, 0xbf, 0x00, 0x00, 0x00, 0x00, 0x41, 0x0f,
    0x4f, 0xfa, 0xb9, 0x00, 0x00, 0x00, 0x00, 0x44, 0x0f, 0x49, 0xd1, 0x44,
    0x8b, 0x0d, 0xc2, 0x57, 0x00, 0x00, 0x44, 0x8b, 0x1d, 0xbf, 0x57, 0x00,
    0x00, 0x45, 0x39, 0xd8, 0x45, 0x0f, 0x4d, 0xc3, 0x4c, 0x89, 0x45, 0x90,
    0x41, 0x39, 0xc1, 0x0f, 0x8e, 0x07, 0xff, 0xff, 0xff, 0x48, 0x8b, 0x4d,
    0x90, 0x29, 0xf9, 0x48, 0x89, 0x4d, 0x90, 0x0f, 0x8e, 0xf7, 0xfe, 0xff,
    0xff, 0x01, 0xf2, 0x44, 0x39, 0xca, 0x41, 0x0f, 0x4d, 0xd1, 0x29, 0xc2,
    0x8b, 0x0d, 0x8e, 0x57, 0x00, 0x00, 0x48, 0x8b, 0x73, 0x10, 0x48, 0x89,
    0xb5, 0x40, 0xff, 0xff, 0xff, 0x89, 0x8d, 0x28, 0xff, 0xff, 0xff, 0x0f,
    0xaf, 0xf9, 0x01, 0xc7, 0x45, 0x29, 0xd4, 0x45, 0x31, 0xd2, 0x48, 0x89,
    0x9d, 0x38, 0xff, 0xff, 0xff, 0xeb, 0x28, 0x90, 0x49, 0xff, 0xc2, 0x03,
    0xbd, 0x28, 0xff, 0xff, 0xff, 0x41, 0xff, 0xc4, 0x4c, 0x3b, 0x55, 0x90,
    0x49, 0xbe, 0x00, 0x00, 0x00, 0x00, 0x00, 0x50, 0x00, 0x00, 0x48, 0x8b,
    0x9d, 0x38, 0xff, 0xff, 0xff, 0x0f, 0x84, 0x99, 0xfe, 0xff, 0xff, 0x89,
    0xf8, 0x4d, 0x8d, 0x1c, 0x86, 0x8b, 0x43, 0x08, 0x41, 0x0f, 0xaf, 0xc4,
    0x03, 0x45, 0xb8, 0x48, 0x8b, 0x8d, 0x40, 0xff, 0xff, 0xff, 0x4c, 0x8d,
    0x2c, 0x81, 0x45, 0x31, 0xf6, 0xeb, 0x15, 0x66, 0x0f, 0x1f, 0x84, 0x00,
    0x00, 0x00, 0x00, 0x00, 0x43, 0x89, 0x04, 0xb3, 0x49, 0xff, 0xc6, 0x4c,
    0x39, 0xf2, 0x74, 0xa4, 0x43, 0x8b, 0x44, 0xb5, 0x00, 0x3d, 0x00, 0x00,
    0x00, 0x01, 0x72, 0xec, 0x89, 0xc3, 0xc1, 0xeb, 0x18, 0x81, 0xfb, 0xff,
    0x00, 0x00, 0x00, 0x74, 0xdb, 0x0f, 0xb6, 0xf4, 0x44, 0x0f, 0xb6, 0xc8,
    0x41, 0x89, 0xc0, 0x43, 0x8b, 0x0c, 0xb3, 0x0f, 0xb6, 0xc5, 0x44, 0x0f,
    0xb6, 0xf9, 0x41, 0xc1, 0xe8, 0x10, 0x45, 0x0f, 0xb6, 0xc0, 0x44, 0x0f,
    0xaf, 0xc3, 0x0f, 0xaf, 0xf3, 0x44, 0x0f, 0xaf, 0xcb, 0x81, 0xf3, 0xff,
    0x00, 0x00, 0x00, 0xc1, 0xe9, 0x10, 0x0f, 0xb6, 0xc9, 0x0f, 0xaf, 0xcb,
    0x44, 0x01, 0xc1, 0x48, 0x69, 0xc9, 0x02, 0x01, 0x01, 0x01, 0x48, 0xc1,
    0xe9, 0x20, 0x0f, 0xaf, 0xc3, 0x01, 0xf0, 0x48, 0x69, 0xc0, 0x02, 0x01,
    0x01, 0x01, 0x48, 0xc1, 0xe8, 0x20, 0x44, 0x0f, 0xaf, 0xfb, 0x45, 0x01,
    0xcf, 0x49, 0x69, 0xf7, 0x02, 0x01, 0x01, 0x01, 0x48, 0xc1, 0xee, 0x20,
    0xc1, 0xe1, 0x10, 0xc1, 0xe0, 0x08, 0x09, 0xf0, 0x09, 0xc8, 0x0d, 0x00,
    0x00, 0x00, 0xff, 0xe9, 0x60, 0xff, 0xff, 0xff, 0x44, 0x8b, 0x0d, 0x69,
    0x56, 0x00, 0x00, 0x44, 0x8b, 0x15, 0x66, 0x56, 0x00, 0x00, 0x44, 0x8b,
    0x45, 0xa8, 0x8b, 0x45, 0xa0, 0x44, 0x39, 0xc8, 0x44, 0x89, 0xca, 0x0f,
    0x4c, 0xd0, 0x45, 0x39, 0xd0, 0x44, 0x89, 0xd0, 0x41, 0x0f, 0x4c, 0xc0,
    0xb3, 0x01, 0x2b, 0x55, 0xc0, 0x0f, 0x8e, 0xf2, 0x00, 0x00, 0x00, 0x8b,
    0x4d, 0xb0, 0x39, 0xc1, 0x0f, 0x8d, 0xe7, 0x00, 0x00, 0x00, 0x44, 0x89,
    0x55, 0xd0, 0x44, 0x89, 0x4d, 0xb8, 0x48, 0x8b, 0x35, 0x33, 0x56, 0x00,
    0x00, 0x8b, 0x3d, 0x25, 0x56, 0x00, 0x00, 0x41, 0x89, 0xc8, 0x41, 0x89,
    0xc1, 0x41, 0x89, 0xd2, 0x41, 0x89, 0xd3, 0x41, 0x83, 0xe3, 0x03, 0xff,
    0xca, 0x41, 0x83, 0xe2, 0xfc, 0x41, 0x89, 0xfe, 0x44, 0x0f, 0xaf, 0xf1,
    0x44, 0x03, 0x75, 0xc0, 0x4c, 0x8d, 0x7e, 0x0c, 0xeb, 0x15, 0x66, 0x0f,
    0x1f, 0x44, 0x00, 0x00, 0x49, 0xff, 0xc0, 0x41, 0x01, 0xfe, 0x4d, 0x39,
    0xc8, 0x0f, 0x84, 0x9f, 0x00, 0x00, 0x00, 0x45, 0x89, 0xf4, 0x83, 0xfa,
    0x03, 0x73, 0x09, 0x45, 0x31, 0xed, 0xeb, 0x53, 0x0f, 0x1f, 0x40, 0x00,
    0x48, 0xb8, 0x00, 0x00, 0x00, 0x00, 0x00, 0x50, 0x00, 0x00, 0x4a, 0x8d,
    0x0c, 0xa0, 0x48, 0x83, 0xc1, 0x0c, 0x4b, 0x8d, 0x04, 0xa7, 0x45, 0x31,
    0xed, 0x0f, 0x1f, 0x80, 0x00, 0x00, 0x00, 0x00, 0x42, 0x8b, 0x5c, 0xa9,
    0xf4, 0x42, 0x89, 0x5c, 0xa8, 0xf4, 0x42, 0x8b, 0x5c, 0xa9, 0xf8, 0x42,
    0x89, 0x5c, 0xa8, 0xf8, 0x42, 0x8b, 0x5c, 0xa9, 0xfc, 0x42, 0x89, 0x5c,
    0xa8, 0xfc, 0x42, 0x8b, 0x1c, 0xa9, 0x42, 0x89, 0x1c, 0xa8, 0x49, 0x83,
    0xc5, 0x04, 0x4d, 0x39, 0xea, 0x75, 0xd1, 0x4d, 0x85, 0xdb, 0x74, 0x8c,
    0x49, 0xc1, 0xe4, 0x02, 0x4b, 0x8d, 0x04, 0xac, 0x48, 0x8d, 0x0c, 0x06,
    0x48, 0xbb, 0x00, 0x00, 0x00, 0x00, 0x00, 0x50, 0x00, 0x00, 0x48, 0x01,
    0xd8, 0x45, 0x31, 0xe4, 0x46, 0x8b, 0x2c, 0xa0, 0x46, 0x89, 0x2c, 0xa1,
    0x49, 0xff, 0xc4, 0x4d, 0x39, 0xe3, 0x75, 0xf0, 0xe9, 0x5b, 0xff, 0xff,
    0xff, 0x8b, 0x45, 0xcc, 0x0f, 0xb6, 0x75, 0x88, 0xeb, 0x1b, 0x49, 0xbe,
    0x00, 0x00, 0x00, 0x00, 0x00, 0x50, 0x00, 0x00, 0x8b, 0x45, 0xcc, 0x0f,
    0xb6, 0x75, 0x88, 0x44, 0x8b, 0x4d, 0xb8, 0x44, 0x8b, 0x55, 0xd0, 0xb3,
    0x01, 0x83, 0xbd, 0x64, 0xff, 0xff, 0xff, 0x00, 0x89, 0x45, 0xcc, 0x0f,
    0x84, 0x5c, 0x01, 0x00, 0x00, 0x40, 0x20, 0xf3, 0x80, 0xfb, 0x01, 0x0f,
    0x85, 0xb9, 0x01, 0x00, 0x00, 0x48, 0x8b, 0x8d, 0x70, 0xff, 0xff, 0xff,
    0x85, 0xc9, 0xbe, 0x00, 0x00, 0x00, 0x00, 0x0f, 0x4f, 0xf1, 0x8b, 0xbd,
    0x78, 0xff, 0xff, 0xff, 0x85, 0xff, 0x41, 0xbb, 0x00, 0x00, 0x00, 0x00,
    0x44, 0x0f, 0x4f, 0xdf, 0x83, 0xc1, 0x1c, 0x44, 0x39, 0xc9, 0x41, 0x0f,
    0x4d, 0xc9, 0x83, 0xc7, 0x1d, 0x44, 0x39, 0xd7, 0x41, 0x0f, 0x4d, 0xfa,
    0x8b, 0x15, 0xd6, 0x54, 0x00, 0x00, 0x4c, 0x8b, 0x05, 0xd7, 0x54, 0x00,
    0x00, 0x4c, 0x89, 0x45, 0x98, 0x29, 0xf1, 0x0f, 0x8e, 0xaa, 0x03, 0x00,
    0x00, 0x41, 0x39, 0xfb, 0x0f, 0x8d, 0xa1, 0x03, 0x00, 0x00, 0x89, 0xf8,
    0x44, 0x89, 0x55, 0xd0, 0x45, 0x89, 0xcd, 0x44, 0x89, 0xdf, 0x41, 0x89,
    0xc0, 0x48, 0x89, 0xc8, 0x41, 0x89, 0xc1, 0x41, 0x89, 0xc2, 0x41, 0x83,
    0xe2, 0x03, 0xff, 0xc8, 0x49, 0x89, 0xc4, 0x41, 0x83, 0xe1, 0xfc, 0x44,
    0x0f, 0xaf, 0xda, 0x44, 0x01, 0xde, 0x48, 0x8b, 0x45, 0x98, 0x4c, 0x8d,
    0x58, 0x0c, 0xeb, 0x1a, 0x66, 0x66, 0x66, 0x2e, 0x0f, 0x1f, 0x84, 0x00,
    0x00, 0x00, 0x00, 0x00, 0x48, 0xff, 0xc7, 0x01, 0xd6, 0x4c, 0x39, 0xc7,
    0x0f, 0x84, 0x40, 0x03, 0x00, 0x00, 0x89, 0xf3, 0x41, 0x83, 0xfc, 0x03,
    0x73, 0x0a, 0x45, 0x31, 0xf6, 0xeb, 0x54, 0x0f, 0x1f, 0x44, 0x00, 0x00,
    0x48, 0xb8, 0x00, 0x00, 0x00, 0x00, 0x00, 0x50, 0x00, 0x00, 0x48, 0x8d,
    0x0c, 0x98, 0x48, 0x83, 0xc1, 0x0c, 0x49, 0x8d, 0x04, 0x9b, 0x45, 0x31,
    0xf6, 0x0f, 0x1f, 0x80, 0x00, 0x00, 0x00, 0x00, 0x46, 0x8b, 0x7c, 0xb1,
    0xf4, 0x46, 0x89, 0x7c, 0xb0, 0xf4, 0x46, 0x8b, 0x7c, 0xb1, 0xf8, 0x46,
    0x89, 0x7c, 0xb0, 0xf8, 0x46, 0x8b, 0x7c, 0xb1, 0xfc, 0x46, 0x89, 0x7c,
    0xb0, 0xfc, 0x46, 0x8b, 0x3c, 0xb1, 0x46, 0x89, 0x3c, 0xb0, 0x49, 0x83,
    0xc6, 0x04, 0x4d, 0x39, 0xf1, 0x75, 0xd1, 0x4d, 0x85, 0xd2, 0x74, 0x8c,
    0x48, 0xc1, 0xe3, 0x02, 0x4a, 0x8d, 0x04, 0xb3, 0x48, 0x8b, 0x4d, 0x98,
    0x48, 0x01, 0xc1, 0x48, 0xbb, 0x00, 0x00, 0x00, 0x00, 0x00, 0x50, 0x00,
    0x00, 0x48, 0x01, 0xd8, 0x31, 0xdb, 0x66, 0x66, 0x66, 0x66, 0x66, 0x2e,
    0x0f, 0x1f, 0x84, 0x00, 0x00, 0x00, 0x00, 0x00, 0x44, 0x8b, 0x34, 0x98,
    0x44, 0x89, 0x34, 0x99, 0x48, 0xff, 0xc3, 0x49, 0x39, 0xda, 0x75, 0xf0,
    0xe9, 0x4b, 0xff, 0xff, 0xff, 0x40, 0x84, 0xf6, 0x74, 0x10, 0x48, 0x8b,
    0x7d, 0x80, 0x48, 0x8b, 0xb5, 0x30, 0xff, 0xff, 0xff, 0xe8, 0x56, 0x14,
    0x00, 0x00, 0x84, 0xdb, 0x74, 0x22, 0x8b, 0x7d, 0xc0, 0x8b, 0x55, 0xa0,
    0x29, 0xfa, 0x8b, 0x75, 0xb0, 0x8b, 0x4d, 0xa8, 0x29, 0xf1, 0xe8, 0xbd,
    0x13, 0x00, 0x00, 0x66, 0x66, 0x66, 0x66, 0x2e, 0x0f, 0x1f, 0x84, 0x00,
    0x00, 0x00, 0x00, 0x00, 0x48, 0x63, 0x05, 0x91, 0x53, 0x00, 0x00, 0x48,
    0x85, 0xc0, 0x4c, 0x8b, 0xad, 0xf0, 0xfe, 0xff, 0xff, 0x4c, 0x8d, 0xa5,
    0x90, 0xfd, 0xff, 0xff, 0x0f, 0x8e, 0xfa, 0x01, 0x00, 0x00, 0x83, 0xf8,
    0x01, 0x0f, 0x85, 0x5e, 0x01, 0x00, 0x00, 0x31, 0xc9, 0xe9, 0xb7, 0x01,
    0x00, 0x00, 0x40, 0x84, 0xf6, 0x0f, 0x84, 0x14, 0x02, 0x00, 0x00, 0x48,
    0x8b, 0x8d, 0x70, 0xff, 0xff, 0xff, 0x85, 0xc9, 0xbe, 0x00, 0x00, 0x00,
    0x00, 0x0f, 0x4f, 0xf1, 0x44, 0x8b, 0x85, 0x78, 0xff, 0xff, 0xff, 0x45,
    0x85, 0xc0, 0x41, 0xbb, 0x00, 0x00, 0x00, 0x00, 0x45, 0x0f, 0x4f, 0xd8,
    0x83, 0xc1, 0x1c, 0x44, 0x39, 0xc9, 0x41, 0x0f, 0x4d, 0xc9, 0x41, 0x83,
    0xc0, 0x1d, 0x45, 0x39, 0xd0, 0x45, 0x0f, 0x4d, 0xc2, 0x8b, 0x15, 0x11,
    0x53, 0x00, 0x00, 0x48, 0x8b, 0x3d, 0x12, 0x53, 0x00, 0x00, 0x48, 0x89,
    0x7d, 0x98, 0x29, 0xf1, 0x0f, 0x8e, 0xe5, 0x01, 0x00, 0x00, 0x45, 0x39,
    0xc3, 0x0f, 0x8d, 0xdc, 0x01, 0x00, 0x00, 0x44, 0x89, 0x55, 0xd0, 0x45,
    0x89, 0xcd, 0x44, 0x89, 0xdf, 0x45, 0x89, 0xc0, 0x48, 0x89, 0xc8, 0x41,
    0x89, 0xc1, 0x41, 0x89, 0xc2, 0x41, 0x83, 0xe2, 0x03, 0xff, 0xc8, 0x49,
    0x89, 0xc4, 0x41, 0x83, 0xe1, 0xfc, 0x44, 0x0f, 0xaf, 0xda, 0x44, 0x01,
    0xde, 0x48, 0x8b, 0x45, 0x98, 0x4c, 0x8d, 0x58, 0x0c, 0xeb, 0x21, 0x66,
    0x0f, 0x1f, 0x84, 0x00, 0x00, 0x00, 0x00, 0x00, 0x48, 0xff, 0xc7, 0x01,
    0xd6, 0x4c, 0x39, 0xc7, 0x49, 0xbe, 0x00, 0x00, 0x00, 0x00, 0x00, 0x50,
    0x00, 0x00, 0x0f, 0x84, 0x80, 0x01, 0x00, 0x00, 0x89, 0xf3, 0x41, 0x83,
    0xfc, 0x03, 0x73, 0x10, 0x45, 0x31, 0xf6, 0xeb, 0x4a, 0x66, 0x66, 0x2e,
    0x0f, 0x1f, 0x84, 0x00, 0x00, 0x00, 0x00, 0x00, 0x49, 0x8d, 0x0c, 0x9e,
    0x48, 0x83, 0xc1, 0x0c, 0x49, 0x8d, 0x04, 0x9b, 0x45, 0x31, 0xf6, 0x90,
    0x46, 0x8b, 0x7c, 0xb1, 0xf4, 0x46, 0x89, 0x7c, 0xb0, 0xf4, 0x46, 0x8b,
    0x7c, 0xb1, 0xf8, 0x46, 0x89, 0x7c, 0xb0, 0xf8, 0x46, 0x8b, 0x7c, 0xb1,
    0xfc, 0x46, 0x89, 0x7c, 0xb0, 0xfc, 0x46, 0x8b, 0x3c, 0xb1, 0x46, 0x89,
    0x3c, 0xb0, 0x49, 0x83, 0xc6, 0x04, 0x4d, 0x39, 0xf1, 0x75, 0xd1, 0x4d,
    0x85, 0xd2, 0x74, 0x8c, 0x48, 0xc1, 0xe3, 0x02, 0x4a, 0x8d, 0x04, 0xb3,
    0x48, 0x8b, 0x4d, 0x98, 0x48, 0x01, 0xc1, 0x48, 0xbb, 0x00, 0x00, 0x00,
    0x00, 0x00, 0x50, 0x00, 0x00, 0x48, 0x01, 0xd8, 0x31, 0xdb, 0x66, 0x66,
    0x66, 0x66, 0x66, 0x2e, 0x0f, 0x1f, 0x84, 0x00, 0x00, 0x00, 0x00, 0x00,
    0x44, 0x8b, 0x34, 0x98, 0x44, 0x89, 0x34, 0x99, 0x48, 0xff, 0xc3, 0x49,
    0x39, 0xda, 0x75, 0xf0, 0xe9, 0x4b, 0xff, 0xff, 0xff, 0x89, 0xc2, 0x81,
    0xe2, 0xfe, 0xff, 0xff, 0x7f, 0xbe, 0x20, 0x70, 0x40, 0x00, 0x31, 0xc9,
    0x66, 0x66, 0x66, 0x2e, 0x0f, 0x1f, 0x84, 0x00, 0x00, 0x00, 0x00, 0x00,
    0xc7, 0x46, 0x30, 0x00, 0x00, 0x00, 0x00, 0x8b, 0x3e, 0x89, 0x3c, 0x8d,
    0x80, 0x72, 0x40, 0x00, 0x8b, 0x7e, 0x04, 0x89, 0x3c, 0x8d, 0xa0, 0x72,
    0x40, 0x00, 0xc7, 0x46, 0x78, 0x00, 0x00, 0x00, 0x00, 0x8b, 0x7e, 0x48,
    0x89, 0x3c, 0x8d, 0x84, 0x72, 0x40, 0x00, 0x8b, 0x7e, 0x4c, 0x89, 0x3c,
    0x8d, 0xa4, 0x72, 0x40, 0x00, 0x48, 0x83, 0xc1, 0x02, 0x48, 0x81, 0xc6,
    0x90, 0x00, 0x00, 0x00, 0x48, 0x39, 0xca, 0x75, 0xbb, 0xa8, 0x01, 0x74,
    0x2f, 0x48, 0x8d, 0x04, 0xcd, 0x00, 0x00, 0x00, 0x00, 0xc7, 0x84, 0xc0,
    0x50, 0x70, 0x40, 0x00, 0x00, 0x00, 0x00, 0x00, 0x8b, 0x94, 0xc0, 0x20,
    0x70, 0x40, 0x00, 0x89, 0x14, 0x8d, 0x80, 0x72, 0x40, 0x00, 0x8b, 0x84,
    0xc0, 0x24, 0x70, 0x40, 0x00, 0x89, 0x04, 0x8d, 0xa0, 0x72, 0x40, 0x00,
    0xc6, 0x05, 0xc9, 0x53, 0x00, 0x00, 0x00, 0xc6, 0x05, 0xc6, 0x53, 0x00,
    0x00, 0x00, 0xc7, 0x45, 0x90, 0x00, 0x00, 0x00, 0x00, 0x8b, 0x85, 0x6c,
    0xff, 0xff, 0xff, 0x89, 0x85, 0x78, 0xff, 0xff, 0xff, 0x8b, 0x85, 0x68,
    0xff, 0xff, 0xff, 0x48, 0x89, 0x85, 0x70, 0xff, 0xff, 0xff, 0xe9, 0x9f,
    0xe7, 0xff, 0xff, 0x8b, 0x15, 0x37, 0x51, 0x00, 0x00, 0x48, 0x8b, 0x05,
    0x38, 0x51, 0x00, 0x00, 0x48, 0x89, 0x45, 0x98, 0xeb, 0x11, 0x49, 0xbe,
    0x00, 0x00, 0x00, 0x00, 0x00, 0x50, 0x00, 0x00, 0x45, 0x89, 0xe9, 0x44,
    0x8b, 0x55, 0xd0, 0x41, 0xbb, 0x0d, 0x00, 0x00, 0x00, 0x48, 0x8b, 0x75,
    0x80, 0x41, 0x29, 0xf3, 0x83, 0xfe, 0x0d, 0xb8, 0x00, 0x00, 0x00, 0x00,
    0x44, 0x0f, 0x4d, 0xd8, 0x8d, 0x5e, 0x0f, 0x45, 0x89, 0xc8, 0x44, 0x2b,
    0x85, 0x68, 0xff, 0xff, 0xff, 0x44, 0x39, 0xcb, 0xb8, 0x1c, 0x00, 0x00,
    0x00, 0x44, 0x0f, 0x4e, 0xc0, 0x4d, 0x63, 0xfb, 0x4d, 0x63, 0xe0, 0x49,
    0x63, 0xc2, 0x48, 0x89, 0x85, 0x28, 0xff, 0xff, 0xff, 0x41, 0x0f, 0x4f,
    0xd9, 0x83, 0xfe, 0x0e, 0xb8, 0x0d, 0x00, 0x00, 0x00, 0x0f, 0x4d, 0xc6,
    0x29, 0xc3, 0x83, 0xc3, 0x0c, 0x89, 0xd1, 0x8b, 0xbd, 0x6c, 0xff, 0xff,
    0xff, 0x0f, 0xaf, 0xcf, 0x44, 0x8d, 0x0c, 0x08, 0x41, 0x83, 0xc1, 0xf3,
    0x48, 0x89, 0x5d, 0xc0, 0x4c, 0x8d, 0x53, 0x01, 0x44, 0x8d, 0x2c, 0x31,
    0x41, 0x83, 0xc5, 0xf3, 0x01, 0xc1, 0x48, 0x89, 0x4d, 0x88, 0x4a, 0x8d,
    0x04, 0xbd, 0x00, 0x00, 0x00, 0x00, 0x48, 0x8b, 0x4d, 0x98, 0x48, 0x29,
    0xc1, 0x48, 0x89, 0x4d, 0xa0, 0x4c, 0x89, 0xe0, 0x4c, 0x89, 0xbd, 0x40,
    0xff, 0xff, 0xff, 0x4c, 0x29, 0xf8, 0x48, 0x89, 0xc6, 0x4c, 0x89, 0x95,
    0xd8, 0xfe, 0xff, 0xff, 0x49, 0x83, 0xe2, 0xf8, 0x48, 0xff, 0xc8, 0x48,
    0x89, 0x85, 0x70, 0xff, 0xff, 0xff, 0x83, 0xe6, 0x03, 0x89, 0xd0, 0x48,
    0x89, 0x45, 0x90, 0x48, 0x63, 0xdf, 0x4e, 0x8d, 0x3c, 0x9d, 0x00, 0x00,
    0x00, 0x00, 0x48, 0xb8, 0x00, 0x00, 0x00, 0x00, 0x00, 0xb0, 0xff, 0xff,
    0x4a, 0x8d, 0x84, 0x98, 0xc0, 0x72, 0x40, 0x00, 0x48, 0x89, 0x85, 0xd0,
    0xfe, 0xff, 0xff, 0x4c, 0x89, 0x5d, 0xd0, 0x4b, 0x8d, 0x04, 0x1a, 0x48,
    0x89, 0x85, 0xe8, 0xfe, 0xff, 0xff, 0x4c, 0x89, 0xe2, 0x45, 0x31, 0xe4,
    0x4c, 0x89, 0x8d, 0x30, 0xff, 0xff, 0xff, 0x4c, 0x89, 0x4d, 0xb8, 0x45,
    0x31, 0xc9, 0x48, 0x89, 0x55, 0xa8, 0x48, 0x89, 0x75, 0x80, 0x4c, 0x89,
    0x95, 0xe0, 0xfe, 0xff, 0xff, 0x48, 0x89, 0x9d, 0x78, 0xff, 0xff, 0xff,
    0x4c, 0x89, 0x7d, 0xb0, 0xeb, 0x2a, 0x66, 0x66, 0x66, 0x66, 0x66, 0x2e,
    0x0f, 0x1f, 0x84, 0x00, 0x00, 0x00, 0x00, 0x00, 0x49, 0xff, 0xc1, 0x48,
    0x8b, 0x45, 0x90, 0x48, 0x01, 0x45, 0xb8, 0x41, 0x01, 0xc5, 0x49, 0x83,
    0xc4, 0x70, 0x49, 0x83, 0xf9, 0x1d, 0x0f, 0x84, 0x44, 0xfc, 0xff, 0xff,
    0x4c, 0x89, 0xc8, 0x48, 0x01, 0xd8, 0x78, 0xdc, 0x48, 0x3b, 0x85, 0x28,
    0xff, 0xff, 0xff, 0x7d, 0xd3, 0x39, 0x55, 0xd0, 0x7d, 0xce, 0x4c, 0x89,
    0x8d, 0x38, 0xff, 0xff, 0xff, 0x44, 0x8b, 0x5d, 0xb8, 0x49, 0xc1, 0xe3,
    0x02, 0x48, 0x8b, 0x45, 0xa0, 0x4a, 0x8d, 0x3c, 0x18, 0x4c, 0x03, 0x5d,
    0x98, 0x48, 0x8b, 0x4d, 0xd0, 0x83, 0x7d, 0xc0, 0x07, 0x73, 0x39, 0x48,
    0x8d, 0x04, 0x8d, 0xc0, 0x72, 0x40, 0x00, 0x90, 0x42, 0x8d, 0x14, 0x29,
    0x41, 0x8b, 0x14, 0x96, 0x89, 0x10, 0xff, 0xc1, 0x48, 0x83, 0xc0, 0x04,
    0x41, 0x39, 0xc8, 0x7f, 0xeb, 0x48, 0x8b, 0x45, 0xb0, 0x48, 0x8b, 0x4d,
    0xd0, 0x41, 0x89, 0xcf, 0xe9, 0xc1, 0x00, 0x00, 0x00, 0x66, 0x66, 0x2e,
    0x0f, 0x1f, 0x84, 0x00, 0x00, 0x00, 0x00, 0x00, 0x48, 0x8b, 0x85, 0x38,
    0xff, 0xff, 0xff, 0x0f, 0xaf, 0x45, 0x90, 0x48, 0x8b, 0x4d, 0x88, 0x01,
    0xc1, 0xba, 0x0c, 0x00, 0x00, 0x00, 0x29, 0xca, 0x48, 0x8b, 0x4d, 0xd0,
    0x3b, 0x55, 0xc0, 0x72, 0xa6, 0x03, 0x85, 0x30, 0xff, 0xff, 0xff, 0x48,
    0xc1, 0xe0, 0x02, 0x48, 0x8b, 0x95, 0xd0, 0xfe, 0xff, 0xff, 0x48, 0x29,
    0xc2, 0x48, 0x8b, 0x4d, 0xd0, 0x48, 0x83, 0xfa, 0x20, 0x72, 0x88, 0x31,
    0xc0, 0x48, 0x8b, 0xb5, 0xe0, 0xfe, 0xff, 0xff, 0x48, 0x8b, 0x55, 0xb0,
    0x4c, 0x8b, 0x4d, 0xb8, 0x41, 0x8d, 0x0c, 0x01, 0x41, 0x0f, 0x10, 0x04,
    0x8e, 0x41, 0x0f, 0x10, 0x4c, 0x8e, 0x10, 0x0f, 0x11, 0x84, 0x82, 0xc0,
    0x72, 0x40, 0x00, 0x0f, 0x11, 0x8c, 0x82, 0xd0, 0x72, 0x40, 0x00, 0x48,
    0x83, 0xc0, 0x08, 0x48, 0x39, 0xc6, 0x75, 0xd8, 0x48, 0x8b, 0x8d, 0xe8,
    0xfe, 0xff, 0xff, 0x48, 0x89, 0xd0, 0x48, 0x8b, 0x55, 0xd0, 0x41, 0x89,
    0xd7, 0x48, 0x39, 0xb5, 0xd8, 0xfe, 0xff, 0xff, 0x74, 0x24, 0xe9, 0x30,
    0xff, 0xff, 0xff, 0x66, 0x0f, 0x1f, 0x84, 0x00, 0x00, 0x00, 0x00, 0x00,
    0x89, 0x88, 0xc0, 0x72, 0x40, 0x00, 0x41, 0xff, 0xc7, 0x48, 0x83, 0xc0,
    0x04, 0x45, 0x39, 0xf8, 0x0f, 0x8e, 0xba, 0x00, 0x00, 0x00, 0x41, 0x8b,
    0x8c, 0x04, 0x20, 0x40, 0x40, 0x00, 0x81, 0xf9, 0x00, 0x00, 0x00, 0x01,
    0x72, 0xe0, 0x89, 0xca, 0xc1, 0xea, 0x18, 0x81, 0xfa, 0xff, 0x00, 0x00,
    0x00, 0x74, 0xcd, 0x0f, 0xb6, 0xf5, 0x44, 0x0f, 0xb6, 0xc9, 0x41, 0x89,
    0xca, 0x8b, 0x98, 0xc0, 0x72, 0x40, 0x00, 0x0f, 0xb6, 0xcf, 0x44, 0x0f,
    0xb6, 0xf3, 0x41, 0xc1, 0xea, 0x10, 0x45, 0x0f, 0xb6, 0xd2, 0x44, 0x0f,
    0xaf, 0xd2, 0xc1, 0xeb, 0x10, 0x0f, 0xb6, 0xdb, 0x0f, 0xaf, 0xf2, 0x44,
    0x0f, 0xaf, 0xca, 0x81, 0xf2, 0xff, 0x00, 0x00, 0x00, 0x0f, 0xaf, 0xda,
    0x44, 0x01, 0xd3, 0x4c, 0x69, 0xd3, 0x02, 0x01, 0x01, 0x01, 0x49, 0xc1,
    0xea, 0x20, 0x0f, 0xaf, 0xca, 0x01, 0xf1, 0x48, 0x69, 0xc9, 0x02, 0x01,
    0x01, 0x01, 0x48, 0xc1, 0xe9, 0x20, 0x44, 0x0f, 0xaf, 0xf2, 0x45, 0x01,
    0xce, 0x49, 0x69, 0xd6, 0x02, 0x01, 0x01, 0x01, 0x49, 0xbe, 0x00, 0x00,
    0x00, 0x00, 0x00, 0x50, 0x00, 0x00, 0x48, 0xc1, 0xea, 0x20, 0x41, 0xc1,
    0xe2, 0x10, 0xc1, 0xe1, 0x08, 0x0f, 0xb7, 0xf1, 0x44, 0x09, 0xd6, 0x0f,
    0xb6, 0xca, 0x09, 0xf1, 0x81, 0xc9, 0x00, 0x00, 0x00, 0xff, 0xe9, 0x3d,
    0xff, 0xff, 0xff, 0x66, 0x66, 0x66, 0x66, 0x2e, 0x0f, 0x1f, 0x84, 0x00,
    0x00, 0x00, 0x00, 0x00, 0x48, 0x8b, 0x85, 0x40, 0xff, 0xff, 0xff, 0x48,
    0x8b, 0x75, 0x80, 0x48, 0x85, 0xf6, 0x74, 0x26, 0x48, 0x8b, 0x85, 0x40,
    0xff, 0xff, 0xff, 0x31, 0xc9, 0x0f, 0x1f, 0x80, 0x00, 0x00, 0x00, 0x00,
    0x8b, 0x14, 0x85, 0xc0, 0x72, 0x40, 0x00, 0x41, 0x89, 0x14, 0x8b, 0x48,
    0xff, 0xc0, 0x48, 0xff, 0xc1, 0x48, 0x39, 0xce, 0x75, 0xea, 0x48, 0x83,
    0xbd, 0x70, 0xff, 0xff, 0xff, 0x03, 0x48, 0x8b, 0x55, 0xa8, 0x48, 0x8b,
    0x9d, 0x78, 0xff, 0xff, 0xff, 0x4c, 0x8b, 0x8d, 0x38, 0xff, 0xff, 0xff,
    0x0f, 0x82, 0xaa, 0xfd, 0xff, 0xff, 0x66, 0x2e, 0x0f, 0x1f, 0x84, 0x00,
    0x00, 0x00, 0x00, 0x00, 0x8b, 0x0c, 0x85, 0xc0, 0x72, 0x40, 0x00, 0x89,
    0x0c, 0x87, 0x8b, 0x0c, 0x85, 0xc4, 0x72, 0x40, 0x00, 0x89, 0x4c, 0x87,
    0x04, 0x8b, 0x0c, 0x85, 0xc8, 0x72, 0x40, 0x00, 0x89, 0x4c, 0x87, 0x08,
    0x8b, 0x0c, 0x85, 0xcc, 0x72, 0x40, 0x00, 0x89, 0x4c, 0x87, 0x0c, 0x48,
    0x83, 0xc0, 0x04, 0x48, 0x39, 0xc2, 0x75, 0xcc, 0xe9, 0x67, 0xfd, 0xff,
    0xff, 0xbf, 0x0d, 0x00, 0x00, 0x00, 0xbe, 0x8a, 0x50, 0x40, 0x00, 0xba,
    0x10, 0x00, 0x00, 0x00, 0xe8, 0x63, 0x0a, 0x00, 0x00, 0x48, 0x81, 0xc4,
    0x98, 0x03, 0x00, 0x00, 0x5b, 0x41, 0x5c, 0x41, 0x5d, 0x41, 0x5e, 0x41,
    0x5f, 0x5d, 0xc3, 0xbf, 0x0d, 0x00, 0x00, 0x00, 0xbe, 0xef, 0x4e, 0x40,
    0x00, 0xba, 0x18, 0x00, 0x00, 0x00, 0xeb, 0xd8, 0xbf, 0x0d, 0x00, 0x00,
    0x00, 0xbe, 0x63, 0x50, 0x40, 0x00, 0xba, 0x1f, 0x00, 0x00, 0x00, 0xeb,
    0xc7, 0x66, 0x66, 0x66, 0x66, 0x66, 0x66, 0x2e, 0x0f, 0x1f, 0x84, 0x00,
    0x00, 0x00, 0x00, 0x00, 0x55, 0x48, 0x89, 0xe5, 0x48, 0x83, 0xec, 0x60,
    0x0f, 0xb6, 0x07, 0x84, 0xc0, 0x74, 0x37, 0x31, 0xc9, 0x66, 0x66, 0x66,
    0x66, 0x66, 0x66, 0x2e, 0x0f, 0x1f, 0x84, 0x00, 0x00, 0x00, 0x00, 0x00,
    0x88, 0x44, 0x0d, 0xa0, 0x0f, 0xb6, 0x44, 0x0f, 0x01, 0x48, 0xff, 0xc1,
    0x84, 0xc0, 0x75, 0xf0, 0x89, 0xc8, 0x85, 0xf6, 0x78, 0x18, 0x75, 0x1f,
    0x89, 0xc1, 0xff, 0xc0, 0xc6, 0x44, 0x0d, 0xa0, 0x30, 0xe9, 0x3f, 0x01,
    0x00, 0x00, 0x31, 0xc0, 0x31, 0xc9, 0x85, 0xf6, 0x79, 0xe8, 0xff, 0xc0,
    0xc6, 0x44, 0x0d, 0xa0, 0x2d, 0xf7, 0xde, 0x31, 0xc9, 0xbf, 0xcd, 0xcc,
    0xcc, 0xcc, 0x66, 0x90, 0x41, 0x89, 0xf0, 0x4c, 0x0f, 0xaf, 0xc7, 0x49,
    0xc1, 0xe8, 0x23, 0x47, 0x8d, 0x0c, 0x00, 0x47, 0x8d, 0x0c, 0x89, 0x41,
    0x89, 0xf2, 0x45, 0x29, 0xca, 0x41, 0x80, 0xca, 0x30, 0x44, 0x88, 0x54,
    0x0d, 0xf4, 0x48, 0xff, 0xc1, 0x83, 0xfe, 0x0a, 0x44, 0x89, 0xc6, 0x73,
    0xd3, 0x85, 0xc9, 0x0f, 0x8e, 0xf0, 0x00, 0x00, 0x00, 0x48, 0x8d, 0x71,
    0xff, 0x4c, 0x63, 0xc8, 0x48, 0x83, 0xfe, 0x1f, 0x73, 0x0b, 0x4c, 0x89,
    0xc8, 0x48, 0x89, 0xce, 0xe9, 0xb7, 0x00, 0x00, 0x00, 0x48, 0x8d, 0x3c,
    0x29, 0x48, 0x83, 0xc7, 0xe4, 0x41, 0x89, 0xc8, 0x41, 0x81, 0xe0, 0xe0,
    0xff, 0xff, 0x7f, 0x4b, 0x8d, 0x04, 0x08, 0x89, 0xce, 0x83, 0xe6, 0x1f,
    0x4c, 0x8d, 0x55, 0xa0, 0x4d, 0x01, 0xd1, 0x49, 0x83, 0xc1, 0x10, 0x45,
    0x31, 0xd2, 0x66, 0x0f, 0xef, 0xc0, 0x66, 0x0f, 0x1f, 0x44, 0x00, 0x00,
    0xf3, 0x0f, 0x6f, 0x4f, 0xf0, 0xf3, 0x0f, 0x6f, 0x17, 0x66, 0x0f, 0x6f,
    0xda, 0x66, 0x0f, 0x60, 0xd8, 0x66, 0x0f, 0x70, 0xdb, 0x4e, 0xf2, 0x0f,
    0x70, 0xdb, 0x1b, 0xf3, 0x0f, 0x70, 0xdb, 0x1b, 0x66, 0x0f, 0x68, 0xd0,
    0x66, 0x0f, 0x70, 0xd2, 0x4e, 0xf2, 0x0f, 0x70, 0xd2, 0x1b, 0xf3, 0x0f,
    0x70, 0xd2, 0x1b, 0x66, 0x0f, 0x67, 0xd3, 0x66, 0x0f, 0x6f, 0xd9, 0x66,
    0x0f, 0x60, 0xd8, 0x66, 0x0f, 0x70, 0xdb, 0x4e, 0xf2, 0x0f, 0x70, 0xdb,
    0x1b, 0xf3, 0x0f, 0x70, 0xdb, 0x1b, 0x66, 0x0f, 0x68, 0xc8, 0x66, 0x0f,
    0x70, 0xc9, 0x4e, 0xf2, 0x0f, 0x70, 0xc9, 0x1b, 0xf3, 0x0f, 0x70, 0xc9,
    0x1b, 0x66, 0x0f, 0x67, 0xcb, 0xf3, 0x43, 0x0f, 0x7f, 0x54, 0x11, 0xf0,
    0xf3, 0x43, 0x0f, 0x7f, 0x0c, 0x11, 0x49, 0x83, 0xc2, 0x20, 0x48, 0x83,
    0xc7, 0xe0, 0x4d, 0x39, 0xd0, 0x75, 0x81, 0x4c, 0x39, 0xc1, 0x74, 0x21,
    0x48, 0xff, 0xc6, 0x66, 0x0f, 0x1f, 0x84, 0x00, 0x00, 0x00, 0x00, 0x00,
    0x0f, 0xb6, 0x4c, 0x35, 0xf2, 0x88, 0x4c, 0x05, 0xa0, 0x48, 0xff, 0xc0,
    0x48, 0xff, 0xce, 0x48, 0x83, 0xfe, 0x01, 0x77, 0xeb, 0x48, 0x63, 0xc8,
    0xc6, 0x44, 0x0d, 0xa0, 0x2c, 0x48, 0xff, 0xc1, 0x85, 0xd2, 0x78, 0x11,
    0x75, 0x1b, 0x83, 0xc0, 0x02, 0xc6, 0x44, 0x0d, 0xa0, 0x30, 0x89, 0xc1,
    0xe9, 0x40, 0x01, 0x00, 0x00, 0x83, 0xc0, 0x02, 0xc6, 0x44, 0x0d, 0xa0,
    0x2d, 0xf7, 0xda, 0x89, 0xc1, 0x31, 0xc0, 0xbe, 0xcd, 0xcc, 0xcc, 0xcc,
    0x0f, 0x1f, 0x84, 0x00, 0x00, 0x00, 0x00, 0x00, 0x89, 0xd7, 0x48, 0x0f,
    0xaf, 0xfe, 0x48, 0xc1, 0xef, 0x23, 0x44, 0x8d, 0x04, 0x3f, 0x47, 0x8d,
    0x04, 0x80, 0x41, 0x89, 0xd1, 0x45, 0x29, 0xc1, 0x41, 0x80, 0xc9, 0x30,
    0x44, 0x88, 0x4c, 0x05, 0xf4, 0x48, 0xff, 0xc0, 0x83, 0xfa, 0x0a, 0x89,
    0xfa, 0x73, 0xd5, 0x85, 0xc0, 0x0f, 0x8e, 0xf2, 0x00, 0x00, 0x00, 0x48,
    0x8d, 0x50, 0xff, 0x4c, 0x63, 0xc1, 0x48, 0x83, 0xfa, 0x1f, 0x73, 0x0b,
    0x4c, 0x89, 0xc1, 0x48, 0x89, 0xc2, 0xe9, 0xb9, 0x00, 0x00, 0x00, 0x48,
    0x8d, 0x34, 0x28, 0x48, 0x83, 0xc6, 0xe4, 0x89, 0xc7, 0x81, 0xe7, 0xe0,
    0xff, 0xff, 0x7f, 0x4a, 0x8d, 0x0c, 0x07, 0x89, 0xc2, 0x83, 0xe2, 0x1f,
    0x4c, 0x8d, 0x4d, 0xa0, 0x4d, 0x01, 0xc8, 0x49, 0x83, 0xc0, 0x10, 0x45,
    0x31, 0xc9, 0x66, 0x0f, 0xef, 0xc0, 0x66, 0x2e, 0x0f, 0x1f, 0x84, 0x00,
    0x00, 0x00, 0x00, 0x00, 0xf3, 0x0f, 0x6f, 0x4e, 0xf0, 0xf3, 0x0f, 0x6f,
    0x16, 0x66, 0x0f, 0x6f, 0xda, 0x66, 0x0f, 0x60, 0xd8, 0x66, 0x0f, 0x70,
    0xdb, 0x4e, 0xf2, 0x0f, 0x70, 0xdb, 0x1b, 0xf3, 0x0f, 0x70, 0xdb, 0x1b,
    0x66, 0x0f, 0x68, 0xd0, 0x66, 0x0f, 0x70, 0xd2, 0x4e, 0xf2, 0x0f, 0x70,
    0xd2, 0x1b, 0xf3, 0x0f, 0x70, 0xd2, 0x1b, 0x66, 0x0f, 0x67, 0xd3, 0x66,
    0x0f, 0x6f, 0xd9, 0x66, 0x0f, 0x60, 0xd8, 0x66, 0x0f, 0x70, 0xdb, 0x4e,
    0xf2, 0x0f, 0x70, 0xdb, 0x1b, 0xf3, 0x0f, 0x70, 0xdb, 0x1b, 0x66, 0x0f,
    0x68, 0xc8, 0x66, 0x0f, 0x70, 0xc9, 0x4e, 0xf2, 0x0f, 0x70, 0xc9, 0x1b,
    0xf3, 0x0f, 0x70, 0xc9, 0x1b, 0x66, 0x0f, 0x67, 0xcb, 0xf3, 0x43, 0x0f,
    0x7f, 0x54, 0x08, 0xf0, 0xf3, 0x43, 0x0f, 0x7f, 0x0c, 0x08, 0x49, 0x83,
    0xc1, 0x20, 0x48, 0x83, 0xc6, 0xe0, 0x4c, 0x39, 0xcf, 0x75, 0x81, 0x48,
    0x39, 0xf8, 0x74, 0x21, 0x48, 0xff, 0xc2, 0x66, 0x0f, 0x1f, 0x84, 0x00,
    0x00, 0x00, 0x00, 0x00, 0x0f, 0xb6, 0x44, 0x15, 0xf2, 0x88, 0x44, 0x0d,
    0xa0, 0x48, 0xff, 0xc1, 0x48, 0xff, 0xca, 0x48, 0x83, 0xfa, 0x01, 0x77,
    0xeb, 0x48, 0x63, 0xc1, 0x8d, 0x48, 0x01, 0xc6, 0x44, 0x05, 0xa0, 0x0a,
    0x48, 0x63, 0xc1, 0xc6, 0x44, 0x05, 0xa0, 0x00, 0x48, 0xc7, 0xc2, 0xff,
    0xff, 0xff, 0xff, 0x90, 0x80, 0x7c, 0x15, 0xa1, 0x00, 0x48, 0x8d, 0x52,
    0x01, 0x75, 0xf5, 0x48, 0x8d, 0x75, 0xa0, 0xbf, 0x0d, 0x00, 0x00, 0x00,
    0xe8, 0x07, 0x07, 0x00, 0x00, 0x48, 0x83, 0xc4, 0x60, 0x5d, 0xc3, 0x90,
    0x55, 0x48, 0x89, 0xe5, 0x41, 0x57, 0x41, 0x56, 0x41, 0x55, 0x41, 0x54,
    0x53, 0x8b, 0x0d, 0xd5, 0x49, 0x00, 0x00, 0x48, 0x8d, 0x04, 0xc9, 0x48,
    0x8d, 0x14, 0xc5, 0xd8, 0x6f, 0x40, 0x00, 0x41, 0xb8, 0x02, 0x00, 0x00,
    0x00, 0xeb, 0x13, 0x66, 0x0f, 0x1f, 0x84, 0x00, 0x00, 0x00, 0x00, 0x00,
    0x41, 0x83, 0xe8, 0x01, 0x0f, 0x82, 0x63, 0x01, 0x00, 0x00, 0x85, 0xc9,
    0x7e, 0xf2, 0x49, 0x89, 0xd1, 0x48, 0x89, 0xc8, 0xeb, 0x2a, 0x41, 0x83,
    0xca, 0xf0, 0x45, 0x0f, 0xaf, 0xff, 0x45, 0x0f, 0xaf, 0xd2, 0x45, 0x01,
    0xfa, 0x41, 0x81, 0xfa, 0x01, 0x01, 0x00, 0x00, 0x0f, 0x83, 0xde, 0x00,
    0x00, 0x00, 0xe9, 0x29, 0x01, 0x00, 0x00, 0x66, 0x0f, 0x1f, 0x84, 0x00,
    0x00, 0x00, 0x00, 0x00, 0x41, 0x83, 0x79, 0x1c, 0x00, 0x0f, 0x84, 0xc5,
    0x00, 0x00, 0x00, 0x45, 0x39, 0x41, 0x18, 0x0f, 0x85, 0xbb, 0x00, 0x00,
    0x00, 0x41, 0x89, 0xfb, 0x45, 0x2b, 0x19, 0x41, 0x89, 0xf2, 0x45, 0x2b,
    0x51, 0x04, 0x45, 0x85, 0xc0, 0x0f, 0x84, 0x8f, 0x00, 0x00, 0x00, 0x45,
    0x85, 0xdb, 0x0f, 0x88, 0x9c, 0x00, 0x00, 0x00, 0x45, 0x8b, 0x71, 0x08,
    0x41, 0x8b, 0x59, 0x0c, 0x45, 0x39, 0xf3, 0x41, 0x0f, 0x9d, 0xc7, 0x45,
    0x85, 0xd2, 0x41, 0x0f, 0x98, 0xc4, 0x41, 0x39, 0xda, 0x41, 0x0f, 0x9d,
    0xc5, 0x45, 0x08, 0xfd, 0x45, 0x08, 0xe5, 0x75, 0x77, 0x41, 0x83, 0xfb,
    0x10, 0x41, 0x0f, 0x93, 0xc7, 0x41, 0x83, 0xc6, 0xf0, 0x45, 0x39, 0xf3,
    0x41, 0x0f, 0x9c, 0xc4, 0x45, 0x84, 0xe7, 0x0f, 0x85, 0xab, 0x00, 0x00,
    0x00, 0x41, 0x83, 0xfa, 0x10, 0x41, 0x0f, 0x93, 0xc7, 0x83, 0xc3, 0xf0,
    0x41, 0x39, 0xda, 0x41, 0x0f, 0x9c, 0xc4, 0x45, 0x84, 0xe7, 0x0f, 0x85,
    0x90, 0x00, 0x00, 0x00, 0x45, 0x89, 0xd7, 0x45, 0x09, 0xdf, 0x41, 0x83,
    0xff, 0x0f, 0x77, 0x4e, 0x41, 0x83, 0xcb, 0xf0, 0x41, 0x83, 0xca, 0xf0,
    0x45, 0x0f, 0xaf, 0xdb, 0x45, 0x0f, 0xaf, 0xd2, 0x45, 0x01, 0xda, 0x41,
    0x81, 0xfa, 0x01, 0x01, 0x00, 0x00, 0x73, 0x18, 0xeb, 0x66, 0x45, 0x85,
    0xdb, 0x78, 0x11, 0x45, 0x85, 0xd2, 0x78, 0x0c, 0x45, 0x3b, 0x59, 0x08,
    0x7d, 0x06, 0x45, 0x3b, 0x51, 0x0c, 0x7c, 0x50, 0x48, 0xff, 0xc8, 0x4c,
    0x8d, 0x50, 0x01, 0x49, 0x83, 0xc1, 0xb8, 0x49, 0x83, 0xfa, 0x01, 0x0f,
    0x8f, 0x1b, 0xff, 0xff, 0xff, 0xe9, 0xd6, 0xfe, 0xff, 0xff, 0x41, 0x83,
    0xfa, 0x10, 0x41, 0x0f, 0x93, 0xc4, 0x45, 0x89, 0xdf, 0x45, 0x29, 0xf7,
    0x41, 0x0f, 0x9c, 0xc5, 0x45, 0x08, 0xe5, 0x0f, 0x84, 0xd1, 0xfe, 0xff,
    0xff, 0x41, 0x83, 0xfb, 0x0f, 0x77, 0x0b, 0x41, 0x29, 0xda, 0x7c, 0x10,
    0x41, 0x83, 0xcb, 0xf0, 0xeb, 0x8e, 0x45, 0x29, 0xf3, 0x7c, 0x05, 0x41,
    0x29, 0xda, 0x7d, 0x84, 0xff, 0xc8, 0x5b, 0x41, 0x5c, 0x41, 0x5d, 0x41,
    0x5e, 0x41, 0x5f, 0x5d, 0xc3, 0xb8, 0xff, 0xff, 0xff, 0xff, 0xeb, 0xee,
    0x66, 0x66, 0x66, 0x2e, 0x0f, 0x1f, 0x84, 0x00, 0x00, 0x00, 0x00, 0x00,
    0x55, 0x48, 0x89, 0xe5, 0x48, 0x83, 0xec, 0x50, 0x0f, 0xb6, 0x07, 0x84,
    0xc0, 0x74, 0x37, 0x31, 0xc9, 0x66, 0x66, 0x66, 0x66, 0x66, 0x66, 0x2e,
    0x0f, 0x1f, 0x84, 0x00, 0x00, 0x00, 0x00, 0x00, 0x88, 0x44, 0x0d, 0xb0,
    0x0f, 0xb6, 0x44, 0x0f, 0x01, 0x48, 0xff, 0xc1, 0x84, 0xc0, 0x75, 0xf0,
    0x89, 0xc8, 0x85, 0xf6, 0x78, 0x18, 0x75, 0x1f, 0x89, 0xc1, 0xff, 0xc0,
    0xc6, 0x44, 0x0d, 0xb0, 0x30, 0xe9, 0x3f, 0x01, 0x00, 0x00, 0x31, 0xc0,
    0x31, 0xc9, 0x85, 0xf6, 0x79, 0xe8, 0xff, 0xc0, 0xc6, 0x44, 0x0d, 0xb0,
    0x2d, 0xf7, 0xde, 0x31, 0xc9, 0xbf, 0xcd, 0xcc, 0xcc, 0xcc, 0x66, 0x90,
    0x41, 0x89, 0xf0, 0x4c, 0x0f, 0xaf, 0xc7, 0x49, 0xc1, 0xe8, 0x23, 0x47,
    0x8d, 0x0c, 0x00, 0x47, 0x8d, 0x0c, 0x89, 0x41, 0x89, 0xf2, 0x45, 0x29,
    0xca, 0x41, 0x80, 0xca, 0x30, 0x44, 0x88, 0x54, 0x0d, 0xf4, 0x48, 0xff,
    0xc1, 0x83, 0xfe, 0x0a, 0x44, 0x89, 0xc6, 0x73, 0xd3, 0x85, 0xc9, 0x0f,
    0x8e, 0xf0, 0x00, 0x00, 0x00, 0x48, 0x8d, 0x71, 0xff, 0x4c, 0x63, 0xc8,
    0x48, 0x83, 0xfe, 0x1f, 0x73, 0x0b, 0x4c, 0x89, 0xc8, 0x48, 0x89, 0xce,
    0xe9, 0xb7, 0x00, 0x00, 0x00, 0x48, 0x8d, 0x3c, 0x29, 0x48, 0x83, 0xc7,
    0xe4, 0x41, 0x89, 0xc8, 0x41, 0x81, 0xe0, 0xe0, 0xff, 0xff, 0x7f, 0x4b,
    0x8d, 0x04, 0x08, 0x89, 0xce, 0x83, 0xe6, 0x1f, 0x4c, 0x8d, 0x55, 0xb0,
    0x4d, 0x01, 0xd1, 0x49, 0x83, 0xc1, 0x10, 0x45, 0x31, 0xd2, 0x66, 0x0f,
    0xef, 0xc0, 0x66, 0x0f, 0x1f, 0x44, 0x00, 0x00, 0xf3, 0x0f, 0x6f, 0x4f,
    0xf0, 0xf3, 0x0f, 0x6f, 0x17, 0x66, 0x0f, 0x6f, 0xda, 0x66, 0x0f, 0x60,
    0xd8, 0x66, 0x0f, 0x70, 0xdb, 0x4e, 0xf2, 0x0f, 0x70, 0xdb, 0x1b, 0xf3,
    0x0f, 0x70, 0xdb, 0x1b, 0x66, 0x0f, 0x68, 0xd0, 0x66, 0x0f, 0x70, 0xd2,
    0x4e, 0xf2, 0x0f, 0x70, 0xd2, 0x1b, 0xf3, 0x0f, 0x70, 0xd2, 0x1b, 0x66,
    0x0f, 0x67, 0xd3, 0x66, 0x0f, 0x6f, 0xd9, 0x66, 0x0f, 0x60, 0xd8, 0x66,
    0x0f, 0x70, 0xdb, 0x4e, 0xf2, 0x0f, 0x70, 0xdb, 0x1b, 0xf3, 0x0f, 0x70,
    0xdb, 0x1b, 0x66, 0x0f, 0x68, 0xc8, 0x66, 0x0f, 0x70, 0xc9, 0x4e, 0xf2,
    0x0f, 0x70, 0xc9, 0x1b, 0xf3, 0x0f, 0x70, 0xc9, 0x1b, 0x66, 0x0f, 0x67,
    0xcb, 0xf3, 0x43, 0x0f, 0x7f, 0x54, 0x11, 0xf0, 0xf3, 0x43, 0x0f, 0x7f,
    0x0c, 0x11, 0x49, 0x83, 0xc2, 0x20, 0x48, 0x83, 0xc7, 0xe0, 0x4d, 0x39,
    0xd0, 0x75, 0x81, 0x4c, 0x39, 0xc1, 0x74, 0x21, 0x48, 0xff, 0xc6, 0x66,
    0x0f, 0x1f, 0x84, 0x00, 0x00, 0x00, 0x00, 0x00, 0x0f, 0xb6, 0x4c, 0x35,
    0xf2, 0x88, 0x4c, 0x05, 0xb0, 0x48, 0xff, 0xc0, 0x48, 0xff, 0xce, 0x48,
    0x83, 0xfe, 0x01, 0x77, 0xeb, 0x0f, 0xb6, 0x0a, 0x84, 0xc9, 0x74, 0x25,
    0x48, 0x63, 0xf0, 0x48, 0x01, 0xee, 0x48, 0x83, 0xc6, 0xb0, 0x31, 0xff,
    0x0f, 0x1f, 0x84, 0x00, 0x00, 0x00, 0x00, 0x00, 0x88, 0x0c, 0x3e, 0x0f,
    0xb6, 0x4c, 0x3a, 0x01, 0x48, 0xff, 0xc7, 0x84, 0xc9, 0x75, 0xf1, 0x01,
    0xf8, 0x48, 0x98, 0xc6, 0x44, 0x05, 0xb0, 0x00, 0x48, 0xc7, 0xc2, 0xff,
    0xff, 0xff, 0xff, 0x90, 0x80, 0x7c, 0x15, 0xb1, 0x00, 0x48, 0x8d, 0x52,
    0x01, 0x75, 0xf5, 0x48, 0x8d, 0x75, 0xb0, 0xbf, 0x0d, 0x00, 0x00, 0x00,
    0xe8, 0x77, 0x03, 0x00, 0x00, 0x48, 0x83, 0xc4, 0x50, 0x5d, 0xc3, 0x90,
    0x48, 0x63, 0x05, 0x51, 0x46, 0x00, 0x00, 0x48, 0x83, 0xf8, 0x07, 0x0f,
    0x8f, 0xf8, 0x02, 0x00, 0x00, 0x55, 0x48, 0x89, 0xe5, 0x41, 0x57, 0x41,
    0x56, 0x41, 0x55, 0x41, 0x54, 0x53, 0x48, 0x81, 0xec, 0x58, 0x01, 0x00,
    0x00, 0x44, 0x89, 0xc3, 0x4c, 0x8b, 0x55, 0x18, 0x81, 0xfa, 0x00, 0x04,
    0x00, 0x00, 0x41, 0xb8, 0x00, 0x04, 0x00, 0x00, 0x44, 0x0f, 0x42, 0xc2,
    0x81, 0xf9, 0x58, 0x02, 0x00, 0x00, 0x41, 0xbe, 0x58, 0x02, 0x00, 0x00,
    0x44, 0x0f, 0x42, 0xf1, 0x8b, 0x55, 0x10, 0x48, 0x8d, 0x0c, 0xc5, 0x00,
    0x00, 0x00, 0x00, 0x4c, 0x8d, 0x24, 0xc9, 0x49, 0x81, 0xc4, 0x20, 0x70,
    0x40, 0x00, 0x89, 0xbc, 0xc9, 0x20, 0x70, 0x40, 0x00, 0x89, 0xb4, 0xc9,
    0x24, 0x70, 0x40, 0x00, 0x44, 0x89, 0x45, 0xd4, 0x44, 0x89, 0x84, 0xc9,
    0x28, 0x70, 0x40, 0x00, 0x44, 0x89, 0xb4, 0xc9, 0x2c, 0x70, 0x40, 0x00,
    0x41, 0x83, 0xf1, 0x01, 0x44, 0x89, 0x8c, 0xc9, 0x38, 0x70, 0x40, 0x00,
    0xc7, 0x84, 0xc9, 0x3c, 0x70, 0x40, 0x00, 0x01, 0x00, 0x00, 0x00, 0x89,
    0x94, 0xc9, 0x40, 0x70, 0x40, 0x00, 0x4c, 0x89, 0x94, 0xc9, 0x48, 0x70,
    0x40, 0x00, 0x48, 0xc7, 0x84, 0xc9, 0x30, 0x70, 0x40, 0x00, 0x00, 0x00,
    0x00, 0x00, 0xc7, 0x84, 0xc9, 0x60, 0x70, 0x40, 0x00, 0x00, 0x00, 0x00,
    0x00, 0x66, 0x0f, 0xef, 0xc0, 0xf3, 0x0f, 0x7f, 0x84, 0xc9, 0x50, 0x70,
    0x40, 0x00, 0x48, 0x69, 0xc0, 0x00, 0x80, 0x25, 0x00, 0x49, 0xbd, 0x00,
    0x00, 0x00, 0x00, 0x00, 0x60, 0x00, 0x00, 0x48, 0x89, 0x45, 0xc0, 0x49,
    0x01, 0xc5, 0x45, 0x31, 0xff, 0x0f, 0x1f, 0x80, 0x00, 0x00, 0x00, 0x00,
    0x4b, 0x8d, 0x3c, 0x2f, 0xbe, 0x06, 0x00, 0x00, 0x00, 0xe8, 0xc2, 0x03,
    0x00, 0x00, 0x85, 0xc0, 0x0f, 0x88, 0x33, 0x01, 0x00, 0x00, 0x49, 0x81,
    0xc7, 0x00, 0x10, 0x00, 0x00, 0x49, 0x81, 0xff, 0x00, 0x80, 0x25, 0x00,
    0x75, 0xda, 0x4d, 0x89, 0x6c, 0x24, 0x10, 0x8b, 0x55, 0x10, 0x85, 0xd2,
    0x0f, 0x94, 0xc0, 0x48, 0x83, 0x7d, 0x18, 0x00, 0x0f, 0x94, 0xc1, 0x08,
    0xc1, 0x0f, 0x85, 0x0b, 0x01, 0x00, 0x00, 0x4c, 0x89, 0x65, 0xc8, 0x41,
    0x89, 0xd7, 0x45, 0x31, 0xe4, 0x0f, 0x1f, 0x00, 0x4b, 0x8d, 0x3c, 0x2c,
    0xb9, 0x06, 0x00, 0x00, 0x00, 0x4c, 0x89, 0xfe, 0x48, 0x89, 0xfa, 0xe8,
    0x8c, 0x03, 0x00, 0x00, 0x49, 0x81, 0xc4, 0x00, 0x10, 0x00, 0x00, 0x49,
    0x81, 0xfc, 0x00, 0x80, 0x25, 0x00, 0x75, 0xdc, 0x8b, 0x05, 0xee, 0x44,
    0x00, 0x00, 0x48, 0xc7, 0x85, 0x88, 0xfe, 0xff, 0xff, 0x02, 0x00, 0x00,
    0x00, 0x66, 0x0f, 0xef, 0xc0, 0xf3, 0x0f, 0x7f, 0x85, 0x90, 0xfe, 0xff,
    0xff, 0xf3, 0x0f, 0x7f, 0x85, 0xa0, 0xfe, 0xff, 0xff, 0x48, 0xc7, 0x85,
    0xb0, 0xfe, 0xff, 0xff, 0x00, 0x00, 0x00, 0x00, 0x48, 0xb9, 0x00, 0x00,
    0x00, 0x00, 0x18, 0x00, 0x00, 0x00, 0x48, 0x89, 0x8d, 0xb8, 0xfe, 0xff,
    0xff, 0xc7, 0x85, 0xc0, 0xfe, 0xff, 0xff, 0x05, 0x00, 0x00, 0x00, 0xc6,
    0x85, 0xc8, 0xfe, 0xff, 0xff, 0x00, 0x48, 0x8b, 0x55, 0xc0, 0x88, 0xb5,
    0xc9, 0xfe, 0xff, 0xff, 0x89, 0xd1, 0xc1, 0xe9, 0x10, 0x88, 0x8d, 0xca,
    0xfe, 0xff, 0xff, 0x89, 0xd1, 0xc1, 0xe9, 0x18, 0x88, 0x8d, 0xcb, 0xfe,
    0xff, 0xff, 0x48, 0xc1, 0xea, 0x20, 0x88, 0x95, 0xcc, 0xfe, 0xff, 0xff,
    0x4c, 0x89, 0xe9, 0x48, 0xc1, 0xe9, 0x28, 0x88, 0x8d, 0xcd, 0xfe, 0xff,
    0xff, 0x4c, 0x89, 0xe9, 0x48, 0xc1, 0xe9, 0x30, 0x88, 0x8d, 0xce, 0xfe,
    0xff, 0xff, 0x49, 0xc1, 0xed, 0x38, 0x44, 0x88, 0xad, 0xcf, 0xfe, 0xff,
    0xff, 0x88, 0x85, 0xd0, 0xfe, 0xff, 0xff, 0x88, 0xa5, 0xd1, 0xfe, 0xff,
    0xff, 0x89, 0xc1, 0xc1, 0xe9, 0x10, 0x88, 0x8d, 0xd2, 0xfe, 0xff, 0xff,
    0xc1, 0xe8, 0x18, 0x88, 0x85, 0xd3, 0xfe, 0xff, 0xff, 0x48, 0x8d, 0xb5,
    0x88, 0xfe, 0xff, 0xff, 0x48, 0x8b, 0x7d, 0x18, 0xe8, 0xdb, 0x01, 0x00,
    0x00, 0x4c, 0x8b, 0x65, 0xc8, 0x4d, 0x8b, 0x6c, 0x24, 0x10, 0x4d, 0x85,
    0xed, 0x74, 0x5a, 0x44, 0x0f, 0xaf, 0x75, 0xd4, 0x45, 0x85, 0xf6, 0x74,
    0x50, 0x44, 0x89, 0xf0, 0x41, 0x83, 0xfe, 0x08, 0x73, 0x04, 0x31, 0xc9,
    0xeb, 0x36, 0x89, 0xc1, 0x81, 0xe1, 0xf8, 0xff, 0x1f, 0x00, 0x66, 0x0f,
    0x6e, 0xc3, 0x66, 0x0f, 0x70, 0xc0, 0x00, 0x31, 0xd2, 0x0f, 0x1f, 0x00,
    0xf3, 0x41, 0x0f, 0x7f, 0x44, 0x95, 0x00, 0xf3, 0x41, 0x0f, 0x7f, 0x44,
    0x95, 0x10, 0x48, 0x83, 0xc2, 0x08, 0x48, 0x39, 0xd1, 0x75, 0xe9, 0x39,
    0xc1, 0x74, 0x12, 0x0f, 0x1f, 0x44, 0x00, 0x00, 0x41, 0x89, 0x5c, 0x8d,
    0x00, 0x48, 0xff, 0xc1, 0x48, 0x39, 0xc8, 0x75, 0xf3, 0x41, 0x8b, 0x04,
    0x24, 0x41, 0x8b, 0x4c, 0x24, 0x08, 0x8d, 0x34, 0x01, 0x8b, 0x15, 0x91,
    0x43, 0x00, 0x00, 0x39, 0xd6, 0x7e, 0x08, 0x29, 0xca, 0x41, 0x89, 0x14,
    0x24, 0x89, 0xd0, 0x41, 0x8b, 0x4c, 0x24, 0x04, 0x41, 0x8b, 0x54, 0x24,
    0x0c, 0x8d, 0x3c, 0x0a, 0x8b, 0x35, 0x76, 0x43, 0x00, 0x00, 0x39, 0xf7,
    0x7f, 0x38, 0x85, 0xc0, 0x78, 0x41, 0x85, 0xc9, 0x78, 0x4b, 0x48, 0x63,
    0x15, 0x77, 0x43, 0x00, 0x00, 0x89, 0x04, 0x95, 0x80, 0x72, 0x40, 0x00,
    0x89, 0x0c, 0x95, 0xa0, 0x72, 0x40, 0x00, 0x8d, 0x42, 0x01, 0x89, 0x05,
    0x60, 0x43, 0x00, 0x00, 0x48, 0x81, 0xc4, 0x58, 0x01, 0x00, 0x00, 0x5b,
    0x41, 0x5c, 0x41, 0x5d, 0x41, 0x5e, 0x41, 0x5f, 0x5d, 0xc3, 0x29, 0xd6,
    0x41, 0x89, 0x74, 0x24, 0x04, 0x89, 0xf1, 0x85, 0xc0, 0x79, 0xbf, 0x41,
    0xc7, 0x04, 0x24, 0x00, 0x00, 0x00, 0x00, 0x31, 0xc0, 0x85, 0xc9, 0x79,
    0xb5, 0x41, 0xc7, 0x44, 0x24, 0x04, 0x00, 0x00, 0x00, 0x00, 0x31, 0xc9,
    0xeb, 0xa8, 0xcc, 0xcc, 0xcc, 0xcc, 0xcc, 0xcc, 0xcc, 0xcc, 0xcc, 0xcc,
    0xcc, 0xcc, 0xcc, 0xcc, 0x55, 0x48, 0x89, 0xe5, 0x48, 0x89, 0xf8, 0x0f,
    0x05, 0x5d, 0xc3, 0x0f, 0x1f, 0x44, 0x00, 0x00, 0x55, 0x48, 0x89, 0xe5,
    0x53, 0x48, 0x89, 0xf3, 0x48, 0x89, 0xf8, 0x48, 0x89, 0xdf, 0x0f, 0x05,
    0x5b, 0x5d, 0xc3, 0x66, 0x66, 0x66, 0x66, 0x2e, 0x0f, 0x1f, 0x84, 0x00,
    0x00, 0x00, 0x00, 0x00, 0x55, 0x48, 0x89, 0xe5, 0x41, 0x56, 0x53, 0x48,
    0x89, 0xd3, 0x49, 0x89, 0xf6, 0x48, 0x89, 0xf8, 0x4c, 0x89, 0xf7, 0x48,
    0x89, 0xde, 0x0f, 0x05, 0x5b, 0x41, 0x5e, 0x5d, 0xc3, 0x0f, 0x1f, 0x00,
    0x55, 0x48, 0x89, 0xe5, 0x41, 0x57, 0x41, 0x56, 0x53, 0x48, 0x89, 0xcb,
    0x49, 0x89, 0xd6, 0x49, 0x89, 0xf7, 0x48, 0x89, 0xf8, 0x4c, 0x89, 0xff,
    0x4c, 0x89, 0xf6, 0x48, 0x89, 0xda, 0x0f, 0x05, 0x5b, 0x41, 0x5e, 0x41,
    0x5f, 0x5d, 0xc3, 0x66, 0x0f, 0x1f, 0x84, 0x00, 0x00, 0x00, 0x00, 0x00,
    0x55, 0x48, 0x89, 0xe5, 0x41, 0x57, 0x41, 0x56, 0x41, 0x54, 0x53, 0x4c,
    0x89, 0xc3, 0x49, 0x89, 0xce, 0x49, 0x89, 0xd7, 0x49, 0x89, 0xf4, 0x48,
    0x89, 0xf8, 0x4c, 0x89, 0xe7, 0x4c, 0x89, 0xfe, 0x4c, 0x89, 0xf2, 0x49,
    0x89, 0xda, 0x0f, 0x05, 0x5b, 0x41, 0x5c, 0x41, 0x5e, 0x41, 0x5f, 0x5d,
    0xc3, 0x66, 0x66, 0x66, 0x66, 0x66, 0x66, 0x2e, 0x0f, 0x1f, 0x84, 0x00,
    0x00, 0x00, 0x00, 0x00, 0x55, 0x48, 0x89, 0xe5, 0xb8, 0x02, 0x00, 0x00,
    0x00, 0x0f, 0x05, 0x5d, 0xc3, 0x0f, 0x1f, 0x00, 0x55, 0x48, 0x89, 0xe5,
    0x41, 0x56, 0x53, 0x48, 0x89, 0xf3, 0x49, 0x89, 0xfe, 0xb8, 0x03, 0x00,
    0x00, 0x00, 0x4c, 0x89, 0xf7, 0x48, 0x89, 0xde, 0x0f, 0x05, 0x5b, 0x41,
    0x5e, 0x5d, 0xc3, 0x90, 0x55, 0x48, 0x89, 0xe5, 0x41, 0x57, 0x41, 0x56,
    0x53, 0x48, 0x89, 0xf3, 0x49, 0x89, 0xfe, 0x4c, 0x63, 0xfa, 0xb8, 0x04,
    0x00, 0x00, 0x00, 0x4c, 0x89, 0xf7, 0x48, 0x89, 0xde, 0x4c, 0x89, 0xfa,
    0x0f, 0x05, 0x5b, 0x41, 0x5e, 0x41, 0x5f, 0x5d, 0xc3, 0x0f, 0x1f, 0x80,
    0x00, 0x00, 0x00, 0x00, 0x55, 0x48, 0x89, 0xe5, 0x53, 0x48, 0x89, 0xfb,
    0xb8, 0x05, 0x00, 0x00, 0x00, 0x48, 0x89, 0xdf, 0x0f, 0x05, 0x5b, 0x5d,
    0xc3, 0x66, 0x66, 0x2e, 0x0f, 0x1f, 0x84, 0x00, 0x00, 0x00, 0x00, 0x00,
    0x55, 0x48, 0x89, 0xe5, 0x41, 0x56, 0x53, 0x48, 0x89, 0xf3, 0x41, 0x89,
    0xfe, 0xb8, 0x19, 0x00, 0x00, 0x00, 0x4c, 0x89, 0xf7, 0x48, 0x89, 0xde,
    0x0f, 0x05, 0x5b, 0x41, 0x5e, 0x5d, 0xc3, 0x90, 0x55, 0x48, 0x89, 0xe5,
    0x53, 0x89, 0xfb, 0xb8, 0x1a, 0x00, 0x00, 0x00, 0x48, 0x89, 0xdf, 0x0f,
    0x05, 0x5b, 0x5d, 0xc3, 0x66, 0x66, 0x66, 0x2e, 0x0f, 0x1f, 0x84, 0x00,
    0x00, 0x00, 0x00, 0x00, 0x55, 0x48, 0x89, 0xe5, 0x41, 0x56, 0x53, 0x48,
    0x89, 0xf3, 0x49, 0x89, 0xfe, 0xb8, 0x06, 0x00, 0x00, 0x00, 0x4c, 0x89,
    0xf7, 0x48, 0x89, 0xde, 0x0f, 0x05, 0x5b, 0x41, 0x5e, 0x5d, 0xc3, 0x90,
    0x55, 0x48, 0x89, 0xe5, 0x41, 0x57, 0x41, 0x56, 0x41, 0x54, 0x53, 0x48,
    0x89, 0xcb, 0x49, 0x89, 0xd6, 0x49, 0x89, 0xf7, 0x49, 0x89, 0xfc, 0xb8,
    0x1b, 0x00, 0x00, 0x00, 0x4c, 0x89, 0xe7, 0x4c, 0x89, 0xfe, 0x4c, 0x89,
    0xf2, 0x49, 0x89, 0xda, 0x0f, 0x05, 0x5b, 0x41, 0x5c, 0x41, 0x5e, 0x41,
    0x5f, 0x5d, 0xc3, 0x66, 0x66, 0x66, 0x66, 0x2e, 0x0f, 0x1f, 0x84, 0x00,
    0x00, 0x00, 0x00, 0x00, 0x55, 0x48, 0x89, 0xe5, 0x53, 0x48, 0x89, 0xfb,
    0xb8, 0x1c, 0x00, 0x00, 0x00, 0x48, 0x89, 0xdf, 0x0f, 0x05, 0x5b, 0x5d,
    0xc3, 0x66, 0x66, 0x2e, 0x0f, 0x1f, 0x84, 0x00, 0x00, 0x00, 0x00, 0x00,
    0x55, 0x48, 0x89, 0xe5, 0x53, 0x48, 0x89, 0xfb, 0xb8, 0x18, 0x00, 0x00,
    0x00, 0x48, 0x89, 0xdf, 0x0f, 0x05, 0x5b, 0x5d, 0xc3, 0x66, 0x66, 0x2e,
    0x0f, 0x1f, 0x84, 0x00, 0x00, 0x00, 0x00, 0x00, 0x55, 0x48, 0x89, 0xe5,
    0x41, 0x56, 0x53, 0x48, 0x89, 0xfb, 0x41, 0x89, 0xf6, 0xb8, 0x12, 0x00,
    0x00, 0x00, 0x48, 0x89, 0xdf, 0x4c, 0x89, 0xf6, 0x0f, 0x05, 0x5b, 0x41,
    0x5e, 0x5d, 0xc3, 0x90, 0x55, 0x48, 0x89, 0xe5, 0x41, 0x57, 0x41, 0x56,
    0x53, 0x48, 0x89, 0xd3, 0x49, 0x89, 0xf6, 0x4c, 0x63, 0xff, 0xb8, 0x13,
    0x00, 0x00, 0x00, 0x4c, 0x89, 0xff, 0x4c, 0x89, 0xf6, 0x48, 0x89, 0xda,
    0x0f, 0x05, 0x5b, 0x41, 0x5e, 0x41, 0x5f, 0x5d, 0xc3, 0x0f, 0x1f, 0x80,
    0x00, 0x00, 0x00, 0x00, 0x55, 0x48, 0x89, 0xe5, 0x41, 0x57, 0x41, 0x56,
    0x53, 0x48, 0x89, 0xd3, 0x49, 0x89, 0xf6, 0x4c, 0x63, 0xff, 0xb8, 0x14,
    0x00, 0x00, 0x00, 0x4c, 0x89, 0xff, 0x4c, 0x89, 0xf6, 0x48, 0x89, 0xda,
    0x0f, 0x05, 0x5b, 0x41, 0x5e, 0x41, 0x5f, 0x5d, 0xc3, 0x0f, 0x1f, 0x80,
    0x00, 0x00, 0x00, 0x00, 0x55, 0x48, 0x89, 0xe5, 0x53, 0x48, 0x63, 0xdf,
    0xb8, 0x15, 0x00, 0x00, 0x00, 0x48, 0x89, 0xdf, 0x0f, 0x05, 0x5b, 0x5d,
    0xc3, 0x66, 0x66, 0x2e, 0x0f, 0x1f, 0x84, 0x00, 0x00, 0x00, 0x00, 0x00,
    0x55, 0x48, 0x89, 0xe5, 0x53, 0x48, 0x89, 0xfb, 0xb8, 0x16, 0x00, 0x00,
    0x00, 0x48, 0x89, 0xdf, 0x0f, 0x05, 0x5b, 0x5d, 0xc3, 0x66, 0x66, 0x2e,
    0x0f, 0x1f, 0x84, 0x00, 0x00, 0x00, 0x00, 0x00, 0x55, 0x48, 0x89, 0xe5,
    0x41, 0x57, 0x41, 0x56, 0x53, 0x48, 0x89, 0xf3, 0x4c, 0x63, 0xf7, 0x4c,
    0x63, 0xfa, 0xb8, 0x17, 0x00, 0x00, 0x00, 0x4c, 0x89, 0xf7, 0x48, 0x89,
    0xde, 0x4c, 0x89, 0xfa, 0x0f, 0x05, 0x5b, 0x41, 0x5e, 0x41, 0x5f, 0x5d,
    0xc3, 0x0f, 0x1f, 0x80, 0x00, 0x00, 0x00, 0x00, 0x55, 0x48, 0x89, 0xe5,
    0x53, 0x48, 0x89, 0xfb, 0xb8, 0x1e, 0x00, 0x00, 0x00, 0x48, 0x89, 0xdf,
    0x0f, 0x05, 0x5b, 0x5d, 0xc3, 0x66, 0x66, 0x2e, 0x0f, 0x1f, 0x84, 0x00,
    0x00, 0x00, 0x00, 0x00, 0x55, 0x48, 0x89, 0xe5, 0x41, 0x57, 0x41, 0x56,
    0x41, 0x54, 0x53, 0x89, 0xfb, 0x41, 0x89, 0xf6, 0x41, 0x89, 0xd7, 0x41,
    0x89, 0xcc, 0xb8, 0x1f, 0x00, 0x00, 0x00, 0x48, 0x89, 0xdf, 0x4c, 0x89,
    0xf6, 0x4c, 0x89, 0xfa, 0x4d, 0x89, 0xe2, 0x0f, 0x05, 0x5b, 0x41, 0x5c,
    0x41, 0x5e, 0x41, 0x5f, 0x5d, 0xc3, 0x66, 0x66, 0x66, 0x66, 0x66, 0x2e,
    0x0f, 0x1f, 0x84, 0x00, 0x00, 0x00, 0x00, 0x00, 0x55, 0x48, 0x89, 0xe5,
    0x41, 0x57, 0x41, 0x56, 0x41, 0x54, 0x53, 0x48, 0x63, 0xdf, 0x4c, 0x63,
    0xf6, 0x41, 0x89, 0xd7, 0x41, 0x89, 0xcc, 0xb8, 0x20, 0x00, 0x00, 0x00,
    0x48, 0x89, 0xdf, 0x4c, 0x89, 0xf6, 0x4c, 0x89, 0xfa, 0x4d, 0x89, 0xe2,
    0x0f, 0x05, 0x5b, 0x41, 0x5c, 0x41, 0x5e, 0x41, 0x5f, 0x5d, 0xc3, 0x66,
    0x66, 0x66, 0x66, 0x2e, 0x0f, 0x1f, 0x84, 0x00, 0x00, 0x00, 0x00, 0x00,
    0x55, 0x48, 0x89, 0xe5, 0x41, 0x56, 0x53, 0x48, 0x63, 0xdf, 0x4c, 0x63,
    0xf6, 0xb8, 0x21, 0x00, 0x00, 0x00, 0x48, 0x89, 0xdf, 0x4c, 0x89, 0xf6,
    0x0f, 0x05, 0x5b, 0x41, 0x5e, 0x5d, 0xc3, 0x00, 0x00, 0x00, 0x00, 0x00,
    0x00, 0x00, 0x00, 0x00, 0x00, 0x00, 0x00, 0x00, 0x00, 0x00, 0x00, 0x00,
    0x00, 0x00, 0x00, 0x00, 0x00, 0x00, 0x00, 0x00, 0x00, 0x00, 0x00, 0x00,
    0x00, 0x00, 0x00, 0x00, 0x00, 0x00, 0x00, 0x00, 0x00, 0x00, 0x00, 0x00,
    0x00, 0x00, 0x00, 0x00, 0x00, 0x00, 0x00, 0x00, 0x00, 0x00, 0x00, 0x00,
    0x00, 0x00, 0x00, 0x00, 0x00, 0x00, 0x00, 0x00, 0x00, 0x00, 0x00, 0x00,
    0x00, 0x00, 0x00, 0x00, 0x00, 0x00, 0x00, 0x00, 0x00, 0x00, 0x00, 0x00,
    0x00, 0x00, 0x00, 0x00, 0x00, 0x00, 0x00, 0x00, 0x00, 0x00, 0x00, 0x00,
    0x00, 0x00, 0x00, 0x00, 0x00, 0x00, 0x00, 0x00, 0x00, 0x00, 0x00, 0x00,
    0x00, 0x00, 0x00, 0x00, 0x00, 0x00, 0x00, 0x00, 0x00, 0x00, 0x00, 0x00,
    0x00, 0x00, 0x00, 0x00, 0x00, 0x00, 0x00, 0x00, 0x00, 0x00, 0x00, 0x00,
    0x00, 0x00, 0x00, 0x00, 0x00, 0x00, 0x00, 0x00, 0x00, 0x00, 0x00, 0x00,
    0x00, 0x00, 0x00, 0x00, 0x00, 0x00, 0x00, 0x00, 0x00, 0x00, 0x00, 0x00,
    0x00, 0x00, 0x00, 0x00, 0x00, 0x00, 0x00, 0x00, 0x00, 0x00, 0x00, 0x00,
    0x00, 0x00, 0x00, 0x00, 0x00, 0x00, 0x00, 0x00, 0x00, 0x00, 0x00, 0x00,
    0x00, 0x00, 0x00, 0x00, 0x00, 0x00, 0x00, 0x00, 0x00, 0x00, 0x00, 0x00,
    0x00, 0x00, 0x00, 0x00, 0x00, 0x00, 0x00, 0x00, 0x00, 0x00, 0x00, 0x00,
    0x00, 0x00, 0x00, 0x00, 0x00, 0x00, 0x00, 0x00, 0x00, 0x00, 0x00, 0x00,
    0x00, 0x00, 0x00, 0x00, 0x00, 0x00, 0x00, 0x00, 0x00, 0x00, 0x00, 0x00,
    0x00, 0x00, 0x00, 0x00, 0x00, 0x00, 0x00, 0x00, 0x00, 0x00, 0x00, 0x00,
    0x00, 0x00, 0x00, 0x00, 0x00, 0x00, 0x00, 0x00, 0x00, 0x00, 0x00, 0x00,
    0x00, 0x00, 0x00, 0x00, 0x00, 0x00, 0x00, 0x00, 0x00, 0x00, 0x00, 0x00,
    0x00, 0x00, 0x00, 0x00, 0x00, 0x00, 0x00, 0x00, 0x00, 0x00, 0x00, 0x00,
    0x00, 0x00, 0x00, 0x00, 0x00, 0x00, 0x00, 0x00, 0x00, 0x00, 0x00, 0x00,
    0x00, 0x00, 0x00, 0x00, 0x00, 0x00, 0x00, 0x00, 0x00, 0x00, 0x00, 0x00,
    0x00, 0x00, 0x00, 0x00, 0x00, 0x00, 0x00, 0x00, 0x00, 0x00, 0x00, 0x00,
    0x00, 0x00, 0x00, 0x00, 0x00, 0x00, 0x00, 0x00, 0x00, 0x00, 0x00, 0x00,
    0x00, 0x00, 0x00, 0x00, 0x00, 0x00, 0x00, 0x00, 0x00, 0x00, 0x00, 0x00,
    0x00, 0x00, 0x00, 0x00, 0x00, 0x00, 0x00, 0x00, 0x00, 0x00, 0x00, 0x00,
    0x00, 0x00, 0x00, 0x00, 0x00, 0x00, 0x00, 0x00, 0x00, 0x00, 0x00, 0x00,
    0x00, 0x00, 0x00, 0x00, 0x00, 0x00, 0x00, 0x00, 0x00, 0x00, 0x00, 0x00,
    0x00, 0x00, 0x00, 0x00, 0x00, 0x00, 0x00, 0x00, 0x00, 0x00, 0x00, 0x00,
    0x00, 0x00, 0x00, 0x00, 0x00, 0x00, 0x00, 0x00, 0x00, 0x00, 0x00, 0x00,
    0x00, 0x00, 0x00, 0x00, 0x00, 0x00, 0x00, 0x00, 0x00, 0x00, 0x00, 0x00,
    0x00, 0x00, 0x00, 0x00, 0x00, 0x00, 0x00, 0x00, 0x00, 0x00, 0x00, 0x00,
    0x00, 0x00, 0x00, 0x00, 0x00, 0x00, 0x00, 0x00, 0x00, 0x00, 0x00, 0x00,
    0x00, 0x00, 0x00, 0x00, 0x00, 0x00, 0x00, 0x00, 0x00, 0x00, 0x00, 0x00,
    0x00, 0x00, 0x00, 0x00, 0x00, 0x00, 0x00, 0x00, 0x00, 0x00, 0x00, 0x00,
    0x00, 0x00, 0x00, 0x00, 0x00, 0x00, 0x00, 0x00, 0x00, 0x00, 0x00, 0x00,
    0x00, 0x00, 0x00, 0x00, 0x00, 0x00, 0x00, 0x00, 0x00, 0x00, 0x00, 0x00,
    0x00, 0x00, 0x00, 0x00, 0x00, 0x00, 0x00, 0x00, 0x00, 0x00, 0x00, 0x00,
    0x00, 0x00, 0x00, 0x00, 0x00, 0x00, 0x00, 0x00, 0x00, 0x00, 0x00, 0x00,
    0x00, 0x00, 0x00, 0x00, 0x00, 0x00, 0x00, 0x00, 0x00, 0x00, 0x00, 0x00,
    0x00, 0x00, 0x00, 0x00, 0x00, 0x00, 0x00, 0x00, 0x00, 0x00, 0x00, 0x00,
    0x00, 0x00, 0x00, 0x00, 0x00, 0x00, 0x00, 0x00, 0x00, 0x00, 0x00, 0x00,
    0x00, 0x00, 0x00, 0x00, 0x00, 0x00, 0x00, 0x00, 0x00, 0x00, 0x00, 0x00,
    0x00, 0x00, 0x00, 0x00, 0x00, 0x00, 0x00, 0x00, 0x00, 0x00, 0x00, 0x00,
    0x00, 0x00, 0x00, 0x00, 0x00, 0x00, 0x00, 0x00, 0x00, 0x00, 0x00, 0x00,
    0x00, 0x00, 0x00, 0x00, 0x00, 0x00, 0x00, 0x00, 0x00, 0x00, 0x00, 0x00,
    0x00, 0x00, 0x00, 0x00, 0x00, 0x00, 0x00, 0x00, 0x00, 0x00, 0x00, 0x00,
    0x00, 0x00, 0x00, 0x00, 0x00, 0x00, 0x00, 0x00, 0x00, 0x00, 0x00, 0x00,
    0x00, 0x00, 0x00, 0x00, 0x00, 0x00, 0x00, 0x00, 0x00, 0x00, 0x00, 0x00,
    0x00, 0x00, 0x00, 0x00, 0x00, 0x00, 0x00, 0x00, 0x00, 0x00, 0x00, 0x00,
    0x00, 0x00, 0x00, 0x00, 0x00, 0x00, 0x00, 0x00, 0x00, 0x00, 0x00, 0x00,
    0x00, 0x00, 0x00, 0x00, 0x00, 0x00, 0x00, 0x00, 0x00, 0x00, 0x00, 0x00,
    0x00, 0x00, 0x00, 0x00, 0x00, 0x00, 0x00, 0x00, 0x00, 0x00, 0x00, 0x00,
    0x00, 0x00, 0x00, 0x00, 0x00, 0x00, 0x00, 0x00, 0x00, 0x00, 0x00, 0x00,
    0x00, 0x00, 0x00, 0x00, 0x00, 0x00, 0x00, 0x00, 0x00, 0x00, 0x00, 0x00,
    0x00, 0x00, 0x00, 0x00, 0x00, 0x00, 0x00, 0x00, 0x00, 0x00, 0x00, 0x00,
    0x00, 0x00, 0x00, 0x00, 0x00, 0x00, 0x00, 0x00, 0x00, 0x00, 0x00, 0x00,
    0x00, 0x00, 0x00, 0x00, 0x00, 0x00, 0x00, 0x00, 0x00, 0x00, 0x00, 0x00,
    0x00, 0x00, 0x00, 0x00, 0x00, 0x00, 0x00, 0x00, 0x00, 0x00, 0x00, 0x00,
    0x00, 0x00, 0x00, 0x00, 0x00, 0x00, 0x00, 0x00, 0x00, 0x00, 0x00, 0x00,
    0x00, 0x00, 0x00, 0x00, 0x00, 0x00, 0x00, 0x00, 0x00, 0x00, 0x00, 0x00,
    0x00, 0x00, 0x00, 0x00, 0x00, 0x00, 0x00, 0x00, 0x00, 0x00, 0x00, 0x00,
    0x00, 0x00, 0x00, 0x00, 0x00, 0x00, 0x00, 0x00, 0x00, 0x00, 0x00, 0x00,
    0x00, 0x00, 0x00, 0x00, 0x00, 0x00, 0x00, 0x00, 0x00, 0x00, 0x00, 0x00,
    0x00, 0x00, 0x00, 0x00, 0x00, 0x00, 0x00, 0x00, 0x00, 0x00, 0x00, 0x00,
    0x00, 0x00, 0x00, 0x00, 0x00, 0x00, 0x00, 0x00, 0x00, 0x00, 0x00, 0x00,
    0x00, 0x00, 0x00, 0x00, 0x00, 0x00, 0x00, 0x00, 0x00, 0x00, 0x00, 0x00,
    0x00, 0x00, 0x00, 0x00, 0x00, 0x00, 0x00, 0x00, 0x00, 0x00, 0x00, 0x00,
    0x00, 0x00, 0x00, 0x00, 0x00, 0x00, 0x00, 0x00, 0x00, 0x00, 0x00, 0x00,
    0x00, 0x00, 0x00, 0x00, 0x00, 0x00, 0x00, 0x00, 0x00, 0x00, 0x00, 0x00,
    0x00, 0x00, 0x00, 0x00, 0x00, 0x00, 0x00, 0x00, 0x00, 0x00, 0x00, 0x00,
    0x00, 0x00, 0x00, 0x00, 0x00, 0x00, 0x00, 0x00, 0x00, 0x00, 0x00, 0x00,
    0x00, 0x00, 0x00, 0x00, 0x00, 0x00, 0x00, 0x00, 0x00, 0x00, 0x00, 0x00,
    0x00, 0x00, 0x00, 0x00, 0x00, 0x00, 0x00, 0x00, 0x00, 0x00, 0x00, 0x00,
    0x00, 0x00, 0x00, 0x00, 0x00, 0x00, 0x00, 0x00, 0x00, 0x00, 0x00, 0x00,
    0x00, 0x00, 0x00, 0x00, 0x00, 0x00, 0x00, 0x00, 0x00, 0x00, 0x00, 0x00,
    0x00, 0x00, 0x00, 0x00, 0x00, 0x00, 0x00, 0x00, 0x00, 0x00, 0x00, 0x00,
    0x00, 0x00, 0x00, 0x00, 0x00, 0x00, 0x00, 0x00, 0x00, 0x00, 0x00, 0x00,
    0x00, 0x00, 0x00, 0x00, 0x00, 0x00, 0x00, 0x00, 0x00, 0x00, 0x00, 0x00,
    0x00, 0x00, 0x00, 0x00, 0x00, 0x00, 0x00, 0x00, 0x00, 0x00, 0x00, 0x00,
    0x00, 0x00, 0x00, 0x00, 0x00, 0x00, 0x00, 0x00, 0x00, 0x00, 0x00, 0x00,
    0x00, 0x00, 0x00, 0x00, 0x00, 0x00, 0x00, 0x00, 0x00, 0x00, 0x00, 0x00,
    0x00, 0x00, 0x00, 0x00, 0x00, 0x00, 0x00, 0x00, 0x00, 0x00, 0x00, 0x00,
    0x00, 0x00, 0x00, 0x00, 0x00, 0x00, 0x00, 0x00, 0x00, 0x00, 0x00, 0x00,
    0x00, 0x00, 0x00, 0x00, 0x00, 0x00, 0x00, 0x00, 0x00, 0x00, 0x00, 0x00,
    0x00, 0x00, 0x00, 0x00, 0x00, 0x00, 0x00, 0x00, 0x00, 0x00, 0x00, 0x00,
    0x00, 0x00, 0x00, 0x00, 0x00, 0x00, 0x00, 0x00, 0x00, 0x00, 0x00, 0x00,
    0x00, 0x00, 0x00, 0x00, 0x00, 0x00, 0x00, 0x00, 0x00, 0x00, 0x00, 0x00,
    0x00, 0x00, 0x00, 0x00, 0x00, 0x00, 0x00, 0x00, 0x00, 0x00, 0x00, 0x00,
    0x00, 0x00, 0x00, 0x00, 0x00, 0x00, 0x00, 0x00, 0x00, 0x00, 0x00, 0x00,
    0x00, 0x00, 0x00, 0x00, 0x00, 0x00, 0x00, 0x00, 0x00, 0x00, 0x00, 0x00,
    0x00, 0x00, 0x00, 0x00, 0x00, 0x00, 0x00, 0x00, 0x00, 0x00, 0x00, 0x00,
    0x00, 0x00, 0x00, 0x00, 0x00, 0x00, 0x00, 0x00, 0x00, 0x00, 0x00, 0x00,
    0x00, 0x00, 0x00, 0x00, 0x00, 0x00, 0x00, 0x00, 0x00, 0x00, 0x00, 0x00,
    0x00, 0x00, 0x00, 0x00, 0x00, 0x00, 0x00, 0x00, 0x00, 0x00, 0x00, 0x00,
    0x00, 0x00, 0x00, 0x00, 0x00, 0x00, 0x00, 0x00, 0x00, 0x00, 0x00, 0x00,
    0x00, 0x00, 0x00, 0x00, 0x00, 0x00, 0x00, 0x00, 0x00, 0x00, 0x00, 0x00,
    0x00, 0x00, 0x00, 0x00, 0x00, 0x00, 0x00, 0x00, 0x00, 0x00, 0x00, 0x00,
    0x00, 0x00, 0x00, 0x00, 0x00, 0x00, 0x00, 0x00, 0x00, 0x00, 0x00, 0x00,
    0x00, 0x00, 0x00, 0x00, 0x00, 0x00, 0x00, 0x00, 0x00, 0x00, 0x00, 0x00,
    0x00, 0x00, 0x00, 0x00, 0x00, 0x00, 0x00, 0x00, 0x00, 0x00, 0x00, 0x00,
    0x00, 0x00, 0x00, 0x00, 0x00, 0x00, 0x00, 0x00, 0x00, 0x00, 0x00, 0x00,
    0x00, 0x00, 0x00, 0x00, 0x00, 0x00, 0x00, 0x00, 0x00, 0x00, 0x00, 0x00,
    0x00, 0x00, 0x00, 0x00, 0x00, 0x00, 0x00, 0x00, 0x00, 0x00, 0x00, 0x00,
    0x00, 0x00, 0x00, 0x00, 0x00, 0x00, 0x00, 0x00, 0x00, 0x00, 0x00, 0x00,
    0x00, 0x00, 0x00, 0x00, 0x00, 0x00, 0x00, 0x00, 0x00, 0x00, 0x00, 0x00,
    0x00, 0x00, 0x00, 0x00, 0x00, 0x00, 0x00, 0x00, 0x00, 0x00, 0x00, 0x00,
    0x00, 0x00, 0x00, 0x00, 0x00, 0x00, 0x00, 0x00, 0x00, 0x00, 0x00, 0x00,
    0x00, 0x00, 0x00, 0x00, 0x00, 0x00, 0x00, 0x00, 0x00, 0x00, 0x00, 0x00,
    0x00, 0x00, 0x00, 0x00, 0x00, 0x00, 0x00, 0x00, 0x00, 0x00, 0x00, 0x00,
    0x00, 0x00, 0x00, 0x00, 0x00, 0x00, 0x00, 0x00, 0x00, 0x00, 0x00, 0x00,
    0x00, 0x00, 0x00, 0x00, 0x00, 0x00, 0x00, 0x00, 0x00, 0x00, 0x00, 0x00,
    0x00, 0x00, 0x00, 0x00, 0x00, 0x00, 0x00, 0x00, 0x00, 0x00, 0x00, 0x00,
    0x00, 0x00, 0x00, 0x00, 0x00, 0x00, 0x00, 0x00, 0x00, 0x00, 0x00, 0x00,
    0x00, 0x00, 0x00, 0x00, 0x00, 0x00, 0x00, 0x00, 0x00, 0x00, 0x00, 0x00,
    0x00, 0x00, 0x00, 0x00, 0x00, 0x00, 0x00, 0x00, 0x00, 0x00, 0x00, 0x00,
    0x00, 0x00, 0x00, 0x00, 0x00, 0x00, 0x00, 0x00, 0x00, 0x00, 0x00, 0x00,
    0x00, 0x00, 0x00, 0x00, 0x00, 0x00, 0x00, 0x00, 0x00, 0x00, 0x00, 0x00,
    0x00, 0x00, 0x00, 0x00, 0x00, 0x00, 0x00, 0x00, 0x00, 0x00, 0x00, 0x00,
    0x00, 0x00, 0x00, 0x00, 0x00, 0x00, 0x00, 0x00, 0x00, 0x00, 0x00, 0x00,
    0x00, 0x00, 0x00, 0x00, 0x00, 0x00, 0x00, 0x00, 0x00, 0x00, 0x00, 0x00,
    0x00, 0x00, 0x00, 0x00, 0x00, 0x00, 0x00, 0x00, 0x00, 0x00, 0x00, 0x00,
    0x00, 0x00, 0x00, 0x00, 0x00, 0x00, 0x00, 0x00, 0x00, 0x00, 0x00, 0x00,
    0x00, 0x00, 0x00, 0x00, 0x00, 0x00, 0x00, 0x00, 0x00, 0x00, 0x00, 0x00,
    0x00, 0x00, 0x00, 0x00, 0x00, 0x00, 0x00, 0x00, 0x00, 0x00, 0x00, 0x00,
    0x00, 0x00, 0x00, 0x00, 0x00, 0x00, 0x00, 0x00, 0x00, 0x00, 0x00, 0x00,
    0x00, 0x00, 0x00, 0x00, 0x00, 0x00, 0x00, 0x00, 0x00, 0x00, 0x00, 0x00,
    0x00, 0x00, 0x00, 0x00, 0x00, 0x00, 0x00, 0x00, 0x00, 0x00, 0x00, 0x00,
    0x00, 0x00, 0x00, 0x00, 0x00, 0x00, 0x00, 0x00, 0x00, 0x00, 0x00, 0x00,
    0x00, 0x00, 0x00, 0x00, 0x00, 0x00, 0x00, 0x00, 0x00, 0x00, 0x00, 0x00,
    0x00, 0x00, 0x00, 0x00, 0x00, 0x00, 0x00, 0x00, 0x00, 0x00, 0x00, 0x00,
    0x00, 0x00, 0x00, 0x00, 0x00, 0x00, 0x00, 0x00, 0x00, 0x00, 0x00, 0x00,
    0x00, 0x00, 0x00, 0x00, 0x00, 0x00, 0x00, 0x00, 0x00, 0x00, 0x00, 0x00,
    0x00, 0x00, 0x00, 0x00, 0x00, 0x00, 0x00, 0x00, 0x00, 0x00, 0x00, 0x00,
    0x00, 0x00, 0x00, 0x00, 0x00, 0x00, 0x00, 0x00, 0x00, 0x00, 0x00, 0x00,
    0x00, 0x00, 0x00, 0x00, 0x00, 0x00, 0x00, 0x00, 0x00, 0x00, 0x00, 0x00,
    0x00, 0x00, 0x00, 0x00, 0x00, 0x00, 0x00, 0x00, 0x00, 0x00, 0x00, 0x00,
    0x00, 0x00, 0x00, 0x00, 0x00, 0x00, 0x00, 0x00, 0x00, 0x00, 0x00, 0x00,
    0x00, 0x00, 0x00, 0x00, 0x00, 0x00, 0x00, 0x00, 0x00, 0x00, 0x00, 0x00,
    0x00, 0x00, 0x00, 0x00, 0x00, 0x00, 0x00, 0x00, 0x00, 0x00, 0x00, 0x00,
    0x00, 0x00, 0x00, 0x00, 0x00, 0x00, 0x00, 0x00, 0x00, 0x00, 0x00, 0x00,
    0x00, 0x00, 0x00, 0x00, 0x00, 0x00, 0x00, 0x00, 0x00, 0x00, 0x00, 0x00,
    0x00, 0x00, 0x00, 0x00, 0x00, 0x00, 0x00, 0x00, 0x00, 0x00, 0x00, 0x00,
    0x00, 0x00, 0x00, 0x00, 0x00, 0x00, 0x00, 0x00, 0x00, 0x00, 0x00, 0x00,
    0x00, 0x00, 0x00, 0x00, 0x00, 0x00, 0x00, 0x00, 0x00, 0x00, 0x00, 0x00,
    0x00, 0x00, 0x00, 0x00, 0x00, 0x00, 0x00, 0x00, 0x00, 0x00, 0x00, 0x00,
    0x00, 0x00, 0x00, 0x00, 0x00, 0x00, 0x00, 0x00, 0x00, 0x00, 0x00, 0x00,
    0x00, 0x00, 0x00, 0x00, 0x00, 0x00, 0x00, 0x00, 0x00, 0x00, 0x00, 0x00,
    0x00, 0x00, 0x00, 0x00, 0x00, 0x00, 0x00, 0x00, 0x00, 0x00, 0x00, 0x00,
    0x00, 0x00, 0x00, 0x00, 0x00, 0x00, 0x00, 0x00, 0x00, 0x00, 0x00, 0x00,
    0x00, 0x00, 0x00, 0x00, 0x00, 0x00, 0x00, 0x00, 0x00, 0x00, 0x00, 0x00,
    0x00, 0x00, 0x00, 0x00, 0x00, 0x00, 0x00, 0x00, 0x00, 0x00, 0x00, 0x00,
    0x00, 0x00, 0x00, 0x00, 0x00, 0x00, 0x00, 0x00, 0x00, 0x00, 0x00, 0x00,
    0x00, 0x00, 0x00, 0x00, 0x00, 0x00, 0x00, 0x00, 0x00, 0x00, 0x00, 0x00,
    0x00, 0x00, 0x00, 0x00, 0x00, 0x00, 0x00, 0x00, 0x00, 0x00, 0x00, 0x00,
    0x00, 0x00, 0x00, 0x00, 0x00, 0x00, 0x00, 0x00, 0x00, 0x00, 0x00, 0x00,
    0x00, 0x00, 0x00, 0x00, 0x00, 0x00, 0x00, 0x00, 0x00, 0x00, 0x00, 0x00,
    0x00, 0x00, 0x00, 0x00, 0x00, 0x00, 0x00, 0x00, 0x00, 0x00, 0x00, 0x00,
    0x00, 0x00, 0x00, 0x00, 0x00, 0x00, 0x00, 0x00, 0x00, 0x00, 0x00, 0x00,
    0x00, 0x00, 0x00, 0x00, 0x00, 0x00, 0x00, 0x00, 0x00, 0x00, 0x00, 0x00,
    0x00, 0x00, 0x00, 0x00, 0x00, 0x00, 0x00, 0x00, 0x00, 0x00, 0x00, 0x00,
    0x00, 0x00, 0x00, 0x00, 0x00, 0x00, 0x00, 0x00, 0x00, 0x00, 0x00, 0x00,
    0x00, 0x00, 0x00, 0x00, 0x00, 0x00, 0x00, 0x00, 0x00, 0x00, 0x00, 0x00,
    0x00, 0x00, 0x00, 0x00, 0x00, 0x00, 0x00, 0x00, 0x00, 0x00, 0x00, 0x00,
    0x00, 0x00, 0x00, 0x00, 0x00, 0x00, 0x00, 0x00, 0x00, 0x00, 0x00, 0x00,
    0x00, 0x00, 0x00, 0x00, 0x00, 0x00, 0x00, 0x00, 0x00, 0x00, 0x00, 0x00,
    0x00, 0x00, 0x00, 0x00, 0x00, 0x00, 0x00, 0x00, 0x00, 0x00, 0x00, 0x00,
    0x00, 0x00, 0x00, 0x00, 0x00, 0x00, 0x00, 0x00, 0x00, 0x00, 0x00, 0x00,
    0x00, 0x00, 0x00, 0x00, 0x00, 0x00, 0x00, 0x00, 0x00, 0x00, 0x00, 0x00,
    0x00, 0x00, 0x00, 0x00, 0x00, 0x00, 0x00, 0x00, 0x00, 0x00, 0x00, 0x00,
    0x00, 0x00, 0x00, 0x00, 0x00, 0x00, 0x00, 0x00, 0x00, 0x00, 0x00, 0x00,
    0x00, 0x00, 0x00, 0x00, 0x00, 0x00, 0x00, 0x00, 0x00, 0x00, 0x00, 0x00,
    0x00, 0x00, 0x00, 0x00, 0x00, 0x00, 0x00, 0x00, 0x00, 0x00, 0x00, 0x00,
    0x00, 0x00, 0x00, 0x00, 0x00, 0x00, 0x00, 0x00, 0x00, 0x00, 0x00, 0x00,
    0x00, 0x00, 0x00, 0x00, 0x00, 0x00, 0x00, 0x00, 0x00, 0x00, 0x00, 0x00,
    0x00, 0x00, 0x00, 0x00, 0x00, 0x00, 0x00, 0x00, 0x00, 0x00, 0x00, 0x00,
    0x00, 0x00, 0x00, 0x00, 0x00, 0x00, 0x00, 0x00, 0x00, 0x00, 0x00, 0x00,
    0x00, 0x00, 0x00, 0x00, 0x00, 0x00, 0x00, 0x00, 0x00, 0x00, 0x00, 0x00,
    0x00, 0x00, 0x00, 0x00, 0x00, 0x00, 0x00, 0x00, 0x00, 0x00, 0x00, 0x00,
    0x00, 0x00, 0x00, 0x00, 0x00, 0x00, 0x00, 0x00, 0x00, 0x00, 0x00, 0x00,
    0x00, 0x00, 0x00, 0x00, 0x00, 0x00, 0x00, 0x00, 0x00, 0x00, 0x00, 0x00,
    0x00, 0x00, 0x00, 0x00, 0x00, 0x00, 0x00, 0x00, 0x00, 0x00, 0x00, 0x00,
    0x00, 0x00, 0x00, 0x00, 0x00, 0x00, 0x00, 0x00, 0x00, 0x00, 0x00, 0x00,
    0x00, 0x00, 0x00, 0x00, 0x00, 0x00, 0x00, 0x00, 0x00, 0x00, 0x00, 0x00,
    0x00, 0x00, 0x00, 0x00, 0x00, 0x00, 0x00, 0x00, 0x00, 0x00, 0x00, 0x00,
    0x00, 0x00, 0x00, 0x00, 0x00, 0x00, 0x00, 0x00, 0x00, 0x00, 0x00, 0x00,
    0x00, 0x00, 0x00, 0x00, 0x00, 0x00, 0x00, 0x00, 0x00, 0x00, 0x00, 0x00,
    0x00, 0x00, 0x00, 0x00, 0x00, 0x00, 0x00, 0x00, 0x00, 0x00, 0x00, 0x00,
    0x00, 0x00, 0x00, 0x00, 0x00, 0x00, 0x00, 0x00, 0x00, 0x00, 0x00, 0x00,
    0x00, 0x00, 0x00, 0x00, 0x00, 0x00, 0x00, 0x00, 0x00, 0x00, 0x00, 0x00,
    0x00, 0x00, 0x00, 0x00, 0x00, 0x00, 0x00, 0x00, 0x00, 0x00, 0x00, 0x00,
    0x00, 0x00, 0x00, 0x00, 0x00, 0x00, 0x00, 0x00, 0x00, 0x00, 0x00, 0x00,
    0x00, 0x00, 0x00, 0x00, 0x00, 0x00, 0x00, 0x00, 0x00, 0x00, 0x00, 0x00,
    0x00, 0x00, 0x00, 0x00, 0x00, 0x00, 0x00, 0x00, 0x00, 0x00, 0x00, 0x00,
    0x00, 0x00, 0x00, 0x00, 0x00, 0x00, 0x00, 0x00, 0x00, 0x00, 0x00, 0x00,
    0x00, 0x00, 0x00, 0x00, 0x00, 0x00, 0x00, 0x00, 0x00, 0x00, 0x00, 0x00,
    0x00, 0x00, 0x00, 0x00, 0x00, 0x00, 0x00, 0x00, 0x00, 0x00, 0x00, 0x00,
    0x00, 0x00, 0x00, 0x00, 0x00, 0x00, 0x00, 0x00, 0x00, 0x00, 0x00, 0x00,
    0x00, 0x00, 0x00, 0x00, 0x00, 0x00, 0x00, 0x00, 0x00, 0x00, 0x00, 0x00,
    0x00, 0x00, 0x00, 0x00, 0x00, 0x00, 0x00, 0x00, 0x00, 0x00, 0x00, 0x00,
    0x00, 0x00, 0x00, 0x00, 0x00, 0x00, 0x00, 0x00, 0x00, 0x00, 0x00, 0x00,
    0x00, 0x00, 0x00, 0x00, 0x00, 0x00, 0x00, 0x00, 0x00, 0x00, 0x00, 0x00,
    0x00, 0x00, 0x00, 0x00, 0x00, 0x00, 0x00, 0x00, 0x00, 0x00, 0x00, 0x00,
    0x00, 0x00, 0x00, 0x00, 0x00, 0x00, 0x00, 0x00, 0x00, 0x00, 0x00, 0x00,
    0x00, 0x00, 0x00, 0x00, 0x00, 0x00, 0x00, 0x00, 0x00, 0x00, 0x00, 0x00,
    0x00, 0x00, 0x00, 0x00, 0x00, 0x00, 0x00, 0x00, 0x00, 0x00, 0x00, 0x00,
    0x00, 0x00, 0x00, 0x00, 0x00, 0x00, 0x00, 0x00, 0x00, 0x00, 0x00, 0x00,
    0x00, 0x00, 0x00, 0x00, 0x00, 0x00, 0x00, 0x00, 0x00, 0x00, 0x00, 0x00,
    0x00, 0x00, 0x00, 0x00, 0x00, 0x00, 0x00, 0x00, 0x00, 0x00, 0x00, 0x00,
    0x00, 0x00, 0x00, 0x00, 0x00, 0x00, 0x00, 0x00, 0x00, 0x00, 0x00, 0x00,
    0x00, 0x00, 0x00, 0x00, 0x00, 0x00, 0x00, 0x00, 0x00, 0x00, 0x00, 0x00,
    0x00, 0x00, 0x00, 0x00, 0x00, 0x00, 0x00, 0x00, 0x00, 0x00, 0x00, 0x00,
    0x00, 0x00, 0x00, 0x00, 0x00, 0x00, 0x00, 0x00, 0x00, 0x00, 0x00, 0x00,
    0x00, 0x00, 0x00, 0x00, 0x00, 0x00, 0x00, 0x00, 0x00, 0x00, 0x00, 0x00,
    0x00, 0x00, 0x00, 0x00, 0x00, 0x00, 0x00, 0x00, 0x00, 0x00, 0x00, 0x00,
    0x00, 0x00, 0x00, 0x00, 0x00, 0x00, 0x00, 0x00, 0x00, 0x00, 0x00, 0x00,
    0x00, 0x00, 0x00, 0x00, 0x00, 0x00, 0x00, 0x00, 0x00, 0x00, 0x00, 0x00,
    0x00, 0x00, 0x00, 0x00, 0x00, 0x00, 0x00, 0x00, 0x00, 0x00, 0x00, 0x00,
    0x00, 0x00, 0x00, 0x00, 0x00, 0x00, 0x00, 0x00, 0x00, 0x00, 0x00, 0x00,
    0x00, 0x00, 0x00, 0x00, 0x00, 0x00, 0x00, 0x00, 0x00, 0x00, 0x00, 0x00,
    0x00, 0x00, 0x00, 0x00, 0x00, 0x00, 0x00, 0x00, 0x00, 0x00, 0x00, 0x00,
    0x00, 0x00, 0x00, 0x00, 0x00, 0x00, 0x00, 0x00, 0x00, 0x00, 0x00, 0x00,
    0x00, 0x00, 0x00, 0x00, 0x00, 0x00, 0x00, 0x00, 0x00, 0x00, 0x00, 0x00,
    0x00, 0x00, 0x00, 0x00, 0x00, 0x00, 0x00, 0x00, 0x00, 0x00, 0x00, 0x00,
    0x00, 0x00, 0x00, 0x00, 0x00, 0x00, 0x00, 0x00, 0x00, 0x00, 0x00, 0x00,
    0x00, 0x00, 0x00, 0x00, 0x00, 0x00, 0x00, 0x00, 0x00, 0x00, 0x00, 0x00,
    0x00, 0x00, 0x00, 0x00, 0x00, 0x00, 0x00, 0x00, 0x00, 0x00, 0x00, 0x00,
    0x00, 0x00, 0x00, 0x00, 0x00, 0x00, 0x00, 0x00, 0x00, 0x00, 0x00, 0x00,
    0x00, 0x00, 0x00, 0x00, 0x00, 0x00, 0x00, 0x00, 0x00, 0x00, 0x00, 0x00,
    0x00, 0x00, 0x00, 0x00, 0x00, 0x00, 0x00, 0x00, 0x00, 0x00, 0x00, 0x00,
    0x00, 0x00, 0x00, 0x00, 0x00, 0x00, 0x00, 0x00, 0x00, 0x00, 0x00, 0x00,
    0x00, 0x00, 0x00, 0x00, 0x00, 0x00, 0x00, 0x00, 0x00, 0x00, 0x00, 0x00,
    0x00, 0x00, 0x00, 0x00, 0x00, 0x00, 0x00, 0x00, 0x00, 0x00, 0x00, 0x00,
    0x00, 0x00, 0x00, 0x00, 0x00, 0x00, 0x00, 0x00, 0x00, 0x00, 0x00, 0x00,
    0x00, 0x00, 0x00, 0x00, 0x00, 0x00, 0x00, 0x00, 0x00, 0x00, 0x00, 0x00,
    0x00, 0x00, 0x00, 0x00, 0x00, 0x00, 0x00, 0x00, 0x00, 0x00, 0x00, 0x00,
    0x00, 0x00, 0x00, 0x00, 0x00, 0x00, 0x00, 0x00, 0x00, 0x00, 0x00, 0x00,
    0x00, 0x00, 0x00, 0x00, 0x00, 0x00, 0x00, 0x00, 0x00, 0x00, 0x00, 0x00,
    0x00, 0x00, 0x00, 0x00, 0x00, 0x00, 0x00, 0x00, 0x00, 0x00, 0x00, 0x00,
    0x00, 0x00, 0x00, 0x00, 0x00, 0x00, 0x00, 0x00, 0x00, 0x00, 0x00, 0x00,
    0x00, 0x00, 0x00, 0x00, 0x00, 0x00, 0x00, 0x00, 0x00, 0x00, 0x00, 0x00,
    0x00, 0x00, 0x00, 0x00, 0x00, 0x00, 0x00, 0x00, 0x00, 0x00, 0x00, 0x00,
    0x00, 0x00, 0x00, 0x00, 0x00, 0x00, 0x00, 0x00, 0x00, 0x00, 0x00, 0x00,
    0x00, 0x00, 0x00, 0x00, 0x00, 0x00, 0x00, 0x00, 0x00, 0x00, 0x00, 0x00,
    0x00, 0x00, 0x00, 0x00, 0x00, 0x00, 0x00, 0x00, 0x00, 0x00, 0x00, 0x00,
    0x00, 0x00, 0x00, 0x00, 0x00, 0x00, 0x00, 0x00, 0x00, 0x00, 0x00, 0x00,
    0x00, 0x00, 0x00, 0x00, 0x00, 0x00, 0x00, 0x00, 0x00, 0x00, 0x00, 0x00,
    0x00, 0x00, 0x00, 0x00, 0x00, 0x00, 0x00, 0x00, 0x00, 0x00, 0x00, 0x00,
    0x00, 0x00, 0x00, 0x00, 0x00, 0x00, 0x00, 0x00, 0x00, 0x00, 0x00, 0x00,
    0x00, 0x00, 0x00, 0x00, 0x00, 0x00, 0x00, 0x00, 0x00, 0x00, 0x00, 0x00,
    0x00, 0x00, 0x00, 0x00, 0x00, 0x00, 0x00, 0x00, 0x00, 0x00, 0x00, 0x00,
    0x00, 0x00, 0x00, 0x00, 0x00, 0x00, 0x00, 0x00, 0x00, 0x00, 0x00, 0x00,
    0x00, 0x00, 0x00, 0x00, 0x00, 0x00, 0x00, 0x00, 0x00, 0x00, 0x00, 0x00,
    0x00, 0x00, 0x00, 0x00, 0x00, 0x00, 0x00, 0x00, 0x00, 0x00, 0x00, 0x00,
    0x00, 0x00, 0x00, 0x00, 0x00, 0x00, 0x00, 0x00, 0x00, 0x00, 0x00, 0x00,
    0x00, 0x00, 0x00, 0x00, 0x00, 0x00, 0x00, 0x00, 0x00, 0x00, 0x00, 0x00,
    0x00, 0x00, 0x00, 0x00, 0x00, 0x00, 0x00, 0x00, 0x00, 0x00, 0x00, 0x00,
    0x00, 0x00, 0x00, 0x00, 0x00, 0x00, 0x00, 0x00, 0x00, 0x00, 0x00, 0x00,
    0x00, 0x00, 0x00, 0x00, 0x00, 0x00, 0x00, 0x00, 0x00, 0x00, 0x00, 0x00,
    0x00, 0x00, 0x00, 0x00, 0x00, 0x00, 0x00, 0x00, 0x00, 0x00, 0x00, 0x00,
    0x00, 0x00, 0x00, 0x00, 0x00, 0x00, 0x00, 0x00, 0x00, 0x00, 0x00, 0x00,
    0x00, 0x00, 0x00, 0x00, 0x00, 0x00, 0x00, 0x00, 0x00, 0x00, 0x00, 0x00,
    0x00, 0x00, 0x00, 0x00, 0x00, 0x00, 0x00, 0x00, 0x00, 0x00, 0x00, 0x00,
    0x00, 0x00, 0x00, 0x00, 0x00, 0x00, 0x00, 0x00, 0x00, 0x00, 0x00, 0x00,
    0x00, 0x00, 0x00, 0x00, 0x00, 0x00, 0x00, 0x00, 0x00, 0x00, 0x00, 0x00,
    0x00, 0x00, 0x00, 0x00, 0x00, 0x00, 0x00, 0x00, 0x00, 0x00, 0x00, 0x00,
    0x00, 0x00, 0x00, 0x00, 0x00, 0x00, 0x00, 0x00, 0x00, 0x00, 0x00, 0x00,
    0x00, 0x00, 0x00, 0x00, 0x00, 0x00, 0x00, 0x00, 0x00, 0x00, 0x00, 0x00,
    0x00, 0x00, 0x00, 0x00, 0x00, 0x00, 0x00, 0x00, 0x00, 0x00, 0x00, 0x00,
    0x00, 0x00, 0x00, 0x00, 0x00, 0x00, 0x00, 0x00, 0x00, 0x00, 0x00, 0x00,
    0x00, 0x00, 0x00, 0x00, 0x00, 0x00, 0x00, 0x00, 0x00, 0x00, 0x00, 0x00,
    0x00, 0x00, 0x00, 0x00, 0x00, 0x00, 0x00, 0x00, 0x00, 0x00, 0x00, 0x00,
    0x00, 0x00, 0x00, 0x00, 0x00, 0x00, 0x00, 0x00, 0x00, 0x00, 0x00, 0x00,
    0x00, 0x00, 0x00, 0x00, 0x00, 0x00, 0x00, 0x00, 0x00, 0x00, 0x00, 0x00,
    0x00, 0x00, 0x00, 0x00, 0x00, 0x00, 0x00, 0x00, 0x00, 0x00, 0x00, 0x00,
    0x00, 0x00, 0x00, 0x00, 0x00, 0x00, 0x00, 0x00, 0x00, 0x00, 0x00, 0x00,
    0x00, 0x00, 0x00, 0x00, 0x00, 0x00, 0x00, 0x00, 0x00, 0x00, 0x00, 0x00,
    0x00, 0x00, 0x00, 0x00, 0x00, 0x00, 0x00, 0x00, 0x00, 0x00, 0x00, 0x00,
    0x00, 0x00, 0x00, 0x00, 0x00, 0x00, 0x00, 0x00, 0x00, 0x00, 0x00, 0x00,
    0x00, 0x00, 0x00, 0x00, 0x00, 0x00, 0x00, 0x00, 0x00, 0x00, 0x00, 0x00,
    0x00, 0x00, 0x00, 0x00, 0x00, 0x00, 0x00, 0x00, 0x00, 0x00, 0x00, 0x00,
    0x00, 0x00, 0x00, 0x00, 0x00, 0x00, 0x00, 0x00, 0x00, 0x00, 0x00, 0x00,
    0x00, 0x00, 0x00, 0x00, 0x00, 0x00, 0x00, 0x00, 0x00, 0x00, 0x00, 0x00,
    0x00, 0x00, 0x00, 0x00, 0x00, 0x00, 0x00, 0x00, 0x00, 0x00, 0x00, 0x00,
    0x00, 0x00, 0x00, 0x00, 0x00, 0x00, 0x00, 0x00, 0x00, 0x00, 0x00, 0x00,
    0x00, 0x00, 0x00, 0x00, 0x00, 0x00, 0x00, 0x00, 0x00, 0x00, 0x00, 0x00,
    0x00, 0x00, 0x00, 0x00, 0x00, 0x00, 0x00, 0x00, 0x00, 0x00, 0x00, 0x00,
    0x00, 0x00, 0x00, 0x00, 0x00, 0x00, 0x00, 0x00, 0x00, 0x00, 0x00, 0x00,
    0x00, 0x00, 0x00, 0x00, 0x00, 0x00, 0x00, 0x00, 0x00, 0x00, 0x00, 0x00,
    0x00, 0x00, 0x00, 0x00, 0x00, 0x00, 0x00, 0x00, 0x00, 0x00, 0x00, 0x00,
    0x00, 0x00, 0x00, 0x00, 0x00, 0x00, 0x00, 0x00, 0x00, 0x00, 0x00, 0x00,
    0x00, 0x00, 0x00, 0x00, 0x00, 0x00, 0x00, 0x00, 0x00, 0x00, 0x00, 0x00,
    0x00, 0x00, 0x00, 0x00, 0x00, 0x00, 0x00, 0x00, 0x00, 0x00, 0x00, 0x00,
    0x00, 0x00, 0x00, 0x00, 0x00, 0x00, 0x00, 0x00, 0x00, 0x00, 0x00, 0x00,
    0x00, 0x00, 0x00, 0x00, 0x00, 0x00, 0x00, 0x00, 0x00, 0x00, 0x00, 0x00,
    0x00, 0x00, 0x00, 0x00, 0x00, 0x00, 0x00, 0x00, 0x00, 0x00, 0x00, 0x00,
    0x00, 0x00, 0x00, 0x00, 0x00, 0x00, 0x00, 0x00, 0x00, 0x00, 0x00, 0x00,
    0x00, 0x00, 0x00, 0x00, 0x00, 0x00, 0x00, 0x00, 0x00, 0x00, 0x00, 0x00,
    0x00, 0x00, 0x00, 0x00, 0x00, 0x00, 0x00, 0x00, 0x00, 0x00, 0x00, 0x00,
    0x00, 0x00, 0x00, 0x00, 0x00, 0x00, 0x00, 0x00, 0x00, 0x00, 0x00, 0x00,
    0x00, 0x00, 0x00, 0x00, 0x00, 0x00, 0x00, 0x00, 0x00, 0x00, 0x00, 0x00,
    0x00, 0x00, 0x00, 0x00, 0x00, 0x00, 0x00, 0x00, 0x00, 0x00, 0x00, 0x00,
    0x00, 0x00, 0x00, 0x00, 0x00, 0x00, 0x00, 0x00, 0x00, 0x00, 0x00, 0x00,
    0x00, 0x00, 0x00, 0x00, 0x00, 0x00, 0x00, 0x00, 0x00, 0x00, 0x00, 0x00,
    0x00, 0x00, 0x00, 0x00, 0x00, 0x00, 0x00, 0x00, 0x00, 0x00, 0x00, 0x00,
    0x00, 0x00, 0x00, 0x00, 0x00, 0x00, 0x00, 0x00, 0x00, 0x00, 0x00, 0x00,
    0x00, 0x00, 0x00, 0x00, 0x00, 0x00, 0x00, 0x00, 0x00, 0x00, 0x00, 0x00,
    0x00, 0x00, 0x00, 0x00, 0x00, 0x00, 0x00, 0x00, 0x00, 0x00, 0x00, 0x00,
    0x00, 0x00, 0x00, 0x00, 0x00, 0x00, 0x00, 0x00, 0x00, 0x00, 0x00, 0x00,
    0x00, 0x00, 0x00, 0x00, 0x00, 0x00, 0x00, 0x00, 0x00, 0x00, 0x00, 0x00,
    0x00, 0x00, 0x00, 0x00, 0x00, 0x00, 0x00, 0x00, 0x00, 0x00, 0x00, 0x00,
    0x00, 0x00, 0x00, 0x00, 0x00, 0x00, 0x00, 0x00, 0x00, 0x00, 0x00, 0x00,
    0x00, 0x00, 0x00, 0x00, 0x00, 0x00, 0x00, 0x00, 0x00, 0x00, 0x00, 0x00,
    0x00, 0x00, 0x00, 0x00, 0x00, 0x00, 0x00, 0x00, 0x00, 0x00, 0x00, 0x00,
    0x00, 0x00, 0x00, 0x00, 0x00, 0x00, 0x00, 0x00, 0x00, 0x00, 0x00, 0x00,
    0x00, 0x00, 0x00, 0x00, 0x00, 0x00, 0x00, 0x00, 0x00, 0x00, 0x00, 0x00,
    0x00, 0x00, 0x00, 0x00, 0x00, 0x00, 0x00, 0x00, 0x00, 0x00, 0x00, 0x00,
    0x00, 0x00, 0x00, 0x00, 0x00, 0x00, 0x00, 0x00, 0x00, 0x00, 0x00, 0x00,
    0x00, 0x00, 0x00, 0x00, 0x00, 0x00, 0x00, 0x00, 0x00, 0x00, 0x00, 0x00,
    0x00, 0x00, 0x00, 0x00, 0x00, 0x00, 0x00, 0x00, 0x00, 0x00, 0x00, 0x00,
    0x00, 0x00, 0x00, 0x00, 0x00, 0x00, 0x00, 0x00, 0x00, 0x00, 0x00, 0x00,
    0x00, 0x00, 0x00, 0x00, 0x00, 0x00, 0x00, 0x00, 0xac, 0x0c, 0x40, 0x00,
    0x00, 0x00, 0x00, 0x00, 0xe8, 0x0c, 0x40, 0x00, 0x00, 0x00, 0x00, 0x00,
    0xc0, 0x0c, 0x40, 0x00, 0x00, 0x00, 0x00, 0x00, 0xd4, 0x0c, 0x40, 0x00,
    0x00, 0x00, 0x00, 0x00, 0x00, 0x00, 0x00, 0x00, 0x00, 0x00, 0x00, 0x00,
    0x00, 0x00, 0x00, 0x00, 0x00, 0x00, 0x00, 0x00, 0x00, 0x00, 0x00, 0x00,
    0x00, 0x00, 0x00, 0x00, 0x00, 0x00, 0x00, 0x00, 0x00, 0x00, 0x00, 0x00,
    0x00, 0x00, 0x00, 0x00, 0x00, 0x00, 0x00, 0x00, 0x00, 0x00, 0x00, 0x00,
    0x00, 0x00, 0x00, 0x00, 0x00, 0x00, 0x00, 0x00, 0x00, 0x00, 0x00, 0x00,
    0x00, 0x00, 0x00, 0x00, 0x00, 0x00, 0x00, 0x00, 0x00, 0x00, 0x00, 0x00,
    0x00, 0x00, 0x00, 0x00, 0x00, 0x00, 0x00, 0x00, 0x00, 0x00, 0x00, 0x00,
    0x00, 0x00, 0x00, 0x00, 0x00, 0x00, 0x00, 0x00, 0x00, 0x00, 0x00, 0x00,
    0x00, 0x00, 0x00, 0x00, 0x00, 0x00, 0x00, 0x00, 0x00, 0x00, 0x00, 0x00,
    0x00, 0x00, 0x00, 0x00, 0x00, 0x00, 0x00, 0x00, 0x00, 0x00, 0x00, 0x00,
    0x00, 0x00, 0x00, 0x00, 0x00, 0x00, 0x00, 0x00, 0x00, 0x00, 0x00, 0x00,
    0x00, 0x00, 0x00, 0x00, 0x00, 0x00, 0x00, 0x00, 0x00, 0x00, 0x00, 0x00,
    0x00, 0x00, 0x00, 0x00, 0x00, 0x00, 0x00, 0x00, 0x00, 0x00, 0x00, 0x00,
    0x00, 0x00, 0x00, 0x00, 0x00, 0x00, 0x00, 0x00, 0x00, 0x00, 0x00, 0x00,
    0x00, 0x00, 0x00, 0x00, 0x00, 0x00, 0x00, 0x00, 0x00, 0x00, 0x00, 0x00,
    0x00, 0x00, 0x00, 0x00, 0x00, 0x00, 0x00, 0x00, 0x00, 0x00, 0x00, 0x00,
    0x00, 0x00, 0x00, 0x00, 0x00, 0x00, 0x00, 0x00, 0x00, 0x00, 0x00, 0x00,
    0x00, 0x00, 0x00, 0x00, 0x00, 0x00, 0x00, 0x00, 0x00, 0x00, 0x00, 0x00,
    0x00, 0x00, 0x00, 0x00, 0x00, 0x00, 0x00, 0x00, 0x00, 0x00, 0x00, 0x00,
    0x00, 0x00, 0x00, 0x00, 0x00, 0x00, 0x00, 0x00, 0x00, 0x00, 0x00, 0x00,
    0x00, 0x00, 0x00, 0x00, 0x00, 0x00, 0x00, 0x00, 0x00, 0x00, 0x00, 0x00,
    0x00, 0x00, 0x00, 0x00, 0x00, 0x00, 0x00, 0x00, 0x00, 0x00, 0x00, 0x00,
    0x00, 0x00, 0x00, 0x00, 0x00, 0x00, 0x00, 0x00, 0x00, 0x00, 0x00, 0x00,
    0x00, 0x00, 0x00, 0x00, 0x00, 0x00, 0x00, 0x00, 0x00, 0x00, 0x00, 0x00,
    0x00, 0x00, 0x00, 0x00, 0x00, 0x00, 0x00, 0x00, 0x00, 0x00, 0x00, 0x00,
    0x00, 0x00, 0x00, 0x00, 0x00, 0x00, 0x00, 0x00, 0x00, 0x00, 0x00, 0x00,
    0x00, 0x00, 0x00, 0x00, 0x00, 0x00, 0x00, 0x00, 0x00, 0x00, 0x00, 0x00,
    0x00, 0x00, 0x00, 0x00, 0x00, 0x00, 0x00, 0x00, 0x00, 0x00, 0x00, 0x00,
    0x00, 0x00, 0x00, 0x00, 0x00, 0x00, 0x00, 0x00, 0x00, 0x00, 0x00, 0x00,
    0x00, 0x00, 0x00, 0x00, 0x00, 0x00, 0x00, 0x00, 0x00, 0x00, 0x00, 0x00,
    0x00, 0x00, 0x00, 0x00, 0x00, 0x00, 0x00, 0x00, 0x00, 0x00, 0x00, 0x00,
    0x00, 0x00, 0x00, 0x00, 0x00, 0x00, 0x00, 0x00, 0x00, 0x00, 0x00, 0x00,
    0x00, 0x00, 0x00, 0x00, 0x00, 0x00, 0x00, 0x00, 0x00, 0x00, 0x00, 0x00,
    0x00, 0x00, 0x00, 0x00, 0x00, 0x00, 0x00, 0x00, 0x00, 0x00, 0x00, 0x00,
    0x00, 0x00, 0x00, 0x00, 0x00, 0x00, 0x00, 0x00, 0x00, 0x00, 0x00, 0x00,
    0x00, 0x00, 0x00, 0x00, 0x00, 0x00, 0x00, 0x00, 0x00, 0x00, 0x00, 0x00,
    0x00, 0x00, 0x00, 0x00, 0x00, 0x00, 0x00, 0x00, 0x00, 0x00, 0x00, 0x00,
    0x00, 0x00, 0x00, 0x00, 0x00, 0x00, 0x00, 0x00, 0x00, 0x00, 0x00, 0x00,
    0x00, 0x00, 0x00, 0x00, 0x00, 0x00, 0x00, 0x00, 0x00, 0x00, 0x00, 0x00,
    0x00, 0x00, 0x00, 0x00, 0x00, 0x00, 0x00, 0x00, 0x00, 0x00, 0x00, 0x00,
    0x00, 0x00, 0x00, 0x00, 0x00, 0x00, 0x00, 0x00, 0x00, 0x00, 0x00, 0x00,
    0x00, 0x00, 0x00, 0x00, 0x00, 0x00, 0x00, 0x00, 0x00, 0x00, 0x00, 0x00,
    0x00, 0x00, 0x00, 0x00, 0x00, 0x00, 0x00, 0x00, 0x00, 0x00, 0x00, 0x00,
    0x00, 0x00, 0x00, 0x00, 0x00, 0x00, 0x00, 0x00, 0x00, 0x00, 0x00, 0x00,
    0x00, 0x00, 0x00, 0x00, 0x00, 0x00, 0x00, 0x00, 0x00, 0x00, 0x00, 0x00,
    0x00, 0x00, 0x00, 0x00, 0x00, 0x00, 0x00, 0x00, 0x00, 0x00, 0x00, 0x00,
    0x00, 0x00, 0x00, 0x00, 0x00, 0x00, 0x00, 0x00, 0x00, 0x00, 0x00, 0x00,
    0x00, 0x00, 0x00, 0x00, 0x00, 0x00, 0x00, 0x00, 0x00, 0x00, 0x00, 0x00,
    0x00, 0x00, 0x00, 0x00, 0x00, 0x00, 0x00, 0x00, 0x00, 0x00, 0x00, 0x00,
    0x00, 0x00, 0x00, 0x00, 0x00, 0x00, 0x00, 0x00, 0x00, 0x00, 0x00, 0x00,
    0x00, 0x00, 0x00, 0x00, 0x00, 0x00, 0x00, 0x00, 0x00, 0x00, 0x00, 0x00,
    0x00, 0x00, 0x00, 0x00, 0x00, 0x00, 0x00, 0x00, 0x00, 0x00, 0x00, 0x00,
    0x00, 0x00, 0x00, 0x00, 0x00, 0x00, 0x00, 0x00, 0x00, 0x00, 0x00, 0x00,
    0x00, 0x00, 0x00, 0x00, 0x00, 0x00, 0x00, 0x00, 0x00, 0x00, 0x00, 0x00,
    0x00, 0x00, 0x00, 0x00, 0x00, 0x00, 0x00, 0x00, 0x00, 0x00, 0x00, 0x00,
    0x00, 0x00, 0x00, 0x00, 0x00, 0x00, 0x00, 0x00, 0x00, 0x00, 0x00, 0x00,
    0x00, 0x00, 0x00, 0x00, 0x00, 0x00, 0x00, 0x00, 0x00, 0x00, 0x00, 0x00,
    0x00, 0x00, 0x00, 0x00, 0x00, 0x00, 0x00, 0x00, 0x00, 0x00, 0x00, 0x00,
    0x00, 0x00, 0x00, 0x00, 0x00, 0x00, 0x00, 0x00, 0x00, 0x00, 0x00, 0x00,
    0x00, 0x00, 0x00, 0x00, 0x00, 0x00, 0x00, 0x00, 0x00, 0x00, 0x00, 0x00,
    0x00, 0x00, 0x00, 0x00, 0x00, 0x00, 0x00, 0x00, 0x00, 0x00, 0x00, 0x00,
    0x00, 0x00, 0x00, 0x00, 0x00, 0x00, 0x00, 0x00, 0x00, 0x00, 0x00, 0x00,
    0x00, 0x00, 0x00, 0x00, 0x00, 0x00, 0x00, 0x00, 0x00, 0x00, 0x00, 0x00,
    0x00, 0x00, 0x00, 0x00, 0x00, 0x00, 0x00, 0x00, 0x00, 0x00, 0x00, 0x00,
    0x00, 0x00, 0x00, 0x00, 0x00, 0x00, 0x00, 0x00, 0x00, 0x00, 0x00, 0x00,
    0x00, 0x00, 0x00, 0x00, 0x00, 0x00, 0x00, 0x00, 0x00, 0x00, 0x00, 0x00,
    0x00, 0x00, 0x00, 0x00, 0x00, 0x00, 0x00, 0x00, 0x00, 0x00, 0x00, 0x00,
    0x00, 0x00, 0x00, 0x00, 0x00, 0x00, 0x00, 0x00, 0x00, 0x00, 0x00, 0x00,
    0x00, 0x00, 0x00, 0x00, 0x00, 0x00, 0x00, 0x00, 0x00, 0x00, 0x00, 0x00,
    0x00, 0x00, 0x00, 0x00, 0x00, 0x00, 0x00, 0x00, 0x00, 0x00, 0x00, 0x00,
    0x00, 0x00, 0x00, 0x00, 0x00, 0x00, 0x00, 0x00, 0x00, 0x00, 0x00, 0x00,
    0x00, 0x00, 0x00, 0x00, 0x00, 0x00, 0x00, 0x00, 0x00, 0x00, 0x00, 0x00,
    0x00, 0x00, 0x00, 0x00, 0x00, 0x00, 0x00, 0x00, 0x00, 0x00, 0x00, 0x00,
    0x00, 0x00, 0x00, 0x00, 0x00, 0x00, 0x00, 0x00, 0x00, 0x00, 0x00, 0x00,
    0x00, 0x00, 0x00, 0x00, 0x00, 0x00, 0x00, 0x00, 0x00, 0x00, 0x00, 0x00,
    0x00, 0x00, 0x00, 0x00, 0x00, 0x00, 0x00, 0x00, 0x00, 0x00, 0x00, 0x00,
    0x00, 0x00, 0x00, 0x00, 0x00, 0x00, 0x00, 0x00, 0x00, 0x00, 0x00, 0x00,
    0x00, 0x00, 0x00, 0x00, 0x00, 0x00, 0x00, 0x00, 0x00, 0x00, 0x00, 0x00,
    0x00, 0x00, 0x00, 0x00, 0x00, 0x00, 0x00, 0x00, 0x00, 0x00, 0x00, 0x00,
    0x00, 0x00, 0x00, 0x00, 0x00, 0x00, 0x00, 0x00, 0x00, 0x00, 0x00, 0x00,
    0x00, 0x00, 0x00, 0x00, 0x00, 0x00, 0x00, 0x00, 0x00, 0x00, 0x00, 0x00,
    0x00, 0x00, 0x00, 0x00, 0x00, 0x00, 0x00, 0x00, 0x00, 0x00, 0x00, 0x00,
    0x00, 0x00, 0x00, 0x00, 0x00, 0x00, 0x00, 0x00, 0x00, 0x00, 0x00, 0x00,
    0x00, 0x00, 0x00, 0x00, 0x00, 0x00, 0x00, 0x00, 0x00, 0x00, 0x00, 0x00,
    0x00, 0x00, 0x00, 0x00, 0x00, 0x00, 0x00, 0x00, 0x00, 0x00, 0x00, 0x00,
    0x00, 0x00, 0x00, 0x00, 0x00, 0x00, 0x00, 0x00, 0x00, 0x00, 0x00, 0x00,
    0x00, 0x00, 0x00, 0x00, 0x00, 0x00, 0x00, 0x00, 0x00, 0x00, 0x00, 0x00,
    0x00, 0x00, 0x00, 0x00, 0x00, 0x00, 0x00, 0x00, 0x00, 0x00, 0x00, 0x00,
    0x00, 0x00, 0x00, 0x00, 0x00, 0x00, 0x00, 0x00, 0x00, 0x00, 0x00, 0x00,
    0x00, 0x00, 0x00, 0x00, 0x00, 0x00, 0x00, 0x00, 0x00, 0x00, 0x00, 0x00,
    0x00, 0x00, 0x00, 0x00, 0x00, 0x00, 0x00, 0x00, 0x00, 0x00, 0x00, 0x00,
    0x00, 0x00, 0x00, 0x00, 0x00, 0x00, 0x00, 0x00, 0x00, 0x00, 0x00, 0x00,
    0x00, 0x00, 0x00, 0x00, 0x00, 0x00, 0x00, 0x00, 0x00, 0x00, 0x00, 0x00,
    0x00, 0x00, 0x00, 0x00, 0x00, 0x00, 0x00, 0x00, 0x00, 0x00, 0x00, 0x00,
    0x00, 0x00, 0x00, 0x00, 0x00, 0x00, 0x00, 0x00, 0x00, 0x00, 0x00, 0x00,
    0x00, 0x00, 0x00, 0x00, 0x00, 0x00, 0x00, 0x00, 0x00, 0x00, 0x00, 0x00,
    0x00, 0x00, 0x00, 0x00, 0x00, 0x00, 0x00, 0x00, 0x00, 0x00, 0x00, 0x00,
    0x00, 0x00, 0x00, 0x00, 0x00, 0x00, 0x00, 0x00, 0x00, 0x00, 0x00, 0x00,
    0x00, 0x00, 0x00, 0x00, 0x00, 0x00, 0x00, 0x00, 0x00, 0x00, 0x00, 0x00,
    0x00, 0x00, 0x00, 0x00, 0x00, 0x00, 0x00, 0x00, 0x00, 0x00, 0x00, 0x00,
    0x00, 0x00, 0x00, 0x00, 0x00, 0x00, 0x00, 0x00, 0x00, 0x00, 0x00, 0x00,
    0x00, 0x00, 0x00, 0x00, 0x00, 0x00, 0x00, 0x00, 0x00, 0x00, 0x00, 0x00,
    0x00, 0x00, 0x00, 0x00, 0x00, 0x00, 0x00, 0x00, 0x00, 0x00, 0x00, 0x00,
    0x00, 0x00, 0x00, 0x00, 0x00, 0x00, 0x00, 0x00, 0x00, 0x00, 0x00, 0x00,
    0x00, 0x00, 0x00, 0x00, 0x00, 0x00, 0x00, 0x00, 0x00, 0x00, 0x00, 0x00,
    0x00, 0x00, 0x00, 0x00, 0x00, 0x00, 0x00, 0x00, 0x00, 0x00, 0x00, 0x00,
    0x00, 0x00, 0x00, 0x00, 0x00, 0x00, 0x00, 0x00, 0x00, 0x00, 0x00, 0x00,
    0x00, 0x00, 0x00, 0x00, 0xff, 0xff, 0xff, 0x3d, 0xff, 0xff, 0xff, 0x26,
    0x00, 0x00, 0x00, 0x00, 0x00, 0x00, 0x00, 0x00, 0x00, 0x00, 0x00, 0x00,
    0x00, 0x00, 0x00, 0x00, 0x00, 0x00, 0x00, 0x00, 0x00, 0x00, 0x00, 0x00,
    0x00, 0x00, 0x00, 0x00, 0x00, 0x00, 0x00, 0x00, 0x00, 0x00, 0x00, 0x00,
    0x00, 0x00, 0x00, 0x00, 0x00, 0x00, 0x00, 0x00, 0x00, 0x00, 0x00, 0x00,
    0x00, 0x00, 0x00, 0x00, 0x00, 0x00, 0x00, 0x00, 0x00, 0x00, 0x00, 0x00,
    0x00, 0x00, 0x00, 0x00, 0x00, 0x00, 0x00, 0x00, 0x00, 0x00, 0x00, 0x00,
    0x00, 0x00, 0x00, 0x00, 0x00, 0x00, 0x00, 0x00, 0x00, 0x00, 0x00, 0x00,
    0x00, 0x00, 0x00, 0x00, 0x00, 0x00, 0x00, 0x00, 0x00, 0x00, 0x00, 0x00,
    0x00, 0x00, 0x00, 0x00, 0x00, 0x00, 0x00, 0x00, 0xff, 0xff, 0xff, 0xf6,
    0xff, 0xff, 0xff, 0xef, 0xff, 0xff, 0xff, 0x34, 0x00, 0x00, 0x00, 0x00,
    0x00, 0x00, 0x00, 0x00, 0x00, 0x00, 0x00, 0x00, 0x00, 0x00, 0x00, 0x00,
    0x00, 0x00, 0x00, 0x00, 0x00, 0x00, 0x00, 0x00, 0x00, 0x00, 0x00, 0x00,
    0x00, 0x00, 0x00, 0x00, 0x00, 0x00, 0x00, 0x00, 0x00, 0x00, 0x00, 0x00,
    0x00, 0x00, 0x00, 0x00, 0x00, 0x00, 0x00, 0x00, 0x00, 0x00, 0x00, 0x00,
    0x00, 0x00, 0x00, 0x00, 0x00, 0x00, 0x00, 0x00, 0x00, 0x00, 0x00, 0x00,
    0x00, 0x00, 0x00, 0x00, 0x00, 0x00, 0x00, 0x00, 0x00, 0x00, 0x00, 0x00,
    0x00, 0x00, 0x00, 0x00, 0x00, 0x00, 0x00, 0x00, 0x00, 0x00, 0x00, 0x00,
    0x00, 0x00, 0x00, 0x00, 0x00, 0x00, 0x00, 0x00, 0x00, 0x00, 0x00, 0x00,
    0xff, 0xff, 0xff, 0xff, 0x4d, 0x4d, 0x4d, 0xff, 0xf9, 0xf9, 0xf9, 0xf0,
    0xff, 0xff, 0xff, 0x36, 0x00, 0x00, 0x00, 0x00, 0x00, 0x00, 0x00, 0x00,
    0x00, 0x00, 0x00, 0x00, 0x00, 0x00, 0x00, 0x00, 0x00, 0x00, 0x00, 0x00,
    0x00, 0x00, 0x00, 0x00, 0x00, 0x00, 0x00, 0x00, 0x00, 0x00, 0x00, 0x00,
    0x00, 0x00, 0x00, 0x00, 0x00, 0x00, 0x00, 0x00, 0x00, 0x00, 0x00, 0x00,
    0x00, 0x00, 0x00, 0x00, 0x00, 0x00, 0x00, 0x00, 0x00, 0x00, 0x00, 0x00,
    0x00, 0x00, 0x00, 0x00, 0x00, 0x00, 0x00, 0x00, 0x00, 0x00, 0x00, 0x00,
    0x00, 0x00, 0x00, 0x00, 0x00, 0x00, 0x00, 0x00, 0x00, 0x00, 0x00, 0x00,
    0x00, 0x00, 0x00, 0x00, 0x00, 0x00, 0x00, 0x00, 0x00, 0x00, 0x00, 0x00,
    0x00, 0x00, 0x00, 0x00, 0xff, 0xff, 0xff, 0xff, 0x00, 0x00, 0x00, 0xff,
    0x48, 0x48, 0x48, 0xff, 0xf7, 0xf7, 0xf7, 0xf0, 0xff, 0xff, 0xff, 0x36,
    0x00, 0x00, 0x00, 0x00, 0x00, 0x00, 0x00, 0x00, 0x00, 0x00, 0x00, 0x00,
    0x00, 0x00, 0x00, 0x00, 0x00, 0x00, 0x00, 0x00, 0x00, 0x00, 0x00, 0x00,
    0x00, 0x00, 0x00, 0x00, 0x00, 0x00, 0x00, 0x00, 0x00, 0x00, 0x00, 0x00,
    0x00, 0x00, 0x00, 0x00, 0x00, 0x00, 0x00, 0x00, 0x00, 0x00, 0x00, 0x00,
    0x00, 0x00, 0x00, 0x00, 0x00, 0x00, 0x00, 0x00, 0x00, 0x00, 0x00, 0x00,
    0x00, 0x00, 0x00, 0x00, 0x00, 0x00, 0x00, 0x00, 0x00, 0x00, 0x00, 0x00,
    0x00, 0x00, 0x00, 0x00, 0x00, 0x00, 0x00, 0x00, 0x00, 0x00, 0x00, 0x00,
    0x00, 0x00, 0x00, 0x00, 0x00, 0x00, 0x00, 0x00, 0xff, 0xff, 0xff, 0xff,
    0x00, 0x00, 0x00, 0xff, 0x00, 0x00, 0x00, 0xff, 0x49, 0x49, 0x49, 0xff,
    0xf8, 0xf8, 0xf8, 0xef, 0xff, 0xff, 0xff, 0x36, 0x00, 0x00, 0x00, 0x00,
    0x00, 0x00, 0x00, 0x00, 0x00, 0x00, 0x00, 0x00, 0x00, 0x00, 0x00, 0x00,
    0x00, 0x00, 0x00, 0x00, 0x00, 0x00, 0x00, 0x00, 0x00, 0x00, 0x00, 0x00,
    0x00, 0x00, 0x00, 0x00, 0x00, 0x00, 0x00, 0x00, 0x00, 0x00, 0x00, 0x00,
    0x00, 0x00, 0x00, 0x00, 0x00, 0x00, 0x00, 0x00, 0x00, 0x00, 0x00, 0x00,
    0x00, 0x00, 0x00, 0x00, 0x00, 0x00, 0x00, 0x00, 0x00, 0x00, 0x00, 0x00,
    0x00, 0x00, 0x00, 0x00, 0x00, 0x00, 0x00, 0x00, 0x00, 0x00, 0x00, 0x00,
    0x00, 0x00, 0x00, 0x00, 0x00, 0x00, 0x00, 0x00, 0x00, 0x00, 0x00, 0x00,
    0xff, 0xff, 0xff, 0xff, 0x00, 0x00, 0x00, 0xff, 0x00, 0x00, 0x00, 0xff,
    0x00, 0x00, 0x00, 0xff, 0x49, 0x49, 0x49, 0xff, 0xf8, 0xf8, 0xf8, 0xef,
    0xff, 0xff, 0xff, 0x35, 0x00, 0x00, 0x00, 0x00, 0x00, 0x00, 0x00, 0x00,
    0x00, 0x00, 0x00, 0x00, 0x00, 0x00, 0x00, 0x00, 0x00, 0x00, 0x00, 0x00,
    0x00, 0x00, 0x00, 0x00, 0x00, 0x00, 0x00, 0x00, 0x00, 0x00, 0x00, 0x00,
    0x00, 0x00, 0x00, 0x00, 0x00, 0x00, 0x00, 0x00, 0x00, 0x00, 0x00, 0x00,
    0x00, 0x00, 0x00, 0x00, 0x00, 0x00, 0x00, 0x00, 0x00, 0x00, 0x00, 0x00,
    0x00, 0x00, 0x00, 0x00, 0x00, 0x00, 0x00, 0x00, 0x00, 0x00, 0x00, 0x00,
    0x00, 0x00, 0x00, 0x00, 0x00, 0x00, 0x00, 0x00, 0x00, 0x00, 0x00, 0x00,
    0x00, 0x00, 0x00, 0x00, 0xff, 0xff, 0xff, 0xff, 0x00, 0x00, 0x00, 0xff,
    0x00, 0x00, 0x00, 0xff, 0x00, 0x00, 0x00, 0xff, 0x00, 0x00, 0x00, 0xff,
    0x49, 0x49, 0x49, 0xff, 0xf8, 0xf8, 0xf8, 0xef, 0xff, 0xff, 0xff, 0x35,
    0x00, 0x00, 0x00, 0x00, 0x00, 0x00, 0x00, 0x00, 0x00, 0x00, 0x00, 0x00,
    0x00, 0x00, 0x00, 0x00, 0x00, 0x00, 0x00, 0x00, 0x00, 0x00, 0x00, 0x00,
    0x00, 0x00, 0x00, 0x00, 0x00, 0x00, 0x00, 0x00, 0x00, 0x00, 0x00, 0x00,
    0x00, 0x00, 0x00, 0x00, 0x00, 0x00, 0x00, 0x00, 0x00, 0x00, 0x00, 0x00,
    0x00, 0x00, 0x00, 0x00, 0x00, 0x00, 0x00, 0x00, 0x00, 0x00, 0x00, 0x00,
    0x00, 0x00, 0x00, 0x00, 0x00, 0x00, 0x00, 0x00, 0x00, 0x00, 0x00, 0x00,
    0x00, 0x00, 0x00, 0x00, 0x00, 0x00, 0x00, 0x00, 0xff, 0xff, 0xff, 0xff,
    0x00, 0x00, 0x00, 0xff, 0x00, 0x00, 0x00, 0xff, 0x00, 0x00, 0x00, 0xff,
    0x00, 0x00, 0x00, 0xff, 0x00, 0x00, 0x00, 0xff, 0x49, 0x49, 0x49, 0xff,
    0xf8, 0xf8, 0xf8, 0xef, 0xff, 0xff, 0xff, 0x35, 0x00, 0x00, 0x00, 0x00,
    0x00, 0x00, 0x00, 0x00, 0x00, 0x00, 0x00, 0x00, 0x00, 0x00, 0x00, 0x00,
    0x00, 0x00, 0x00, 0x00, 0x00, 0x00, 0x00, 0x00, 0x00, 0x00, 0x00, 0x00,
    0x00, 0x00, 0x00, 0x00, 0x00, 0x00, 0x00, 0x00, 0x00, 0x00, 0x00, 0x00,
    0x00, 0x00, 0x00, 0x00, 0x00, 0x00, 0x00, 0x00, 0x00, 0x00, 0x00, 0x00,
    0x00, 0x00, 0x00, 0x00, 0x00, 0x00, 0x00, 0x00, 0x00, 0x00, 0x00, 0x00,
    0x00, 0x00, 0x00, 0x00, 0x00, 0x00, 0x00, 0x00, 0x00, 0x00, 0x00, 0x00,
    0xff, 0xff, 0xff, 0xff, 0x00, 0x00, 0x00, 0xff, 0x00, 0x00, 0x00, 0xff,
    0x00, 0x00, 0x00, 0xff, 0x00, 0x00, 0x00, 0xff, 0x00, 0x00, 0x00, 0xff,
    0x00, 0x00, 0x00, 0xff, 0x49, 0x49, 0x49, 0xff, 0xf8, 0xf8, 0xf8, 0xef,
    0xff, 0xff, 0xff, 0x35, 0x00, 0x00, 0x00, 0x00, 0x00, 0x00, 0x00, 0x00,
    0x00, 0x00, 0x00, 0x00, 0x00, 0x00, 0x00, 0x00, 0x00, 0x00, 0x00, 0x00,
    0x00, 0x00, 0x00, 0x00, 0x00, 0x00, 0x00, 0x00, 0x00, 0x00, 0x00, 0x00,
    0x00, 0x00, 0x00, 0x00, 0x00, 0x00, 0x00, 0x00, 0x00, 0x00, 0x00, 0x00,
    0x00, 0x00, 0x00, 0x00, 0x00, 0x00, 0x00, 0x00, 0x00, 0x00, 0x00, 0x00,
    0x00, 0x00, 0x00, 0x00, 0x00, 0x00, 0x00, 0x00, 0x00, 0x00, 0x00, 0x00,
    0x00, 0x00, 0x00, 0x00, 0xff, 0xff, 0xff, 0xff, 0x00, 0x00, 0x00, 0xff,
    0x00, 0x00, 0x00, 0xff, 0x00, 0x00, 0x00, 0xff, 0x00, 0x00, 0x00, 0xff,
    0x00, 0x00, 0x00, 0xff, 0x00, 0x00, 0x00, 0xff, 0x00, 0x00, 0x00, 0xff,
    0x4f, 0x4f, 0x4f, 0xff, 0xfa, 0xfa, 0xfa, 0xec, 0xff, 0xff, 0xff, 0x1a,
    0x00, 0x00, 0x00, 0x00, 0x00, 0x00, 0x00, 0x00, 0x00, 0x00, 0x00, 0x00,
    0x00, 0x00, 0x00, 0x00, 0x00, 0x00, 0x00, 0x00, 0x00, 0x00, 0x00, 0x00,
    0x00, 0x00, 0x00, 0x00, 0x00, 0x00, 0x00, 0x00, 0x00, 0x00, 0x00, 0x00,
    0x00, 0x00, 0x00, 0x00, 0x00, 0x00, 0x00, 0x00, 0x00, 0x00, 0x00, 0x00,
    0x00, 0x00, 0x00, 0x00, 0x00, 0x00, 0x00, 0x00, 0x00, 0x00, 0x00, 0x00,
    0x00, 0x00, 0x00, 0x00, 0x00, 0x00, 0x00, 0x00, 0xff, 0xff, 0xff, 0xff,
    0x00, 0x00, 0x00, 0xff, 0x00, 0x00, 0x00, 0xff, 0x00, 0x00, 0x00, 0xff,
    0x00, 0x00, 0x00, 0xff, 0x00, 0x00, 0x00, 0xff, 0x00, 0x00, 0x00, 0xff,
    0x00, 0x00, 0x00, 0xff, 0x00, 0x00, 0x00, 0xff, 0xbc, 0xbc, 0xbc, 0xff,
    0xff, 0xff, 0xff, 0x4d, 0x00, 0x00, 0x00, 0x00, 0x00, 0x00, 0x00, 0x00,
    0x00, 0x00, 0x00, 0x00, 0x00, 0x00, 0x00, 0x00, 0x00, 0x00, 0x00, 0x00,
    0x00, 0x00, 0x00, 0x00, 0x00, 0x00, 0x00, 0x00, 0x00, 0x00, 0x00, 0x00,
    0x00, 0x00, 0x00, 0x00, 0x00, 0x00, 0x00, 0x00, 0x00, 0x00, 0x00, 0x00,
    0x00, 0x00, 0x00, 0x00, 0x00, 0x00, 0x00, 0x00, 0x00, 0x00, 0x00, 0x00,
    0x00, 0x00, 0x00, 0x00, 0x00, 0x00, 0x00, 0x00, 0x00, 0x00, 0x00, 0x00,
    0xff, 0xff, 0xff, 0xff, 0x00, 0x00, 0x00, 0xff, 0x00, 0x00, 0x00, 0xff,
    0x02, 0x02, 0x02, 0xff, 0x01, 0x01, 0x01, 0xff, 0x00, 0x00, 0x00, 0xff,
    0xba, 0xba, 0xba, 0xff, 0xdd, 0xdd, 0xdd, 0xff, 0xe2, 0xe2, 0xe2, 0xff,
    0xff, 0xff, 0xff, 0xd3, 0xff, 0xff, 0xff, 0x0e, 0x00, 0x00, 0x00, 0x00,
    0x00, 0x00, 0x00, 0x00, 0x00, 0x00, 0x00, 0x00, 0x00, 0x00, 0x00, 0x00,
    0x00, 0x00, 0x00, 0x00, 0x00, 0x00, 0x00, 0x00, 0x00, 0x00, 0x00, 0x00,
    0x00, 0x00, 0x00, 0x00, 0x00, 0x00, 0x00, 0x00, 0x00, 0x00, 0x00, 0x00,
    0x00, 0x00, 0x00, 0x00, 0x00, 0x00, 0x00, 0x00, 0x00, 0x00, 0x00, 0x00,
    0x00, 0x00, 0x00, 0x00, 0x00, 0x00, 0x00, 0x00, 0x00, 0x00, 0x00, 0x00,
    0x00, 0x00, 0x00, 0x00, 0xff, 0xff, 0xff, 0xff, 0x00, 0x00, 0x00, 0xff,
    0x07, 0x07, 0x07, 0xff, 0xa6, 0xa6, 0xa6, 0xff, 0x41, 0x41, 0x41, 0xff,
    0x00, 0x00, 0x00, 0xff, 0x73, 0x73, 0x73, 0xff, 0xff, 0xff, 0xff, 0xb5,
    0xff, 0xff, 0xff, 0x1f, 0xff, 0xff, 0xff, 0x04, 0x00, 0x00, 0x00, 0x00,
    0x00, 0x00, 0x00, 0x00, 0x00, 0x00, 0x00, 0x00, 0x00, 0x00, 0x00, 0x00,
    0x00, 0x00, 0x00, 0x00, 0x00, 0x00, 0x00, 0x00, 0x00, 0x00, 0x00, 0x00,
    0x00, 0x00, 0x00, 0x00, 0x00, 0x00, 0x00, 0x00, 0x00, 0x00, 0x00, 0x00,
    0x00, 0x00, 0x00, 0x00, 0x00, 0x00, 0x00, 0x00, 0x00, 0x00, 0x00, 0x00,
    0x00, 0x00, 0x00, 0x00, 0x00, 0x00, 0x00, 0x00, 0x00, 0x00, 0x00, 0x00,
    0x00, 0x00, 0x00, 0x00, 0x00, 0x00, 0x00, 0x00, 0xff, 0xff, 0xff, 0xe6,
    0x6d, 0x6d, 0x6d, 0xff, 0xc1, 0xc1, 0xc1, 0xff, 0xff, 0xff, 0xff, 0xda,
    0xac, 0xac, 0xac, 0xff, 0x00, 0x00, 0x00, 0xff, 0x11, 0x11, 0x11, 0xff,
    0xf5, 0xf5, 0xf5, 0xf8, 0xff, 0xff, 0xff, 0x16, 0x00, 0x00, 0x00, 0x00,
    0x00, 0x00, 0x00, 0x00, 0x00, 0x00, 0x00, 0x00, 0x00, 0x00, 0x00, 0x00,
    0x00, 0x00, 0x00, 0x00, 0x00, 0x00, 0x00, 0x00, 0x00, 0x00, 0x00, 0x00,
    0x00, 0x00, 0x00, 0x00, 0x00, 0x00, 0x00, 0x00, 0x00, 0x00, 0x00, 0x00,
    0x00, 0x00, 0x00, 0x00, 0x00, 0x00, 0x00, 0x00, 0x00, 0x00, 0x00, 0x00,
    0x00, 0x00, 0x00, 0x00, 0x00, 0x00, 0x00, 0x00, 0x00, 0x00, 0x00, 0x00,
    0x00, 0x00, 0x00, 0x00, 0x00, 0x00, 0x00, 0x00, 0x00, 0x00, 0x00, 0x00,
    0xff, 0xff, 0xff, 0x34, 0xff, 0xff, 0xff, 0xa6, 0xff, 0xff, 0xff, 0x75,
    0xff, 0xff, 0xff, 0x0e, 0xfc, 0xfc, 0xfc, 0xf0, 0x1f, 0x1f, 0x1f, 0xff,
    0x00, 0x00, 0x00, 0xff, 0x9b, 0x9b, 0x9b, 0xff, 0xff, 0xff, 0xff, 0x7a,
    0x00, 0x00, 0x00, 0x00, 0x00, 0x00, 0x00, 0x00, 0x00, 0x00, 0x00, 0x00,
    0x00, 0x00, 0x00, 0x00, 0x00, 0x00, 0x00, 0x00, 0x00, 0x00, 0x00, 0x00,
    0x00, 0x00, 0x00, 0x00, 0x00, 0x00, 0x00, 0x00, 0x00, 0x00, 0x00, 0x00,
    0x00, 0x00, 0x00, 0x00, 0x00, 0x00, 0x00, 0x00, 0x00, 0x00, 0x00, 0x00,
    0x00, 0x00, 0x00, 0x00, 0x00, 0x00, 0x00, 0x00, 0x00, 0x00, 0x00, 0x00,
    0x00, 0x00, 0x00, 0x00, 0x00, 0x00, 0x00, 0x00, 0x00, 0x00, 0x00, 0x00,
    0x00, 0x00, 0x00, 0x00, 0x00, 0x00, 0x00, 0x00, 0x00, 0x00, 0x00, 0x00,
    0x00, 0x00, 0x00, 0x00, 0x00, 0x00, 0x00, 0x00, 0xff, 0xff, 0xff, 0x91,
    0x84, 0x84, 0x84, 0xff, 0x00, 0x00, 0x00, 0xff, 0x3c, 0x3c, 0x3c, 0xff,
    0xff, 0xff, 0xff, 0xc7, 0x00, 0x00, 0x00, 0x00, 0x00, 0x00, 0x00, 0x00,
    0x00, 0x00, 0x00, 0x00, 0x00, 0x00, 0x00, 0x00, 0x00, 0x00, 0x00, 0x00,
    0x00, 0x00, 0x00, 0x00, 0x00, 0x00, 0x00, 0x00, 0x00, 0x00, 0x00, 0x00,
    0x00, 0x00, 0x00, 0x00, 0x00, 0x00, 0x00, 0x00, 0x00, 0x00, 0x00, 0x00,
    0x00, 0x00, 0x00, 0x00, 0x00, 0x00, 0x00, 0x00, 0x00, 0x00, 0x00, 0x00,
    0x00, 0x00, 0x00, 0x00, 0x00, 0x00, 0x00, 0x00, 0x00, 0x00, 0x00, 0x00,
    0x00, 0x00, 0x00, 0x00, 0x00, 0x00, 0x00, 0x00, 0x00, 0x00, 0x00, 0x00,
    0x00, 0x00, 0x00, 0x00, 0x00, 0x00, 0x00, 0x00, 0x00, 0x00, 0x00, 0x00,
    0xff, 0xff, 0xff, 0x26, 0xec, 0xec, 0xec, 0xfb, 0x3d, 0x3d, 0x3d, 0xff,
    0x86, 0x86, 0x86, 0xff, 0xff, 0xff, 0xff, 0xac, 0x00, 0x00, 0x00, 0x00,
    0x00, 0x00, 0x00, 0x00, 0x00, 0x00, 0x00, 0x00, 0x00, 0x00, 0x00, 0x00,
    0x00, 0x00, 0x00, 0x00, 0x00, 0x00, 0x00, 0x00, 0x00, 0x00, 0x00, 0x00,
    0x00, 0x00, 0x00, 0x00, 0x00, 0x00, 0x00, 0x00, 0x00, 0x00, 0x00, 0x00,
    0x00, 0x00, 0x00, 0x00, 0x00, 0x00, 0x00, 0x00, 0x00, 0x00, 0x00, 0x00,
    0x00, 0x00, 0x00, 0x00, 0x00, 0x00, 0x00, 0x00, 0x00, 0x00, 0x00, 0x00,
    0x00, 0x00, 0x00, 0x00, 0x00, 0x00, 0x00, 0x00, 0x00, 0x00, 0x00, 0x00,
    0x00, 0x00, 0x00, 0x00, 0x00, 0x00, 0x00, 0x00, 0x00, 0x00, 0x00, 0x00,
    0x00, 0x00, 0x00, 0x00, 0x00, 0x00, 0x00, 0x00, 0xff, 0xff, 0xff, 0x5a,
    0xff, 0xff, 0xff, 0xce, 0xff, 0xff, 0xff, 0xae, 0xff, 0xff, 0xff, 0x1b,
    0x00, 0x00, 0x00, 0x00, 0x00, 0x00, 0x00, 0x00, 0x00, 0x00, 0x00, 0x00,
    0x00, 0x00, 0x00, 0x00, 0x00, 0x00, 0x00, 0x00, 0x00, 0x00, 0x00, 0x00,
    0x88, 0x44, 0x22, 0xff, 0x44, 0x22, 0x88, 0xff, 0x44, 0x88, 0x22, 0xff,
    0x22, 0x44, 0x88, 0xff, 0x88, 0x22, 0x44, 0xff, 0x88, 0x88, 0x44, 0xff,
    0x00, 0x00, 0x00, 0x00, 0x00, 0x00, 0x00, 0x00, 0x28, 0x20, 0x1a, 0xff,
    0x28, 0x20, 0x1a, 0xff, 0x28, 0x20, 0x1a, 0xff, 0x28, 0x20, 0x1a, 0xff,
    0x2f, 0x68, 0x65, 0x6c, 0x6c, 0x6f, 0x2e, 0x74, 0x78, 0x74, 0x00, 0x5b,
    0x63, 0x6f, 0x6d, 0x70, 0x6f, 0x73, 0x65, 0x72, 0x5d, 0x20, 0x76, 0x67,
    0x61, 0x20, 0x6d, 0x6f, 0x64, 0x65, 0x0a, 0x00, 0x5b, 0x63, 0x6f, 0x6d,
    0x70, 0x6f, 0x73, 0x65, 0x72, 0x5d, 0x20, 0x70, 0x6f, 0x72, 0x74, 0x20,
    0x63, 0x72, 0x65, 0x61, 0x74, 0x65, 0x20, 0x66, 0x61, 0x69, 0x6c, 0x0a,
    0x00, 0x5b, 0x63, 0x6f, 0x6d, 0x70, 0x6f, 0x73, 0x65, 0x72, 0x5d, 0x20,
    0x20, 0x63, 0x61, 0x70, 0x74, 0x75, 0x72, 0x65, 0x64, 0x20, 0x62, 0x79,
    0x20, 0x70, 0x69, 0x64, 0x20, 0x00, 0x48, 0x65, 0x6c, 0x6c, 0x6f, 0x20,
    0x66, 0x72, 0x6f, 0x6d, 0x20, 0x58, 0x46, 0x53, 0x21, 0x00, 0x5b, 0x63,
    0x6f, 0x6d, 0x70, 0x6f, 0x73, 0x65, 0x72, 0x5d, 0x20, 0x73, 0x74, 0x61,
    0x72, 0x74, 0x0a, 0x00, 0x5b, 0x63, 0x6f, 0x6d, 0x70, 0x6f, 0x73, 0x65,
    0x72, 0x5d, 0x20, 0x49, 0x50, 0x43, 0x3a, 0x20, 0x44, 0x45, 0x53, 0x54,
    0x52, 0x4f, 0x59, 0x5f, 0x53, 0x55, 0x52, 0x46, 0x41, 0x43, 0x45, 0x0a,
    0x00, 0x5b, 0x63, 0x6f, 0x6d, 0x70, 0x6f, 0x73, 0x65, 0x72, 0x5d, 0x20,
    0x49, 0x50, 0x43, 0x3a, 0x20, 0x52, 0x45, 0x4c, 0x45, 0x41, 0x53, 0x45,
    0x5f, 0x44, 0x49, 0x53, 0x50, 0x4c, 0x41, 0x59, 0x0a, 0x00, 0x5b, 0x63,
    0x6f, 0x6d, 0x70, 0x6f, 0x73, 0x65, 0x72, 0x5d, 0x20, 0x67, 0x70, 0x75,
    0x20, 0x6d, 0x65, 0x6d, 0x5f, 0x6d, 0x61, 0x70, 0x20, 0x66, 0x61, 0x69,
    0x6c, 0x0a, 0x00, 0x5b, 0x63, 0x6f, 0x6d, 0x70, 0x6f, 0x73, 0x65, 0x72,
    0x5d, 0x20, 0x20, 0x64, 0x72, 0x61, 0x67, 0x20, 0x73, 0x74, 0x61, 0x72,
    0x74, 0x20, 0x69, 0x64, 0x78, 0x3d, 0x00, 0x5b, 0x63, 0x6f, 0x6d, 0x70,
    0x6f, 0x73, 0x65, 0x72, 0x5d, 0x20, 0x70, 0x6f, 0x72, 0x74, 0x20, 0x72,
    0x65, 0x67, 0x69, 0x73, 0x74, 0x65, 0x72, 0x65, 0x64, 0x0a, 0x00, 0x5b,
    0x63, 0x6f, 0x6d, 0x70, 0x6f, 0x73, 0x65, 0x72, 0x5d, 0x20, 0x63, 0x75,
    0x6c, 0x6c, 0x65, 0x64, 0x20, 0x64, 0x65, 0x61, 0x64, 0x20, 0x73, 0x75,
    0x72, 0x66, 0x61, 0x63, 0x65, 0x73, 0x0a, 0x00, 0x5b, 0x63, 0x6f, 0x6d,
    0x70, 0x6f, 0x73, 0x65, 0x72, 0x5d, 0x20, 0x6b, 0x65, 0x79, 0x3a, 0x20,
    0x55, 0x50, 0x0a, 0x00, 0x5b, 0x63, 0x6f, 0x6d, 0x70, 0x6f, 0x73, 0x65,
    0x72, 0x5d, 0x20, 0x6b, 0x65, 0x79, 0x3a, 0x20, 0x44, 0x4f, 0x57, 0x4e,
    0x0a, 0x00, 0x5b, 0x63, 0x6f, 0x6d, 0x70, 0x6f, 0x73, 0x65, 0x72, 0x5d,
    0x20, 0x66, 0x73, 0x20, 0x72, 0x65, 0x6f, 0x70, 0x65, 0x6e, 0x20, 0x66,
    0x61, 0x69, 0x6c, 0x0a, 0x00, 0x5b, 0x63, 0x6f, 0x6d, 0x70, 0x6f, 0x73,
    0x65, 0x72, 0x5d, 0x20, 0x49, 0x50, 0x43, 0x3a, 0x20, 0x44, 0x49, 0x52,
    0x54, 0x59, 0x20, 0x73, 0x75, 0x72, 0x66, 0x61, 0x63, 0x65, 0x20, 0x00,
    0x5b, 0x63, 0x6f, 0x6d, 0x70, 0x6f, 0x73, 0x65, 0x72, 0x5d, 0x20, 0x73,
    0x70, 0x61, 0x77, 0x6e, 0x5f, 0x73, 0x75, 0x72, 0x66, 0x61, 0x63, 0x65,
    0x20, 0x61, 0x74, 0x20, 0x00, 0x5b, 0x63, 0x6f, 0x6d, 0x70, 0x6f, 0x73,
    0x65, 0x72, 0x5d, 0x20, 0x66, 0x73, 0x20, 0x63, 0x72, 0x65, 0x61, 0x74,
    0x65, 0x20, 0x66, 0x61, 0x69, 0x6c, 0x0a, 0x00, 0x5b, 0x63, 0x6f, 0x6d,
    0x70, 0x6f, 0x73, 0x65, 0x72, 0x5d, 0x20, 0x20, 0x64, 0x65, 0x73, 0x74,
    0x72, 0x6f, 0x79, 0x65, 0x64, 0x20, 0x73, 0x75, 0x72, 0x66, 0x61, 0x63,
    0x65, 0x20, 0x00, 0x5b, 0x63, 0x6f, 0x6d, 0x70, 0x6f, 0x73, 0x65, 0x72,
    0x5d, 0x20, 0x6d, 0x65, 0x6d, 0x5f, 0x6d, 0x61, 0x70, 0x20, 0x66, 0x61,
    0x69, 0x6c, 0x0a, 0x00, 0x5b, 0x63, 0x6f, 0x6d, 0x70, 0x6f, 0x73, 0x65,
    0x72, 0x5d, 0x20, 0x66, 0x73, 0x20, 0x62, 0x61, 0x64, 0x0a, 0x00, 0x5b,
    0x63, 0x6f, 0x6d, 0x70, 0x6f, 0x73, 0x65, 0x72, 0x5d, 0x20, 0x67, 0x70,
    0x75, 0x20, 0x6d, 0x6f, 0x64, 0x65, 0x0a, 0x00, 0x0a, 0x00, 0x5b, 0x63,
    0x6f, 0x6d, 0x70, 0x6f, 0x73, 0x65, 0x72, 0x5d, 0x20, 0x62, 0x61, 0x63,
    0x6b, 0x69, 0x6e, 0x67, 0x20, 0x61, 0x6c, 0x6c, 0x6f, 0x63, 0x20, 0x66,
    0x61, 0x69, 0x6c, 0x0a, 0x00, 0x5b, 0x63, 0x6f, 0x6d, 0x70, 0x6f, 0x73,
    0x65, 0x72, 0x5d, 0x20, 0x6d, 0x6f, 0x75, 0x73, 0x65, 0x20, 0x64, 0x6f,
    0x77, 0x6e, 0x20, 0x61, 0x74, 0x20, 0x00, 0x5b, 0x63, 0x6f, 0x6d, 0x70,
    0x6f, 0x73, 0x65, 0x72, 0x5d, 0x20, 0x49, 0x50, 0x43, 0x3a, 0x20, 0x43,
    0x41, 0x50, 0x54, 0x55, 0x52, 0x45, 0x5f, 0x44, 0x49, 0x53, 0x50, 0x4c,
    0x41, 0x59, 0x0a, 0x00, 0x5b, 0x63, 0x6f, 0x6d, 0x70, 0x6f, 0x73, 0x65,
    0x72, 0x5d, 0x20, 0x66, 0x62, 0x5f, 0x69, 0x6e, 0x66, 0x6f, 0x20, 0x66,
    0x61, 0x69, 0x6c, 0x0a, 0x00, 0x5b, 0x63, 0x6f, 0x6d, 0x70, 0x6f, 0x73,
    0x65, 0x72, 0x5d, 0x20, 0x72, 0x65, 0x61, 0x64, 0x79, 0x0a, 0x00, 0x5b,
    0x63, 0x6f, 0x6d, 0x70, 0x6f, 0x73, 0x65, 0x72, 0x5d, 0x20, 0x49, 0x50,
    0x43, 0x3a, 0x20, 0x43, 0x52, 0x45, 0x41, 0x54, 0x45, 0x5f, 0x53, 0x55,
    0x52, 0x46, 0x41, 0x43, 0x45, 0x0a, 0x00, 0x5b, 0x63, 0x6f, 0x6d, 0x70,
    0x6f, 0x73, 0x65, 0x72, 0x5d, 0x20, 0x6b, 0x65, 0x79, 0x3a, 0x20, 0x52,
    0x49, 0x47, 0x48, 0x54, 0x0a, 0x00, 0x5b, 0x63, 0x6f, 0x6d, 0x70, 0x6f,
    0x73, 0x65, 0x72, 0x5d, 0x20, 0x49, 0x50, 0x43, 0x3a, 0x20, 0x44, 0x49,
    0x52, 0x54, 0x59, 0x20, 0x66, 0x75, 0x6c, 0x6c, 0x20, 0x73, 0x75, 0x72,
    0x66, 0x61, 0x63, 0x65, 0x20, 0x00, 0x5b, 0x63, 0x6f, 0x6d, 0x70, 0x6f,
    0x73, 0x65, 0x72, 0x5d, 0x20, 0x66, 0x73, 0x20, 0x6f, 0x6b, 0x0a, 0x00,
    0x5b, 0x63, 0x6f, 0x6d, 0x70, 0x6f, 0x73, 0x65, 0x72, 0x5d, 0x20, 0x20,
    0x68, 0x69, 0x74, 0x20, 0x73, 0x75, 0x72, 0x66, 0x61, 0x63, 0x65, 0x20,
    0x00, 0x5b, 0x63, 0x6f, 0x6d, 0x70, 0x6f, 0x73, 0x65, 0x72, 0x5d, 0x20,
    0x6d, 0x6f, 0x75, 0x73, 0x65, 0x20, 0x75, 0x70, 0x20, 0x28, 0x6c, 0x65,
    0x66, 0x74, 0x29, 0x2c, 0x20, 0x64, 0x72, 0x61, 0x67, 0x20, 0x65, 0x6e,
    0x64, 0x0a, 0x00, 0x5b, 0x63, 0x6f, 0x6d, 0x70, 0x6f, 0x73, 0x65, 0x72,
    0x5d, 0x20, 0x63, 0x75, 0x72, 0x73, 0x6f, 0x72, 0x20, 0x6d, 0x65, 0x6d,
    0x5f, 0x6d, 0x61, 0x70, 0x20, 0x66, 0x61, 0x69, 0x6c, 0x0a, 0x00, 0x20,
    0x72, 0x65, 0x63, 0x74, 0x0a, 0x00, 0x5b, 0x63, 0x6f, 0x6d, 0x70, 0x6f,
    0x73, 0x65, 0x72, 0x5d, 0x20, 0x65, 0x78, 0x69, 0x74, 0x0a, 0x00, 0x5b,
    0x63, 0x6f, 0x6d, 0x70, 0x6f, 0x73, 0x65, 0x72, 0x5d, 0x20, 0x6b, 0x65,
    0x79, 0x3a, 0x20, 0x4c, 0x45, 0x46, 0x54, 0x0a, 0x00, 0x00, 0x00, 0x00,
    0x00, 0x00, 0x00, 0x00, 0x00, 0x00, 0x00, 0x00, 0x00, 0x00, 0x00, 0x00,
    0x5b, 0x63, 0x6f, 0x6d, 0x70, 0x6f, 0x73, 0x65, 0x72, 0x5d, 0x20, 0x6b,
    0x65, 0x79, 0x3a, 0x20, 0x58, 0x0a, 0x00, 0x00, 0x00, 0x00, 0x00, 0x00,
    0x00, 0x00, 0x00, 0x00, 0x00, 0x00, 0x00, 0x00, 0x00, 0x00, 0x00, 0x00,
    0x00, 0x00, 0x00, 0x00, 0x00, 0x00, 0x00, 0x00, 0x00, 0x00, 0x00, 0x00,
    0x00, 0x00, 0x00, 0x00, 0x00, 0x00, 0x00, 0x00, 0x00, 0x00, 0x00, 0x00,
    0x00, 0x00, 0x00, 0x00, 0x00, 0x00, 0x00, 0x00, 0x00, 0x00, 0x00, 0x00,
    0x00, 0x00, 0x00, 0x00, 0x00, 0x00, 0x00, 0x00, 0x00, 0x00, 0x00, 0x00,
    0x00, 0x00, 0x00, 0x00, 0x00, 0x00, 0x00, 0x00, 0x00, 0x00, 0x00, 0x00,
    0x00, 0x00, 0x00, 0x00, 0x00, 0x00, 0x00, 0x00, 0x00, 0x00, 0x00, 0x00,
    0x00, 0x00, 0x00, 0x00, 0x00, 0x00, 0x00, 0x00, 0x00, 0x00, 0x00, 0x00,
    0x00, 0x00, 0x00, 0x00, 0x00, 0x00, 0x00, 0x00, 0x00, 0x00, 0x00, 0x00,
    0x00, 0x00, 0x00, 0x00, 0x00, 0x00, 0x00, 0x00, 0x00, 0x00, 0x00, 0x00,
    0x00, 0x00, 0x00, 0x00, 0x00, 0x00, 0x00, 0x00, 0x00, 0x00, 0x00, 0x00,
    0x00, 0x00, 0x00, 0x00, 0x00, 0x00, 0x00, 0x00, 0x00, 0x00, 0x00, 0x00,
    0x00, 0x00, 0x00, 0x00, 0x00, 0x00, 0x00, 0x00, 0x00, 0x00, 0x00, 0x00,
    0x00, 0x00, 0x00, 0x00, 0x00, 0x00, 0x00, 0x00, 0x00, 0x00, 0x00, 0x00,
    0x00, 0x00, 0x00, 0x00, 0x00, 0x00, 0x00, 0x00, 0x00, 0x00, 0x00, 0x00,
    0x00, 0x00, 0x00, 0x00, 0x00, 0x00, 0x00, 0x00, 0x00, 0x00, 0x00, 0x00,
    0x00, 0x00, 0x00, 0x00, 0x00, 0x00, 0x00, 0x00, 0x00, 0x00, 0x00, 0x00,
    0x00, 0x00, 0x00, 0x00, 0x00, 0x00, 0x00, 0x00, 0x00, 0x00, 0x00, 0x00,
    0x00, 0x00, 0x00, 0x00, 0x00, 0x00, 0x00, 0x00, 0x00, 0x00, 0x00, 0x00,
    0x00, 0x00, 0x00, 0x00, 0x00, 0x00, 0x00, 0x00, 0x00, 0x00, 0x00, 0x00,
    0x00, 0x00, 0x00, 0x00, 0x00, 0x00, 0x00, 0x00, 0x00, 0x00, 0x00, 0x00,
    0x00, 0x00, 0x00, 0x00, 0x00, 0x00, 0x00, 0x00, 0x00, 0x00, 0x00, 0x00,
    0x00, 0x00, 0x00, 0x00, 0x00, 0x00, 0x00, 0x00, 0x00, 0x00, 0x00, 0x00,
    0x00, 0x00, 0x00, 0x00, 0x00, 0x00, 0x00, 0x00, 0x00, 0x00, 0x00, 0x00,
    0x00, 0x00, 0x00, 0x00, 0x00, 0x00, 0x00, 0x00, 0x00, 0x00, 0x00, 0x00,
    0x00, 0x00, 0x00, 0x00, 0x00, 0x00, 0x00, 0x00, 0x00, 0x00, 0x00, 0x00,
    0x00, 0x00, 0x00, 0x00, 0x00, 0x00, 0x00, 0x00, 0x00, 0x00, 0x00, 0x00,
    0x00, 0x00, 0x00, 0x00, 0x00, 0x00, 0x00, 0x00, 0x00, 0x00, 0x00, 0x00,
    0x00, 0x00, 0x00, 0x00, 0x00, 0x00, 0x00, 0x00, 0x00, 0x00, 0x00, 0x00,
    0x00, 0x00, 0x00, 0x00, 0x00, 0x00, 0x00, 0x00, 0x00, 0x00, 0x00, 0x00,
    0x00, 0x00, 0x00, 0x00, 0x00, 0x00, 0x00, 0x00, 0x00, 0x00, 0x00, 0x00,
    0x00, 0x00, 0x00, 0x00, 0x00, 0x00, 0x00, 0x00, 0x00, 0x00, 0x00, 0x00,
    0x00, 0x00, 0x00, 0x00, 0x00, 0x00, 0x00, 0x00, 0x00, 0x00, 0x00, 0x00,
    0x00, 0x00, 0x00, 0x00, 0x00, 0x00, 0x00, 0x00, 0x00, 0x00, 0x00, 0x00,
    0x00, 0x00, 0x00, 0x00, 0x00, 0x00, 0x00, 0x00, 0x00, 0x00, 0x00, 0x00,
    0x00, 0x00, 0x00, 0x00, 0x00, 0x00, 0x00, 0x00, 0x00, 0x00, 0x00, 0x00,
    0x00, 0x00, 0x00, 0x00, 0x00, 0x00, 0x00, 0x00, 0x00, 0x00, 0x00, 0x00,
    0x00, 0x00, 0x00, 0x00, 0x00, 0x00, 0x00, 0x00, 0x00, 0x00, 0x00, 0x00,
    0x00, 0x00, 0x00, 0x00, 0x00, 0x00, 0x00, 0x00, 0x00, 0x00, 0x00, 0x00,
    0x00, 0x00, 0x00, 0x00, 0x00, 0x00, 0x00, 0x00, 0x00, 0x00, 0x00, 0x00,
    0x00, 0x00, 0x00, 0x00, 0x00, 0x00, 0x00, 0x00, 0x00, 0x00, 0x00, 0x00,
    0x00, 0x00, 0x00, 0x00, 0x00, 0x00, 0x00, 0x00, 0x00, 0x00, 0x00, 0x00,
    0x00, 0x00, 0x00, 0x00, 0x00, 0x00, 0x00, 0x00, 0x00, 0x00, 0x00, 0x00,
    0x00, 0x00, 0x00, 0x00, 0x00, 0x00, 0x00, 0x00, 0x00, 0x00, 0x00, 0x00,
    0x00, 0x00, 0x00, 0x00, 0x00, 0x00, 0x00, 0x00, 0x00, 0x00, 0x00, 0x00,
    0x00, 0x00, 0x00, 0x00, 0x00, 0x00, 0x00, 0x00, 0x00, 0x00, 0x00, 0x00,
    0x00, 0x00, 0x00, 0x00, 0x00, 0x00, 0x00, 0x00, 0x00, 0x00, 0x00, 0x00,
    0x00, 0x00, 0x00, 0x00, 0x00, 0x00, 0x00, 0x00, 0x00, 0x00, 0x00, 0x00,
    0x00, 0x00, 0x00, 0x00, 0x00, 0x00, 0x00, 0x00, 0x00, 0x00, 0x00, 0x00,
    0x00, 0x00, 0x00, 0x00, 0x00, 0x00, 0x00, 0x00, 0x00, 0x00, 0x00, 0x00,
    0x00, 0x00, 0x00, 0x00, 0x00, 0x00, 0x00, 0x00, 0x00, 0x00, 0x00, 0x00,
    0x00, 0x00, 0x00, 0x00, 0x00, 0x00, 0x00, 0x00, 0x00, 0x00, 0x00, 0x00,
    0x00, 0x00, 0x00, 0x00, 0x00, 0x00, 0x00, 0x00, 0x00, 0x00, 0x00, 0x00,
    0x00, 0x00, 0x00, 0x00, 0x00, 0x00, 0x00, 0x00, 0x00, 0x00, 0x00, 0x00,
    0x00, 0x00, 0x00, 0x00, 0x00, 0x00, 0x00, 0x00, 0x00, 0x00, 0x00, 0x00,
    0x00, 0x00, 0x00, 0x00, 0x00, 0x00, 0x00, 0x00, 0x00, 0x00, 0x00, 0x00,
    0x00, 0x00, 0x00, 0x00, 0x00, 0x00, 0x00, 0x00, 0x00, 0x00, 0x00, 0x00,
    0x00, 0x00, 0x00, 0x00, 0x00, 0x00, 0x00, 0x00, 0x00, 0x00, 0x00, 0x00,
    0x00, 0x00, 0x00, 0x00, 0x00, 0x00, 0x00, 0x00, 0x00, 0x00, 0x00, 0x00,
    0x00, 0x00, 0x00, 0x00, 0x00, 0x00, 0x00, 0x00, 0x00, 0x00, 0x00, 0x00,
    0x00, 0x00, 0x00, 0x00, 0x00, 0x00, 0x00, 0x00, 0x00, 0x00, 0x00, 0x00,
    0x00, 0x00, 0x00, 0x00, 0x00, 0x00, 0x00, 0x00, 0x00, 0x00, 0x00, 0x00,
    0x00, 0x00, 0x00, 0x00, 0x00, 0x00, 0x00, 0x00, 0x00, 0x00, 0x00, 0x00,
    0x00, 0x00, 0x00, 0x00, 0x00, 0x00, 0x00, 0x00, 0x00, 0x00, 0x00, 0x00,
    0x00, 0x00, 0x00, 0x00, 0x00, 0x00, 0x00, 0x00, 0x00, 0x00, 0x00, 0x00,
    0x00, 0x00, 0x00, 0x00, 0x00, 0x00, 0x00, 0x00, 0x00, 0x00, 0x00, 0x00,
    0x00, 0x00, 0x00, 0x00, 0x00, 0x00, 0x00, 0x00, 0x00, 0x00, 0x00, 0x00,
    0x00, 0x00, 0x00, 0x00, 0x00, 0x00, 0x00, 0x00, 0x00, 0x00, 0x00, 0x00,
    0x00, 0x00, 0x00, 0x00, 0x00, 0x00, 0x00, 0x00, 0x00, 0x00, 0x00, 0x00,
    0x00, 0x00, 0x00, 0x00, 0x00, 0x00, 0x00, 0x00, 0x00, 0x00, 0x00, 0x00,
    0x00, 0x00, 0x00, 0x00, 0x00, 0x00, 0x00, 0x00, 0x00, 0x00, 0x00, 0x00,
    0x00, 0x00, 0x00, 0x00, 0x00, 0x00, 0x00, 0x00, 0x00, 0x00, 0x00, 0x00,
    0x00, 0x00, 0x00, 0x00, 0x00, 0x00, 0x00, 0x00, 0x00, 0x00, 0x00, 0x00,
    0x00, 0x00, 0x00, 0x00, 0x00, 0x00, 0x00, 0x00, 0x00, 0x00, 0x00, 0x00,
    0x00, 0x00, 0x00, 0x00, 0x00, 0x00, 0x00, 0x00, 0x00, 0x00, 0x00, 0x00,
    0x00, 0x00, 0x00, 0x00, 0x00, 0x00, 0x00, 0x00, 0x00, 0x00, 0x00, 0x00,
    0x00, 0x00, 0x00, 0x00, 0x00, 0x00, 0x00, 0x00, 0x00, 0x00, 0x00, 0x00,
    0x00, 0x00, 0x00, 0x00, 0x00, 0x00, 0x00, 0x00, 0x00, 0x00, 0x00, 0x00,
    0x00, 0x00, 0x00, 0x00, 0x00, 0x00, 0x00, 0x00, 0x00, 0x00, 0x00, 0x00,
    0x00, 0x00, 0x00, 0x00, 0x00, 0x00, 0x00, 0x00, 0x00, 0x00, 0x00, 0x00,
    0x00, 0x00, 0x00, 0x00, 0x00, 0x00, 0x00, 0x00, 0x00, 0x00, 0x00, 0x00,
    0x00, 0x00, 0x00, 0x00, 0x00, 0x00, 0x00, 0x00, 0x00, 0x00, 0x00, 0x00,
    0x00, 0x00, 0x00, 0x00, 0x00, 0x00, 0x00, 0x00, 0x00, 0x00, 0x00, 0x00,
    0x00, 0x00, 0x00, 0x00, 0x00, 0x00, 0x00, 0x00, 0x00, 0x00, 0x00, 0x00,
    0x00, 0x00, 0x00, 0x00, 0x00, 0x00, 0x00, 0x00, 0x00, 0x00, 0x00, 0x00,
    0x00, 0x00, 0x00, 0x00, 0x00, 0x00, 0x00, 0x00, 0x00, 0x00, 0x00, 0x00,
    0x00, 0x00, 0x00, 0x00, 0x00, 0x00, 0x00, 0x00, 0x00, 0x00, 0x00, 0x00,
    0x00, 0x00, 0x00, 0x00, 0x00, 0x00, 0x00, 0x00, 0x00, 0x00, 0x00, 0x00,
    0x00, 0x00, 0x00, 0x00, 0x00, 0x00, 0x00, 0x00, 0x00, 0x00, 0x00, 0x00,
    0x00, 0x00, 0x00, 0x00, 0x00, 0x00, 0x00, 0x00, 0x00, 0x00, 0x00, 0x00,
    0x00, 0x00, 0x00, 0x00, 0x00, 0x00, 0x00, 0x00, 0x00, 0x00, 0x00, 0x00,
    0x00, 0x00, 0x00, 0x00, 0x00, 0x00, 0x00, 0x00, 0x00, 0x00, 0x00, 0x00,
    0x00, 0x00, 0x00, 0x00, 0x00, 0x00, 0x00, 0x00, 0x00, 0x00, 0x00, 0x00,
    0x00, 0x00, 0x00, 0x00, 0x00, 0x00, 0x00, 0x00, 0x00, 0x00, 0x00, 0x00,
    0x00, 0x00, 0x00, 0x00, 0x00, 0x00, 0x00, 0x00, 0x00, 0x00, 0x00, 0x00,
    0x00, 0x00, 0x00, 0x00, 0x00, 0x00, 0x00, 0x00, 0x00, 0x00, 0x00, 0x00,
    0x00, 0x00, 0x00, 0x00, 0x00, 0x00, 0x00, 0x00, 0x00, 0x00, 0x00, 0x00,
    0x00, 0x00, 0x00, 0x00, 0x00, 0x00, 0x00, 0x00, 0x00, 0x00, 0x00, 0x00,
    0x00, 0x00, 0x00, 0x00, 0x00, 0x00, 0x00, 0x00, 0x00, 0x00, 0x00, 0x00,
    0x00, 0x00, 0x00, 0x00, 0x00, 0x00, 0x00, 0x00, 0x00, 0x00, 0x00, 0x00,
    0x00, 0x00, 0x00, 0x00, 0x00, 0x00, 0x00, 0x00, 0x00, 0x00, 0x00, 0x00,
    0x00, 0x00, 0x00, 0x00, 0x00, 0x00, 0x00, 0x00, 0x00, 0x00, 0x00, 0x00,
    0x00, 0x00, 0x00, 0x00, 0x00, 0x00, 0x00, 0x00, 0x00, 0x00, 0x00, 0x00,
    0x00, 0x00, 0x00, 0x00, 0x00, 0x00, 0x00, 0x00, 0x00, 0x00, 0x00, 0x00,
    0x00, 0x00, 0x00, 0x00, 0x00, 0x00, 0x00, 0x00, 0x00, 0x00, 0x00, 0x00,
    0x00, 0x00, 0x00, 0x00, 0x00, 0x00, 0x00, 0x00, 0x00, 0x00, 0x00, 0x00,
    0x00, 0x00, 0x00, 0x00, 0x00, 0x00, 0x00, 0x00, 0x00, 0x00, 0x00, 0x00,
    0x00, 0x00, 0x00, 0x00, 0x00, 0x00, 0x00, 0x00, 0x00, 0x00, 0x00, 0x00,
    0x00, 0x00, 0x00, 0x00, 0x00, 0x00, 0x00, 0x00, 0x00, 0x00, 0x00, 0x00,
    0x00, 0x00, 0x00, 0x00, 0x00, 0x00, 0x00, 0x00, 0x00, 0x00, 0x00, 0x00,
    0x00, 0x00, 0x00, 0x00, 0x00, 0x00, 0x00, 0x00, 0x00, 0x00, 0x00, 0x00,
    0x00, 0x00, 0x00, 0x00, 0x00, 0x00, 0x00, 0x00, 0x00, 0x00, 0x00, 0x00,
    0x00, 0x00, 0x00, 0x00, 0x00, 0x00, 0x00, 0x00, 0x00, 0x00, 0x00, 0x00,
    0x00, 0x00, 0x00, 0x00, 0x00, 0x00, 0x00, 0x00, 0x00, 0x00, 0x00, 0x00,
    0x00, 0x00, 0x00, 0x00, 0x00, 0x00, 0x00, 0x00, 0x00, 0x00, 0x00, 0x00,
    0x00, 0x00, 0x00, 0x00, 0x00, 0x00, 0x00, 0x00, 0x00, 0x00, 0x00, 0x00,
    0x00, 0x00, 0x00, 0x00, 0x00, 0x00, 0x00, 0x00, 0x00, 0x00, 0x00, 0x00,
    0x00, 0x00, 0x00, 0x00, 0x00, 0x00, 0x00, 0x00, 0x00, 0x00, 0x00, 0x00,
    0x00, 0x00, 0x00, 0x00, 0x00, 0x00, 0x00, 0x00, 0x00, 0x00, 0x00, 0x00,
    0x00, 0x00, 0x00, 0x00, 0x00, 0x00, 0x00, 0x00, 0x00, 0x00, 0x00, 0x00,
    0x00, 0x00, 0x00, 0x00, 0x00, 0x00, 0x00, 0x00, 0x00, 0x00, 0x00, 0x00,
    0x00, 0x00, 0x00, 0x00, 0x00, 0x00, 0x00, 0x00, 0x00, 0x00, 0x00, 0x00,
    0x00, 0x00, 0x00, 0x00, 0x00, 0x00, 0x00, 0x00, 0x00, 0x00, 0x00, 0x00,
    0x00, 0x00, 0x00, 0x00, 0x00, 0x00, 0x00, 0x00, 0x00, 0x00, 0x00, 0x00,
    0x00, 0x00, 0x00, 0x00, 0x00, 0x00, 0x00, 0x00, 0x00, 0x00, 0x00, 0x00,
    0x00, 0x00, 0x00, 0x00, 0x00, 0x00, 0x00, 0x00, 0x00, 0x00, 0x00, 0x00,
    0x00, 0x00, 0x00, 0x00, 0x00, 0x00, 0x00, 0x00, 0x00, 0x00, 0x00, 0x00,
    0x00, 0x00, 0x00, 0x00, 0x00, 0x00, 0x00, 0x00, 0x00, 0x00, 0x00, 0x00,
    0x00, 0x00, 0x00, 0x00, 0x00, 0x00, 0x00, 0x00, 0x00, 0x00, 0x00, 0x00,
    0x00, 0x00, 0x00, 0x00, 0x00, 0x00, 0x00, 0x00, 0x00, 0x00, 0x00, 0x00,
    0x00, 0x00, 0x00, 0x00, 0x00, 0x00, 0x00, 0x00, 0x00, 0x00, 0x00, 0x00,
    0x00, 0x00, 0x00, 0x00, 0x00, 0x00, 0x00, 0x00, 0x00, 0x00, 0x00, 0x00,
    0x00, 0x00, 0x00, 0x00, 0x00, 0x00, 0x00, 0x00, 0x00, 0x00, 0x00, 0x00,
    0x00, 0x00, 0x00, 0x00, 0x00, 0x00, 0x00, 0x00, 0x00, 0x00, 0x00, 0x00,
    0x00, 0x00, 0x00, 0x00, 0x00, 0x00, 0x00, 0x00, 0x00, 0x00, 0x00, 0x00,
    0x00, 0x00, 0x00, 0x00, 0x00, 0x00, 0x00, 0x00, 0x00, 0x00, 0x00, 0x00,
    0x00, 0x00, 0x00, 0x00, 0x00, 0x00, 0x00, 0x00, 0x00, 0x00, 0x00, 0x00,
    0x00, 0x00, 0x00, 0x00, 0x00, 0x00, 0x00, 0x00, 0x00, 0x00, 0x00, 0x00,
    0x00, 0x00, 0x00, 0x00, 0x00, 0x00, 0x00, 0x00, 0x00, 0x00, 0x00, 0x00,
    0x00, 0x00, 0x00, 0x00, 0x00, 0x00, 0x00, 0x00, 0x00, 0x00, 0x00, 0x00,
    0x00, 0x00, 0x00, 0x00, 0x00, 0x00, 0x00, 0x00, 0x00, 0x00, 0x00, 0x00,
    0x00, 0x00, 0x00, 0x00, 0x00, 0x00, 0x00, 0x00, 0x00, 0x00, 0x00, 0x00,
    0x00, 0x00, 0x00, 0x00, 0x00, 0x00, 0x00, 0x00, 0x00, 0x00, 0x00, 0x00,
    0x00, 0x00, 0x00, 0x00, 0x00, 0x00, 0x00, 0x00, 0x00, 0x00, 0x00, 0x00,
    0x00, 0x00, 0x00, 0x00, 0x00, 0x00, 0x00, 0x00, 0x00, 0x00, 0x00, 0x00,
    0x00, 0x00, 0x00, 0x00, 0x00, 0x00, 0x00, 0x00, 0x00, 0x00, 0x00, 0x00,
    0x00, 0x00, 0x00, 0x00, 0x00, 0x00, 0x00, 0x00, 0x00, 0x00, 0x00, 0x00,
    0x00, 0x00, 0x00, 0x00, 0x00, 0x00, 0x00, 0x00, 0x00, 0x00, 0x00, 0x00,
    0x00, 0x00, 0x00, 0x00, 0x00, 0x00, 0x00, 0x00, 0x00, 0x00, 0x00, 0x00,
    0x00, 0x00, 0x00, 0x00, 0x00, 0x00, 0x00, 0x00, 0x00, 0x00, 0x00, 0x00,
    0x00, 0x00, 0x00, 0x00, 0x00, 0x00, 0x00, 0x00, 0x00, 0x00, 0x00, 0x00,
    0x00, 0x00, 0x00, 0x00, 0x00, 0x00, 0x00, 0x00, 0x00, 0x00, 0x00, 0x00,
    0x00, 0x00, 0x00, 0x00, 0x00, 0x00, 0x00, 0x00, 0x00, 0x00, 0x00, 0x00,
    0x00, 0x00, 0x00, 0x00, 0x00, 0x00, 0x00, 0x00, 0x00, 0x00, 0x00, 0x00,
    0x00, 0x00, 0x00, 0x00, 0x00, 0x00, 0x00, 0x00, 0x00, 0x00, 0x00, 0x00,
    0x00, 0x00, 0x00, 0x00, 0x00, 0x00, 0x00, 0x00, 0x00, 0x00, 0x00, 0x00,
    0x00, 0x00, 0x00, 0x00, 0x00, 0x00, 0x00, 0x00, 0x00, 0x00, 0x00, 0x00,
    0x00, 0x00, 0x00, 0x00, 0x00, 0x00, 0x00, 0x00, 0x00, 0x00, 0x00, 0x00,
    0x00, 0x00, 0x00, 0x00, 0x00, 0x00, 0x00, 0x00, 0x00, 0x00, 0x00, 0x00,
    0x00, 0x00, 0x00, 0x00, 0x00, 0x00, 0x00, 0x00, 0x00, 0x00, 0x00, 0x00,
    0x00, 0x00, 0x00, 0x00, 0x00, 0x00, 0x00, 0x00, 0x00, 0x00, 0x00, 0x00,
    0x00, 0x00, 0x00, 0x00, 0x00, 0x00, 0x00, 0x00, 0x00, 0x00, 0x00, 0x00,
    0x00, 0x00, 0x00, 0x00, 0x00, 0x00, 0x00, 0x00, 0x00, 0x00, 0x00, 0x00,
    0x00, 0x00, 0x00, 0x00, 0x00, 0x00, 0x00, 0x00, 0x00, 0x00, 0x00, 0x00,
    0x00, 0x00, 0x00, 0x00, 0x00, 0x00, 0x00, 0x00, 0x00, 0x00, 0x00, 0x00,
    0x00, 0x00, 0x00, 0x00, 0x00, 0x00, 0x00, 0x00, 0x00, 0x00, 0x00, 0x00,
    0x00, 0x00, 0x00, 0x00, 0x00, 0x00, 0x00, 0x00, 0x00, 0x00, 0x00, 0x00,
    0x00, 0x00, 0x00, 0x00, 0x00, 0x00, 0x00, 0x00, 0x00, 0x00, 0x00, 0x00,
    0x00, 0x00, 0x00, 0x00, 0x00, 0x00, 0x00, 0x00, 0x00, 0x00, 0x00, 0x00,
    0x00, 0x00, 0x00, 0x00, 0x00, 0x00, 0x00, 0x00, 0x00, 0x00, 0x00, 0x00,
    0x00, 0x00, 0x00, 0x00, 0x00, 0x00, 0x00, 0x00, 0x00, 0x00, 0x00, 0x00,
    0x00, 0x00, 0x00, 0x00, 0x00, 0x00, 0x00, 0x00, 0x00, 0x00, 0x00, 0x00,
    0x00, 0x00, 0x00, 0x00, 0x00, 0x00, 0x00, 0x00, 0x00, 0x00, 0x00, 0x00,
    0x00, 0x00, 0x00, 0x00, 0x00, 0x00, 0x00, 0x00, 0x00, 0x00, 0x00, 0x00,
    0x00, 0x00, 0x00, 0x00, 0x00, 0x00, 0x00, 0x00, 0x00, 0x00, 0x00, 0x00,
    0x00, 0x00, 0x00, 0x00, 0x00, 0x00, 0x00, 0x00, 0x00, 0x00, 0x00, 0x00,
    0x00, 0x00, 0x00, 0x00, 0x00, 0x00, 0x00, 0x00, 0x00, 0x00, 0x00, 0x00,
    0x00, 0x00, 0x00, 0x00, 0x00, 0x00, 0x00, 0x00, 0x00, 0x00, 0x00, 0x00,
    0x00, 0x00, 0x00, 0x00, 0x00, 0x00, 0x00, 0x00, 0x00, 0x00, 0x00, 0x00,
    0x00, 0x00, 0x00, 0x00, 0x00, 0x00, 0x00, 0x00, 0x00, 0x00, 0x00, 0x00,
    0x00, 0x00, 0x00, 0x00, 0x00, 0x00, 0x00, 0x00, 0x00, 0x00, 0x00, 0x00,
    0x00, 0x00, 0x00, 0x00, 0x00, 0x00, 0x00, 0x00, 0x00, 0x00, 0x00, 0x00,
    0x00, 0x00, 0x00, 0x00, 0x00, 0x00, 0x00, 0x00, 0x00, 0x00, 0x00, 0x00,
    0x00, 0x00, 0x00, 0x00, 0x00, 0x00, 0x00, 0x00, 0x00, 0x00, 0x00, 0x00,
    0x00, 0x00, 0x00, 0x00, 0x00, 0x00, 0x00, 0x00, 0x00, 0x00, 0x00, 0x00,
    0x00, 0x00, 0x00, 0x00, 0x00, 0x00, 0x00, 0x00, 0x00, 0x00, 0x00, 0x00,
    0x00, 0x00, 0x00, 0x00, 0x00, 0x00, 0x00, 0x00, 0x00, 0x00, 0x00, 0x00,
    0x00, 0x00, 0x00, 0x00, 0x00, 0x00, 0x00, 0x00, 0x00, 0x00, 0x00, 0x00,
    0x00, 0x00, 0x00, 0x00, 0x00, 0x00, 0x00, 0x00, 0x00, 0x00, 0x00, 0x00,
    0x00, 0x00, 0x00, 0x00, 0x00, 0x00, 0x00, 0x00, 0x00, 0x00, 0x00, 0x00,
    0x00, 0x00, 0x00, 0x00, 0x00, 0x00, 0x00, 0x00, 0x00, 0x00, 0x00, 0x00,
    0x00, 0x00, 0x00, 0x00, 0x00, 0x00, 0x00, 0x00, 0x00, 0x00, 0x00, 0x00,
    0x00, 0x00, 0x00, 0x00, 0x00, 0x00, 0x00, 0x00, 0x00, 0x00, 0x00, 0x00,
    0x00, 0x00, 0x00, 0x00, 0x00, 0x00, 0x00, 0x00, 0x00, 0x00, 0x00, 0x00,
    0x00, 0x00, 0x00, 0x00, 0x00, 0x00, 0x00, 0x00, 0x00, 0x00, 0x00, 0x00,
    0x00, 0x00, 0x00, 0x00, 0x00, 0x00, 0x00, 0x00, 0x00, 0x00, 0x00, 0x00,
    0x00, 0x00, 0x00, 0x00, 0x00, 0x00, 0x00, 0x00, 0x00, 0x00, 0x00, 0x00,
    0x00, 0x00, 0x00, 0x00, 0x00, 0x00, 0x00, 0x00, 0x00, 0x00, 0x00, 0x00,
    0x00, 0x00, 0x00, 0x00, 0x00, 0x00, 0x00, 0x00, 0x00, 0x00, 0x00, 0x00,
    0x00, 0x00, 0x00, 0x00, 0x00, 0x00, 0x00, 0x00, 0x00, 0x00, 0x00, 0x00,
    0x00, 0x00, 0x00, 0x00, 0x00, 0x00, 0x00, 0x00, 0x00, 0x00, 0x00, 0x00,
    0x00, 0x00, 0x00, 0x00, 0x00, 0x00, 0x00, 0x00, 0x00, 0x00, 0x00, 0x00,
    0x00, 0x00, 0x00, 0x00, 0x00, 0x00, 0x00, 0x00, 0x00, 0x00, 0x00, 0x00,
    0x00, 0x00, 0x00, 0x00, 0x00, 0x00, 0x00, 0x00, 0x00, 0x00, 0x00, 0x00,
    0x00, 0x00, 0x00, 0x00, 0x00, 0x00, 0x00, 0x00, 0x00, 0x00, 0x00, 0x00,
    0x00, 0x00, 0x00, 0x00, 0x00, 0x00, 0x00, 0x00, 0x00, 0x00, 0x00, 0x00,
    0x00, 0x00, 0x00, 0x00, 0x00, 0x00, 0x00, 0x00, 0x00, 0x00, 0x00, 0x00,
    0x00, 0x00, 0x00, 0x00, 0x00, 0x00, 0x00, 0x00, 0x00, 0x00, 0x00, 0x00,
    0x00, 0x00, 0x00, 0x00, 0x00, 0x00, 0x00, 0x00, 0x00, 0x00, 0x00, 0x00,
    0x00, 0x00, 0x00, 0x00, 0x00, 0x00, 0x00, 0x00, 0x00, 0x00, 0x00, 0x00,
    0x00, 0x00, 0x00, 0x00, 0x00, 0x00, 0x00, 0x00, 0x00, 0x00, 0x00, 0x00,
    0x00, 0x00, 0x00, 0x00, 0x00, 0x00, 0x00, 0x00, 0x00, 0x00, 0x00, 0x00,
    0x00, 0x00, 0x00, 0x00, 0x00, 0x00, 0x00, 0x00, 0x00, 0x00, 0x00, 0x00,
    0x00, 0x00, 0x00, 0x00, 0x00, 0x00, 0x00, 0x00, 0x00, 0x00, 0x00, 0x00,
    0x00, 0x00, 0x00, 0x00, 0x00, 0x00, 0x00, 0x00, 0x00, 0x00, 0x00, 0x00,
    0x00, 0x00, 0x00, 0x00, 0x00, 0x00, 0x00, 0x00, 0x00, 0x00, 0x00, 0x00,
    0x00, 0x00, 0x00, 0x00, 0x00, 0x00, 0x00, 0x00, 0x00, 0x00, 0x00, 0x00,
    0x00, 0x00, 0x00, 0x00, 0x00, 0x00, 0x00, 0x00, 0x00, 0x00, 0x00, 0x00,
    0x00, 0x00, 0x00, 0x00, 0x00, 0x00, 0x00, 0x00, 0x00, 0x00, 0x00, 0x00,
    0x00, 0x00, 0x00, 0x00, 0x00, 0x00, 0x00, 0x00, 0x00, 0x00, 0x00, 0x00,
    0x00, 0x00, 0x00, 0x00, 0x00, 0x00, 0x00, 0x00, 0x00, 0x00, 0x00, 0x00,
    0x00, 0x00, 0x00, 0x00, 0x00, 0x00, 0x00, 0x00, 0x00, 0x00, 0x00, 0x00,
    0x00, 0x00, 0x00, 0x00, 0x00, 0x00, 0x00, 0x00, 0x00, 0x00, 0x00, 0x00,
    0x00, 0x00, 0x00, 0x00, 0x00, 0x00, 0x00, 0x00, 0x00, 0x00, 0x00, 0x00,
    0x00, 0x00, 0x00, 0x00, 0x00, 0x00, 0x00, 0x00, 0x00, 0x00, 0x00, 0x00,
    0x00, 0x00, 0x00, 0x00, 0x00, 0x00, 0x00, 0x00, 0x00, 0x00, 0x00, 0x00,
    0x00, 0x00, 0x00, 0x00, 0x00, 0x00, 0x00, 0x00, 0x00, 0x00, 0x00, 0x00,
    0x00, 0x00, 0x00, 0x00, 0x00, 0x00, 0x00, 0x00, 0x00, 0x00, 0x00, 0x00,
    0x00, 0x00, 0x00, 0x00, 0x00, 0x00, 0x00, 0x00, 0x00, 0x00, 0x00, 0x00,
    0x00, 0x00, 0x00, 0x00, 0x00, 0x00, 0x00, 0x00, 0x00, 0x00, 0x00, 0x00,
    0x00, 0x00, 0x00, 0x00, 0x00, 0x00, 0x00, 0x00, 0x00, 0x00, 0x00, 0x00,
    0x00, 0x00, 0x00, 0x00, 0x00, 0x00, 0x00, 0x00, 0x00, 0x00, 0x00, 0x00,
    0x00, 0x00, 0x00, 0x00, 0x00, 0x00, 0x00, 0x00, 0x00, 0x00, 0x00, 0x00,
    0x00, 0x00, 0x00, 0x00, 0x00, 0x00, 0x00, 0x00, 0x00, 0x00, 0x00, 0x00,
    0x00, 0x00, 0x00, 0x00, 0x00, 0x00, 0x00, 0x00, 0x00, 0x00, 0x00, 0x00,
    0x00, 0x00, 0x00, 0x00, 0x00, 0x00, 0x00, 0x00, 0x00, 0x00, 0x00, 0x00,
    0x00, 0x00, 0x00, 0x00, 0x00, 0x00, 0x00, 0x00, 0x00, 0x00, 0x00, 0x00,
    0x00, 0x00, 0x00, 0x00, 0x00, 0x00, 0x00, 0x00, 0x00, 0x00, 0x00, 0x00,
    0x00, 0x00, 0x00, 0x00, 0x00, 0x00, 0x00, 0x00, 0x00, 0x00, 0x00, 0x00,
    0x00, 0x00, 0x00, 0x00, 0x00, 0x00, 0x00, 0x00, 0x00, 0x00, 0x00, 0x00,
    0x00, 0x00, 0x00, 0x00, 0x00, 0x00, 0x00, 0x00, 0x00, 0x00, 0x00, 0x00,
    0x00, 0x00, 0x00, 0x00, 0x00, 0x00, 0x00, 0x00, 0x00, 0x00, 0x00, 0x00,
    0x00, 0x00, 0x00, 0x00, 0x00, 0x00, 0x00, 0x00, 0x00, 0x00, 0x00, 0x00,
    0x00, 0x00, 0x00, 0x00, 0x00, 0x00, 0x00, 0x00, 0x00, 0x00, 0x00, 0x00,
    0x00, 0x00, 0x00, 0x00, 0x00, 0x00, 0x00, 0x00, 0x00, 0x00, 0x00, 0x00,
    0x00, 0x00, 0x00, 0x00, 0x00, 0x00, 0x00, 0x00, 0x00, 0x00, 0x00, 0x00,
    0x00, 0x00, 0x00, 0x00, 0x00, 0x00, 0x00, 0x00, 0x00, 0x00, 0x00, 0x00,
    0x00, 0x00, 0x00, 0x00, 0x00, 0x00, 0x00, 0x00, 0x00, 0x00, 0x00, 0x00,
    0x00, 0x00, 0x00, 0x00, 0x00, 0x00, 0x00, 0x00, 0x00, 0x00, 0x00, 0x00,
    0x00, 0x00, 0x00, 0x00, 0x00, 0x00, 0x00, 0x00, 0x00, 0x00, 0x00, 0x00,
    0x00, 0x00, 0x00, 0x00, 0x00, 0x00, 0x00, 0x00, 0x00, 0x00, 0x00, 0x00,
    0x00, 0x00, 0x00, 0x00, 0x00, 0x00, 0x00, 0x00, 0x00, 0x00, 0x00, 0x00,
    0x00, 0x00, 0x00, 0x00, 0x00, 0x00, 0x00, 0x00, 0x00, 0x00, 0x00, 0x00,
    0x00, 0x00, 0x00, 0x00, 0x00, 0x00, 0x00, 0x00, 0x00, 0x00, 0x00, 0x00,
    0x00, 0x00, 0x00, 0x00, 0x00, 0x00, 0x00, 0x00, 0x00, 0x00, 0x00, 0x00,
    0x00, 0x00, 0x00, 0x00, 0x00, 0x00, 0x00, 0x00, 0x00, 0x00, 0x00, 0x00,
    0x00, 0x00, 0x00, 0x00, 0x00, 0x00, 0x00, 0x00, 0x00, 0x00, 0x00, 0x00,
    0x00, 0x00, 0x00, 0x00, 0x00, 0x00, 0x00, 0x00, 0x00, 0x00, 0x00, 0x00,
    0x00, 0x00, 0x00, 0x00, 0x00, 0x00, 0x00, 0x00, 0x00, 0x00, 0x00, 0x00,
    0x00, 0x00, 0x00, 0x00, 0x00, 0x00, 0x00, 0x00, 0x00, 0x00, 0x00, 0x00,
    0x00, 0x00, 0x00, 0x00, 0x00, 0x00, 0x00, 0x00, 0x00, 0x00, 0x00, 0x00,
    0x00, 0x00, 0x00, 0x00, 0x00, 0x00, 0x00, 0x00, 0x00, 0x00, 0x00, 0x00,
    0x00, 0x00, 0x00, 0x00, 0x00, 0x00, 0x00, 0x00, 0x00, 0x00, 0x00, 0x00,
    0x00, 0x00, 0x00, 0x00, 0x00, 0x00, 0x00, 0x00, 0x00, 0x00, 0x00, 0x00,
    0x00, 0x00, 0x00, 0x00, 0x00, 0x00, 0x00, 0x00, 0x00, 0x00, 0x00, 0x00,
    0x00, 0x00, 0x00, 0x00, 0x00, 0x00, 0x00, 0x00, 0x00, 0x00, 0x00, 0x00,
    0x00, 0x00, 0x00, 0x00, 0x00, 0x00, 0x00, 0x00, 0x00, 0x00, 0x00, 0x00,
    0x00, 0x00, 0x00, 0x00, 0x00, 0x00, 0x00, 0x00, 0x00, 0x00, 0x00, 0x00,
    0x00, 0x00, 0x00, 0x00, 0x00, 0x00, 0x00, 0x00, 0x00, 0x00, 0x00, 0x00,
    0x00, 0x00, 0x00, 0x00, 0x00, 0x00, 0x00, 0x00, 0x00, 0x00, 0x00, 0x00,
    0x00, 0x00, 0x00, 0x00, 0x00, 0x00, 0x00, 0x00, 0x00, 0x00, 0x00, 0x00,
    0x00, 0x00, 0x00, 0x00, 0x00, 0x00, 0x00, 0x00, 0x00, 0x00, 0x00, 0x00,
    0x00, 0x00, 0x00, 0x00, 0x00, 0x00, 0x00, 0x00, 0x00, 0x00, 0x00, 0x00,
    0x00, 0x00, 0x00, 0x00, 0x00, 0x00, 0x00, 0x00, 0x00, 0x00, 0x00, 0x00,
    0x00, 0x00, 0x00, 0x00, 0x00, 0x00, 0x00, 0x00, 0x00, 0x00, 0x00, 0x00,
    0x00, 0x00, 0x00, 0x00, 0x00, 0x00, 0x00, 0x00, 0x00, 0x00, 0x00, 0x00,
    0x00, 0x00, 0x00, 0x00, 0x00, 0x00, 0x00, 0x00, 0x00, 0x00, 0x00, 0x00,
    0x00, 0x00, 0x00, 0x00, 0x00, 0x00, 0x00, 0x00, 0x00, 0x00, 0x00, 0x00,
    0x00, 0x00, 0x00, 0x00, 0x00, 0x00, 0x00, 0x00, 0x00, 0x00, 0x00, 0x00,
    0x00, 0x00, 0x00, 0x00, 0x00, 0x00, 0x00, 0x00, 0x00, 0x00, 0x00, 0x00,
    0x00, 0x00, 0x00, 0x00, 0x00, 0x00, 0x00, 0x00, 0x00, 0x00, 0x00, 0x00,
    0x00, 0x00, 0x00, 0x00, 0x00, 0x00, 0x00, 0x00, 0x00, 0x00, 0x00, 0x00,
    0x00, 0x00, 0x00, 0x00, 0x00, 0x00, 0x00, 0x00, 0x00, 0x00, 0x00, 0x00,
    0x00, 0x00, 0x00, 0x00, 0x00, 0x00, 0x00, 0x00, 0x00, 0x00, 0x00, 0x00,
    0x00, 0x00, 0x00, 0x00, 0x00, 0x00, 0x00, 0x00, 0x00, 0x00, 0x00, 0x00,
    0x00, 0x00, 0x00, 0x00, 0x00, 0x00, 0x00, 0x00, 0x00, 0x00, 0x00, 0x00,
    0x00, 0x00, 0x00, 0x00, 0x00, 0x00, 0x00, 0x00, 0x00, 0x00, 0x00, 0x00,
    0x00, 0x00, 0x00, 0x00, 0x00, 0x00, 0x00, 0x00, 0x00, 0x00, 0x00, 0x00,
    0x00, 0x00, 0x00, 0x00, 0x00, 0x00, 0x00, 0x00, 0x00, 0x00, 0x00, 0x00,
    0x00, 0x00, 0x00, 0x00, 0x00, 0x00, 0x00, 0x00, 0x00, 0x00, 0x00, 0x00,
    0x00, 0x00, 0x00, 0x00, 0x00, 0x00, 0x00, 0x00, 0x00, 0x00, 0x00, 0x00,
    0x00, 0x00, 0x00, 0x00, 0x00, 0x00, 0x00, 0x00, 0x00, 0x00, 0x00, 0x00,
    0x00, 0x00, 0x00, 0x00, 0x00, 0x00, 0x00, 0x00, 0x00, 0x00, 0x00, 0x00,
    0x00, 0x00, 0x00, 0x00, 0x00, 0x00, 0x00, 0x00, 0x00, 0x00, 0x00, 0x00,
    0x00, 0x00, 0x00, 0x00, 0x00, 0x00, 0x00, 0x00, 0x00, 0x00, 0x00, 0x00,
    0x00, 0x00, 0x00, 0x00, 0x00, 0x00, 0x00, 0x00, 0x00, 0x00, 0x00, 0x00,
    0x00, 0x00, 0x00, 0x00, 0x00, 0x00, 0x00, 0x00, 0x00, 0x00, 0x00, 0x00,
    0x00, 0x00, 0x00, 0x00, 0x00, 0x00, 0x00, 0x00, 0x00, 0x00, 0x00, 0x00,
    0x00, 0x00, 0x00, 0x00, 0x00, 0x00, 0x00, 0x00, 0x00, 0x00, 0x00, 0x00,
    0x00, 0x00, 0x00, 0x00, 0x00, 0x00, 0x00, 0x00, 0x00, 0x00, 0x00, 0x00,
    0x00, 0x00, 0x00, 0x00, 0x00, 0x00, 0x00, 0x00, 0x00, 0x00, 0x00, 0x00,
    0x00, 0x00, 0x00, 0x00, 0x00, 0x00, 0x00, 0x00, 0x00, 0x00, 0x00, 0x00,
    0x00, 0x00, 0x00, 0x00, 0x00, 0x00, 0x00, 0x00, 0x00, 0x00, 0x00, 0x00,
    0x00, 0x00, 0x00, 0x00, 0x00, 0x00, 0x00, 0x00, 0x00, 0x00, 0x00, 0x00,
    0x00, 0x00, 0x00, 0x00, 0x00, 0x00, 0x00, 0x00, 0x00, 0x00, 0x00, 0x00,
    0x00, 0x00, 0x00, 0x00, 0x00, 0x00, 0x00, 0x00, 0x00, 0x00, 0x00, 0x00,
    0x00, 0x00, 0x00, 0x00, 0x00, 0x00, 0x00, 0x00, 0x00, 0x00, 0x00, 0x00,
    0x00, 0x00, 0x00, 0x00, 0x00, 0x00, 0x00, 0x00, 0x00, 0x00, 0x00, 0x00,
    0x00, 0x00, 0x00, 0x00, 0x00, 0x00, 0x00, 0x00, 0x00, 0x00, 0x00, 0x00,
    0x00, 0x00, 0x00, 0x00, 0x00, 0x00, 0x00, 0x00, 0x00, 0x00, 0x00, 0x00,
    0x00, 0x00, 0x00, 0x00, 0x00, 0x00, 0x00, 0x00, 0x00, 0x00, 0x00, 0x00,
    0x00, 0x00, 0x00, 0x00, 0x00, 0x00, 0x00, 0x00, 0x00, 0x00, 0x00, 0x00,
    0x00, 0x00, 0x00, 0x00, 0x00, 0x00, 0x00, 0x00, 0x00, 0x00, 0x00, 0x00,
    0x00, 0x00, 0x00, 0x00, 0x00, 0x00, 0x00, 0x00, 0x00, 0x00, 0x00, 0x00,
    0x00, 0x00, 0x00, 0x00, 0x00, 0x00, 0x00, 0x00, 0x00, 0x00, 0x00, 0x00,
    0x00, 0x00, 0x00, 0x00, 0x00, 0x00, 0x00, 0x00, 0x00, 0x00, 0x00, 0x00,
    0x00, 0x00, 0x00, 0x00, 0x00, 0x00, 0x00, 0x00, 0x00, 0x00, 0x00, 0x00,
    0x00, 0x00, 0x00, 0x00, 0x00, 0x00, 0x00, 0x00, 0x00, 0x00, 0x00, 0x00,
    0x00, 0x00, 0x00, 0x00, 0x00, 0x00, 0x00, 0x00, 0x00, 0x00, 0x00, 0x00,
    0x00, 0x00, 0x00, 0x00, 0x00, 0x00, 0x00, 0x00, 0x00, 0x00, 0x00, 0x00,
    0x00, 0x00, 0x00, 0x00, 0x00, 0x00, 0x00, 0x00, 0x00, 0x00, 0x00, 0x00,
    0x00, 0x00, 0x00, 0x00, 0x00, 0x00, 0x00, 0x00, 0x00, 0x00, 0x00, 0x00,
    0x00, 0x00, 0x00, 0x00, 0x00, 0x00, 0x00, 0x00, 0x00, 0x00, 0x00, 0x00,
    0x00, 0x00, 0x00, 0x00, 0xff, 0xff, 0xff, 0xff, 0x00, 0x4c, 0x69, 0x6e,
    0x6b, 0x65, 0x72, 0x3a, 0x20, 0x48, 0x6f, 0x6d, 0x65, 0x62, 0x72, 0x65,
    0x77, 0x20, 0x4c, 0x4c, 0x44, 0x20, 0x32, 0x32, 0x2e, 0x31, 0x2e, 0x36,
    0x00, 0x41, 0x70, 0x70, 0x6c, 0x65, 0x20, 0x63, 0x6c, 0x61, 0x6e, 0x67,
    0x20, 0x76, 0x65, 0x72, 0x73, 0x69, 0x6f, 0x6e, 0x20, 0x32, 0x31, 0x2e,
    0x30, 0x2e, 0x30, 0x20, 0x28, 0x63, 0x6c, 0x61, 0x6e, 0x67, 0x2d, 0x32,
    0x31, 0x30, 0x30, 0x2e, 0x31, 0x2e, 0x31, 0x2e, 0x31, 0x30, 0x31, 0x29,
    0x00, 0x00, 0x00, 0x00, 0x00, 0x00, 0x00, 0x00, 0x00, 0x00, 0x00, 0x00,
    0x00, 0x00, 0x00, 0x00, 0x00, 0x00, 0x00, 0x00, 0x00, 0x00, 0x00, 0x00,
    0x00, 0x00, 0x00, 0x00, 0x00, 0x00, 0x00, 0x00, 0x01, 0x00, 0x00, 0x00,
    0x04, 0x00, 0xf1, 0xff, 0x00, 0x00, 0x00, 0x00, 0x00, 0x00, 0x00, 0x00,
    0x00, 0x00, 0x00, 0x00, 0x00, 0x00, 0x00, 0x00, 0x08, 0x00, 0x00, 0x00,
    0x01, 0x00, 0x04, 0x00, 0x00, 0x70, 0x40, 0x00, 0x00, 0x00, 0x00, 0x00,
    0x04, 0x00, 0x00, 0x00, 0x00, 0x00, 0x00, 0x00, 0x0d, 0x00, 0x00, 0x00,
    0x01, 0x00, 0x04, 0x00, 0x04, 0x70, 0x40, 0x00, 0x00, 0x00, 0x00, 0x00,
    0x04, 0x00, 0x00, 0x00, 0x00, 0x00, 0x00, 0x00, 0x12, 0x00, 0x00, 0x00,
    0x01, 0x00, 0x04, 0x00, 0x08, 0x70, 0x40, 0x00, 0x00, 0x00, 0x00, 0x00,
    0x04, 0x00, 0x00, 0x00, 0x00, 0x00, 0x00, 0x00, 0x19, 0x00, 0x00, 0x00,
    0x01, 0x00, 0x04, 0x00, 0x0c, 0x70, 0x40, 0x00, 0x00, 0x00, 0x00, 0x00,
    0x04, 0x00, 0x00, 0x00, 0x00, 0x00, 0x00, 0x00, 0x2a, 0x00, 0x00, 0x00,
    0x01, 0x00, 0x04, 0x00, 0x10, 0x70, 0x40, 0x00, 0x00, 0x00, 0x00, 0x00,
    0x08, 0x00, 0x00, 0x00, 0x00, 0x00, 0x00, 0x00, 0x2d, 0x00, 0x00, 0x00,
    0x01, 0x00, 0x02, 0x00, 0x20, 0x40, 0x40, 0x00, 0x00, 0x00, 0x00, 0x00,
    0xb0, 0x0c, 0x00, 0x00, 0x00, 0x00, 0x00, 0x00, 0x3b, 0x00, 0x00, 0x00,
    0x02, 0x00, 0x01, 0x00, 0x10, 0x23, 0x40, 0x00, 0x00, 0x00, 0x00, 0x00,
    0x1f, 0x03, 0x00, 0x00, 0x00, 0x00, 0x00, 0x00, 0x42, 0x00, 0x00, 0x00,
    0x02, 0x00, 0x01, 0x00, 0x30, 0x26, 0x40, 0x00, 0x00, 0x00, 0x00, 0x00,
    0xa4, 0x01, 0x00, 0x00, 0x00, 0x00, 0x00, 0x00, 0x4d, 0x00, 0x00, 0x00,
    0x02, 0x00, 0x01, 0x00, 0xe0, 0x27, 0x40, 0x00, 0x00, 0x00, 0x00, 0x00,
    0xdf, 0x01, 0x00, 0x00, 0x00, 0x00, 0x00, 0x00, 0x55, 0x00, 0x00, 0x00,
    0x01, 0x00, 0x04, 0x00, 0x18, 0x70, 0x40, 0x00, 0x00, 0x00, 0x00, 0x00,
    0x04, 0x00, 0x00, 0x00, 0x00, 0x00, 0x00, 0x00, 0x63, 0x00, 0x00, 0x00,
    0x01, 0x00, 0x04, 0x00, 0x20, 0x70, 0x40, 0x00, 0x00, 0x00, 0x00, 0x00,
    0x40, 0x02, 0x00, 0x00, 0x00, 0x00, 0x00, 0x00, 0x6c, 0x00, 0x00, 0x00,
    0x01, 0x00, 0x04, 0x00, 0x80, 0x72, 0x40, 0x00, 0x00, 0x00, 0x00, 0x00,
    0x20, 0x00, 0x00, 0x00, 0x00, 0x00, 0x00, 0x00, 0x73, 0x00, 0x00, 0x00,
    0x01, 0x00, 0x04, 0x00, 0xa0, 0x72, 0x40, 0x00, 0x00, 0x00, 0x00, 0x00,
    0x20, 0x00, 0x00, 0x00, 0x00, 0x00, 0x00, 0x00, 0x7a, 0x00, 0x00, 0x00,
    0x01, 0x00, 0x04, 0x00, 0x6c, 0x72, 0x40, 0x00, 0x00, 0x00, 0x00, 0x00,
    0x01, 0x00, 0x00, 0x00, 0x00, 0x00, 0x00, 0x00, 0x84, 0x00, 0x00, 0x00,
    0x01, 0x00, 0x03, 0x00, 0x00, 0x60, 0x40, 0x00, 0x00, 0x00, 0x00, 0x00,
    0x04, 0x00, 0x00, 0x00, 0x00, 0x00, 0x00, 0x00, 0x8d, 0x00, 0x00, 0x00,
    0x01, 0x00, 0x04, 0x00, 0x60, 0x72, 0x40, 0x00, 0x00, 0x00, 0x00, 0x00,
    0x04, 0x00, 0x00, 0x00, 0x00, 0x00, 0x00, 0x00, 0x98, 0x00, 0x00, 0x00,
    0x01, 0x00, 0x04, 0x00, 0x64, 0x72, 0x40, 0x00, 0x00, 0x00, 0x00, 0x00,
    0x04, 0x00, 0x00, 0x00, 0x00, 0x00, 0x00, 0x00, 0xa3, 0x00, 0x00, 0x00,
    0x01, 0x00, 0x02, 0x00, 0xd0, 0x4c, 0x40, 0x00, 0x00, 0x00, 0x00, 0x00,
    0x18, 0x00, 0x00, 0x00, 0x00, 0x00, 0x00, 0x00, 0xb9, 0x00, 0x00, 0x00,
    0x02, 0x00, 0x01, 0x00, 0xc0, 0x29, 0x40, 0x00, 0x00, 0x00, 0x00, 0x00,
    0x32, 0x03, 0x00, 0x00, 0x00, 0x00, 0x00, 0x00, 0xce, 0x00, 0x00, 0x00,
    0x01, 0x00, 0x04, 0x00, 0x68, 0x72, 0x40, 0x00, 0x00, 0x00, 0x00, 0x00,
    0x01, 0x00, 0x00, 0x00, 0x00, 0x00, 0x00, 0x00, 0xde, 0x00, 0x00, 0x00,
    0x01, 0x00, 0x04, 0x00, 0x70, 0x72, 0x40, 0x00, 0x00, 0x00, 0x00, 0x00,
    0x01, 0x00, 0x00, 0x00, 0x00, 0x00, 0x00, 0x00, 0xed, 0x00, 0x00, 0x00,
    0x01, 0x00, 0x04, 0x00, 0x74, 0x72, 0x40, 0x00, 0x00, 0x00, 0x00, 0x00,
    0x04, 0x00, 0x00, 0x00, 0x00, 0x00, 0x00, 0x00, 0xff, 0x00, 0x00, 0x00,
    0x01, 0x00, 0x04, 0x00, 0x78, 0x72, 0x40, 0x00, 0x00, 0x00, 0x00, 0x00,
    0x04, 0x00, 0x00, 0x00, 0x00, 0x00, 0x00, 0x00, 0x18, 0x01, 0x00, 0x00,
    0x01, 0x00, 0x04, 0x00, 0xc0, 0x72, 0x40, 0x00, 0x00, 0x00, 0x00, 0x00,
    0x70, 0x00, 0x00, 0x00, 0x00, 0x00, 0x00, 0x00, 0x25, 0x01, 0x00, 0x00,
    0x04, 0x00, 0xf1, 0xff, 0x00, 0x00, 0x00, 0x00, 0x00, 0x00, 0x00, 0x00,
    0x00, 0x00, 0x00, 0x00, 0x00, 0x00, 0x00, 0x00, 0x2f, 0x01, 0x00, 0x00,
    0x10, 0x00, 0x01, 0x00, 0x00, 0x00, 0x40, 0x00, 0x00, 0x00, 0x00, 0x00,
    0x00, 0x00, 0x00, 0x00, 0x00, 0x00, 0x00, 0x00, 0x36, 0x01, 0x00, 0x00,
    0x12, 0x00, 0x01, 0x00, 0x20, 0x00, 0x40, 0x00, 0x00, 0x00, 0x00, 0x00,
    0xe1, 0x22, 0x00, 0x00, 0x00, 0x00, 0x00, 0x00, 0x43, 0x01, 0x00, 0x00,
    0x12, 0x00, 0x01, 0x00, 0x30, 0x2d, 0x40, 0x00, 0x00, 0x00, 0x00, 0x00,
    0x1d, 0x00, 0x00, 0x00, 0x00, 0x00, 0x00, 0x00, 0x4c, 0x01, 0x00, 0x00,
    0x12, 0x00, 0x01, 0x00, 0x10, 0x30, 0x40, 0x00, 0x00, 0x00, 0x00, 0x00,
    0x15, 0x00, 0x00, 0x00, 0x00, 0x00, 0x00, 0x00, 0x5c, 0x01, 0x00, 0x00,
    0x12, 0x00, 0x01, 0x00, 0x10, 0x2d, 0x40, 0x00, 0x00, 0x00, 0x00, 0x00,
    0x13, 0x00, 0x00, 0x00, 0x00, 0x00, 0x00, 0x00, 0x65, 0x01, 0x00, 0x00,
    0x12, 0x00, 0x01, 0x00, 0x50, 0x2d, 0x40, 0x00, 0x00, 0x00, 0x00, 0x00,
    0x27, 0x00, 0x00, 0x00, 0x00, 0x00, 0x00, 0x00, 0x6e, 0x01, 0x00, 0x00,
    0x12, 0x00, 0x01, 0x00, 0x00, 0x2d, 0x40, 0x00, 0x00, 0x00, 0x00, 0x00,
    0x0b, 0x00, 0x00, 0x00, 0x00, 0x00, 0x00, 0x00, 0x77, 0x01, 0x00, 0x00,
    0x12, 0x00, 0x01, 0x00, 0x70, 0x30, 0x40, 0x00, 0x00, 0x00, 0x00, 0x00,
    0x33, 0x00, 0x00, 0x00, 0x00, 0x00, 0x00, 0x00, 0x8a, 0x01, 0x00, 0x00,
    0x12, 0x00, 0x01, 0x00, 0x80, 0x2e, 0x40, 0x00, 0x00, 0x00, 0x00, 0x00,
    0x1f, 0x00, 0x00, 0x00, 0x00, 0x00, 0x00, 0x00, 0x98, 0x01, 0x00, 0x00,
    0x12, 0x00, 0x01, 0x00, 0x30, 0x30, 0x40, 0x00, 0x00, 0x00, 0x00, 0x00,
    0x32, 0x00, 0x00, 0x00, 0x00, 0x00, 0x00, 0x00, 0xa6, 0x01, 0x00, 0x00,
    0x12, 0x00, 0x01, 0x00, 0x20, 0x2f, 0x40, 0x00, 0x00, 0x00, 0x00, 0x00,
    0x1f, 0x00, 0x00, 0x00, 0x00, 0x00, 0x00, 0x00, 0xaf, 0x01, 0x00, 0x00,
    0x12, 0x00, 0x01, 0x00, 0x70, 0x2f, 0x40, 0x00, 0x00, 0x00, 0x00, 0x00,
    0x29, 0x00, 0x00, 0x00, 0x00, 0x00, 0x00, 0x00, 0xb9, 0x01, 0x00, 0x00,
    0x12, 0x00, 0x01, 0x00, 0xa0, 0x2f, 0x40, 0x00, 0x00, 0x00, 0x00, 0x00,
    0x15, 0x00, 0x00, 0x00, 0x00, 0x00, 0x00, 0x00, 0xc3, 0x01, 0x00, 0x00,
    0x12, 0x00, 0x01, 0x00, 0x40, 0x2f, 0x40, 0x00, 0x00, 0x00, 0x00, 0x00,
    0x29, 0x00, 0x00, 0x00, 0x00, 0x00, 0x00, 0x00, 0xcc, 0x01, 0x00, 0x00,
    0x12, 0x00, 0x01, 0x00, 0xc0, 0x2d, 0x40, 0x00, 0x00, 0x00, 0x00, 0x00,
    0x0d, 0x00, 0x00, 0x00, 0x00, 0x00, 0x00, 0x00, 0xdc, 0x01, 0x00, 0x00,
    0x12, 0x00, 0x01, 0x00, 0x40, 0x2e, 0x40, 0x00, 0x00, 0x00, 0x00, 0x00,
    0x1f, 0x00, 0x00, 0x00, 0x00, 0x00, 0x00, 0x00, 0xec, 0x01, 0x00, 0x00,
    0x12, 0x00, 0x01, 0x00, 0x00, 0x2f, 0x40, 0x00, 0x00, 0x00, 0x00, 0x00,
    0x15, 0x00, 0x00, 0x00, 0x00, 0x00, 0x00, 0x00, 0xfb, 0x01, 0x00, 0x00,
    0x12, 0x00, 0x01, 0x00, 0xd0, 0x2d, 0x40, 0x00, 0x00, 0x00, 0x00, 0x00,
    0x1f, 0x00, 0x00, 0x00, 0x00, 0x00, 0x00, 0x00, 0x09, 0x02, 0x00, 0x00,
    0x12, 0x00, 0x01, 0x00, 0xf0, 0x2d, 0x40, 0x00, 0x00, 0x00, 0x00, 0x00,
    0x29, 0x00, 0x00, 0x00, 0x00, 0x00, 0x00, 0x00, 0x17, 0x02, 0x00, 0x00,
    0x12, 0x00, 0x01, 0x00, 0xa0, 0x2e, 0x40, 0x00, 0x00, 0x00, 0x00, 0x00,
    0x33, 0x00, 0x00, 0x00, 0x00, 0x00, 0x00, 0x00, 0x25, 0x02, 0x00, 0x00,
    0x12, 0x00, 0x01, 0x00, 0xe0, 0x2e, 0x40, 0x00, 0x00, 0x00, 0x00, 0x00,
    0x15, 0x00, 0x00, 0x00, 0x00, 0x00, 0x00, 0x00, 0x35, 0x02, 0x00, 0x00,
    0x12, 0x00, 0x01, 0x00, 0xb0, 0x30, 0x40, 0x00, 0x00, 0x00, 0x00, 0x00,
    0x1f, 0x00, 0x00, 0x00, 0x00, 0x00, 0x00, 0x00, 0x49, 0x02, 0x00, 0x00,
    0x12, 0x00, 0x01, 0x00, 0x80, 0x2d, 0x40, 0x00, 0x00, 0x00, 0x00, 0x00,
    0x31, 0x00, 0x00, 0x00, 0x00, 0x00, 0x00, 0x00, 0x52, 0x02, 0x00, 0x00,
    0x12, 0x00, 0x01, 0x00, 0x20, 0x2e, 0x40, 0x00, 0x00, 0x00, 0x00, 0x00,
    0x15, 0x00, 0x00, 0x00, 0x00, 0x00, 0x00, 0x00, 0x61, 0x02, 0x00, 0x00,
    0x12, 0x00, 0x01, 0x00, 0x60, 0x2e, 0x40, 0x00, 0x00, 0x00, 0x00, 0x00,
    0x14, 0x00, 0x00, 0x00, 0x00, 0x00, 0x00, 0x00, 0x6f, 0x02, 0x00, 0x00,
    0x12, 0x00, 0x01, 0x00, 0xc0, 0x2f, 0x40, 0x00, 0x00, 0x00, 0x00, 0x00,
    0x15, 0x00, 0x00, 0x00, 0x00, 0x00, 0x00, 0x00, 0x79, 0x02, 0x00, 0x00,
    0x12, 0x00, 0x01, 0x00, 0xe0, 0x2f, 0x40, 0x00, 0x00, 0x00, 0x00, 0x00,
    0x29, 0x00, 0x00, 0x00, 0x00, 0x00, 0x00, 0x00, 0x00, 0x2e, 0x74, 0x65,
    0x78, 0x74, 0x00, 0x2e, 0x72, 0x6f, 0x64, 0x61, 0x74, 0x61, 0x00, 0x2e,
    0x64, 0x61, 0x74, 0x61, 0x00, 0x2e, 0x62, 0x73, 0x73, 0x00, 0x2e, 0x63,
    0x6f, 0x6d, 0x6d, 0x65, 0x6e, 0x74, 0x00, 0x2e, 0x73, 0x79, 0x6d, 0x74,
    0x61, 0x62, 0x00, 0x2e, 0x73, 0x68, 0x73, 0x74, 0x72, 0x74, 0x61, 0x62,
    0x00, 0x2e, 0x73, 0x74, 0x72, 0x74, 0x61, 0x62, 0x00, 0x00, 0x6d, 0x61,
    0x69, 0x6e, 0x2e, 0x63, 0x00, 0x66, 0x62, 0x5f, 0x77, 0x00, 0x66, 0x62,
    0x5f, 0x68, 0x00, 0x73, 0x74, 0x72, 0x69, 0x64, 0x65, 0x00, 0x63, 0x61,
    0x70, 0x74, 0x75, 0x72, 0x65, 0x5f, 0x66, 0x62, 0x5f, 0x70, 0x61, 0x67,
    0x65, 0x73, 0x00, 0x66, 0x62, 0x00, 0x63, 0x75, 0x72, 0x73, 0x6f, 0x72,
    0x5f, 0x70, 0x69, 0x78, 0x65, 0x6c, 0x73, 0x00, 0x6c, 0x6f, 0x67, 0x5f,
    0x78, 0x79, 0x00, 0x73, 0x75, 0x72, 0x66, 0x61, 0x63, 0x65, 0x5f, 0x61,
    0x74, 0x00, 0x6c, 0x6f, 0x67, 0x5f, 0x69, 0x6e, 0x74, 0x00, 0x73, 0x75,
    0x72, 0x66, 0x61, 0x63, 0x65, 0x5f, 0x63, 0x6f, 0x75, 0x6e, 0x74, 0x00,
    0x73, 0x75, 0x72, 0x66, 0x61, 0x63, 0x65, 0x73, 0x00, 0x6f, 0x6c, 0x64,
    0x5f, 0x73, 0x78, 0x00, 0x6f, 0x6c, 0x64, 0x5f, 0x73, 0x79, 0x00, 0x7a,
    0x5f, 0x63, 0x68, 0x61, 0x6e, 0x67, 0x65, 0x64, 0x00, 0x64, 0x72, 0x61,
    0x67, 0x5f, 0x69, 0x64, 0x78, 0x00, 0x64, 0x72, 0x61, 0x67, 0x5f, 0x6f,
    0x66, 0x66, 0x5f, 0x78, 0x00, 0x64, 0x72, 0x61, 0x67, 0x5f, 0x6f, 0x66,
    0x66, 0x5f, 0x79, 0x00, 0x73, 0x70, 0x61, 0x77, 0x6e, 0x5f, 0x73, 0x75,
    0x72, 0x66, 0x61, 0x63, 0x65, 0x2e, 0x70, 0x61, 0x6c, 0x65, 0x74, 0x74,
    0x65, 0x00, 0x73, 0x70, 0x61, 0x77, 0x6e, 0x5f, 0x73, 0x75, 0x72, 0x66,
    0x61, 0x63, 0x65, 0x5f, 0x63, 0x75, 0x73, 0x74, 0x6f, 0x6d, 0x00, 0x69,
    0x70, 0x63, 0x5f, 0x6e, 0x65, 0x77, 0x5f, 0x73, 0x75, 0x72, 0x66, 0x61,
    0x63, 0x65, 0x00, 0x63, 0x61, 0x70, 0x74, 0x75, 0x72, 0x65, 0x5f, 0x61,
    0x63, 0x74, 0x69, 0x76, 0x65, 0x00, 0x63, 0x61, 0x70, 0x74, 0x75, 0x72,
    0x65, 0x5f, 0x6f, 0x77, 0x6e, 0x65, 0x72, 0x5f, 0x70, 0x69, 0x64, 0x00,
    0x64, 0x69, 0x73, 0x70, 0x6c, 0x61, 0x79, 0x5f, 0x6d, 0x61, 0x69, 0x6e,
    0x2e, 0x66, 0x72, 0x61, 0x6d, 0x65, 0x5f, 0x63, 0x6f, 0x75, 0x6e, 0x74,
    0x00, 0x63, 0x75, 0x72, 0x73, 0x6f, 0x72, 0x5f, 0x73, 0x74, 0x61, 0x67,
    0x65, 0x00, 0x73, 0x79, 0x73, 0x63, 0x61, 0x6c, 0x6c, 0x2e, 0x63, 0x00,
    0x5f, 0x73, 0x74, 0x61, 0x72, 0x74, 0x00, 0x64, 0x69, 0x73, 0x70, 0x6c,
    0x61, 0x79, 0x5f, 0x6d, 0x61, 0x69, 0x6e, 0x00, 0x73, 0x79, 0x73, 0x63,
    0x61, 0x6c, 0x6c, 0x32, 0x00, 0x73, 0x79, 0x73, 0x5f, 0x67, 0x70, 0x75,
    0x5f, 0x66, 0x62, 0x5f, 0x69, 0x6e, 0x66, 0x6f, 0x00, 0x73, 0x79, 0x73,
    0x63, 0x61, 0x6c, 0x6c, 0x31, 0x00, 0x73, 0x79, 0x73, 0x63, 0x61, 0x6c,
    0x6c, 0x33, 0x00, 0x73, 0x79, 0x73, 0x63, 0x61, 0x6c, 0x6c, 0x30, 0x00,
    0x73, 0x79, 0x73, 0x5f, 0x67, 0x70, 0x75, 0x5f, 0x63, 0x75, 0x72, 0x73,
    0x6f, 0x72, 0x5f, 0x73, 0x65, 0x74, 0x00, 0x73, 0x79, 0x73, 0x5f, 0x6d,
    0x65, 0x6d, 0x5f, 0x61, 0x6c, 0x6c, 0x6f, 0x63, 0x00, 0x73, 0x79, 0x73,
    0x5f, 0x67, 0x70, 0x75, 0x5f, 0x66, 0x6c, 0x75, 0x73, 0x68, 0x00, 0x73,
    0x79, 0x73, 0x5f, 0x6f, 0x70, 0x65, 0x6e, 0x00, 0x73, 0x79, 0x73, 0x5f,
    0x77, 0x72, 0x69, 0x74, 0x65, 0x00, 0x73, 0x79, 0x73, 0x5f, 0x63, 0x6c,
    0x6f, 0x73, 0x65, 0x00, 0x73, 0x79, 0x73, 0x5f, 0x72, 0x65, 0x61, 0x64,
    0x00, 0x73, 0x79, 0x73, 0x5f, 0x70, 0x6f, 0x72, 0x74, 0x5f, 0x63, 0x72,
    0x65, 0x61, 0x74, 0x65, 0x00, 0x73, 0x79, 0x73, 0x5f, 0x6e, 0x73, 0x5f,
    0x72, 0x65, 0x67, 0x69, 0x73, 0x74, 0x65, 0x72, 0x00, 0x73, 0x79, 0x73,
    0x5f, 0x69, 0x6e, 0x70, 0x75, 0x74, 0x5f, 0x70, 0x6f, 0x6c, 0x6c, 0x00,
    0x73, 0x79, 0x73, 0x5f, 0x70, 0x6f, 0x72, 0x74, 0x5f, 0x73, 0x65, 0x6e,
    0x64, 0x00, 0x73, 0x79, 0x73, 0x5f, 0x70, 0x6f, 0x72, 0x74, 0x5f, 0x72,
    0x65, 0x63, 0x76, 0x00, 0x73, 0x79, 0x73, 0x5f, 0x6d, 0x65, 0x6d, 0x5f,
    0x73, 0x68, 0x61, 0x72, 0x65, 0x00, 0x73, 0x79, 0x73, 0x5f, 0x70, 0x72,
    0x6f, 0x63, 0x5f, 0x65, 0x78, 0x69, 0x73, 0x74, 0x73, 0x00, 0x73, 0x79,
    0x73, 0x5f, 0x67, 0x70, 0x75, 0x5f, 0x63, 0x75, 0x72, 0x73, 0x6f, 0x72,
    0x5f, 0x6d, 0x6f, 0x76, 0x65, 0x00, 0x73, 0x79, 0x73, 0x63, 0x61, 0x6c,
    0x6c, 0x34, 0x00, 0x73, 0x79, 0x73, 0x5f, 0x70, 0x6f, 0x72, 0x74, 0x5f,
    0x63, 0x6c, 0x6f, 0x73, 0x65, 0x00, 0x73, 0x79, 0x73, 0x5f, 0x6e, 0x73,
    0x5f, 0x6c, 0x6f, 0x6f, 0x6b, 0x75, 0x70, 0x00, 0x73, 0x79, 0x73, 0x5f,
    0x6d, 0x6b, 0x64, 0x69, 0x72, 0x00, 0x73, 0x79, 0x73, 0x5f, 0x72, 0x65,
    0x61, 0x64, 0x64, 0x69, 0x72, 0x00, 0x00, 0x00, 0x00, 0x00, 0x00, 0x00,
    0x00, 0x00, 0x00, 0x00, 0x00, 0x00, 0x00, 0x00, 0x00, 0x00, 0x00, 0x00,
    0x00, 0x00, 0x00, 0x00, 0x00, 0x00, 0x00, 0x00, 0x00, 0x00, 0x00, 0x00,
    0x00, 0x00, 0x00, 0x00, 0x00, 0x00, 0x00, 0x00, 0x00, 0x00, 0x00, 0x00,
    0x00, 0x00, 0x00, 0x00, 0x00, 0x00, 0x00, 0x00, 0x00, 0x00, 0x00, 0x00,
    0x00, 0x00, 0x00, 0x00, 0x00, 0x00, 0x00, 0x00, 0x00, 0x00, 0x00, 0x00,
    0x00, 0x00, 0x00, 0x00, 0x01, 0x00, 0x00, 0x00, 0x01, 0x00, 0x00, 0x00,
    0x06, 0x00, 0x00, 0x00, 0x00, 0x00, 0x00, 0x00, 0x00, 0x00, 0x40, 0x00,
    0x00, 0x00, 0x00, 0x00, 0x00, 0x10, 0x00, 0x00, 0x00, 0x00, 0x00, 0x00,
    0xcf, 0x30, 0x00, 0x00, 0x00, 0x00, 0x00, 0x00, 0x00, 0x00, 0x00, 0x00,
    0x00, 0x00, 0x00, 0x00, 0x00, 0x10, 0x00, 0x00, 0x00, 0x00, 0x00, 0x00,
    0x00, 0x00, 0x00, 0x00, 0x00, 0x00, 0x00, 0x00, 0x07, 0x00, 0x00, 0x00,
    0x01, 0x00, 0x00, 0x00, 0x32, 0x00, 0x00, 0x00, 0x00, 0x00, 0x00, 0x00,
    0x00, 0x40, 0x40, 0x00, 0x00, 0x00, 0x00, 0x00, 0x00, 0x50, 0x00, 0x00,
    0x00, 0x00, 0x00, 0x00, 0xd3, 0x10, 0x00, 0x00, 0x00, 0x00, 0x00, 0x00,
    0x00, 0x00, 0x00, 0x00, 0x00, 0x00, 0x00, 0x00, 0x00, 0x10, 0x00, 0x00,
    0x00, 0x00, 0x00, 0x00, 0x00, 0x00, 0x00, 0x00, 0x00, 0x00, 0x00, 0x00,
    0x0f, 0x00, 0x00, 0x00, 0x01, 0x00, 0x00, 0x00, 0x03, 0x00, 0x00, 0x00,
    0x00, 0x00, 0x00, 0x00, 0x00, 0x60, 0x40, 0x00, 0x00, 0x00, 0x00, 0x00,
    0x00, 0x70, 0x00, 0x00, 0x00, 0x00, 0x00, 0x00, 0x04, 0x00, 0x00, 0x00,
    0x00, 0x00, 0x00, 0x00, 0x00, 0x00, 0x00, 0x00, 0x00, 0x00, 0x00, 0x00,
    0x00, 0x10, 0x00, 0x00, 0x00, 0x00, 0x00, 0x00, 0x00, 0x00, 0x00, 0x00,
    0x00, 0x00, 0x00, 0x00, 0x15, 0x00, 0x00, 0x00, 0x08, 0x00, 0x00, 0x00,
    0x03, 0x00, 0x00, 0x00, 0x00, 0x00, 0x00, 0x00, 0x00, 0x70, 0x40, 0x00,
    0x00, 0x00, 0x00, 0x00, 0x04, 0x70, 0x00, 0x00, 0x00, 0x00, 0x00, 0x00,
    0x30, 0x03, 0x00, 0x00, 0x00, 0x00, 0x00, 0x00, 0x00, 0x00, 0x00, 0x00,
    0x00, 0x00, 0x00, 0x00, 0x00, 0x10, 0x00, 0x00, 0x00, 0x00, 0x00, 0x00,
    0x00, 0x00, 0x00, 0x00, 0x00, 0x00, 0x00, 0x00, 0x1a, 0x00, 0x00, 0x00,
    0x01, 0x00, 0x00, 0x00, 0x30, 0x00, 0x00, 0x00, 0x00, 0x00, 0x00, 0x00,
    0x00, 0x00, 0x00, 0x00, 0x00, 0x00, 0x00, 0x00, 0x04, 0x70, 0x00, 0x00,
    0x00, 0x00, 0x00, 0x00, 0x4d, 0x00, 0x00, 0x00, 0x00, 0x00, 0x00, 0x00,
    0x00, 0x00, 0x00, 0x00, 0x00, 0x00, 0x00, 0x00, 0x01, 0x00, 0x00, 0x00,
    0x00, 0x00, 0x00, 0x00, 0x01, 0x00, 0x00, 0x00, 0x00, 0x00, 0x00, 0x00,
    0x23, 0x00, 0x00, 0x00, 0x02, 0x00, 0x00, 0x00, 0x00, 0x00, 0x00, 0x00,
    0x00, 0x00, 0x00, 0x00, 0x00, 0x00, 0x00, 0x00, 0x00, 0x00, 0x00, 0x00,
    0x58, 0x70, 0x00, 0x00, 0x00, 0x00, 0x00, 0x00, 0x10, 0x05, 0x00, 0x00,
    0x00, 0x00, 0x00, 0x00, 0x08, 0x00, 0x00, 0x00, 0x1b, 0x00, 0x00, 0x00,
    0x08, 0x00, 0x00, 0x00, 0x00, 0x00, 0x00, 0x00, 0x18, 0x00, 0x00, 0x00,
    0x00, 0x00, 0x00, 0x00, 0x2b, 0x00, 0x00, 0x00, 0x03, 0x00, 0x00, 0x00,
    0x00, 0x00, 0x00, 0x00, 0x00, 0x00, 0x00, 0x00, 0x00, 0x00, 0x00, 0x00,
    0x00, 0x00, 0x00, 0x00, 0x68, 0x75, 0x00, 0x00, 0x00, 0x00, 0x00, 0x00,
    0x3d, 0x00, 0x00, 0x00, 0x00, 0x00, 0x00, 0x00, 0x00, 0x00, 0x00, 0x00,
    0x00, 0x00, 0x00, 0x00, 0x01, 0x00, 0x00, 0x00, 0x00, 0x00, 0x00, 0x00,
    0x00, 0x00, 0x00, 0x00, 0x00, 0x00, 0x00, 0x00, 0x35, 0x00, 0x00, 0x00,
    0x03, 0x00, 0x00, 0x00, 0x00, 0x00, 0x00, 0x00, 0x00, 0x00, 0x00, 0x00,
    0x00, 0x00, 0x00, 0x00, 0x00, 0x00, 0x00, 0x00, 0xa5, 0x75, 0x00, 0x00,
    0x00, 0x00, 0x00, 0x00, 0x85, 0x02, 0x00, 0x00, 0x00, 0x00, 0x00, 0x00,
    0x00, 0x00, 0x00, 0x00, 0x00, 0x00, 0x00, 0x00, 0x01, 0x00, 0x00, 0x00,
    0x00, 0x00, 0x00, 0x00, 0x00, 0x00, 0x00, 0x00, 0x00, 0x00, 0x00, 0x00,
};

const uint8_t *composer_elf_data = composer_elf_bytes;
size_t composer_elf_len = sizeof(composer_elf_bytes);
