#include <stdint.h>
#include <stddef.h>

static const uint8_t menubar_elf_bytes[] = {
    0x7f, 0x45, 0x4c, 0x46, 0x02, 0x01, 0x01, 0x00, 0x00, 0x00, 0x00, 0x00,
    0x00, 0x00, 0x00, 0x00, 0x02, 0x00, 0x3e, 0x00, 0x01, 0x00, 0x00, 0x00,
    0x00, 0x00, 0x40, 0x00, 0x00, 0x00, 0x00, 0x00, 0x40, 0x00, 0x00, 0x00,
    0x00, 0x00, 0x00, 0x00, 0xa0, 0x6e, 0x00, 0x00, 0x00, 0x00, 0x00, 0x00,
    0x00, 0x00, 0x00, 0x00, 0x40, 0x00, 0x38, 0x00, 0x04, 0x00, 0x40, 0x00,
    0x09, 0x00, 0x07, 0x00, 0x01, 0x00, 0x00, 0x00, 0x05, 0x00, 0x00, 0x00,
    0x00, 0x10, 0x00, 0x00, 0x00, 0x00, 0x00, 0x00, 0x00, 0x00, 0x40, 0x00,
    0x00, 0x00, 0x00, 0x00, 0x00, 0x00, 0x40, 0x00, 0x00, 0x00, 0x00, 0x00,
    0xcb, 0x3f, 0x00, 0x00, 0x00, 0x00, 0x00, 0x00, 0xcb, 0x3f, 0x00, 0x00,
    0x00, 0x00, 0x00, 0x00, 0x00, 0x10, 0x00, 0x00, 0x00, 0x00, 0x00, 0x00,
    0x01, 0x00, 0x00, 0x00, 0x04, 0x00, 0x00, 0x00, 0x00, 0x50, 0x00, 0x00,
    0x00, 0x00, 0x00, 0x00, 0x00, 0x40, 0x40, 0x00, 0x00, 0x00, 0x00, 0x00,
    0x00, 0x40, 0x40, 0x00, 0x00, 0x00, 0x00, 0x00, 0x80, 0x05, 0x00, 0x00,
    0x00, 0x00, 0x00, 0x00, 0x80, 0x05, 0x00, 0x00, 0x00, 0x00, 0x00, 0x00,
    0x00, 0x10, 0x00, 0x00, 0x00, 0x00, 0x00, 0x00, 0x01, 0x00, 0x00, 0x00,
    0x06, 0x00, 0x00, 0x00, 0x00, 0x60, 0x00, 0x00, 0x00, 0x00, 0x00, 0x00,
    0x00, 0x50, 0x40, 0x00, 0x00, 0x00, 0x00, 0x00, 0x00, 0x50, 0x40, 0x00,
    0x00, 0x00, 0x00, 0x00, 0x31, 0x02, 0x00, 0x00, 0x00, 0x00, 0x00, 0x00,
    0xd0, 0x90, 0x01, 0x00, 0x00, 0x00, 0x00, 0x00, 0x00, 0x10, 0x00, 0x00,
    0x00, 0x00, 0x00, 0x00, 0x51, 0xe5, 0x74, 0x64, 0x06, 0x00, 0x00, 0x00,
    0x00, 0x00, 0x00, 0x00, 0x00, 0x00, 0x00, 0x00, 0x00, 0x00, 0x00, 0x00,
    0x00, 0x00, 0x00, 0x00, 0x00, 0x00, 0x00, 0x00, 0x00, 0x00, 0x00, 0x00,
    0x00, 0x00, 0x00, 0x00, 0x00, 0x00, 0x00, 0x00, 0x00, 0x00, 0x00, 0x00,
    0x00, 0x00, 0x00, 0x00, 0x00, 0x00, 0x00, 0x00, 0x00, 0x00, 0x00, 0x00,
    0x00, 0x00, 0x00, 0x00, 0x00, 0x00, 0x00, 0x00, 0x00, 0x00, 0x00, 0x00,
    0x00, 0x00, 0x00, 0x00, 0x00, 0x00, 0x00, 0x00, 0x00, 0x00, 0x00, 0x00,
    0x00, 0x00, 0x00, 0x00, 0x00, 0x00, 0x00, 0x00, 0x00, 0x00, 0x00, 0x00,
    0x00, 0x00, 0x00, 0x00, 0x00, 0x00, 0x00, 0x00, 0x00, 0x00, 0x00, 0x00,
    0x00, 0x00, 0x00, 0x00, 0x00, 0x00, 0x00, 0x00, 0x00, 0x00, 0x00, 0x00,
    0x00, 0x00, 0x00, 0x00, 0x00, 0x00, 0x00, 0x00, 0x00, 0x00, 0x00, 0x00,
    0x00, 0x00, 0x00, 0x00, 0x00, 0x00, 0x00, 0x00, 0x00, 0x00, 0x00, 0x00,
    0x00, 0x00, 0x00, 0x00, 0x00, 0x00, 0x00, 0x00, 0x00, 0x00, 0x00, 0x00,
    0x00, 0x00, 0x00, 0x00, 0x00, 0x00, 0x00, 0x00, 0x00, 0x00, 0x00, 0x00,
    0x00, 0x00, 0x00, 0x00, 0x00, 0x00, 0x00, 0x00, 0x00, 0x00, 0x00, 0x00,
    0x00, 0x00, 0x00, 0x00, 0x00, 0x00, 0x00, 0x00, 0x00, 0x00, 0x00, 0x00,
    0x00, 0x00, 0x00, 0x00, 0x00, 0x00, 0x00, 0x00, 0x00, 0x00, 0x00, 0x00,
    0x00, 0x00, 0x00, 0x00, 0x00, 0x00, 0x00, 0x00, 0x00, 0x00, 0x00, 0x00,
    0x00, 0x00, 0x00, 0x00, 0x00, 0x00, 0x00, 0x00, 0x00, 0x00, 0x00, 0x00,
    0x00, 0x00, 0x00, 0x00, 0x00, 0x00, 0x00, 0x00, 0x00, 0x00, 0x00, 0x00,
    0x00, 0x00, 0x00, 0x00, 0x00, 0x00, 0x00, 0x00, 0x00, 0x00, 0x00, 0x00,
    0x00, 0x00, 0x00, 0x00, 0x00, 0x00, 0x00, 0x00, 0x00, 0x00, 0x00, 0x00,
    0x00, 0x00, 0x00, 0x00, 0x00, 0x00, 0x00, 0x00, 0x00, 0x00, 0x00, 0x00,
    0x00, 0x00, 0x00, 0x00, 0x00, 0x00, 0x00, 0x00, 0x00, 0x00, 0x00, 0x00,
    0x00, 0x00, 0x00, 0x00, 0x00, 0x00, 0x00, 0x00, 0x00, 0x00, 0x00, 0x00,
    0x00, 0x00, 0x00, 0x00, 0x00, 0x00, 0x00, 0x00, 0x00, 0x00, 0x00, 0x00,
    0x00, 0x00, 0x00, 0x00, 0x00, 0x00, 0x00, 0x00, 0x00, 0x00, 0x00, 0x00,
    0x00, 0x00, 0x00, 0x00, 0x00, 0x00, 0x00, 0x00, 0x00, 0x00, 0x00, 0x00,
    0x00, 0x00, 0x00, 0x00, 0x00, 0x00, 0x00, 0x00, 0x00, 0x00, 0x00, 0x00,
    0x00, 0x00, 0x00, 0x00, 0x00, 0x00, 0x00, 0x00, 0x00, 0x00, 0x00, 0x00,
    0x00, 0x00, 0x00, 0x00, 0x00, 0x00, 0x00, 0x00, 0x00, 0x00, 0x00, 0x00,
    0x00, 0x00, 0x00, 0x00, 0x00, 0x00, 0x00, 0x00, 0x00, 0x00, 0x00, 0x00,
    0x00, 0x00, 0x00, 0x00, 0x00, 0x00, 0x00, 0x00, 0x00, 0x00, 0x00, 0x00,
    0x00, 0x00, 0x00, 0x00, 0x00, 0x00, 0x00, 0x00, 0x00, 0x00, 0x00, 0x00,
    0x00, 0x00, 0x00, 0x00, 0x00, 0x00, 0x00, 0x00, 0x00, 0x00, 0x00, 0x00,
    0x00, 0x00, 0x00, 0x00, 0x00, 0x00, 0x00, 0x00, 0x00, 0x00, 0x00, 0x00,
    0x00, 0x00, 0x00, 0x00, 0x00, 0x00, 0x00, 0x00, 0x00, 0x00, 0x00, 0x00,
    0x00, 0x00, 0x00, 0x00, 0x00, 0x00, 0x00, 0x00, 0x00, 0x00, 0x00, 0x00,
    0x00, 0x00, 0x00, 0x00, 0x00, 0x00, 0x00, 0x00, 0x00, 0x00, 0x00, 0x00,
    0x00, 0x00, 0x00, 0x00, 0x00, 0x00, 0x00, 0x00, 0x00, 0x00, 0x00, 0x00,
    0x00, 0x00, 0x00, 0x00, 0x00, 0x00, 0x00, 0x00, 0x00, 0x00, 0x00, 0x00,
    0x00, 0x00, 0x00, 0x00, 0x00, 0x00, 0x00, 0x00, 0x00, 0x00, 0x00, 0x00,
    0x00, 0x00, 0x00, 0x00, 0x00, 0x00, 0x00, 0x00, 0x00, 0x00, 0x00, 0x00,
    0x00, 0x00, 0x00, 0x00, 0x00, 0x00, 0x00, 0x00, 0x00, 0x00, 0x00, 0x00,
    0x00, 0x00, 0x00, 0x00, 0x00, 0x00, 0x00, 0x00, 0x00, 0x00, 0x00, 0x00,
    0x00, 0x00, 0x00, 0x00, 0x00, 0x00, 0x00, 0x00, 0x00, 0x00, 0x00, 0x00,
    0x00, 0x00, 0x00, 0x00, 0x00, 0x00, 0x00, 0x00, 0x00, 0x00, 0x00, 0x00,
    0x00, 0x00, 0x00, 0x00, 0x00, 0x00, 0x00, 0x00, 0x00, 0x00, 0x00, 0x00,
    0x00, 0x00, 0x00, 0x00, 0x00, 0x00, 0x00, 0x00, 0x00, 0x00, 0x00, 0x00,
    0x00, 0x00, 0x00, 0x00, 0x00, 0x00, 0x00, 0x00, 0x00, 0x00, 0x00, 0x00,
    0x00, 0x00, 0x00, 0x00, 0x00, 0x00, 0x00, 0x00, 0x00, 0x00, 0x00, 0x00,
    0x00, 0x00, 0x00, 0x00, 0x00, 0x00, 0x00, 0x00, 0x00, 0x00, 0x00, 0x00,
    0x00, 0x00, 0x00, 0x00, 0x00, 0x00, 0x00, 0x00, 0x00, 0x00, 0x00, 0x00,
    0x00, 0x00, 0x00, 0x00, 0x00, 0x00, 0x00, 0x00, 0x00, 0x00, 0x00, 0x00,
    0x00, 0x00, 0x00, 0x00, 0x00, 0x00, 0x00, 0x00, 0x00, 0x00, 0x00, 0x00,
    0x00, 0x00, 0x00, 0x00, 0x00, 0x00, 0x00, 0x00, 0x00, 0x00, 0x00, 0x00,
    0x00, 0x00, 0x00, 0x00, 0x00, 0x00, 0x00, 0x00, 0x00, 0x00, 0x00, 0x00,
    0x00, 0x00, 0x00, 0x00, 0x00, 0x00, 0x00, 0x00, 0x00, 0x00, 0x00, 0x00,
    0x00, 0x00, 0x00, 0x00, 0x00, 0x00, 0x00, 0x00, 0x00, 0x00, 0x00, 0x00,
    0x00, 0x00, 0x00, 0x00, 0x00, 0x00, 0x00, 0x00, 0x00, 0x00, 0x00, 0x00,
    0x00, 0x00, 0x00, 0x00, 0x00, 0x00, 0x00, 0x00, 0x00, 0x00, 0x00, 0x00,
    0x00, 0x00, 0x00, 0x00, 0x00, 0x00, 0x00, 0x00, 0x00, 0x00, 0x00, 0x00,
    0x00, 0x00, 0x00, 0x00, 0x00, 0x00, 0x00, 0x00, 0x00, 0x00, 0x00, 0x00,
    0x00, 0x00, 0x00, 0x00, 0x00, 0x00, 0x00, 0x00, 0x00, 0x00, 0x00, 0x00,
    0x00, 0x00, 0x00, 0x00, 0x00, 0x00, 0x00, 0x00, 0x00, 0x00, 0x00, 0x00,
    0x00, 0x00, 0x00, 0x00, 0x00, 0x00, 0x00, 0x00, 0x00, 0x00, 0x00, 0x00,
    0x00, 0x00, 0x00, 0x00, 0x00, 0x00, 0x00, 0x00, 0x00, 0x00, 0x00, 0x00,
    0x00, 0x00, 0x00, 0x00, 0x00, 0x00, 0x00, 0x00, 0x00, 0x00, 0x00, 0x00,
    0x00, 0x00, 0x00, 0x00, 0x00, 0x00, 0x00, 0x00, 0x00, 0x00, 0x00, 0x00,
    0x00, 0x00, 0x00, 0x00, 0x00, 0x00, 0x00, 0x00, 0x00, 0x00, 0x00, 0x00,
    0x00, 0x00, 0x00, 0x00, 0x00, 0x00, 0x00, 0x00, 0x00, 0x00, 0x00, 0x00,
    0x00, 0x00, 0x00, 0x00, 0x00, 0x00, 0x00, 0x00, 0x00, 0x00, 0x00, 0x00,
    0x00, 0x00, 0x00, 0x00, 0x00, 0x00, 0x00, 0x00, 0x00, 0x00, 0x00, 0x00,
    0x00, 0x00, 0x00, 0x00, 0x00, 0x00, 0x00, 0x00, 0x00, 0x00, 0x00, 0x00,
    0x00, 0x00, 0x00, 0x00, 0x00, 0x00, 0x00, 0x00, 0x00, 0x00, 0x00, 0x00,
    0x00, 0x00, 0x00, 0x00, 0x00, 0x00, 0x00, 0x00, 0x00, 0x00, 0x00, 0x00,
    0x00, 0x00, 0x00, 0x00, 0x00, 0x00, 0x00, 0x00, 0x00, 0x00, 0x00, 0x00,
    0x00, 0x00, 0x00, 0x00, 0x00, 0x00, 0x00, 0x00, 0x00, 0x00, 0x00, 0x00,
    0x00, 0x00, 0x00, 0x00, 0x00, 0x00, 0x00, 0x00, 0x00, 0x00, 0x00, 0x00,
    0x00, 0x00, 0x00, 0x00, 0x00, 0x00, 0x00, 0x00, 0x00, 0x00, 0x00, 0x00,
    0x00, 0x00, 0x00, 0x00, 0x00, 0x00, 0x00, 0x00, 0x00, 0x00, 0x00, 0x00,
    0x00, 0x00, 0x00, 0x00, 0x00, 0x00, 0x00, 0x00, 0x00, 0x00, 0x00, 0x00,
    0x00, 0x00, 0x00, 0x00, 0x00, 0x00, 0x00, 0x00, 0x00, 0x00, 0x00, 0x00,
    0x00, 0x00, 0x00, 0x00, 0x00, 0x00, 0x00, 0x00, 0x00, 0x00, 0x00, 0x00,
    0x00, 0x00, 0x00, 0x00, 0x00, 0x00, 0x00, 0x00, 0x00, 0x00, 0x00, 0x00,
    0x00, 0x00, 0x00, 0x00, 0x00, 0x00, 0x00, 0x00, 0x00, 0x00, 0x00, 0x00,
    0x00, 0x00, 0x00, 0x00, 0x00, 0x00, 0x00, 0x00, 0x00, 0x00, 0x00, 0x00,
    0x00, 0x00, 0x00, 0x00, 0x00, 0x00, 0x00, 0x00, 0x00, 0x00, 0x00, 0x00,
    0x00, 0x00, 0x00, 0x00, 0x00, 0x00, 0x00, 0x00, 0x00, 0x00, 0x00, 0x00,
    0x00, 0x00, 0x00, 0x00, 0x00, 0x00, 0x00, 0x00, 0x00, 0x00, 0x00, 0x00,
    0x00, 0x00, 0x00, 0x00, 0x00, 0x00, 0x00, 0x00, 0x00, 0x00, 0x00, 0x00,
    0x00, 0x00, 0x00, 0x00, 0x00, 0x00, 0x00, 0x00, 0x00, 0x00, 0x00, 0x00,
    0x00, 0x00, 0x00, 0x00, 0x00, 0x00, 0x00, 0x00, 0x00, 0x00, 0x00, 0x00,
    0x00, 0x00, 0x00, 0x00, 0x00, 0x00, 0x00, 0x00, 0x00, 0x00, 0x00, 0x00,
    0x00, 0x00, 0x00, 0x00, 0x00, 0x00, 0x00, 0x00, 0x00, 0x00, 0x00, 0x00,
    0x00, 0x00, 0x00, 0x00, 0x00, 0x00, 0x00, 0x00, 0x00, 0x00, 0x00, 0x00,
    0x00, 0x00, 0x00, 0x00, 0x00, 0x00, 0x00, 0x00, 0x00, 0x00, 0x00, 0x00,
    0x00, 0x00, 0x00, 0x00, 0x00, 0x00, 0x00, 0x00, 0x00, 0x00, 0x00, 0x00,
    0x00, 0x00, 0x00, 0x00, 0x00, 0x00, 0x00, 0x00, 0x00, 0x00, 0x00, 0x00,
    0x00, 0x00, 0x00, 0x00, 0x00, 0x00, 0x00, 0x00, 0x00, 0x00, 0x00, 0x00,
    0x00, 0x00, 0x00, 0x00, 0x00, 0x00, 0x00, 0x00, 0x00, 0x00, 0x00, 0x00,
    0x00, 0x00, 0x00, 0x00, 0x00, 0x00, 0x00, 0x00, 0x00, 0x00, 0x00, 0x00,
    0x00, 0x00, 0x00, 0x00, 0x00, 0x00, 0x00, 0x00, 0x00, 0x00, 0x00, 0x00,
    0x00, 0x00, 0x00, 0x00, 0x00, 0x00, 0x00, 0x00, 0x00, 0x00, 0x00, 0x00,
    0x00, 0x00, 0x00, 0x00, 0x00, 0x00, 0x00, 0x00, 0x00, 0x00, 0x00, 0x00,
    0x00, 0x00, 0x00, 0x00, 0x00, 0x00, 0x00, 0x00, 0x00, 0x00, 0x00, 0x00,
    0x00, 0x00, 0x00, 0x00, 0x00, 0x00, 0x00, 0x00, 0x00, 0x00, 0x00, 0x00,
    0x00, 0x00, 0x00, 0x00, 0x00, 0x00, 0x00, 0x00, 0x00, 0x00, 0x00, 0x00,
    0x00, 0x00, 0x00, 0x00, 0x00, 0x00, 0x00, 0x00, 0x00, 0x00, 0x00, 0x00,
    0x00, 0x00, 0x00, 0x00, 0x00, 0x00, 0x00, 0x00, 0x00, 0x00, 0x00, 0x00,
    0x00, 0x00, 0x00, 0x00, 0x00, 0x00, 0x00, 0x00, 0x00, 0x00, 0x00, 0x00,
    0x00, 0x00, 0x00, 0x00, 0x00, 0x00, 0x00, 0x00, 0x00, 0x00, 0x00, 0x00,
    0x00, 0x00, 0x00, 0x00, 0x00, 0x00, 0x00, 0x00, 0x00, 0x00, 0x00, 0x00,
    0x00, 0x00, 0x00, 0x00, 0x00, 0x00, 0x00, 0x00, 0x00, 0x00, 0x00, 0x00,
    0x00, 0x00, 0x00, 0x00, 0x00, 0x00, 0x00, 0x00, 0x00, 0x00, 0x00, 0x00,
    0x00, 0x00, 0x00, 0x00, 0x00, 0x00, 0x00, 0x00, 0x00, 0x00, 0x00, 0x00,
    0x00, 0x00, 0x00, 0x00, 0x00, 0x00, 0x00, 0x00, 0x00, 0x00, 0x00, 0x00,
    0x00, 0x00, 0x00, 0x00, 0x00, 0x00, 0x00, 0x00, 0x00, 0x00, 0x00, 0x00,
    0x00, 0x00, 0x00, 0x00, 0x00, 0x00, 0x00, 0x00, 0x00, 0x00, 0x00, 0x00,
    0x00, 0x00, 0x00, 0x00, 0x00, 0x00, 0x00, 0x00, 0x00, 0x00, 0x00, 0x00,
    0x00, 0x00, 0x00, 0x00, 0x00, 0x00, 0x00, 0x00, 0x00, 0x00, 0x00, 0x00,
    0x00, 0x00, 0x00, 0x00, 0x00, 0x00, 0x00, 0x00, 0x00, 0x00, 0x00, 0x00,
    0x00, 0x00, 0x00, 0x00, 0x00, 0x00, 0x00, 0x00, 0x00, 0x00, 0x00, 0x00,
    0x00, 0x00, 0x00, 0x00, 0x00, 0x00, 0x00, 0x00, 0x00, 0x00, 0x00, 0x00,
    0x00, 0x00, 0x00, 0x00, 0x00, 0x00, 0x00, 0x00, 0x00, 0x00, 0x00, 0x00,
    0x00, 0x00, 0x00, 0x00, 0x00, 0x00, 0x00, 0x00, 0x00, 0x00, 0x00, 0x00,
    0x00, 0x00, 0x00, 0x00, 0x00, 0x00, 0x00, 0x00, 0x00, 0x00, 0x00, 0x00,
    0x00, 0x00, 0x00, 0x00, 0x00, 0x00, 0x00, 0x00, 0x00, 0x00, 0x00, 0x00,
    0x00, 0x00, 0x00, 0x00, 0x00, 0x00, 0x00, 0x00, 0x00, 0x00, 0x00, 0x00,
    0x00, 0x00, 0x00, 0x00, 0x00, 0x00, 0x00, 0x00, 0x00, 0x00, 0x00, 0x00,
    0x00, 0x00, 0x00, 0x00, 0x00, 0x00, 0x00, 0x00, 0x00, 0x00, 0x00, 0x00,
    0x00, 0x00, 0x00, 0x00, 0x00, 0x00, 0x00, 0x00, 0x00, 0x00, 0x00, 0x00,
    0x00, 0x00, 0x00, 0x00, 0x00, 0x00, 0x00, 0x00, 0x00, 0x00, 0x00, 0x00,
    0x00, 0x00, 0x00, 0x00, 0x00, 0x00, 0x00, 0x00, 0x00, 0x00, 0x00, 0x00,
    0x00, 0x00, 0x00, 0x00, 0x00, 0x00, 0x00, 0x00, 0x00, 0x00, 0x00, 0x00,
    0x00, 0x00, 0x00, 0x00, 0x00, 0x00, 0x00, 0x00, 0x00, 0x00, 0x00, 0x00,
    0x00, 0x00, 0x00, 0x00, 0x00, 0x00, 0x00, 0x00, 0x00, 0x00, 0x00, 0x00,
    0x00, 0x00, 0x00, 0x00, 0x00, 0x00, 0x00, 0x00, 0x00, 0x00, 0x00, 0x00,
    0x00, 0x00, 0x00, 0x00, 0x00, 0x00, 0x00, 0x00, 0x00, 0x00, 0x00, 0x00,
    0x00, 0x00, 0x00, 0x00, 0x00, 0x00, 0x00, 0x00, 0x00, 0x00, 0x00, 0x00,
    0x00, 0x00, 0x00, 0x00, 0x00, 0x00, 0x00, 0x00, 0x00, 0x00, 0x00, 0x00,
    0x00, 0x00, 0x00, 0x00, 0x00, 0x00, 0x00, 0x00, 0x00, 0x00, 0x00, 0x00,
    0x00, 0x00, 0x00, 0x00, 0x00, 0x00, 0x00, 0x00, 0x00, 0x00, 0x00, 0x00,
    0x00, 0x00, 0x00, 0x00, 0x00, 0x00, 0x00, 0x00, 0x00, 0x00, 0x00, 0x00,
    0x00, 0x00, 0x00, 0x00, 0x00, 0x00, 0x00, 0x00, 0x00, 0x00, 0x00, 0x00,
    0x00, 0x00, 0x00, 0x00, 0x00, 0x00, 0x00, 0x00, 0x00, 0x00, 0x00, 0x00,
    0x00, 0x00, 0x00, 0x00, 0x00, 0x00, 0x00, 0x00, 0x00, 0x00, 0x00, 0x00,
    0x00, 0x00, 0x00, 0x00, 0x00, 0x00, 0x00, 0x00, 0x00, 0x00, 0x00, 0x00,
    0x00, 0x00, 0x00, 0x00, 0x00, 0x00, 0x00, 0x00, 0x00, 0x00, 0x00, 0x00,
    0x00, 0x00, 0x00, 0x00, 0x00, 0x00, 0x00, 0x00, 0x00, 0x00, 0x00, 0x00,
    0x00, 0x00, 0x00, 0x00, 0x00, 0x00, 0x00, 0x00, 0x00, 0x00, 0x00, 0x00,
    0x00, 0x00, 0x00, 0x00, 0x00, 0x00, 0x00, 0x00, 0x00, 0x00, 0x00, 0x00,
    0x00, 0x00, 0x00, 0x00, 0x00, 0x00, 0x00, 0x00, 0x00, 0x00, 0x00, 0x00,
    0x00, 0x00, 0x00, 0x00, 0x00, 0x00, 0x00, 0x00, 0x00, 0x00, 0x00, 0x00,
    0x00, 0x00, 0x00, 0x00, 0x00, 0x00, 0x00, 0x00, 0x00, 0x00, 0x00, 0x00,
    0x00, 0x00, 0x00, 0x00, 0x00, 0x00, 0x00, 0x00, 0x00, 0x00, 0x00, 0x00,
    0x00, 0x00, 0x00, 0x00, 0x00, 0x00, 0x00, 0x00, 0x00, 0x00, 0x00, 0x00,
    0x00, 0x00, 0x00, 0x00, 0x00, 0x00, 0x00, 0x00, 0x00, 0x00, 0x00, 0x00,
    0x00, 0x00, 0x00, 0x00, 0x00, 0x00, 0x00, 0x00, 0x00, 0x00, 0x00, 0x00,
    0x00, 0x00, 0x00, 0x00, 0x00, 0x00, 0x00, 0x00, 0x00, 0x00, 0x00, 0x00,
    0x00, 0x00, 0x00, 0x00, 0x00, 0x00, 0x00, 0x00, 0x00, 0x00, 0x00, 0x00,
    0x00, 0x00, 0x00, 0x00, 0x00, 0x00, 0x00, 0x00, 0x00, 0x00, 0x00, 0x00,
    0x00, 0x00, 0x00, 0x00, 0x00, 0x00, 0x00, 0x00, 0x00, 0x00, 0x00, 0x00,
    0x00, 0x00, 0x00, 0x00, 0x00, 0x00, 0x00, 0x00, 0x00, 0x00, 0x00, 0x00,
    0x00, 0x00, 0x00, 0x00, 0x00, 0x00, 0x00, 0x00, 0x00, 0x00, 0x00, 0x00,
    0x00, 0x00, 0x00, 0x00, 0x00, 0x00, 0x00, 0x00, 0x00, 0x00, 0x00, 0x00,
    0x00, 0x00, 0x00, 0x00, 0x00, 0x00, 0x00, 0x00, 0x00, 0x00, 0x00, 0x00,
    0x00, 0x00, 0x00, 0x00, 0x00, 0x00, 0x00, 0x00, 0x00, 0x00, 0x00, 0x00,
    0x00, 0x00, 0x00, 0x00, 0x00, 0x00, 0x00, 0x00, 0x00, 0x00, 0x00, 0x00,
    0x00, 0x00, 0x00, 0x00, 0x00, 0x00, 0x00, 0x00, 0x00, 0x00, 0x00, 0x00,
    0x00, 0x00, 0x00, 0x00, 0x00, 0x00, 0x00, 0x00, 0x00, 0x00, 0x00, 0x00,
    0x00, 0x00, 0x00, 0x00, 0x00, 0x00, 0x00, 0x00, 0x00, 0x00, 0x00, 0x00,
    0x00, 0x00, 0x00, 0x00, 0x00, 0x00, 0x00, 0x00, 0x00, 0x00, 0x00, 0x00,
    0x00, 0x00, 0x00, 0x00, 0x00, 0x00, 0x00, 0x00, 0x00, 0x00, 0x00, 0x00,
    0x00, 0x00, 0x00, 0x00, 0x00, 0x00, 0x00, 0x00, 0x00, 0x00, 0x00, 0x00,
    0x00, 0x00, 0x00, 0x00, 0x00, 0x00, 0x00, 0x00, 0x00, 0x00, 0x00, 0x00,
    0x00, 0x00, 0x00, 0x00, 0x00, 0x00, 0x00, 0x00, 0x00, 0x00, 0x00, 0x00,
    0x00, 0x00, 0x00, 0x00, 0x00, 0x00, 0x00, 0x00, 0x00, 0x00, 0x00, 0x00,
    0x00, 0x00, 0x00, 0x00, 0x00, 0x00, 0x00, 0x00, 0x00, 0x00, 0x00, 0x00,
    0x00, 0x00, 0x00, 0x00, 0x00, 0x00, 0x00, 0x00, 0x00, 0x00, 0x00, 0x00,
    0x00, 0x00, 0x00, 0x00, 0x00, 0x00, 0x00, 0x00, 0x00, 0x00, 0x00, 0x00,
    0x00, 0x00, 0x00, 0x00, 0x00, 0x00, 0x00, 0x00, 0x00, 0x00, 0x00, 0x00,
    0x00, 0x00, 0x00, 0x00, 0x00, 0x00, 0x00, 0x00, 0x00, 0x00, 0x00, 0x00,
    0x00, 0x00, 0x00, 0x00, 0x00, 0x00, 0x00, 0x00, 0x00, 0x00, 0x00, 0x00,
    0x00, 0x00, 0x00, 0x00, 0x00, 0x00, 0x00, 0x00, 0x00, 0x00, 0x00, 0x00,
    0x00, 0x00, 0x00, 0x00, 0x00, 0x00, 0x00, 0x00, 0x00, 0x00, 0x00, 0x00,
    0x00, 0x00, 0x00, 0x00, 0x00, 0x00, 0x00, 0x00, 0x00, 0x00, 0x00, 0x00,
    0x00, 0x00, 0x00, 0x00, 0x00, 0x00, 0x00, 0x00, 0x00, 0x00, 0x00, 0x00,
    0x00, 0x00, 0x00, 0x00, 0x00, 0x00, 0x00, 0x00, 0x00, 0x00, 0x00, 0x00,
    0x00, 0x00, 0x00, 0x00, 0x00, 0x00, 0x00, 0x00, 0x00, 0x00, 0x00, 0x00,
    0x00, 0x00, 0x00, 0x00, 0x00, 0x00, 0x00, 0x00, 0x00, 0x00, 0x00, 0x00,
    0x00, 0x00, 0x00, 0x00, 0x00, 0x00, 0x00, 0x00, 0x00, 0x00, 0x00, 0x00,
    0x00, 0x00, 0x00, 0x00, 0x00, 0x00, 0x00, 0x00, 0x00, 0x00, 0x00, 0x00,
    0x00, 0x00, 0x00, 0x00, 0x00, 0x00, 0x00, 0x00, 0x00, 0x00, 0x00, 0x00,
    0x00, 0x00, 0x00, 0x00, 0x00, 0x00, 0x00, 0x00, 0x00, 0x00, 0x00, 0x00,
    0x00, 0x00, 0x00, 0x00, 0x00, 0x00, 0x00, 0x00, 0x00, 0x00, 0x00, 0x00,
    0x00, 0x00, 0x00, 0x00, 0x00, 0x00, 0x00, 0x00, 0x00, 0x00, 0x00, 0x00,
    0x00, 0x00, 0x00, 0x00, 0x00, 0x00, 0x00, 0x00, 0x00, 0x00, 0x00, 0x00,
    0x00, 0x00, 0x00, 0x00, 0x00, 0x00, 0x00, 0x00, 0x00, 0x00, 0x00, 0x00,
    0x00, 0x00, 0x00, 0x00, 0x00, 0x00, 0x00, 0x00, 0x00, 0x00, 0x00, 0x00,
    0x00, 0x00, 0x00, 0x00, 0x00, 0x00, 0x00, 0x00, 0x00, 0x00, 0x00, 0x00,
    0x00, 0x00, 0x00, 0x00, 0x00, 0x00, 0x00, 0x00, 0x00, 0x00, 0x00, 0x00,
    0x00, 0x00, 0x00, 0x00, 0x00, 0x00, 0x00, 0x00, 0x00, 0x00, 0x00, 0x00,
    0x00, 0x00, 0x00, 0x00, 0x00, 0x00, 0x00, 0x00, 0x00, 0x00, 0x00, 0x00,
    0x00, 0x00, 0x00, 0x00, 0x00, 0x00, 0x00, 0x00, 0x00, 0x00, 0x00, 0x00,
    0x00, 0x00, 0x00, 0x00, 0x00, 0x00, 0x00, 0x00, 0x00, 0x00, 0x00, 0x00,
    0x00, 0x00, 0x00, 0x00, 0x00, 0x00, 0x00, 0x00, 0x00, 0x00, 0x00, 0x00,
    0x00, 0x00, 0x00, 0x00, 0x00, 0x00, 0x00, 0x00, 0x00, 0x00, 0x00, 0x00,
    0x00, 0x00, 0x00, 0x00, 0x00, 0x00, 0x00, 0x00, 0x00, 0x00, 0x00, 0x00,
    0x00, 0x00, 0x00, 0x00, 0x00, 0x00, 0x00, 0x00, 0x00, 0x00, 0x00, 0x00,
    0x00, 0x00, 0x00, 0x00, 0x00, 0x00, 0x00, 0x00, 0x00, 0x00, 0x00, 0x00,
    0x00, 0x00, 0x00, 0x00, 0x00, 0x00, 0x00, 0x00, 0x00, 0x00, 0x00, 0x00,
    0x00, 0x00, 0x00, 0x00, 0x00, 0x00, 0x00, 0x00, 0x00, 0x00, 0x00, 0x00,
    0x00, 0x00, 0x00, 0x00, 0x00, 0x00, 0x00, 0x00, 0x00, 0x00, 0x00, 0x00,
    0x00, 0x00, 0x00, 0x00, 0x00, 0x00, 0x00, 0x00, 0x00, 0x00, 0x00, 0x00,
    0x00, 0x00, 0x00, 0x00, 0x00, 0x00, 0x00, 0x00, 0x00, 0x00, 0x00, 0x00,
    0x00, 0x00, 0x00, 0x00, 0x00, 0x00, 0x00, 0x00, 0x00, 0x00, 0x00, 0x00,
    0x00, 0x00, 0x00, 0x00, 0x00, 0x00, 0x00, 0x00, 0x00, 0x00, 0x00, 0x00,
    0x00, 0x00, 0x00, 0x00, 0x00, 0x00, 0x00, 0x00, 0x00, 0x00, 0x00, 0x00,
    0x00, 0x00, 0x00, 0x00, 0x00, 0x00, 0x00, 0x00, 0x00, 0x00, 0x00, 0x00,
    0x00, 0x00, 0x00, 0x00, 0x00, 0x00, 0x00, 0x00, 0x00, 0x00, 0x00, 0x00,
    0x00, 0x00, 0x00, 0x00, 0x00, 0x00, 0x00, 0x00, 0x00, 0x00, 0x00, 0x00,
    0x00, 0x00, 0x00, 0x00, 0x00, 0x00, 0x00, 0x00, 0x00, 0x00, 0x00, 0x00,
    0x00, 0x00, 0x00, 0x00, 0x00, 0x00, 0x00, 0x00, 0x00, 0x00, 0x00, 0x00,
    0x00, 0x00, 0x00, 0x00, 0x00, 0x00, 0x00, 0x00, 0x00, 0x00, 0x00, 0x00,
    0x00, 0x00, 0x00, 0x00, 0x00, 0x00, 0x00, 0x00, 0x00, 0x00, 0x00, 0x00,
    0x00, 0x00, 0x00, 0x00, 0x00, 0x00, 0x00, 0x00, 0x00, 0x00, 0x00, 0x00,
    0x00, 0x00, 0x00, 0x00, 0x00, 0x00, 0x00, 0x00, 0x00, 0x00, 0x00, 0x00,
    0x00, 0x00, 0x00, 0x00, 0x00, 0x00, 0x00, 0x00, 0x00, 0x00, 0x00, 0x00,
    0x00, 0x00, 0x00, 0x00, 0x00, 0x00, 0x00, 0x00, 0x00, 0x00, 0x00, 0x00,
    0x00, 0x00, 0x00, 0x00, 0x00, 0x00, 0x00, 0x00, 0x00, 0x00, 0x00, 0x00,
    0x00, 0x00, 0x00, 0x00, 0x00, 0x00, 0x00, 0x00, 0x00, 0x00, 0x00, 0x00,
    0x00, 0x00, 0x00, 0x00, 0x00, 0x00, 0x00, 0x00, 0x00, 0x00, 0x00, 0x00,
    0x00, 0x00, 0x00, 0x00, 0x00, 0x00, 0x00, 0x00, 0x00, 0x00, 0x00, 0x00,
    0x00, 0x00, 0x00, 0x00, 0x00, 0x00, 0x00, 0x00, 0x00, 0x00, 0x00, 0x00,
    0x00, 0x00, 0x00, 0x00, 0x00, 0x00, 0x00, 0x00, 0x00, 0x00, 0x00, 0x00,
    0x00, 0x00, 0x00, 0x00, 0x00, 0x00, 0x00, 0x00, 0x00, 0x00, 0x00, 0x00,
    0x00, 0x00, 0x00, 0x00, 0x00, 0x00, 0x00, 0x00, 0x00, 0x00, 0x00, 0x00,
    0x00, 0x00, 0x00, 0x00, 0x00, 0x00, 0x00, 0x00, 0x00, 0x00, 0x00, 0x00,
    0x00, 0x00, 0x00, 0x00, 0x00, 0x00, 0x00, 0x00, 0x00, 0x00, 0x00, 0x00,
    0x00, 0x00, 0x00, 0x00, 0x00, 0x00, 0x00, 0x00, 0x00, 0x00, 0x00, 0x00,
    0x00, 0x00, 0x00, 0x00, 0x00, 0x00, 0x00, 0x00, 0x00, 0x00, 0x00, 0x00,
    0x00, 0x00, 0x00, 0x00, 0x00, 0x00, 0x00, 0x00, 0x00, 0x00, 0x00, 0x00,
    0x00, 0x00, 0x00, 0x00, 0x00, 0x00, 0x00, 0x00, 0x00, 0x00, 0x00, 0x00,
    0x00, 0x00, 0x00, 0x00, 0x00, 0x00, 0x00, 0x00, 0x00, 0x00, 0x00, 0x00,
    0x00, 0x00, 0x00, 0x00, 0x00, 0x00, 0x00, 0x00, 0x00, 0x00, 0x00, 0x00,
    0x00, 0x00, 0x00, 0x00, 0x00, 0x00, 0x00, 0x00, 0x00, 0x00, 0x00, 0x00,
    0x00, 0x00, 0x00, 0x00, 0x00, 0x00, 0x00, 0x00, 0x00, 0x00, 0x00, 0x00,
    0x00, 0x00, 0x00, 0x00, 0x00, 0x00, 0x00, 0x00, 0x00, 0x00, 0x00, 0x00,
    0x00, 0x00, 0x00, 0x00, 0x00, 0x00, 0x00, 0x00, 0x00, 0x00, 0x00, 0x00,
    0x00, 0x00, 0x00, 0x00, 0x00, 0x00, 0x00, 0x00, 0x00, 0x00, 0x00, 0x00,
    0x00, 0x00, 0x00, 0x00, 0x00, 0x00, 0x00, 0x00, 0x00, 0x00, 0x00, 0x00,
    0x00, 0x00, 0x00, 0x00, 0x00, 0x00, 0x00, 0x00, 0x00, 0x00, 0x00, 0x00,
    0x00, 0x00, 0x00, 0x00, 0x00, 0x00, 0x00, 0x00, 0x00, 0x00, 0x00, 0x00,
    0x00, 0x00, 0x00, 0x00, 0x00, 0x00, 0x00, 0x00, 0x00, 0x00, 0x00, 0x00,
    0x00, 0x00, 0x00, 0x00, 0x00, 0x00, 0x00, 0x00, 0x00, 0x00, 0x00, 0x00,
    0x00, 0x00, 0x00, 0x00, 0x00, 0x00, 0x00, 0x00, 0x00, 0x00, 0x00, 0x00,
    0x00, 0x00, 0x00, 0x00, 0x00, 0x00, 0x00, 0x00, 0x00, 0x00, 0x00, 0x00,
    0x00, 0x00, 0x00, 0x00, 0x00, 0x00, 0x00, 0x00, 0x00, 0x00, 0x00, 0x00,
    0x00, 0x00, 0x00, 0x00, 0x00, 0x00, 0x00, 0x00, 0x00, 0x00, 0x00, 0x00,
    0x00, 0x00, 0x00, 0x00, 0x00, 0x00, 0x00, 0x00, 0x00, 0x00, 0x00, 0x00,
    0x00, 0x00, 0x00, 0x00, 0x00, 0x00, 0x00, 0x00, 0x00, 0x00, 0x00, 0x00,
    0x00, 0x00, 0x00, 0x00, 0x00, 0x00, 0x00, 0x00, 0x00, 0x00, 0x00, 0x00,
    0x00, 0x00, 0x00, 0x00, 0x00, 0x00, 0x00, 0x00, 0x00, 0x00, 0x00, 0x00,
    0x00, 0x00, 0x00, 0x00, 0x00, 0x00, 0x00, 0x00, 0x00, 0x00, 0x00, 0x00,
    0x00, 0x00, 0x00, 0x00, 0x00, 0x00, 0x00, 0x00, 0x00, 0x00, 0x00, 0x00,
    0x00, 0x00, 0x00, 0x00, 0x00, 0x00, 0x00, 0x00, 0x00, 0x00, 0x00, 0x00,
    0x00, 0x00, 0x00, 0x00, 0x00, 0x00, 0x00, 0x00, 0x00, 0x00, 0x00, 0x00,
    0x00, 0x00, 0x00, 0x00, 0x00, 0x00, 0x00, 0x00, 0x00, 0x00, 0x00, 0x00,
    0x00, 0x00, 0x00, 0x00, 0x00, 0x00, 0x00, 0x00, 0x00, 0x00, 0x00, 0x00,
    0x00, 0x00, 0x00, 0x00, 0x00, 0x00, 0x00, 0x00, 0x00, 0x00, 0x00, 0x00,
    0x00, 0x00, 0x00, 0x00, 0x00, 0x00, 0x00, 0x00, 0x00, 0x00, 0x00, 0x00,
    0x00, 0x00, 0x00, 0x00, 0x00, 0x00, 0x00, 0x00, 0x00, 0x00, 0x00, 0x00,
    0x00, 0x00, 0x00, 0x00, 0x00, 0x00, 0x00, 0x00, 0x00, 0x00, 0x00, 0x00,
    0x00, 0x00, 0x00, 0x00, 0x00, 0x00, 0x00, 0x00, 0x00, 0x00, 0x00, 0x00,
    0x00, 0x00, 0x00, 0x00, 0x00, 0x00, 0x00, 0x00, 0x00, 0x00, 0x00, 0x00,
    0x00, 0x00, 0x00, 0x00, 0x00, 0x00, 0x00, 0x00, 0x00, 0x00, 0x00, 0x00,
    0x00, 0x00, 0x00, 0x00, 0x00, 0x00, 0x00, 0x00, 0x00, 0x00, 0x00, 0x00,
    0x00, 0x00, 0x00, 0x00, 0x00, 0x00, 0x00, 0x00, 0x00, 0x00, 0x00, 0x00,
    0x00, 0x00, 0x00, 0x00, 0x00, 0x00, 0x00, 0x00, 0x00, 0x00, 0x00, 0x00,
    0x00, 0x00, 0x00, 0x00, 0x00, 0x00, 0x00, 0x00, 0x00, 0x00, 0x00, 0x00,
    0x00, 0x00, 0x00, 0x00, 0x00, 0x00, 0x00, 0x00, 0x00, 0x00, 0x00, 0x00,
    0x00, 0x00, 0x00, 0x00, 0x00, 0x00, 0x00, 0x00, 0x00, 0x00, 0x00, 0x00,
    0x00, 0x00, 0x00, 0x00, 0x00, 0x00, 0x00, 0x00, 0x00, 0x00, 0x00, 0x00,
    0x00, 0x00, 0x00, 0x00, 0x00, 0x00, 0x00, 0x00, 0x00, 0x00, 0x00, 0x00,
    0x00, 0x00, 0x00, 0x00, 0x00, 0x00, 0x00, 0x00, 0x00, 0x00, 0x00, 0x00,
    0x00, 0x00, 0x00, 0x00, 0x00, 0x00, 0x00, 0x00, 0x00, 0x00, 0x00, 0x00,
    0x00, 0x00, 0x00, 0x00, 0x00, 0x00, 0x00, 0x00, 0x00, 0x00, 0x00, 0x00,
    0x00, 0x00, 0x00, 0x00, 0x00, 0x00, 0x00, 0x00, 0x00, 0x00, 0x00, 0x00,
    0x00, 0x00, 0x00, 0x00, 0x00, 0x00, 0x00, 0x00, 0x00, 0x00, 0x00, 0x00,
    0x00, 0x00, 0x00, 0x00, 0x00, 0x00, 0x00, 0x00, 0x00, 0x00, 0x00, 0x00,
    0x00, 0x00, 0x00, 0x00, 0x00, 0x00, 0x00, 0x00, 0x00, 0x00, 0x00, 0x00,
    0x00, 0x00, 0x00, 0x00, 0x00, 0x00, 0x00, 0x00, 0x00, 0x00, 0x00, 0x00,
    0x00, 0x00, 0x00, 0x00, 0x00, 0x00, 0x00, 0x00, 0x00, 0x00, 0x00, 0x00,
    0x00, 0x00, 0x00, 0x00, 0x00, 0x00, 0x00, 0x00, 0x00, 0x00, 0x00, 0x00,
    0x00, 0x00, 0x00, 0x00, 0x00, 0x00, 0x00, 0x00, 0x00, 0x00, 0x00, 0x00,
    0x00, 0x00, 0x00, 0x00, 0x00, 0x00, 0x00, 0x00, 0x00, 0x00, 0x00, 0x00,
    0x00, 0x00, 0x00, 0x00, 0x00, 0x00, 0x00, 0x00, 0x00, 0x00, 0x00, 0x00,
    0x00, 0x00, 0x00, 0x00, 0x00, 0x00, 0x00, 0x00, 0x00, 0x00, 0x00, 0x00,
    0x00, 0x00, 0x00, 0x00, 0x00, 0x00, 0x00, 0x00, 0x00, 0x00, 0x00, 0x00,
    0x00, 0x00, 0x00, 0x00, 0x00, 0x00, 0x00, 0x00, 0x00, 0x00, 0x00, 0x00,
    0x00, 0x00, 0x00, 0x00, 0x00, 0x00, 0x00, 0x00, 0x00, 0x00, 0x00, 0x00,
    0x00, 0x00, 0x00, 0x00, 0x00, 0x00, 0x00, 0x00, 0x00, 0x00, 0x00, 0x00,
    0x00, 0x00, 0x00, 0x00, 0x00, 0x00, 0x00, 0x00, 0x00, 0x00, 0x00, 0x00,
    0x00, 0x00, 0x00, 0x00, 0x00, 0x00, 0x00, 0x00, 0x00, 0x00, 0x00, 0x00,
    0x00, 0x00, 0x00, 0x00, 0x00, 0x00, 0x00, 0x00, 0x00, 0x00, 0x00, 0x00,
    0x00, 0x00, 0x00, 0x00, 0x00, 0x00, 0x00, 0x00, 0x00, 0x00, 0x00, 0x00,
    0x00, 0x00, 0x00, 0x00, 0x00, 0x00, 0x00, 0x00, 0x00, 0x00, 0x00, 0x00,
    0x00, 0x00, 0x00, 0x00, 0x00, 0x00, 0x00, 0x00, 0x00, 0x00, 0x00, 0x00,
    0x00, 0x00, 0x00, 0x00, 0x00, 0x00, 0x00, 0x00, 0x00, 0x00, 0x00, 0x00,
    0x00, 0x00, 0x00, 0x00, 0x00, 0x00, 0x00, 0x00, 0x00, 0x00, 0x00, 0x00,
    0x00, 0x00, 0x00, 0x00, 0x00, 0x00, 0x00, 0x00, 0x00, 0x00, 0x00, 0x00,
    0x00, 0x00, 0x00, 0x00, 0x00, 0x00, 0x00, 0x00, 0x00, 0x00, 0x00, 0x00,
    0x00, 0x00, 0x00, 0x00, 0x00, 0x00, 0x00, 0x00, 0x00, 0x00, 0x00, 0x00,
    0x00, 0x00, 0x00, 0x00, 0x00, 0x00, 0x00, 0x00, 0x00, 0x00, 0x00, 0x00,
    0x00, 0x00, 0x00, 0x00, 0x00, 0x00, 0x00, 0x00, 0x00, 0x00, 0x00, 0x00,
    0x00, 0x00, 0x00, 0x00, 0x00, 0x00, 0x00, 0x00, 0x00, 0x00, 0x00, 0x00,
    0x00, 0x00, 0x00, 0x00, 0x00, 0x00, 0x00, 0x00, 0x00, 0x00, 0x00, 0x00,
    0x00, 0x00, 0x00, 0x00, 0x00, 0x00, 0x00, 0x00, 0x00, 0x00, 0x00, 0x00,
    0x00, 0x00, 0x00, 0x00, 0x00, 0x00, 0x00, 0x00, 0x00, 0x00, 0x00, 0x00,
    0x00, 0x00, 0x00, 0x00, 0x00, 0x00, 0x00, 0x00, 0x00, 0x00, 0x00, 0x00,
    0x00, 0x00, 0x00, 0x00, 0x00, 0x00, 0x00, 0x00, 0x00, 0x00, 0x00, 0x00,
    0x00, 0x00, 0x00, 0x00, 0xe8, 0x1b, 0x00, 0x00, 0x00, 0x48, 0xc7, 0xc7,
    0x00, 0x00, 0x00, 0x00, 0x48, 0xc7, 0xc0, 0x00, 0x00, 0x00, 0x00, 0x0f,
    0x05, 0xeb, 0xfe, 0xcc, 0xcc, 0xcc, 0xcc, 0xcc, 0xcc, 0xcc, 0xcc, 0xcc,
    0x55, 0x48, 0x89, 0xe5, 0x41, 0x57, 0x41, 0x56, 0x41, 0x55, 0x41, 0x54,
    0x53, 0x48, 0x81, 0xec, 0x98, 0x02, 0x00, 0x00, 0x48, 0x8d, 0xb5, 0x80,
    0xfe, 0xff, 0xff, 0xbf, 0x0f, 0x00, 0x00, 0x00, 0xe8, 0x7b, 0x3b, 0x00,
    0x00, 0x8b, 0x9d, 0x88, 0xfe, 0xff, 0xff, 0x85, 0xdb, 0xb9, 0x00, 0x0a,
    0x00, 0x00, 0x0f, 0x44, 0xd9, 0x48, 0x85, 0xc0, 0x0f, 0x45, 0xd9, 0x89,
    0x1d, 0x9f, 0x4f, 0x00, 0x00, 0xe8, 0x0a, 0x3c, 0x00, 0x00, 0x48, 0x89,
    0x05, 0x93, 0x5f, 0x00, 0x00, 0x48, 0x85, 0xc0, 0x0f, 0x84, 0x0f, 0x0c,
    0x00, 0x00, 0x48, 0xc7, 0x04, 0x24, 0x10, 0x60, 0x40, 0x00, 0x41, 0xb9,
    0x08, 0x60, 0x40, 0x00, 0x31, 0xff, 0x31, 0xf6, 0x89, 0xda, 0xb9, 0x1c,
    0x00, 0x00, 0x00, 0x49, 0x89, 0xc0, 0xe8, 0x09, 0x0c, 0x00, 0x00, 0x85,
    0xc0, 0x0f, 0x88, 0xe6, 0x0b, 0x00, 0x00, 0x48, 0x8b, 0x3d, 0x6a, 0x5f,
    0x00, 0x00, 0x89, 0xde, 0xe8, 0x73, 0x0d, 0x00, 0x00, 0x8b, 0x3d, 0x55,
    0x5f, 0x00, 0x00, 0x89, 0xde, 0xba, 0x1c, 0x00, 0x00, 0x00, 0xe8, 0xa1,
    0x13, 0x00, 0x00, 0x4c, 0x8d, 0xad, 0x48, 0xfd, 0xff, 0xff, 0x4c, 0x8d,
    0xb5, 0x98, 0xfe, 0xff, 0xff, 0x4c, 0x8d, 0x7d, 0xd7, 0x4c, 0x8d, 0x65,
    0xd6, 0xbb, 0x0c, 0x00, 0x00, 0x00, 0xe9, 0x11, 0x01, 0x00, 0x00, 0x0f,
    0xb6, 0xd0, 0x44, 0x0f, 0xb6, 0xc7, 0x40, 0x80, 0xef, 0x0a, 0x44, 0x0f,
    0xb6, 0xcf, 0x45, 0x0f, 0x42, 0xc8, 0x0f, 0xb7, 0xf9, 0x41, 0x80, 0xc9,
    0x30, 0x44, 0x69, 0xc2, 0xcd, 0x00, 0x00, 0x00, 0x41, 0xc1, 0xe8, 0x0b,
    0x45, 0x8d, 0x50, 0x30, 0x45, 0x01, 0xc0, 0x47, 0x8d, 0x04, 0x80, 0x44,
    0x28, 0xc0, 0x0c, 0x30, 0x80, 0xf9, 0x0c, 0x89, 0xf1, 0x44, 0x88, 0x89,
    0x0c, 0x50, 0x40, 0x00, 0xc6, 0x81, 0x0d, 0x50, 0x40, 0x00, 0x3a, 0x44,
    0x88, 0x91, 0x0e, 0x50, 0x40, 0x00, 0x88, 0x81, 0x0f, 0x50, 0x40, 0x00,
    0xc6, 0x81, 0x10, 0x50, 0x40, 0x00, 0x20, 0xb8, 0x41, 0x00, 0x00, 0x00,
    0xbe, 0x50, 0x00, 0x00, 0x00, 0x0f, 0x43, 0xc6, 0x88, 0x81, 0x11, 0x50,
    0x40, 0x00, 0xc6, 0x81, 0x12, 0x50, 0x40, 0x00, 0x4d, 0xc6, 0x81, 0x13,
    0x50, 0x40, 0x00, 0x00, 0x0f, 0xb7, 0xc2, 0x01, 0xf8, 0x69, 0xc8, 0x93,
    0x24, 0x00, 0x00, 0xc1, 0xe9, 0x10, 0x8d, 0x14, 0xcd, 0x00, 0x00, 0x00,
    0x00, 0x29, 0xd1, 0x01, 0xc1, 0x0f, 0xb7, 0xc1, 0x48, 0x8b, 0x04, 0xc5,
    0x70, 0x40, 0x40, 0x00, 0x0f, 0xb6, 0x08, 0x88, 0x0d, 0x97, 0x4e, 0x00,
    0x00, 0x0f, 0xb6, 0x48, 0x01, 0x88, 0x0d, 0x8e, 0x4e, 0x00, 0x00, 0x0f,
    0xb6, 0x40, 0x02, 0x88, 0x05, 0x85, 0x4e, 0x00, 0x00, 0xc7, 0x05, 0x7c,
    0x4e, 0x00, 0x00, 0x20, 0x4a, 0x61, 0x6e, 0x66, 0xc7, 0x05, 0x77, 0x4e,
    0x00, 0x00, 0x20, 0x31, 0xc6, 0x05, 0x72, 0x4e, 0x00, 0x00, 0x00, 0xc6,
    0x05, 0x5e, 0x5e, 0x00, 0x00, 0x01, 0x48, 0x8b, 0x3d, 0x4b, 0x5e, 0x00,
    0x00, 0x8b, 0x35, 0x35, 0x4e, 0x00, 0x00, 0xe8, 0x50, 0x0c, 0x00, 0x00,
    0x8b, 0x3d, 0x32, 0x5e, 0x00, 0x00, 0x8b, 0x35, 0x24, 0x4e, 0x00, 0x00,
    0xba, 0x1c, 0x00, 0x00, 0x00, 0xe8, 0x7a, 0x12, 0x00, 0x00, 0xbf, 0x01,
    0x00, 0x00, 0x00, 0xe8, 0xc0, 0x39, 0x00, 0x00, 0x48, 0x8b, 0x3d, 0x09,
    0x5e, 0x00, 0x00, 0x48, 0x85, 0xff, 0x0f, 0x84, 0x20, 0x03, 0x00, 0x00,
    0x4c, 0x89, 0xee, 0x31, 0xd2, 0xe8, 0x96, 0x3a, 0x00, 0x00, 0x85, 0xc0,
    0x0f, 0x95, 0xc1, 0x8b, 0x85, 0x7c, 0xfd, 0xff, 0xff, 0x83, 0xf8, 0x08,
    0x0f, 0x93, 0xc2, 0x20, 0xca, 0x80, 0xfa, 0x01, 0x0f, 0x85, 0xfa, 0x02,
    0x00, 0x00, 0x8b, 0x8d, 0x80, 0xfd, 0xff, 0xff, 0x83, 0xf9, 0x07, 0x0f,
    0x94, 0xc2, 0x83, 0xf8, 0x18, 0x0f, 0x93, 0xc0, 0x20, 0xd0, 0x3c, 0x01,
    0x75, 0x38, 0x8b, 0x85, 0x90, 0xfd, 0xff, 0xff, 0x83, 0xf8, 0x01, 0x74,
    0x53, 0x85, 0xc0, 0x0f, 0x85, 0xcf, 0x02, 0x00, 0x00, 0xb9, 0xff, 0xff,
    0xff, 0xff, 0x83, 0xbd, 0x88, 0xfd, 0xff, 0xff, 0x1b, 0x76, 0x5c, 0x3b,
    0x0d, 0xa3, 0x4d, 0x00, 0x00, 0x0f, 0x84, 0xb5, 0x02, 0x00, 0x00, 0x89,
    0x0d, 0x97, 0x4d, 0x00, 0x00, 0xe9, 0x9f, 0x02, 0x00, 0x00, 0x83, 0xf9,
    0x0f, 0x0f, 0x85, 0xa1, 0x02, 0x00, 0x00, 0x8b, 0x85, 0x84, 0xfd, 0xff,
    0xff, 0x3b, 0x05, 0x8d, 0x5d, 0x00, 0x00, 0x0f, 0x84, 0x8f, 0x02, 0x00,
    0x00, 0x89, 0x05, 0x81, 0x5d, 0x00, 0x00, 0xe9, 0x79, 0x02, 0x00, 0x00,
    0x83, 0xbd, 0x88, 0xfd, 0xff, 0xff, 0x1b, 0x0f, 0x86, 0xe6, 0x00, 0x00,
    0x00, 0x83, 0x3d, 0x54, 0x4d, 0x00, 0x00, 0x00, 0x0f, 0x89, 0xa9, 0x01,
    0x00, 0x00, 0xe9, 0x65, 0x02, 0x00, 0x00, 0x8b, 0x85, 0x84, 0xfd, 0xff,
    0xff, 0x8b, 0x15, 0x69, 0x5d, 0x00, 0x00, 0x39, 0xd0, 0x7c, 0x0c, 0x03,
    0x15, 0x63, 0x5d, 0x00, 0x00, 0x31, 0xc9, 0x39, 0xd0, 0x7c, 0x88, 0x8b,
    0x15, 0x63, 0x5d, 0x00, 0x00, 0x39, 0xd0, 0x7c, 0x13, 0x03, 0x15, 0x5d,
    0x5d, 0x00, 0x00, 0xb9, 0x01, 0x00, 0x00, 0x00, 0x39, 0xd0, 0x0f, 0x8c,
    0x6b, 0xff, 0xff, 0xff, 0x8b, 0x15, 0x56, 0x5d, 0x00, 0x00, 0x39, 0xd0,
    0x7c, 0x13, 0x03, 0x15, 0x50, 0x5d, 0x00, 0x00, 0xb9, 0x02, 0x00, 0x00,
    0x00, 0x39, 0xd0, 0x0f, 0x8c, 0x4e, 0xff, 0xff, 0xff, 0x8b, 0x15, 0x49,
    0x5d, 0x00, 0x00, 0x39, 0xd0, 0x7c, 0x13, 0x03, 0x15, 0x43, 0x5d, 0x00,
    0x00, 0xb9, 0x03, 0x00, 0x00, 0x00, 0x39, 0xd0, 0x0f, 0x8c, 0x31, 0xff,
    0xff, 0xff, 0x8b, 0x15, 0x3c, 0x5d, 0x00, 0x00, 0x39, 0xd0, 0x7c, 0x13,
    0x03, 0x15, 0x36, 0x5d, 0x00, 0x00, 0xb9, 0x04, 0x00, 0x00, 0x00, 0x39,
    0xd0, 0x0f, 0x8c, 0x14, 0xff, 0xff, 0xff, 0x8b, 0x15, 0x2f, 0x5d, 0x00,
    0x00, 0x39, 0xd0, 0x7c, 0x13, 0x03, 0x15, 0x29, 0x5d, 0x00, 0x00, 0xb9,
    0x05, 0x00, 0x00, 0x00, 0x39, 0xd0, 0x0f, 0x8c, 0xf7, 0xfe, 0xff, 0xff,
    0x8b, 0x15, 0x22, 0x5d, 0x00, 0x00, 0x39, 0xd0, 0x7c, 0x13, 0x03, 0x15,
    0x1c, 0x5d, 0x00, 0x00, 0xb9, 0x06, 0x00, 0x00, 0x00, 0x39, 0xd0, 0x0f,
    0x8c, 0xda, 0xfe, 0xff, 0xff, 0xb9, 0xff, 0xff, 0xff, 0xff, 0xe9, 0xd0,
    0xfe, 0xff, 0xff, 0x8b, 0x85, 0x84, 0xfd, 0xff, 0xff, 0x8b, 0x0d, 0x95,
    0x5c, 0x00, 0x00, 0x39, 0xc8, 0x7c, 0x10, 0x03, 0x0d, 0x8f, 0x5c, 0x00,
    0x00, 0x31, 0xf6, 0x39, 0xc8, 0x0f, 0x8c, 0xa2, 0x00, 0x00, 0x00, 0x8b,
    0x0d, 0x8b, 0x5c, 0x00, 0x00, 0x39, 0xc8, 0x7c, 0x13, 0x03, 0x0d, 0x85,
    0x5c, 0x00, 0x00, 0xbe, 0x01, 0x00, 0x00, 0x00, 0x39, 0xc8, 0x0f, 0x8c,
    0x85, 0x00, 0x00, 0x00, 0x8b, 0x0d, 0x7e, 0x5c, 0x00, 0x00, 0x39, 0xc8,
    0x7c, 0x0f, 0x03, 0x0d, 0x78, 0x5c, 0x00, 0x00, 0xbe, 0x02, 0x00, 0x00,
    0x00, 0x39, 0xc8, 0x7c, 0x6c, 0x8b, 0x0d, 0x75, 0x5c, 0x00, 0x00, 0x39,
    0xc8, 0x7c, 0x0f, 0x03, 0x0d, 0x6f, 0x5c, 0x00, 0x00, 0xbe, 0x03, 0x00,
    0x00, 0x00, 0x39, 0xc8, 0x7c, 0x53, 0x8b, 0x0d, 0x6c, 0x5c, 0x00, 0x00,
    0x39, 0xc8, 0x7c, 0x0f, 0x03, 0x0d, 0x66, 0x5c, 0x00, 0x00, 0xbe, 0x04,
    0x00, 0x00, 0x00, 0x39, 0xc8, 0x7c, 0x3a, 0x8b, 0x0d, 0x63, 0x5c, 0x00,
    0x00, 0x39, 0xc8, 0x7c, 0x0f, 0x03, 0x0d, 0x5d, 0x5c, 0x00, 0x00, 0xbe,
    0x05, 0x00, 0x00, 0x00, 0x39, 0xc8, 0x7c, 0x21, 0x8b, 0x0d, 0x5a, 0x5c,
    0x00, 0x00, 0x39, 0xc8, 0x0f, 0x8c, 0x6b, 0xfe, 0xff, 0xff, 0x03, 0x0d,
    0x50, 0x5c, 0x00, 0x00, 0xbe, 0x06, 0x00, 0x00, 0x00, 0x39, 0xc8, 0x0f,
    0x8d, 0x58, 0xfe, 0xff, 0xff, 0x8b, 0x05, 0xad, 0x4b, 0x00, 0x00, 0x39,
    0xf0, 0x0f, 0x85, 0xa4, 0x02, 0x00, 0x00, 0x8b, 0x1d, 0x3b, 0x5c, 0x00,
    0x00, 0xba, 0x08, 0x01, 0x00, 0x00, 0x48, 0x8d, 0xbd, 0xc8, 0xfe, 0xff,
    0xff, 0x31, 0xf6, 0xe8, 0x98, 0x14, 0x00, 0x00, 0x48, 0xc7, 0x85, 0x98,
    0xfe, 0xff, 0xff, 0x02, 0x00, 0x00, 0x00, 0xbf, 0x0b, 0x00, 0x00, 0x00,
    0xe8, 0x23, 0x37, 0x00, 0x00, 0x48, 0x89, 0x85, 0xa0, 0xfe, 0xff, 0xff,
    0x48, 0x8d, 0x85, 0xc8, 0xfe, 0xff, 0xff, 0x0f, 0x57, 0xc0, 0x0f, 0x11,
    0x40, 0xe0, 0x0f, 0x11, 0x40, 0xf0, 0x48, 0xb8, 0x08, 0x00, 0x00, 0x00,
    0x02, 0x00, 0x00, 0x00, 0x48, 0x89, 0x85, 0xcc, 0xfe, 0xff, 0xff, 0x88,
    0x9d, 0xd4, 0xfe, 0xff, 0xff, 0x88, 0xbd, 0xd5, 0xfe, 0xff, 0xff, 0x89,
    0xd8, 0xc1, 0xe8, 0x10, 0x88, 0x85, 0xd6, 0xfe, 0xff, 0xff, 0xc1, 0xeb,
    0x18, 0x88, 0x9d, 0xd7, 0xfe, 0xff, 0xff, 0xbf, 0x03, 0x00, 0x00, 0x00,
    0xe8, 0x2f, 0x38, 0x00, 0x00, 0x48, 0x85, 0xc0, 0x74, 0x0b, 0x48, 0x89,
    0xc7, 0x4c, 0x89, 0xf6, 0xe8, 0x8f, 0x37, 0x00, 0x00, 0xc7, 0x05, 0x09,
    0x4b, 0x00, 0x00, 0xff, 0xff, 0xff, 0xff, 0x48, 0xc7, 0x05, 0xa2, 0x5b,
    0x00, 0x00, 0x00, 0x00, 0x00, 0x00, 0xc7, 0x05, 0x20, 0x4b, 0x00, 0x00,
    0xff, 0xff, 0xff, 0xff, 0xbb, 0x0c, 0x00, 0x00, 0x00, 0xc6, 0x05, 0x00,
    0x5b, 0x00, 0x00, 0x00, 0x0f, 0x1f, 0x40, 0x00, 0x83, 0x3d, 0xdd, 0x4a,
    0x00, 0x00, 0x00, 0x0f, 0x99, 0xc0, 0x48, 0x8b, 0x3d, 0xef, 0x5a, 0x00,
    0x00, 0x48, 0x85, 0xff, 0x0f, 0x95, 0xc1, 0x20, 0xc1, 0x80, 0xf9, 0x01,
    0x0f, 0x85, 0xce, 0x06, 0x00, 0x00, 0x4c, 0x89, 0xee, 0x31, 0xd2, 0xe8,
    0x54, 0x37, 0x00, 0x00, 0x85, 0xc0, 0x0f, 0x84, 0xbc, 0x06, 0x00, 0x00,
    0x83, 0xbd, 0x7c, 0xfd, 0xff, 0xff, 0x18, 0x0f, 0x82, 0xaf, 0x06, 0x00,
    0x00, 0x83, 0xbd, 0x80, 0xfd, 0xff, 0xff, 0x07, 0x0f, 0x85, 0xa2, 0x06,
    0x00, 0x00, 0x8b, 0x85, 0x90, 0xfd, 0xff, 0xff, 0x83, 0xf8, 0x01, 0x0f,
    0x84, 0x97, 0x00, 0x00, 0x00, 0x85, 0xc0, 0x0f, 0x85, 0x8b, 0x06, 0x00,
    0x00, 0x48, 0x63, 0x0d, 0x78, 0x4a, 0x00, 0x00, 0xb8, 0xff, 0xff, 0xff,
    0xff, 0x48, 0x85, 0xc9, 0x78, 0x62, 0x8b, 0x95, 0x84, 0xfd, 0xff, 0xff,
    0x83, 0xfa, 0x0c, 0x7c, 0x57, 0x8b, 0x35, 0x0d, 0x5b, 0x00, 0x00, 0x83,
    0xc6, 0xf0, 0x39, 0xf2, 0x7d, 0x4a, 0x8b, 0xb5, 0x88, 0xfd, 0xff, 0xff,
    0x83, 0xfe, 0xf1, 0x7c, 0x3f, 0x48, 0xc1, 0xe1, 0x04, 0x48, 0x8d, 0x91,
    0x00, 0x40, 0x40, 0x00, 0x83, 0xc6, 0xfa, 0x48, 0x63, 0xce, 0x48, 0x69,
    0xc9, 0xe9, 0xa2, 0x8b, 0x2e, 0x48, 0x89, 0xce, 0x48, 0xc1, 0xee, 0x3f,
    0x48, 0xc1, 0xf9, 0x22, 0x01, 0xf1, 0x3b, 0x4a, 0x08, 0x7d, 0x15, 0x48,
    0x8b, 0x02, 0x89, 0xca, 0x48, 0xc1, 0xe2, 0x04, 0x8b, 0x44, 0x10, 0x08,
    0x83, 0xf8, 0xff, 0x0f, 0x44, 0xc8, 0x89, 0xc8, 0x3b, 0x05, 0x32, 0x4a,
    0x00, 0x00, 0x0f, 0x84, 0x0c, 0x06, 0x00, 0x00, 0x89, 0x05, 0x26, 0x4a,
    0x00, 0x00, 0xe8, 0x61, 0x0f, 0x00, 0x00, 0xe9, 0xfc, 0x05, 0x00, 0x00,
    0x48, 0x63, 0x05, 0xe9, 0x49, 0x00, 0x00, 0x48, 0x85, 0xc0, 0x0f, 0x88,
    0xdc, 0x05, 0x00, 0x00, 0x8b, 0x8d, 0x84, 0xfd, 0xff, 0xff, 0x83, 0xf9,
    0x0c, 0x0f, 0x8c, 0x17, 0x05, 0x00, 0x00, 0x8b, 0x15, 0x7b, 0x5a, 0x00,
    0x00, 0x83, 0xc2, 0xf0, 0x39, 0xd1, 0x0f, 0x8d, 0x06, 0x05, 0x00, 0x00,
    0x8b, 0x8d, 0x88, 0xfd, 0xff, 0xff, 0x83, 0xf9, 0xf1, 0x0f, 0x8c, 0xf7,
    0x04, 0x00, 0x00, 0x48, 0xc1, 0xe0, 0x04, 0x48, 0x8d, 0x80, 0x00, 0x40,
    0x40, 0x00, 0x83, 0xc1, 0xfa, 0x48, 0x63, 0xc9, 0x48, 0x69, 0xc9, 0xe9,
    0xa2, 0x8b, 0x2e, 0x48, 0x89, 0xca, 0x48, 0xc1, 0xea, 0x3f, 0x48, 0xc1,
    0xf9, 0x22, 0x01, 0xd1, 0x3b, 0x48, 0x08, 0x0f, 0x8d, 0xc9, 0x04, 0x00,
    0x00, 0x48, 0x8b, 0x00, 0x89, 0xc9, 0x48, 0xc1, 0xe1, 0x04, 0x8b, 0x44,
    0x08, 0x08, 0x83, 0xf8, 0xff, 0x0f, 0x84, 0xb3, 0x04, 0x00, 0x00, 0x83,
    0xf8, 0x01, 0x0f, 0x94, 0xc1, 0x8b, 0x1d, 0x75, 0x59, 0x00, 0x00, 0x85,
    0xdb, 0x0f, 0x9f, 0xc2, 0x20, 0xca, 0x80, 0xfa, 0x01, 0x0f, 0x85, 0x28,
    0x03, 0x00, 0x00, 0xba, 0x08, 0x01, 0x00, 0x00, 0x48, 0x8d, 0xbd, 0xc8,
    0xfe, 0xff, 0xff, 0x31, 0xf6, 0xe8, 0x4a, 0x12, 0x00, 0x00, 0x48, 0xc7,
    0x85, 0x98, 0xfe, 0xff, 0xff, 0x02, 0x00, 0x00, 0x00, 0xbf, 0x0b, 0x00,
    0x00, 0x00, 0xe8, 0xd5, 0x34, 0x00, 0x00, 0x48, 0x89, 0x85, 0xa0, 0xfe,
    0xff, 0xff, 0x48, 0x8d, 0x85, 0xc8, 0xfe, 0xff, 0xff, 0x0f, 0x57, 0xc0,
    0x0f, 0x11, 0x40, 0xe0, 0x0f, 0x11, 0x40, 0xf0, 0x48, 0xb8, 0x08, 0x00,
    0x00, 0x00, 0x0c, 0x00, 0x00, 0x00, 0xe9, 0x39, 0x03, 0x00, 0x00, 0x85,
    0xc0, 0x89, 0x75, 0xd0, 0x0f, 0x88, 0xb9, 0x00, 0x00, 0x00, 0x8b, 0x1d,
    0x8c, 0x59, 0x00, 0x00, 0xba, 0x08, 0x01, 0x00, 0x00, 0x48, 0x8d, 0xbd,
    0xc8, 0xfe, 0xff, 0xff, 0x31, 0xf6, 0xe8, 0xe9, 0x11, 0x00, 0x00, 0x48,
    0xc7, 0x85, 0x98, 0xfe, 0xff, 0xff, 0x02, 0x00, 0x00, 0x00, 0xbf, 0x0b,
    0x00, 0x00, 0x00, 0xe8, 0x74, 0x34, 0x00, 0x00, 0x48, 0x89, 0x85, 0xa0,
    0xfe, 0xff, 0xff, 0x0f, 0x57, 0xc0, 0x48, 0x8d, 0x85, 0xc8, 0xfe, 0xff,
    0xff, 0x0f, 0x11, 0x40, 0xe0, 0x0f, 0x11, 0x40, 0xf0, 0x48, 0xb8, 0x08,
    0x00, 0x00, 0x00, 0x02, 0x00, 0x00, 0x00, 0x48, 0x89, 0x85, 0xcc, 0xfe,
    0xff, 0xff, 0x88, 0x9d, 0xd4, 0xfe, 0xff, 0xff, 0x88, 0xbd, 0xd5, 0xfe,
    0xff, 0xff, 0x89, 0xd8, 0xc1, 0xe8, 0x10, 0x88, 0x85, 0xd6, 0xfe, 0xff,
    0xff, 0xc1, 0xeb, 0x18, 0x88, 0x9d, 0xd7, 0xfe, 0xff, 0xff, 0xbf, 0x03,
    0x00, 0x00, 0x00, 0xe8, 0x80, 0x35, 0x00, 0x00, 0x48, 0x85, 0xc0, 0x74,
    0x0b, 0x48, 0x89, 0xc7, 0x4c, 0x89, 0xf6, 0xe8, 0xe0, 0x34, 0x00, 0x00,
    0xc7, 0x05, 0x5a, 0x48, 0x00, 0x00, 0xff, 0xff, 0xff, 0xff, 0x48, 0xc7,
    0x05, 0xf3, 0x58, 0x00, 0x00, 0x00, 0x00, 0x00, 0x00, 0xc7, 0x05, 0x71,
    0x48, 0x00, 0x00, 0xff, 0xff, 0xff, 0xff, 0xbb, 0x0c, 0x00, 0x00, 0x00,
    0x8b, 0x75, 0xd0, 0x83, 0x3d, 0x4a, 0x58, 0x00, 0x00, 0x00, 0xb9, 0xd6,
    0x44, 0x40, 0x00, 0xb8, 0x20, 0x44, 0x40, 0x00, 0x48, 0x0f, 0x4f, 0xc8,
    0xb8, 0xfa, 0x00, 0x00, 0x00, 0x48, 0x89, 0xca, 0x66, 0x66, 0x66, 0x2e,
    0x0f, 0x1f, 0x84, 0x00, 0x00, 0x00, 0x00, 0x00, 0x83, 0xc0, 0x08, 0x80,
    0x3a, 0x00, 0x48, 0x8d, 0x52, 0x01, 0x75, 0xf4, 0x48, 0xba, 0x0d, 0x00,
    0x00, 0x00, 0x12, 0x00, 0x00, 0x00, 0x48, 0x89, 0x15, 0x23, 0x58, 0x00,
    0x00, 0x48, 0xc7, 0x05, 0x20, 0x58, 0x00, 0x00, 0x00, 0x00, 0x00, 0x00,
    0xc7, 0x05, 0x1e, 0x58, 0x00, 0x00, 0x22, 0x00, 0x00, 0x00, 0x8d, 0x90,
    0x06, 0xff, 0xff, 0xff, 0x89, 0x15, 0x16, 0x58, 0x00, 0x00, 0x48, 0x89,
    0x0d, 0x13, 0x58, 0x00, 0x00, 0x8d, 0x88, 0x30, 0xff, 0xff, 0xff, 0x89,
    0x0d, 0x0f, 0x58, 0x00, 0x00, 0x48, 0xc7, 0x05, 0x0c, 0x58, 0x00, 0x00,
    0x2c, 0x44, 0x40, 0x00, 0xc7, 0x05, 0xfe, 0x57, 0x00, 0x00, 0x28, 0x00,
    0x00, 0x00, 0x8d, 0x88, 0x60, 0xff, 0xff, 0xff, 0x89, 0x0d, 0xfe, 0x57,
    0x00, 0x00, 0x48, 0xc7, 0x05, 0xfb, 0x57, 0x00, 0x00, 0x9f, 0x44, 0x40,
    0x00, 0xc7, 0x05, 0xed, 0x57, 0x00, 0x00, 0x28, 0x00, 0x00, 0x00, 0x8d,
    0x48, 0x90, 0x89, 0x0d, 0xf0, 0x57, 0x00, 0x00, 0x48, 0xc7, 0x05, 0xed,
    0x57, 0x00, 0x00, 0xb1, 0x44, 0x40, 0x00, 0xc7, 0x05, 0xdf, 0x57, 0x00,
    0x00, 0x28, 0x00, 0x00, 0x00, 0x8d, 0x48, 0xc0, 0x89, 0x0d, 0xe2, 0x57,
    0x00, 0x00, 0x48, 0xc7, 0x05, 0xdf, 0x57, 0x00, 0x00, 0x64, 0x44, 0x40,
    0x00, 0xc7, 0x05, 0xd1, 0x57, 0x00, 0x00, 0x38, 0x00, 0x00, 0x00, 0x89,
    0x05, 0xd7, 0x57, 0x00, 0x00, 0x48, 0xc7, 0x05, 0xd4, 0x57, 0x00, 0x00,
    0x45, 0x44, 0x40, 0x00, 0xc7, 0x05, 0xc6, 0x57, 0x00, 0x00, 0x28, 0x00,
    0x00, 0x00, 0x89, 0xf1, 0xc1, 0xe1, 0x04, 0x8b, 0x81, 0x30, 0x60, 0x40,
    0x00, 0x89, 0x05, 0xd1, 0x57, 0x00, 0x00, 0x48, 0x63, 0x81, 0x08, 0x40,
    0x40, 0x00, 0x48, 0x85, 0xc0, 0x7e, 0x54, 0x48, 0x8d, 0x89, 0x00, 0x40,
    0x40, 0x00, 0x48, 0x8b, 0x11, 0x31, 0xf6, 0x31, 0xc9, 0xeb, 0x12, 0x0f,
    0x1f, 0x44, 0x00, 0x00, 0x39, 0xcf, 0x0f, 0x4f, 0xcf, 0x48, 0xff, 0xc6,
    0x48, 0x39, 0xc6, 0x74, 0x34, 0x48, 0x89, 0xf7, 0x48, 0xc1, 0xe7, 0x04,
    0x4c, 0x8b, 0x04, 0x3a, 0xbf, 0x00, 0x00, 0x00, 0x00, 0x4d, 0x85, 0xc0,
    0x74, 0xde, 0xbf, 0xf8, 0xff, 0xff, 0xff, 0x66, 0x0f, 0x1f, 0x84, 0x00,
    0x00, 0x00, 0x00, 0x00, 0x83, 0xc7, 0x08, 0x41, 0x80, 0x38, 0x00, 0x4d,
    0x8d, 0x40, 0x01, 0x75, 0xf3, 0xeb, 0xc1, 0x31, 0xc9, 0x81, 0xf9, 0x81,
    0x00, 0x00, 0x00, 0xba, 0x80, 0x00, 0x00, 0x00, 0x0f, 0x4c, 0xca, 0x83,
    0xc1, 0x24, 0x89, 0x0d, 0x5c, 0x57, 0x00, 0x00, 0x8d, 0x0c, 0x80, 0x8d,
    0x0c, 0x88, 0x01, 0xc8, 0x83, 0xc0, 0x10, 0x89, 0x05, 0x4f, 0x57, 0x00,
    0x00, 0xe8, 0x02, 0x33, 0x00, 0x00, 0x48, 0x89, 0x05, 0xab, 0x56, 0x00,
    0x00, 0x48, 0x85, 0xc0, 0x0f, 0x84, 0x97, 0xfb, 0xff, 0xff, 0x8b, 0x3d,
    0x2c, 0x57, 0x00, 0x00, 0x8b, 0x15, 0x2a, 0x57, 0x00, 0x00, 0x8b, 0x0d,
    0x28, 0x57, 0x00, 0x00, 0x48, 0xc7, 0x04, 0x24, 0xa8, 0x60, 0x40, 0x00,
    0x41, 0xb9, 0xa0, 0x60, 0x40, 0x00, 0xbe, 0x1c, 0x00, 0x00, 0x00, 0x49,
    0x89, 0xc0, 0xe8, 0xf5, 0x02, 0x00, 0x00, 0x85, 0xc0, 0x78, 0x1d, 0x8b,
    0x45, 0xd0, 0x89, 0x05, 0x4c, 0x46, 0x00, 0x00, 0xc7, 0x05, 0x6e, 0x46,
    0x00, 0x00, 0xff, 0xff, 0xff, 0xff, 0xe8, 0xa9, 0x0b, 0x00, 0x00, 0xe9,
    0x49, 0xfb, 0xff, 0xff, 0xc7, 0x05, 0x2e, 0x46, 0x00, 0x00, 0xff, 0xff,
    0xff, 0xff, 0xe9, 0x3a, 0xfb, 0xff, 0xff, 0x85, 0xdb, 0x0f, 0x9f, 0xc1,
    0x83, 0xf8, 0x02, 0x0f, 0x94, 0xc2, 0x20, 0xca, 0x80, 0xfa, 0x01, 0x0f,
    0x85, 0x95, 0x00, 0x00, 0x00, 0xba, 0x08, 0x01, 0x00, 0x00, 0x48, 0x8d,
    0xbd, 0xc8, 0xfe, 0xff, 0xff, 0x31, 0xf6, 0xe8, 0x0c, 0x0f, 0x00, 0x00,
    0x48, 0xc7, 0x85, 0x98, 0xfe, 0xff, 0xff, 0x02, 0x00, 0x00, 0x00, 0xbf,
    0x0b, 0x00, 0x00, 0x00, 0xe8, 0x97, 0x31, 0x00, 0x00, 0x48, 0x89, 0x85,
    0xa0, 0xfe, 0xff, 0xff, 0x48, 0x8d, 0x85, 0xc8, 0xfe, 0xff, 0xff, 0x0f,
    0x57, 0xc0, 0x0f, 0x11, 0x40, 0xe0, 0x0f, 0x11, 0x40, 0xf0, 0x48, 0xb8,
    0x08, 0x00, 0x00, 0x00, 0x0d, 0x00, 0x00, 0x00, 0x48, 0x89, 0x85, 0xcc,
    0xfe, 0xff, 0xff, 0x88, 0x9d, 0xd4, 0xfe, 0xff, 0xff, 0x88, 0xbd, 0xd5,
    0xfe, 0xff, 0xff, 0x89, 0xd8, 0xc1, 0xe8, 0x10, 0x88, 0x85, 0xd6, 0xfe,
    0xff, 0xff, 0xc1, 0xeb, 0x18, 0x88, 0x9d, 0xd7, 0xfe, 0xff, 0xff, 0xbf,
    0x03, 0x00, 0x00, 0x00, 0xe8, 0xa3, 0x32, 0x00, 0x00, 0x48, 0x85, 0xc0,
    0x0f, 0x84, 0xc2, 0x00, 0x00, 0x00, 0x48, 0x89, 0xc7, 0x4c, 0x89, 0xf6,
    0xe8, 0xff, 0x31, 0x00, 0x00, 0xe9, 0xb2, 0x00, 0x00, 0x00, 0x85, 0xdb,
    0x0f, 0x9f, 0xc1, 0x83, 0xf8, 0x03, 0x0f, 0x94, 0xc0, 0x20, 0xc8, 0x3c,
    0x01, 0x0f, 0x85, 0x9d, 0x00, 0x00, 0x00, 0xba, 0x08, 0x01, 0x00, 0x00,
    0x48, 0x8d, 0xbd, 0xc8, 0xfe, 0xff, 0xff, 0x31, 0xf6, 0xe8, 0x62, 0x0e,
    0x00, 0x00, 0x48, 0xc7, 0x85, 0x98, 0xfe, 0xff, 0xff, 0x02, 0x00, 0x00,
    0x00, 0xbf, 0x0b, 0x00, 0x00, 0x00, 0xe8, 0xed, 0x30, 0x00, 0x00, 0x48,
    0x89, 0x85, 0xa0, 0xfe, 0xff, 0xff, 0x48, 0x8d, 0x85, 0xc8, 0xfe, 0xff,
    0xff, 0x0f, 0x57, 0xc0, 0x0f, 0x11, 0x40, 0xe0, 0x0f, 0x11, 0x40, 0xf0,
    0x48, 0xb8, 0x08, 0x00, 0x00, 0x00, 0x0e, 0x00, 0x00, 0x00, 0x48, 0x89,
    0x85, 0xcc, 0xfe, 0xff, 0xff, 0x88, 0x9d, 0xd4, 0xfe, 0xff, 0xff, 0x88,
    0xbd, 0xd5, 0xfe, 0xff, 0xff, 0x89, 0xd8, 0xc1, 0xe8, 0x10, 0x88, 0x85,
    0xd6, 0xfe, 0xff, 0xff, 0xc1, 0xeb, 0x18, 0x88, 0x9d, 0xd7, 0xfe, 0xff,
    0xff, 0xbf, 0x03, 0x00, 0x00, 0x00, 0xe8, 0xf9, 0x31, 0x00, 0x00, 0x48,
    0x85, 0xc0, 0x74, 0x0b, 0x48, 0x89, 0xc7, 0x4c, 0x89, 0xf6, 0xe8, 0x59,
    0x31, 0x00, 0x00, 0x48, 0x63, 0x35, 0xea, 0x54, 0x00, 0x00, 0xbf, 0x22,
    0x00, 0x00, 0x00, 0xe8, 0x88, 0x30, 0x00, 0x00, 0x83, 0x3d, 0xc5, 0x44,
    0x00, 0x00, 0x00, 0xbb, 0x0c, 0x00, 0x00, 0x00, 0x0f, 0x88, 0xb6, 0x00,
    0x00, 0x00, 0x8b, 0x1d, 0x50, 0x55, 0x00, 0x00, 0xba, 0x08, 0x01, 0x00,
    0x00, 0x48, 0x8d, 0xbd, 0xc8, 0xfe, 0xff, 0xff, 0x31, 0xf6, 0xe8, 0xad,
    0x0d, 0x00, 0x00, 0x48, 0xc7, 0x85, 0x98, 0xfe, 0xff, 0xff, 0x02, 0x00,
    0x00, 0x00, 0xbf, 0x0b, 0x00, 0x00, 0x00, 0xe8, 0x38, 0x30, 0x00, 0x00,
    0x48, 0x89, 0x85, 0xa0, 0xfe, 0xff, 0xff, 0x48, 0x8d, 0x85, 0xc8, 0xfe,
    0xff, 0xff, 0x0f, 0x57, 0xc0, 0x0f, 0x11, 0x40, 0xe0, 0x0f, 0x11, 0x40,
    0xf0, 0x48, 0xb8, 0x08, 0x00, 0x00, 0x00, 0x02, 0x00, 0x00, 0x00, 0x48,
    0x89, 0x85, 0xcc, 0xfe, 0xff, 0xff, 0x88, 0x9d, 0xd4, 0xfe, 0xff, 0xff,
    0x88, 0xbd, 0xd5, 0xfe, 0xff, 0xff, 0x89, 0xd8, 0xc1, 0xe8, 0x10, 0x88,
    0x85, 0xd6, 0xfe, 0xff, 0xff, 0xc1, 0xeb, 0x18, 0x88, 0x9d, 0xd7, 0xfe,
    0xff, 0xff, 0xbf, 0x03, 0x00, 0x00, 0x00, 0xe8, 0x44, 0x31, 0x00, 0x00,
    0x48, 0x85, 0xc0, 0x74, 0x0b, 0x48, 0x89, 0xc7, 0x4c, 0x89, 0xf6, 0xe8,
    0xa4, 0x30, 0x00, 0x00, 0xbb, 0x0c, 0x00, 0x00, 0x00, 0xc7, 0x05, 0x19,
    0x44, 0x00, 0x00, 0xff, 0xff, 0xff, 0xff, 0x48, 0xc7, 0x05, 0xb2, 0x54,
    0x00, 0x00, 0x00, 0x00, 0x00, 0x00, 0xc7, 0x05, 0x30, 0x44, 0x00, 0x00,
    0xff, 0xff, 0xff, 0xff, 0xc6, 0x05, 0x15, 0x54, 0x00, 0x00, 0x00, 0x66,
    0x0f, 0x1f, 0x84, 0x00, 0x00, 0x00, 0x00, 0x00, 0x4c, 0x89, 0xf7, 0x4c,
    0x89, 0xfe, 0x4c, 0x89, 0xe2, 0xe8, 0x62, 0x33, 0x00, 0x00, 0x85, 0xc0,
    0x75, 0x0c, 0x0f, 0xb6, 0x45, 0xd7, 0x3a, 0x05, 0x04, 0x46, 0x00, 0x00,
    0x75, 0x12, 0x80, 0x3d, 0xe7, 0x53, 0x00, 0x00, 0x00, 0x0f, 0x84, 0x7c,
    0xf5, 0xff, 0xff, 0xe9, 0xa6, 0xf5, 0xff, 0xff, 0x88, 0x05, 0xea, 0x45,
    0x00, 0x00, 0x0f, 0xb6, 0x8d, 0x98, 0xfe, 0xff, 0xff, 0x69, 0xd1, 0xab,
    0x00, 0x00, 0x00, 0xc1, 0xea, 0x09, 0x83, 0xe2, 0xfc, 0x8d, 0x14, 0x52,
    0x89, 0xce, 0x40, 0x28, 0xd6, 0x40, 0x0f, 0xb6, 0xfe, 0x0f, 0x44, 0xfb,
    0x31, 0xf6, 0x40, 0x80, 0xff, 0x0a, 0x0f, 0x82, 0x6b, 0xf4, 0xff, 0xff,
    0xc6, 0x05, 0x91, 0x43, 0x00, 0x00, 0x31, 0xbe, 0x01, 0x00, 0x00, 0x00,
    0xe9, 0x5a, 0xf4, 0xff, 0xff, 0x48, 0x81, 0xc4, 0x98, 0x02, 0x00, 0x00,
    0x5b, 0x41, 0x5c, 0x41, 0x5d, 0x41, 0x5e, 0x41, 0x5f, 0x5d, 0xc3, 0x66,
    0x0f, 0x1f, 0x84, 0x00, 0x00, 0x00, 0x00, 0x00, 0x55, 0x48, 0x89, 0xe5,
    0x41, 0x57, 0x41, 0x56, 0x41, 0x55, 0x41, 0x54, 0x53, 0x48, 0x81, 0xec,
    0x88, 0x02, 0x00, 0x00, 0x4c, 0x89, 0x4d, 0xc8, 0x4d, 0x89, 0xc6, 0x89,
    0xcb, 0x41, 0x89, 0xd5, 0x41, 0x89, 0xf4, 0x89, 0x7d, 0xd4, 0xbf, 0x0b,
    0x00, 0x00, 0x00, 0xe8, 0xe0, 0x2e, 0x00, 0x00, 0x49, 0x89, 0xc7, 0x48,
    0x8d, 0xbd, 0x90, 0xfe, 0xff, 0xff, 0xba, 0x38, 0x01, 0x00, 0x00, 0x31,
    0xf6, 0xe8, 0x2a, 0x0c, 0x00, 0x00, 0xbf, 0x0b, 0x00, 0x00, 0x00, 0xe8,
    0xc0, 0x2e, 0x00, 0x00, 0x48, 0x89, 0x85, 0x98, 0xfe, 0xff, 0xff, 0x0f,
    0x57, 0xc0, 0x0f, 0x11, 0x85, 0xa0, 0xfe, 0xff, 0xff, 0x0f, 0x11, 0x85,
    0xb0, 0xfe, 0xff, 0xff, 0xc7, 0x85, 0xc4, 0xfe, 0xff, 0xff, 0x28, 0x00,
    0x00, 0x00, 0xb8, 0x01, 0x00, 0x00, 0x00, 0x66, 0x0f, 0x6e, 0xc0, 0x66,
    0x41, 0x0f, 0x6e, 0xcf, 0x66, 0x0f, 0x6f, 0xd0, 0x66, 0x0f, 0x62, 0xd1,
    0x66, 0x0f, 0x6e, 0xcb, 0x66, 0x0f, 0x6c, 0xca, 0x66, 0x41, 0x0f, 0x6e,
    0xd5, 0x66, 0x41, 0x0f, 0x6e, 0xdc, 0x66, 0x0f, 0x62, 0xda, 0x66, 0x0f,
    0x6e, 0x55, 0xd4, 0x66, 0x0f, 0x62, 0xc2, 0x66, 0x0f, 0x6c, 0xc3, 0xf3,
    0x0f, 0x7f, 0x85, 0xc8, 0xfe, 0xff, 0xff, 0xf3, 0x0f, 0x7f, 0x8d, 0xd8,
    0xfe, 0xff, 0xff, 0x4c, 0x89, 0xb5, 0xe8, 0xfe, 0xff, 0xff, 0xbb, 0xff,
    0xff, 0xff, 0xff, 0x66, 0x0f, 0x1f, 0x84, 0x00, 0x00, 0x00, 0x00, 0x00,
    0xbf, 0x03, 0x00, 0x00, 0x00, 0xe8, 0x96, 0x2f, 0x00, 0x00, 0x48, 0x85,
    0xc0, 0x75, 0x16, 0xbf, 0x01, 0x00, 0x00, 0x00, 0xe8, 0x27, 0x2e, 0x00,
    0x00, 0xff, 0xc3, 0x81, 0xfb, 0xc7, 0x00, 0x00, 0x00, 0x72, 0xdd, 0xeb,
    0x4b, 0x48, 0x8d, 0xb5, 0x90, 0xfe, 0xff, 0xff, 0x48, 0x89, 0xc7, 0xe8,
    0xdc, 0x2e, 0x00, 0x00, 0x85, 0xc0, 0x74, 0x38, 0x41, 0xbf, 0x2c, 0x01,
    0x00, 0x00, 0x48, 0x8d, 0x9d, 0x58, 0xfd, 0xff, 0xff, 0x66, 0x66, 0x2e,
    0x0f, 0x1f, 0x84, 0x00, 0x00, 0x00, 0x00, 0x00, 0x4c, 0x89, 0xf7, 0x48,
    0x89, 0xde, 0x31, 0xd2, 0xe8, 0xd3, 0x2e, 0x00, 0x00, 0x85, 0xc0, 0x75,
    0x26, 0xbf, 0x01, 0x00, 0x00, 0x00, 0xe8, 0xd5, 0x2d, 0x00, 0x00, 0x41,
    0xff, 0xcf, 0x75, 0xe0, 0xb8, 0xff, 0xff, 0xff, 0xff, 0x48, 0x81, 0xc4,
    0x88, 0x02, 0x00, 0x00, 0x5b, 0x41, 0x5c, 0x41, 0x5d, 0x41, 0x5e, 0x41,
    0x5f, 0x5d, 0xc3, 0x48, 0x8b, 0x85, 0x98, 0xfd, 0xff, 0xff, 0x48, 0x8b,
    0x4d, 0x10, 0x48, 0x89, 0x01, 0x8b, 0x85, 0xa0, 0xfd, 0xff, 0xff, 0x48,
    0x8b, 0x4d, 0xc8, 0x89, 0x01, 0x31, 0xc0, 0xeb, 0xd0, 0x66, 0x66, 0x2e,
    0x0f, 0x1f, 0x84, 0x00, 0x00, 0x00, 0x00, 0x00, 0x55, 0x48, 0x89, 0xe5,
    0x41, 0x57, 0x41, 0x56, 0x41, 0x55, 0x41, 0x54, 0x53, 0x48, 0x81, 0xec,
    0x68, 0x42, 0x00, 0x00, 0x89, 0xf3, 0x48, 0x89, 0x7d, 0xc0, 0x89, 0x75,
    0xc8, 0xc7, 0x45, 0xcc, 0x1c, 0x00, 0x00, 0x00, 0x89, 0x75, 0xd0, 0xc7,
    0x45, 0xd4, 0x00, 0x00, 0x00, 0x00, 0x85, 0xf6, 0x7e, 0x5d, 0x8d, 0x04,
    0xdb, 0x8d, 0x0c, 0x40, 0x01, 0xd9, 0x83, 0xf9, 0x02, 0xb8, 0x01, 0x00,
    0x00, 0x00, 0x0f, 0x4d, 0xc1, 0x83, 0xf9, 0x08, 0x7d, 0x04, 0x31, 0xc9,
    0xeb, 0x32, 0x89, 0xc1, 0x81, 0xe1, 0xf8, 0xff, 0xff, 0x7f, 0x31, 0xd2,
    0x0f, 0x57, 0xc0, 0x0f, 0x1f, 0x44, 0x00, 0x00, 0x0f, 0x11, 0x04, 0x97,
    0x0f, 0x11, 0x44, 0x97, 0x10, 0x48, 0x83, 0xc2, 0x08, 0x48, 0x39, 0xd1,
    0x75, 0xee, 0x39, 0xc1, 0x74, 0x19, 0x66, 0x2e, 0x0f, 0x1f, 0x84, 0x00,
    0x00, 0x00, 0x00, 0x00, 0xc7, 0x04, 0x8f, 0x00, 0x00, 0x00, 0x00, 0x48,
    0xff, 0xc1, 0x48, 0x39, 0xc8, 0x75, 0xf1, 0x83, 0x3d, 0x62, 0x51, 0x00,
    0x00, 0x00, 0xb8, 0x20, 0x44, 0x40, 0x00, 0xba, 0xd6, 0x44, 0x40, 0x00,
    0x48, 0x0f, 0x4f, 0xd0, 0xb8, 0xfa, 0x00, 0x00, 0x00, 0x48, 0x89, 0xd1,
    0x0f, 0x1f, 0x40, 0x00, 0x83, 0xc0, 0x08, 0x80, 0x39, 0x00, 0x48, 0x8d,
    0x49, 0x01, 0x75, 0xf4, 0x48, 0xb9, 0x0d, 0x00, 0x00, 0x00, 0x12, 0x00,
    0x00, 0x00, 0x48, 0x89, 0x0d, 0x43, 0x51, 0x00, 0x00, 0x48, 0xc7, 0x05,
    0x40, 0x51, 0x00, 0x00, 0x00, 0x00, 0x00, 0x00, 0xc7, 0x05, 0x3e, 0x51,
    0x00, 0x00, 0x22, 0x00, 0x00, 0x00, 0x8d, 0x88, 0x06, 0xff, 0xff, 0xff,
    0x89, 0x0d, 0x36, 0x51, 0x00, 0x00, 0x48, 0x89, 0x55, 0xb0, 0x48, 0x89,
    0x15, 0x2f, 0x51, 0x00, 0x00, 0x8d, 0x88, 0x30, 0xff, 0xff, 0xff, 0x89,
    0x0d, 0x2b, 0x51, 0x00, 0x00, 0x48, 0xc7, 0x05, 0x28, 0x51, 0x00, 0x00,
    0x2c, 0x44, 0x40, 0x00, 0xc7, 0x05, 0x1a, 0x51, 0x00, 0x00, 0x28, 0x00,
    0x00, 0x00, 0x8d, 0x88, 0x60, 0xff, 0xff, 0xff, 0x89, 0x0d, 0x1a, 0x51,
    0x00, 0x00, 0x48, 0xc7, 0x05, 0x17, 0x51, 0x00, 0x00, 0x9f, 0x44, 0x40,
    0x00, 0xc7, 0x05, 0x09, 0x51, 0x00, 0x00, 0x28, 0x00, 0x00, 0x00, 0x8d,
    0x48, 0x90, 0x89, 0x0d, 0x0c, 0x51, 0x00, 0x00, 0x48, 0xc7, 0x05, 0x09,
    0x51, 0x00, 0x00, 0xb1, 0x44, 0x40, 0x00, 0xc7, 0x05, 0xfb, 0x50, 0x00,
    0x00, 0x28, 0x00, 0x00, 0x00, 0x8d, 0x48, 0xc0, 0x89, 0x0d, 0xfe, 0x50,
    0x00, 0x00, 0x48, 0xc7, 0x05, 0xfb, 0x50, 0x00, 0x00, 0x64, 0x44, 0x40,
    0x00, 0xc7, 0x05, 0xed, 0x50, 0x00, 0x00, 0x38, 0x00, 0x00, 0x00, 0x89,
    0x05, 0xf3, 0x50, 0x00, 0x00, 0x48, 0xc7, 0x05, 0xf0, 0x50, 0x00, 0x00,
    0x45, 0x44, 0x40, 0x00, 0xc7, 0x05, 0xe2, 0x50, 0x00, 0x00, 0x28, 0x00,
    0x00, 0x00, 0x8b, 0x05, 0x50, 0x40, 0x00, 0x00, 0x41, 0xbe, 0x34, 0x60,
    0x40, 0x00, 0x45, 0x31, 0xed, 0x8b, 0x0d, 0x3d, 0x40, 0x00, 0x00, 0x4c,
    0x8d, 0x7d, 0x90, 0x4c, 0x8d, 0xa5, 0x78, 0xbd, 0xff, 0xff, 0xeb, 0x1d,
    0x66, 0x66, 0x66, 0x2e, 0x0f, 0x1f, 0x84, 0x00, 0x00, 0x00, 0x00, 0x00,
    0x49, 0xff, 0xc5, 0x49, 0x83, 0xc6, 0x10, 0x49, 0x83, 0xfd, 0x07, 0x0f,
    0x84, 0x94, 0x00, 0x00, 0x00, 0x89, 0xc2, 0x49, 0x39, 0xd5, 0x0f, 0x94,
    0xc2, 0x89, 0xce, 0x49, 0x39, 0xf5, 0x40, 0x0f, 0x94, 0xc6, 0x40, 0x08,
    0xd6, 0x40, 0x80, 0xfe, 0x01, 0x75, 0xd5, 0x0f, 0x57, 0xc0, 0xf3, 0x41,
    0x0f, 0x2a, 0x46, 0xfc, 0xf3, 0x0f, 0x11, 0x45, 0xbc, 0x0f, 0x57, 0xc0,
    0xf3, 0x41, 0x0f, 0x2a, 0x06, 0xf3, 0x0f, 0x11, 0x45, 0xb8, 0x4c, 0x89,
    0xff, 0xbe, 0xff, 0xff, 0xff, 0x20, 0xe8, 0xfd, 0x14, 0x00, 0x00, 0x4c,
    0x89, 0xe7, 0xe8, 0x85, 0x09, 0x00, 0x00, 0x4c, 0x89, 0xe7, 0xf3, 0x0f,
    0x10, 0x45, 0xbc, 0xf3, 0x0f, 0x10, 0x0d, 0xa9, 0x33, 0x00, 0x00, 0xf3,
    0x0f, 0x10, 0x55, 0xb8, 0xf3, 0x0f, 0x10, 0x1d, 0x90, 0x33, 0x00, 0x00,
    0xf3, 0x0f, 0x10, 0x25, 0xa0, 0x33, 0x00, 0x00, 0xe8, 0xab, 0x0f, 0x00,
    0x00, 0x48, 0x8d, 0x7d, 0xc0, 0x4c, 0x89, 0xe6, 0x4c, 0x89, 0xfa, 0xe8,
    0xfc, 0x14, 0x00, 0x00, 0x8b, 0x05, 0x8e, 0x3f, 0x00, 0x00, 0x8b, 0x0d,
    0x84, 0x3f, 0x00, 0x00, 0xe9, 0x5b, 0xff, 0xff, 0xff, 0x85, 0xc0, 0x0f,
    0x94, 0xc0, 0x85, 0xc9, 0x0f, 0x94, 0xc1, 0x08, 0xc1, 0x0f, 0xb6, 0xf1,
    0xf7, 0xde, 0x81, 0xce, 0xff, 0xff, 0xff, 0xeb, 0x4c, 0x8d, 0x7d, 0x90,
    0x4c, 0x89, 0xff, 0xe8, 0x88, 0x14, 0x00, 0x00, 0x4c, 0x8d, 0xa5, 0x78,
    0xbd, 0xff, 0xff, 0x4c, 0x89, 0xe7, 0xe8, 0x09, 0x09, 0x00, 0x00, 0xf3,
    0x0f, 0x10, 0x05, 0x55, 0x33, 0x00, 0x00, 0xf3, 0x0f, 0x10, 0x0d, 0x3d,
    0x33, 0x00, 0x00, 0x4c, 0x89, 0xe7, 0xe8, 0x11, 0x09, 0x00, 0x00, 0xf3,
    0x0f, 0x10, 0x05, 0x15, 0x33, 0x00, 0x00, 0x4c, 0x89, 0xe7, 0xf3, 0x0f,
    0x10, 0x0d, 0x22, 0x33, 0x00, 0x00, 0xe8, 0xa9, 0x09, 0x00, 0x00, 0xf3,
    0x0f, 0x10, 0x05, 0xed, 0x32, 0x00, 0x00, 0x4c, 0x89, 0xe7, 0xf3, 0x0f,
    0x10, 0x0d, 0xf2, 0x32, 0x00, 0x00, 0xe8, 0x91, 0x09, 0x00, 0x00, 0xf3,
    0x0f, 0x10, 0x0d, 0x11, 0x33, 0x00, 0x00, 0x4c, 0x89, 0xe7, 0xf3, 0x0f,
    0x10, 0x05, 0xca, 0x32, 0x00, 0x00, 0xe8, 0x79, 0x09, 0x00, 0x00, 0xf3,
    0x0f, 0x10, 0x05, 0xd9, 0x32, 0x00, 0x00, 0x4c, 0x89, 0xe7, 0xf3, 0x0f,
    0x10, 0x0d, 0xee, 0x32, 0x00, 0x00, 0xe8, 0x61, 0x09, 0x00, 0x00, 0xf3,
    0x0f, 0x10, 0x0d, 0xd9, 0x32, 0x00, 0x00, 0x4c, 0x89, 0xe7, 0xf3, 0x0f,
    0x10, 0x05, 0xd2, 0x32, 0x00, 0x00, 0xe8, 0x49, 0x09, 0x00, 0x00, 0x4c,
    0x89, 0xe7, 0xe8, 0x81, 0x0b, 0x00, 0x00, 0x4c, 0x8d, 0x6d, 0xc0, 0x4c,
    0x89, 0xef, 0x4c, 0x89, 0xe6, 0x4c, 0x89, 0xfa, 0xe8, 0x0f, 0x14, 0x00,
    0x00, 0x4c, 0x89, 0xe7, 0xe8, 0x57, 0x08, 0x00, 0x00, 0x4c, 0x89, 0xe7,
    0xf3, 0x0f, 0x10, 0x05, 0x84, 0x32, 0x00, 0x00, 0xf3, 0x0f, 0x10, 0x0d,
    0x88, 0x32, 0x00, 0x00, 0xe8, 0x5f, 0x08, 0x00, 0x00, 0x4c, 0x89, 0xe7,
    0xf3, 0x0f, 0x10, 0x05, 0x50, 0x32, 0x00, 0x00, 0xf3, 0x0f, 0x10, 0x0d,
    0x70, 0x32, 0x00, 0x00, 0xe8, 0xf7, 0x08, 0x00, 0x00, 0x4c, 0x89, 0xe7,
    0xf3, 0x0f, 0x10, 0x05, 0x38, 0x32, 0x00, 0x00, 0xf3, 0x0f, 0x10, 0x0d,
    0x64, 0x32, 0x00, 0x00, 0xe8, 0xdf, 0x08, 0x00, 0x00, 0x4c, 0x89, 0xe7,
    0xf3, 0x0f, 0x10, 0x05, 0x30, 0x32, 0x00, 0x00, 0xf3, 0x0f, 0x10, 0x0d,
    0x54, 0x32, 0x00, 0x00, 0xe8, 0xc7, 0x08, 0x00, 0x00, 0x4c, 0x89, 0xe7,
    0xf3, 0x0f, 0x10, 0x05, 0x40, 0x32, 0x00, 0x00, 0xf3, 0x0f, 0x10, 0x0d,
    0x3c, 0x32, 0x00, 0x00, 0xe8, 0xaf, 0x08, 0x00, 0x00, 0x4c, 0x89, 0xe7,
    0xf3, 0x0f, 0x10, 0x05, 0x28, 0x32, 0x00, 0x00, 0xf3, 0x0f, 0x10, 0x0d,
    0xf8, 0x31, 0x00, 0x00, 0xe8, 0x97, 0x08, 0x00, 0x00, 0x4c, 0x89, 0xe7,
    0xe8, 0xcf, 0x0a, 0x00, 0x00, 0x4c, 0x89, 0xef, 0x4c, 0x89, 0xe6, 0x4c,
    0x89, 0xfa, 0xe8, 0x61, 0x13, 0x00, 0x00, 0x8b, 0x35, 0x2b, 0x4e, 0x00,
    0x00, 0x83, 0xc6, 0x04, 0x83, 0x3d, 0xe9, 0x3d, 0x00, 0x00, 0x01, 0x0f,
    0x94, 0xc0, 0x83, 0x3d, 0xdb, 0x3d, 0x00, 0x00, 0x01, 0x0f, 0x94, 0xc1,
    0x08, 0xc1, 0x44, 0x0f, 0xb6, 0xc1, 0x41, 0xf7, 0xd8, 0x41, 0x81, 0xc8,
    0xff, 0xff, 0xff, 0xeb, 0x4c, 0x89, 0xef, 0xba, 0x0a, 0x00, 0x00, 0x00,
    0x48, 0x8b, 0x4d, 0xb0, 0x41, 0xb9, 0x01, 0x00, 0x00, 0x00, 0xe8, 0xdd,
    0x25, 0x00, 0x00, 0x48, 0x8b, 0x0d, 0xfe, 0x4d, 0x00, 0x00, 0x48, 0x85,
    0xc9, 0x74, 0x41, 0x83, 0x3d, 0xa2, 0x3d, 0x00, 0x00, 0x02, 0x0f, 0x94,
    0xc0, 0x83, 0x3d, 0x94, 0x3d, 0x00, 0x00, 0x02, 0x0f, 0x94, 0xc2, 0x08,
    0xc2, 0x8b, 0x35, 0xd5, 0x4d, 0x00, 0x00, 0x83, 0xc6, 0x04, 0x44, 0x0f,
    0xb6, 0xc2, 0x41, 0xf7, 0xd8, 0x41, 0x81, 0xc8, 0xff, 0xff, 0xff, 0xe6,
    0x48, 0x8d, 0x7d, 0xc0, 0xba, 0x0a, 0x00, 0x00, 0x00, 0x41, 0xb9, 0x01,
    0x00, 0x00, 0x00, 0xe8, 0x90, 0x25, 0x00, 0x00, 0x48, 0x8b, 0x0d, 0xc1,
    0x4d, 0x00, 0x00, 0x48, 0x85, 0xc9, 0x74, 0x41, 0x83, 0x3d, 0x55, 0x3d,
    0x00, 0x00, 0x03, 0x0f, 0x94, 0xc0, 0x83, 0x3d, 0x47, 0x3d, 0x00, 0x00,
    0x03, 0x0f, 0x94, 0xc2, 0x08, 0xc2, 0x8b, 0x35, 0x98, 0x4d, 0x00, 0x00,
    0x83, 0xc6, 0x04, 0x44, 0x0f, 0xb6, 0xc2, 0x41, 0xf7, 0xd8, 0x41, 0x81,
    0xc8, 0xff, 0xff, 0xff, 0xe6, 0x48, 0x8d, 0x7d, 0xc0, 0xba, 0x0a, 0x00,
    0x00, 0x00, 0x41, 0xb9, 0x01, 0x00, 0x00, 0x00, 0xe8, 0x43, 0x25, 0x00,
    0x00, 0x48, 0x8b, 0x0d, 0x84, 0x4d, 0x00, 0x00, 0x48, 0x85, 0xc9, 0x74,
    0x41, 0x83, 0x3d, 0x08, 0x3d, 0x00, 0x00, 0x04, 0x0f, 0x94, 0xc0, 0x83,
    0x3d, 0xfa, 0x3c, 0x00, 0x00, 0x04, 0x0f, 0x94, 0xc2, 0x08, 0xc2, 0x8b,
    0x35, 0x5b, 0x4d, 0x00, 0x00, 0x83, 0xc6, 0x04, 0x44, 0x0f, 0xb6, 0xc2,
    0x41, 0xf7, 0xd8, 0x41, 0x81, 0xc8, 0xff, 0xff, 0xff, 0xe6, 0x48, 0x8d,
    0x7d, 0xc0, 0xba, 0x0a, 0x00, 0x00, 0x00, 0x41, 0xb9, 0x01, 0x00, 0x00,
    0x00, 0xe8, 0xf6, 0x24, 0x00, 0x00, 0x48, 0x8b, 0x0d, 0x47, 0x4d, 0x00,
    0x00, 0x48, 0x85, 0xc9, 0x74, 0x41, 0x83, 0x3d, 0xbb, 0x3c, 0x00, 0x00,
    0x05, 0x0f, 0x94, 0xc0, 0x83, 0x3d, 0xad, 0x3c, 0x00, 0x00, 0x05, 0x0f,
    0x94, 0xc2, 0x08, 0xc2, 0x8b, 0x35, 0x1e, 0x4d, 0x00, 0x00, 0x83, 0xc6,
    0x04, 0x44, 0x0f, 0xb6, 0xc2, 0x41, 0xf7, 0xd8, 0x41, 0x81, 0xc8, 0xff,
    0xff, 0xff, 0xe6, 0x48, 0x8d, 0x7d, 0xc0, 0xba, 0x0a, 0x00, 0x00, 0x00,
    0x41, 0xb9, 0x01, 0x00, 0x00, 0x00, 0xe8, 0xa9, 0x24, 0x00, 0x00, 0x48,
    0x8b, 0x0d, 0x0a, 0x4d, 0x00, 0x00, 0x48, 0x85, 0xc9, 0x74, 0x41, 0x83,
    0x3d, 0x6e, 0x3c, 0x00, 0x00, 0x06, 0x0f, 0x94, 0xc0, 0x83, 0x3d, 0x60,
    0x3c, 0x00, 0x00, 0x06, 0x0f, 0x94, 0xc2, 0x08, 0xc2, 0x8b, 0x35, 0xe1,
    0x4c, 0x00, 0x00, 0x83, 0xc6, 0x04, 0x44, 0x0f, 0xb6, 0xc2, 0x41, 0xf7,
    0xd8, 0x41, 0x81, 0xc8, 0xff, 0xff, 0xff, 0xe6, 0x48, 0x8d, 0x7d, 0xc0,
    0xba, 0x0a, 0x00, 0x00, 0x00, 0x41, 0xb9, 0x01, 0x00, 0x00, 0x00, 0xe8,
    0x5c, 0x24, 0x00, 0x00, 0x83, 0xc3, 0xf8, 0xb8, 0x0c, 0x50, 0x40, 0x00,
    0x0f, 0x1f, 0x40, 0x00, 0x83, 0xc3, 0xf8, 0x80, 0x38, 0x00, 0x48, 0x8d,
    0x40, 0x01, 0x75, 0xf4, 0x8d, 0x73, 0x04, 0x48, 0x8d, 0x7d, 0xc0, 0xb9,
    0x0c, 0x50, 0x40, 0x00, 0xba, 0x0a, 0x00, 0x00, 0x00, 0x41, 0xb8, 0xff,
    0xff, 0xff, 0xeb, 0x41, 0xb9, 0x01, 0x00, 0x00, 0x00, 0xe8, 0x22, 0x24,
    0x00, 0x00, 0xb8, 0x20, 0x50, 0x40, 0x00, 0x66, 0x66, 0x66, 0x66, 0x2e,
    0x0f, 0x1f, 0x84, 0x00, 0x00, 0x00, 0x00, 0x00, 0x83, 0xc3, 0xf8, 0x80,
    0x38, 0x00, 0x48, 0x8d, 0x40, 0x01, 0x75, 0xf4, 0x48, 0x8d, 0x7d, 0xc0,
    0xb9, 0x20, 0x50, 0x40, 0x00, 0x89, 0xde, 0xba, 0x0a, 0x00, 0x00, 0x00,
    0x41, 0xb8, 0xff, 0xff, 0xff, 0xaa, 0x41, 0xb9, 0x01, 0x00, 0x00, 0x00,
    0xe8, 0xe3, 0x23, 0x00, 0x00, 0x48, 0x81, 0xc4, 0x68, 0x42, 0x00, 0x00,
    0x5b, 0x41, 0x5c, 0x41, 0x5d, 0x41, 0x5e, 0x41, 0x5f, 0x5d, 0xc3, 0x90,
    0x55, 0x48, 0x89, 0xe5, 0x41, 0x57, 0x41, 0x56, 0x53, 0x48, 0x81, 0xec,
    0x38, 0x01, 0x00, 0x00, 0x41, 0x89, 0xd6, 0x41, 0x89, 0xf7, 0x89, 0xfb,
    0x48, 0x8d, 0xbd, 0xe0, 0xfe, 0xff, 0xff, 0xba, 0x08, 0x01, 0x00, 0x00,
    0x31, 0xf6, 0xe8, 0x85, 0x04, 0x00, 0x00, 0x48, 0xc7, 0x85, 0xb0, 0xfe,
    0xff, 0xff, 0x02, 0x00, 0x00, 0x00, 0xbf, 0x0b, 0x00, 0x00, 0x00, 0xe8,
    0x10, 0x27, 0x00, 0x00, 0x48, 0x89, 0x85, 0xb8, 0xfe, 0xff, 0xff, 0x0f,
    0x57, 0xc0, 0x0f, 0x11, 0x85, 0xc0, 0xfe, 0xff, 0xff, 0x0f, 0x11, 0x85,
    0xd0, 0xfe, 0xff, 0xff, 0x48, 0xb8, 0x18, 0x00, 0x00, 0x00, 0x06, 0x00,
    0x00, 0x00, 0x48, 0x89, 0x85, 0xe4, 0xfe, 0xff, 0xff, 0x88, 0x9d, 0xec,
    0xfe, 0xff, 0xff, 0x88, 0xbd, 0xed, 0xfe, 0xff, 0xff, 0x89, 0xd8, 0xc1,
    0xe8, 0x10, 0x88, 0x85, 0xee, 0xfe, 0xff, 0xff, 0xc1, 0xeb, 0x18, 0x88,
    0x9d, 0xef, 0xfe, 0xff, 0xff, 0x48, 0xc7, 0x85, 0xf0, 0xfe, 0xff, 0xff,
    0x00, 0x00, 0x00, 0x00, 0x44, 0x89, 0xf9, 0x88, 0x8d, 0xf8, 0xfe, 0xff,
    0xff, 0x88, 0xad, 0xf9, 0xfe, 0xff, 0xff, 0x44, 0x89, 0xf8, 0xc1, 0xe8,
    0x10, 0x88, 0x85, 0xfa, 0xfe, 0xff, 0xff, 0xc1, 0xe9, 0x18, 0x88, 0x8d,
    0xfb, 0xfe, 0xff, 0xff, 0x44, 0x89, 0xf1, 0x88, 0x8d, 0xfc, 0xfe, 0xff,
    0xff, 0x88, 0xad, 0xfd, 0xfe, 0xff, 0xff, 0x44, 0x89, 0xf0, 0xc1, 0xe8,
    0x10, 0x88, 0x85, 0xfe, 0xfe, 0xff, 0xff, 0xc1, 0xe9, 0x18, 0x88, 0x8d,
    0xff, 0xfe, 0xff, 0xff, 0xbf, 0x03, 0x00, 0x00, 0x00, 0xe8, 0xca, 0x27,
    0x00, 0x00, 0x48, 0x85, 0xc0, 0x74, 0x0f, 0x48, 0x8d, 0xb5, 0xb0, 0xfe,
    0xff, 0xff, 0x48, 0x89, 0xc7, 0xe8, 0x26, 0x27, 0x00, 0x00, 0x48, 0x81,
    0xc4, 0x38, 0x01, 0x00, 0x00, 0x5b, 0x41, 0x5e, 0x41, 0x5f, 0x5d, 0xc3,
    0x0f, 0x1f, 0x84, 0x00, 0x00, 0x00, 0x00, 0x00, 0x48, 0x8b, 0x05, 0x31,
    0x4b, 0x00, 0x00, 0x48, 0x85, 0xc0, 0x0f, 0x84, 0x8a, 0x03, 0x00, 0x00,
    0x83, 0x3d, 0x7d, 0x3a, 0x00, 0x00, 0x00, 0x0f, 0x88, 0x7d, 0x03, 0x00,
    0x00, 0x55, 0x48, 0x89, 0xe5, 0x41, 0x57, 0x41, 0x56, 0x41, 0x55, 0x41,
    0x54, 0x53, 0x48, 0x81, 0xec, 0x68, 0x42, 0x00, 0x00, 0x48, 0x89, 0x45,
    0xb0, 0x8b, 0x0d, 0x09, 0x4b, 0x00, 0x00, 0x89, 0x4d, 0xb8, 0x8b, 0x15,
    0x04, 0x4b, 0x00, 0x00, 0x89, 0x55, 0xbc, 0x89, 0x4d, 0xc0, 0xc7, 0x45,
    0xc4, 0x00, 0x00, 0x00, 0x00, 0x0f, 0xaf, 0xd1, 0x85, 0xd2, 0x7e, 0x47,
    0x89, 0xd1, 0x83, 0xfa, 0x08, 0x73, 0x04, 0x31, 0xd2, 0xeb, 0x2d, 0x89,
    0xca, 0x81, 0xe2, 0xf8, 0xff, 0xff, 0x7f, 0x31, 0xf6, 0x0f, 0x57, 0xc0,
    0x0f, 0x11, 0x04, 0xb0, 0x0f, 0x11, 0x44, 0xb0, 0x10, 0x48, 0x83, 0xc6,
    0x08, 0x48, 0x39, 0xf2, 0x75, 0xee, 0x39, 0xca, 0x74, 0x19, 0x66, 0x2e,
    0x0f, 0x1f, 0x84, 0x00, 0x00, 0x00, 0x00, 0x00, 0xc7, 0x04, 0x90, 0x00,
    0x00, 0x00, 0x00, 0x48, 0xff, 0xc2, 0x48, 0x39, 0xd1, 0x75, 0xf1, 0x48,
    0x8d, 0x5d, 0x88, 0x48, 0x89, 0xdf, 0xbe, 0x00, 0x00, 0x00, 0x28, 0xe8,
    0x10, 0x0f, 0x00, 0x00, 0x4c, 0x8d, 0xb5, 0x70, 0xbd, 0xff, 0xff, 0x4c,
    0x89, 0xf7, 0xe8, 0x91, 0x03, 0x00, 0x00, 0xf3, 0x0f, 0x2a, 0x15, 0x7d,
    0x4a, 0x00, 0x00, 0xf3, 0x0f, 0x10, 0x05, 0x91, 0x2d, 0x00, 0x00, 0xf3,
    0x0f, 0x58, 0xd0, 0xf3, 0x0f, 0x2a, 0x1d, 0x6d, 0x4a, 0x00, 0x00, 0xf3,
    0x0f, 0x58, 0xd8, 0xf3, 0x0f, 0x10, 0x05, 0xa9, 0x2d, 0x00, 0x00, 0xf3,
    0x0f, 0x10, 0x25, 0x81, 0x2d, 0x00, 0x00, 0x4c, 0x89, 0xf7, 0x0f, 0x28,
    0xc8, 0xe8, 0xa6, 0x09, 0x00, 0x00, 0x4c, 0x8d, 0x7d, 0xb0, 0x4c, 0x89,
    0xff, 0x4c, 0x89, 0xf6, 0x48, 0x89, 0xda, 0xe8, 0xf4, 0x0e, 0x00, 0x00,
    0x48, 0x89, 0xdf, 0xbe, 0x36, 0x30, 0x30, 0xf2, 0xe8, 0xa7, 0x0e, 0x00,
    0x00, 0x4c, 0x89, 0xf7, 0xe8, 0x2f, 0x03, 0x00, 0x00, 0x0f, 0x57, 0xd2,
    0xf3, 0x0f, 0x2a, 0x15, 0x18, 0x4a, 0x00, 0x00, 0xf3, 0x0f, 0x10, 0x05,
    0x2c, 0x2d, 0x00, 0x00, 0xf3, 0x0f, 0x58, 0xd0, 0x0f, 0x57, 0xdb, 0xf3,
    0x0f, 0x2a, 0x1d, 0x05, 0x4a, 0x00, 0x00, 0xf3, 0x0f, 0x58, 0xd8, 0x0f,
    0x57, 0xc0, 0x0f, 0x57, 0xc9, 0x4c, 0x89, 0xf7, 0xf3, 0x0f, 0x10, 0x25,
    0x18, 0x2d, 0x00, 0x00, 0xe8, 0x43, 0x09, 0x00, 0x00, 0x4c, 0x89, 0xff,
    0x4c, 0x89, 0xf6, 0x48, 0x89, 0xda, 0xe8, 0x95, 0x0e, 0x00, 0x00, 0x48,
    0x89, 0xdf, 0xbe, 0x68, 0x60, 0x60, 0x60, 0xe8, 0x48, 0x0e, 0x00, 0x00,
    0x4c, 0x89, 0xf7, 0xe8, 0xd0, 0x02, 0x00, 0x00, 0x0f, 0x57, 0xd2, 0xf3,
    0x0f, 0x2a, 0x15, 0xb9, 0x49, 0x00, 0x00, 0xf3, 0x0f, 0x10, 0x0d, 0xcd,
    0x2c, 0x00, 0x00, 0xf3, 0x0f, 0x58, 0xd1, 0x0f, 0x57, 0xdb, 0xf3, 0x0f,
    0x2a, 0x1d, 0xa6, 0x49, 0x00, 0x00, 0xf3, 0x0f, 0x10, 0x05, 0xca, 0x2c,
    0x00, 0x00, 0xf3, 0x0f, 0x58, 0xd0, 0xf3, 0x0f, 0x58, 0xd9, 0xf3, 0x0f,
    0x58, 0xd8, 0xf3, 0x0f, 0x10, 0x05, 0xc2, 0x2c, 0x00, 0x00, 0x4c, 0x89,
    0xf7, 0x0f, 0x28, 0xc8, 0xf3, 0x0f, 0x10, 0x25, 0xa4, 0x2c, 0x00, 0x00,
    0xe8, 0xcf, 0x08, 0x00, 0x00, 0xf3, 0x0f, 0x10, 0x05, 0x8b, 0x2c, 0x00,
    0x00, 0x4c, 0x89, 0xff, 0x4c, 0x89, 0xf6, 0x48, 0x89, 0xda, 0xe8, 0x39,
    0x1d, 0x00, 0x00, 0x48, 0x63, 0x05, 0xa6, 0x38, 0x00, 0x00, 0x48, 0xc1,
    0xe0, 0x04, 0x48, 0x63, 0x88, 0x08, 0x40, 0x40, 0x00, 0x8b, 0x35, 0x45,
    0x49, 0x00, 0x00, 0x48, 0x89, 0x4d, 0xa8, 0x48, 0x85, 0xc9, 0x0f, 0x8e,
    0x6c, 0x01, 0x00, 0x00, 0x8d, 0x4e, 0xe4, 0x0f, 0x57, 0xc0, 0xf3, 0x0f,
    0x2a, 0xc1, 0xf3, 0x0f, 0x11, 0x45, 0xd4, 0x83, 0xc6, 0xf0, 0x0f, 0x57,
    0xc0, 0xf3, 0x0f, 0x2a, 0xc6, 0xf3, 0x0f, 0x11, 0x45, 0xd0, 0x48, 0x8d,
    0x80, 0x00, 0x40, 0x40, 0x00, 0x4c, 0x8b, 0x28, 0x49, 0x83, 0xc5, 0x08,
    0x41, 0xbf, 0x11, 0x00, 0x00, 0x00, 0x31, 0xdb, 0xe9, 0x7f, 0x00, 0x00,
    0x00, 0x66, 0x66, 0x2e, 0x0f, 0x1f, 0x84, 0x00, 0x00, 0x00, 0x00, 0x00,
    0x4c, 0x8d, 0x65, 0x88, 0x4c, 0x89, 0xe7, 0xbe, 0x68, 0x60, 0x60, 0x40,
    0xe8, 0x5f, 0x0d, 0x00, 0x00, 0x4c, 0x89, 0xf7, 0xe8, 0xe7, 0x01, 0x00,
    0x00, 0x0f, 0x57, 0xc9, 0xf3, 0x41, 0x0f, 0x2a, 0xcf, 0xf3, 0x0f, 0x11,
    0x4d, 0xcc, 0x4c, 0x89, 0xf7, 0xf3, 0x0f, 0x10, 0x05, 0x1f, 0x2c, 0x00,
    0x00, 0xe8, 0xea, 0x01, 0x00, 0x00, 0x4c, 0x89, 0xf7, 0xf3, 0x0f, 0x10,
    0x45, 0xd0, 0xf3, 0x0f, 0x10, 0x4d, 0xcc, 0xe8, 0x88, 0x02, 0x00, 0x00,
    0x48, 0x8d, 0x7d, 0xb0, 0x4c, 0x89, 0xf6, 0x4c, 0x89, 0xe2, 0xf3, 0x0f,
    0x10, 0x05, 0xba, 0x2b, 0x00, 0x00, 0xe8, 0x71, 0x1c, 0x00, 0x00, 0x48,
    0xff, 0xc3, 0x41, 0x83, 0xc7, 0x16, 0x49, 0x83, 0xc5, 0x10, 0x48, 0x39,
    0x5d, 0xa8, 0x0f, 0x84, 0xae, 0x00, 0x00, 0x00, 0x41, 0x83, 0x7d, 0x00,
    0xff, 0x74, 0x85, 0x8b, 0x05, 0xef, 0x37, 0x00, 0x00, 0x48, 0x39, 0xc3,
    0x75, 0x58, 0x4c, 0x8d, 0x65, 0x88, 0x4c, 0x89, 0xe7, 0xbe, 0xff, 0x85,
    0x3a, 0x38, 0xe8, 0xd9, 0x0c, 0x00, 0x00, 0x4c, 0x89, 0xf7, 0xe8, 0x61,
    0x01, 0x00, 0x00, 0x41, 0x8d, 0x47, 0xf5, 0x0f, 0x57, 0xc9, 0xf3, 0x0f,
    0x2a, 0xc8, 0x4c, 0x89, 0xf7, 0xf3, 0x0f, 0x10, 0x05, 0x9b, 0x2b, 0x00,
    0x00, 0xf3, 0x0f, 0x10, 0x55, 0xd4, 0xf3, 0x0f, 0x10, 0x1d, 0x56, 0x2b,
    0x00, 0x00, 0xf3, 0x0f, 0x10, 0x25, 0x76, 0x2b, 0x00, 0x00, 0xe8, 0x81,
    0x07, 0x00, 0x00, 0x48, 0x8d, 0x7d, 0xb0, 0x4c, 0x89, 0xf6, 0x4c, 0x89,
    0xe2, 0xe8, 0xd2, 0x0c, 0x00, 0x00, 0x49, 0x8b, 0x4d, 0xf8, 0x48, 0x85,
    0xc9, 0x0f, 0x84, 0x74, 0xff, 0xff, 0xff, 0x8b, 0x05, 0x7f, 0x37, 0x00,
    0x00, 0x45, 0x31, 0xc0, 0x48, 0x39, 0xc3, 0x41, 0x0f, 0x94, 0xc0, 0x41,
    0xf7, 0xd8, 0x41, 0x81, 0xc8, 0xff, 0xff, 0xff, 0xeb, 0x41, 0x8d, 0x57,
    0xfc, 0x48, 0x8d, 0x7d, 0xb0, 0xbe, 0x10, 0x00, 0x00, 0x00, 0x41, 0xb9,
    0x01, 0x00, 0x00, 0x00, 0xe8, 0x53, 0x1f, 0x00, 0x00, 0xe9, 0x3d, 0xff,
    0xff, 0xff, 0x8b, 0x35, 0xcc, 0x47, 0x00, 0x00, 0x8b, 0x3d, 0xb2, 0x47,
    0x00, 0x00, 0x8b, 0x15, 0xc4, 0x47, 0x00, 0x00, 0xe8, 0x67, 0xfb, 0xff,
    0xff, 0x48, 0x81, 0xc4, 0x68, 0x42, 0x00, 0x00, 0x5b, 0x41, 0x5c, 0x41,
    0x5d, 0x41, 0x5e, 0x41, 0x5f, 0x5d, 0xc3, 0xcc, 0xcc, 0xcc, 0xcc, 0xcc,
    0x55, 0x48, 0x89, 0xe5, 0x48, 0x89, 0xf8, 0x48, 0x85, 0xd2, 0x0f, 0x84,
    0x9d, 0x00, 0x00, 0x00, 0x48, 0x83, 0xfa, 0x03, 0x77, 0x07, 0x31, 0xc9,
    0xe9, 0x84, 0x00, 0x00, 0x00, 0x40, 0x0f, 0xb6, 0xfe, 0x48, 0x83, 0xfa,
    0x20, 0x73, 0x04, 0x31, 0xc9, 0xeb, 0x45, 0x48, 0x89, 0xd1, 0x48, 0x83,
    0xe1, 0xe0, 0x66, 0x0f, 0x6e, 0xc7, 0x66, 0x0f, 0x60, 0xc0, 0xf2, 0x0f,
    0x70, 0xc0, 0x00, 0x66, 0x0f, 0x70, 0xc0, 0x44, 0x45, 0x31, 0xc0, 0x66,
    0x0f, 0x1f, 0x84, 0x00, 0x00, 0x00, 0x00, 0x00, 0xf3, 0x42, 0x0f, 0x7f,
    0x04, 0x00, 0xf3, 0x42, 0x0f, 0x7f, 0x44, 0x00, 0x10, 0x49, 0x83, 0xc0,
    0x20, 0x4c, 0x39, 0xc1, 0x75, 0xea, 0x48, 0x39, 0xca, 0x74, 0x42, 0xf6,
    0xc2, 0x1c, 0x74, 0x31, 0x49, 0x89, 0xc8, 0x48, 0x89, 0xd1, 0x48, 0x83,
    0xe1, 0xfc, 0x66, 0x0f, 0x6e, 0xc7, 0x66, 0x0f, 0x60, 0xc0, 0xf2, 0x0f,
    0x70, 0xc0, 0x00, 0x66, 0x0f, 0x1f, 0x84, 0x00, 0x00, 0x00, 0x00, 0x00,
    0x66, 0x42, 0x0f, 0x7e, 0x04, 0x00, 0x49, 0x83, 0xc0, 0x04, 0x4c, 0x39,
    0xc1, 0x75, 0xf1, 0xeb, 0x07, 0x40, 0x88, 0x34, 0x08, 0x48, 0xff, 0xc1,
    0x48, 0x39, 0xca, 0x75, 0xf4, 0x5d, 0xc3, 0x90, 0x55, 0x48, 0x89, 0xe5,
    0x48, 0xc7, 0x87, 0x00, 0x42, 0x00, 0x00, 0x00, 0x00, 0x00, 0x00, 0x0f,
    0x28, 0x05, 0x8a, 0x2b, 0x00, 0x00, 0x0f, 0x11, 0x87, 0x08, 0x42, 0x00,
    0x00, 0x5d, 0xc3, 0x90, 0x55, 0x48, 0x89, 0xe5, 0x48, 0x63, 0x87, 0x00,
    0x42, 0x00, 0x00, 0x48, 0x3d, 0xff, 0x01, 0x00, 0x00, 0x7f, 0x76, 0x81,
    0xbf, 0x04, 0x42, 0x00, 0x00, 0xff, 0x07, 0x00, 0x00, 0x7f, 0x6a, 0x8d,
    0x48, 0x01, 0x89, 0x8f, 0x00, 0x42, 0x00, 0x00, 0xc6, 0x04, 0x07, 0x00,
    0x48, 0x63, 0x87, 0x04, 0x42, 0x00, 0x00, 0xf3, 0x0f, 0x11, 0x84, 0xc7,
    0x00, 0x02, 0x00, 0x00, 0xf3, 0x0f, 0x11, 0x8c, 0xc7, 0x04, 0x02, 0x00,
    0x00, 0xff, 0xc0, 0x89, 0x87, 0x04, 0x42, 0x00, 0x00, 0xf3, 0x0f, 0x10,
    0x97, 0x08, 0x42, 0x00, 0x00, 0x0f, 0x2e, 0xd0, 0x76, 0x08, 0xf3, 0x0f,
    0x11, 0x87, 0x08, 0x42, 0x00, 0x00, 0xf3, 0x0f, 0x10, 0x97, 0x0c, 0x42,
    0x00, 0x00, 0x0f, 0x2e, 0xd1, 0x77, 0x1c, 0x0f, 0x2e, 0x87, 0x10, 0x42,
    0x00, 0x00, 0x77, 0x24, 0x0f, 0x2e, 0x8f, 0x14, 0x42, 0x00, 0x00, 0x76,
    0x08, 0xf3, 0x0f, 0x11, 0x8f, 0x14, 0x42, 0x00, 0x00, 0x5d, 0xc3, 0xf3,
    0x0f, 0x11, 0x8f, 0x0c, 0x42, 0x00, 0x00, 0x0f, 0x2e, 0x87, 0x10, 0x42,
    0x00, 0x00, 0x76, 0xdc, 0xf3, 0x0f, 0x11, 0x87, 0x10, 0x42, 0x00, 0x00,
    0x0f, 0x2e, 0x8f, 0x14, 0x42, 0x00, 0x00, 0x77, 0xd4, 0xeb, 0xda, 0x90,
    0x55, 0x48, 0x89, 0xe5, 0x48, 0x63, 0x87, 0x00, 0x42, 0x00, 0x00, 0x48,
    0x3d, 0xff, 0x01, 0x00, 0x00, 0x7f, 0x76, 0x81, 0xbf, 0x04, 0x42, 0x00,
    0x00, 0xff, 0x07, 0x00, 0x00, 0x7f, 0x6a, 0x8d, 0x48, 0x01, 0x89, 0x8f,
    0x00, 0x42, 0x00, 0x00, 0xc6, 0x04, 0x07, 0x01, 0x48, 0x63, 0x87, 0x04,
    0x42, 0x00, 0x00, 0xf3, 0x0f, 0x11, 0x84, 0xc7, 0x00, 0x02, 0x00, 0x00,
    0xf3, 0x0f, 0x11, 0x8c, 0xc7, 0x04, 0x02, 0x00, 0x00, 0xff, 0xc0, 0x89,
    0x87, 0x04, 0x42, 0x00, 0x00, 0xf3, 0x0f, 0x10, 0x97, 0x08, 0x42, 0x00,
    0x00, 0x0f, 0x2e, 0xd0, 0x76, 0x08, 0xf3, 0x0f, 0x11, 0x87, 0x08, 0x42,
    0x00, 0x00, 0xf3, 0x0f, 0x10, 0x97, 0x0c, 0x42, 0x00, 0x00, 0x0f, 0x2e,
    0xd1, 0x77, 0x1c, 0x0f, 0x2e, 0x87, 0x10, 0x42, 0x00, 0x00, 0x77, 0x24,
    0x0f, 0x2e, 0x8f, 0x14, 0x42, 0x00, 0x00, 0x76, 0x08, 0xf3, 0x0f, 0x11,
    0x8f, 0x14, 0x42, 0x00, 0x00, 0x5d, 0xc3, 0xf3, 0x0f, 0x11, 0x8f, 0x0c,
    0x42, 0x00, 0x00, 0x0f, 0x2e, 0x87, 0x10, 0x42, 0x00, 0x00, 0x76, 0xdc,
    0xf3, 0x0f, 0x11, 0x87, 0x10, 0x42, 0x00, 0x00, 0x0f, 0x2e, 0x8f, 0x14,
    0x42, 0x00, 0x00, 0x77, 0xd4, 0xeb, 0xda, 0x90, 0x55, 0x48, 0x89, 0xe5,
    0x48, 0x63, 0x87, 0x00, 0x42, 0x00, 0x00, 0x48, 0x3d, 0xff, 0x01, 0x00,
    0x00, 0x0f, 0x8f, 0xed, 0x00, 0x00, 0x00, 0x81, 0xbf, 0x04, 0x42, 0x00,
    0x00, 0xfd, 0x07, 0x00, 0x00, 0x0f, 0x8f, 0xdd, 0x00, 0x00, 0x00, 0x8d,
    0x48, 0x01, 0x89, 0x8f, 0x00, 0x42, 0x00, 0x00, 0xc6, 0x04, 0x07, 0x02,
    0x48, 0x63, 0x87, 0x04, 0x42, 0x00, 0x00, 0xf3, 0x0f, 0x11, 0x84, 0xc7,
    0x00, 0x02, 0x00, 0x00, 0xf3, 0x0f, 0x11, 0x8c, 0xc7, 0x04, 0x02, 0x00,
    0x00, 0xf3, 0x0f, 0x11, 0x94, 0xc7, 0x08, 0x02, 0x00, 0x00, 0xf3, 0x0f,
    0x11, 0x9c, 0xc7, 0x0c, 0x02, 0x00, 0x00, 0xf3, 0x0f, 0x11, 0xa4, 0xc7,
    0x10, 0x02, 0x00, 0x00, 0xf3, 0x0f, 0x11, 0xac, 0xc7, 0x14, 0x02, 0x00,
    0x00, 0x83, 0xc0, 0x03, 0x89, 0x87, 0x04, 0x42, 0x00, 0x00, 0xf3, 0x0f,
    0x10, 0xb7, 0x08, 0x42, 0x00, 0x00, 0x0f, 0x2e, 0xf0, 0x76, 0x0b, 0xf3,
    0x0f, 0x11, 0x87, 0x08, 0x42, 0x00, 0x00, 0x0f, 0x28, 0xf0, 0xf3, 0x0f,
    0x10, 0xbf, 0x0c, 0x42, 0x00, 0x00, 0x0f, 0x2e, 0xf9, 0x76, 0x0b, 0xf3,
    0x0f, 0x11, 0x8f, 0x0c, 0x42, 0x00, 0x00, 0x0f, 0x28, 0xf9, 0xf3, 0x44,
    0x0f, 0x10, 0x87, 0x10, 0x42, 0x00, 0x00, 0x41, 0x0f, 0x2e, 0xc0, 0x76,
    0x0c, 0xf3, 0x0f, 0x11, 0x87, 0x10, 0x42, 0x00, 0x00, 0x44, 0x0f, 0x28,
    0xc0, 0xf3, 0x0f, 0x10, 0x87, 0x14, 0x42, 0x00, 0x00, 0x0f, 0x2e, 0xc8,
    0x77, 0x34, 0x0f, 0x2e, 0xf2, 0x77, 0x3f, 0x0f, 0x2e, 0xfb, 0x77, 0x4a,
    0x41, 0x0f, 0x2e, 0xd0, 0x77, 0x55, 0x0f, 0x2e, 0xd8, 0x77, 0x61, 0x0f,
    0x2e, 0xf4, 0x77, 0x6c, 0x0f, 0x2e, 0xfd, 0x77, 0x74, 0x41, 0x0f, 0x2e,
    0xe0, 0x77, 0x7c, 0x0f, 0x2e, 0xe8, 0x76, 0x08, 0xf3, 0x0f, 0x11, 0xaf,
    0x14, 0x42, 0x00, 0x00, 0x5d, 0xc3, 0xf3, 0x0f, 0x11, 0x8f, 0x14, 0x42,
    0x00, 0x00, 0x0f, 0x28, 0xc1, 0x0f, 0x2e, 0xf2, 0x76, 0xc1, 0xf3, 0x0f,
    0x11, 0x97, 0x08, 0x42, 0x00, 0x00, 0x0f, 0x28, 0xf2, 0x0f, 0x2e, 0xfb,
    0x76, 0xb6, 0xf3, 0x0f, 0x11, 0x9f, 0x0c, 0x42, 0x00, 0x00, 0x0f, 0x28,
    0xfb, 0x41, 0x0f, 0x2e, 0xd0, 0x76, 0xab, 0xf3, 0x0f, 0x11, 0x97, 0x10,
    0x42, 0x00, 0x00, 0x44, 0x0f, 0x28, 0xc2, 0x0f, 0x2e, 0xd8, 0x76, 0x9f,
    0xf3, 0x0f, 0x11, 0x9f, 0x14, 0x42, 0x00, 0x00, 0x0f, 0x28, 0xc3, 0x0f,
    0x2e, 0xf4, 0x76, 0x94, 0xf3, 0x0f, 0x11, 0xa7, 0x08, 0x42, 0x00, 0x00,
    0x0f, 0x2e, 0xfd, 0x76, 0x8c, 0xf3, 0x0f, 0x11, 0xaf, 0x0c, 0x42, 0x00,
    0x00, 0x41, 0x0f, 0x2e, 0xe0, 0x76, 0x84, 0xf3, 0x0f, 0x11, 0xa7, 0x10,
    0x42, 0x00, 0x00, 0x0f, 0x2e, 0xe8, 0x0f, 0x87, 0x78, 0xff, 0xff, 0xff,
    0xe9, 0x7b, 0xff, 0xff, 0xff, 0x0f, 0x1f, 0x80, 0x00, 0x00, 0x00, 0x00,
    0x55, 0x48, 0x89, 0xe5, 0x48, 0x63, 0x87, 0x00, 0x42, 0x00, 0x00, 0x48,
    0x3d, 0xff, 0x01, 0x00, 0x00, 0x7f, 0x0d, 0x8d, 0x48, 0x01, 0x89, 0x8f,
    0x00, 0x42, 0x00, 0x00, 0xc6, 0x04, 0x07, 0x03, 0x5d, 0xc3, 0x66, 0x66,
    0x66, 0x66, 0x66, 0x2e, 0x0f, 0x1f, 0x84, 0x00, 0x00, 0x00, 0x00, 0x00,
    0x55, 0x48, 0x89, 0xe5, 0x48, 0x63, 0x8f, 0x00, 0x42, 0x00, 0x00, 0x48,
    0x81, 0xf9, 0xff, 0x01, 0x00, 0x00, 0x0f, 0x8f, 0xa2, 0x00, 0x00, 0x00,
    0x8b, 0x87, 0x04, 0x42, 0x00, 0x00, 0x3d, 0xff, 0x07, 0x00, 0x00, 0x7f,
    0x7a, 0x8d, 0x41, 0x01, 0x89, 0x87, 0x00, 0x42, 0x00, 0x00, 0xc6, 0x04,
    0x0f, 0x00, 0x48, 0x63, 0x87, 0x04, 0x42, 0x00, 0x00, 0xf3, 0x0f, 0x11,
    0x84, 0xc7, 0x00, 0x02, 0x00, 0x00, 0xf3, 0x0f, 0x11, 0x8c, 0xc7, 0x04,
    0x02, 0x00, 0x00, 0xff, 0xc0, 0x89, 0x87, 0x04, 0x42, 0x00, 0x00, 0xf3,
    0x0f, 0x10, 0xa7, 0x08, 0x42, 0x00, 0x00, 0x0f, 0x2e, 0xe0, 0x76, 0x08,
    0xf3, 0x0f, 0x11, 0x87, 0x08, 0x42, 0x00, 0x00, 0xf3, 0x0f, 0x10, 0xa7,
    0x0c, 0x42, 0x00, 0x00, 0x0f, 0x2e, 0xe1, 0x0f, 0x86, 0xf8, 0x00, 0x00,
    0x00, 0xf3, 0x0f, 0x11, 0x8f, 0x0c, 0x42, 0x00, 0x00, 0x0f, 0x2e, 0x87,
    0x10, 0x42, 0x00, 0x00, 0x0f, 0x87, 0xf0, 0x00, 0x00, 0x00, 0x0f, 0x2e,
    0x8f, 0x14, 0x42, 0x00, 0x00, 0x76, 0x08, 0xf3, 0x0f, 0x11, 0x8f, 0x14,
    0x42, 0x00, 0x00, 0x48, 0x63, 0x8f, 0x00, 0x42, 0x00, 0x00, 0x48, 0x81,
    0xf9, 0xff, 0x01, 0x00, 0x00, 0x7f, 0x0b, 0x3d, 0x00, 0x08, 0x00, 0x00,
    0x0f, 0x8c, 0xfa, 0x00, 0x00, 0x00, 0xf3, 0x0f, 0x58, 0xcb, 0x48, 0x63,
    0x87, 0x00, 0x42, 0x00, 0x00, 0x48, 0x3d, 0xff, 0x01, 0x00, 0x00, 0x0f,
    0x8f, 0x6a, 0x01, 0x00, 0x00, 0x81, 0xbf, 0x04, 0x42, 0x00, 0x00, 0xff,
    0x07, 0x00, 0x00, 0x7f, 0x72, 0x8d, 0x48, 0x01, 0x89, 0x8f, 0x00, 0x42,
    0x00, 0x00, 0xc6, 0x04, 0x07, 0x01, 0x48, 0x63, 0x87, 0x04, 0x42, 0x00,
    0x00, 0xf3, 0x0f, 0x11, 0x84, 0xc7, 0x00, 0x02, 0x00, 0x00, 0xf3, 0x0f,
    0x11, 0x8c, 0xc7, 0x04, 0x02, 0x00, 0x00, 0xff, 0xc0, 0x89, 0x87, 0x04,
    0x42, 0x00, 0x00, 0xf3, 0x0f, 0x10, 0x97, 0x08, 0x42, 0x00, 0x00, 0x0f,
    0x2e, 0xd0, 0x76, 0x08, 0xf3, 0x0f, 0x11, 0x87, 0x08, 0x42, 0x00, 0x00,
    0xf3, 0x0f, 0x10, 0x97, 0x0c, 0x42, 0x00, 0x00, 0x0f, 0x2e, 0xd1, 0x76,
    0x6b, 0xf3, 0x0f, 0x11, 0x8f, 0x0c, 0x42, 0x00, 0x00, 0x0f, 0x2e, 0x87,
    0x10, 0x42, 0x00, 0x00, 0x77, 0x63, 0x0f, 0x2e, 0x8f, 0x14, 0x42, 0x00,
    0x00, 0x76, 0x08, 0xf3, 0x0f, 0x11, 0x8f, 0x14, 0x42, 0x00, 0x00, 0x48,
    0x63, 0x87, 0x00, 0x42, 0x00, 0x00, 0x48, 0x3d, 0xff, 0x01, 0x00, 0x00,
    0x0f, 0x8f, 0xd9, 0x00, 0x00, 0x00, 0x8d, 0x48, 0x01, 0x89, 0x8f, 0x00,
    0x42, 0x00, 0x00, 0xc6, 0x04, 0x07, 0x03, 0x5d, 0xc3, 0x0f, 0x2e, 0x87,
    0x10, 0x42, 0x00, 0x00, 0x0f, 0x86, 0x10, 0xff, 0xff, 0xff, 0xf3, 0x0f,
    0x11, 0x87, 0x10, 0x42, 0x00, 0x00, 0x0f, 0x2e, 0x8f, 0x14, 0x42, 0x00,
    0x00, 0x0f, 0x87, 0x04, 0xff, 0xff, 0xff, 0xe9, 0x07, 0xff, 0xff, 0xff,
    0x0f, 0x2e, 0x87, 0x10, 0x42, 0x00, 0x00, 0x76, 0x9d, 0xf3, 0x0f, 0x11,
    0x87, 0x10, 0x42, 0x00, 0x00, 0x0f, 0x2e, 0x8f, 0x14, 0x42, 0x00, 0x00,
    0x77, 0x95, 0xeb, 0x9b, 0xf3, 0x0f, 0x58, 0xd0, 0x8d, 0x41, 0x01, 0x89,
    0x87, 0x00, 0x42, 0x00, 0x00, 0xc6, 0x04, 0x0f, 0x01, 0x48, 0x63, 0x87,
    0x04, 0x42, 0x00, 0x00, 0xf3, 0x0f, 0x11, 0x94, 0xc7, 0x00, 0x02, 0x00,
    0x00, 0xf3, 0x0f, 0x11, 0x8c, 0xc7, 0x04, 0x02, 0x00, 0x00, 0x8d, 0x48,
    0x01, 0x89, 0x8f, 0x04, 0x42, 0x00, 0x00, 0xf3, 0x0f, 0x10, 0xa7, 0x08,
    0x42, 0x00, 0x00, 0x0f, 0x2e, 0xe2, 0x76, 0x08, 0xf3, 0x0f, 0x11, 0x97,
    0x08, 0x42, 0x00, 0x00, 0xf3, 0x0f, 0x10, 0xa7, 0x0c, 0x42, 0x00, 0x00,
    0x0f, 0x2e, 0xe1, 0x76, 0x34, 0xf3, 0x0f, 0x11, 0x8f, 0x0c, 0x42, 0x00,
    0x00, 0x0f, 0x2e, 0x97, 0x10, 0x42, 0x00, 0x00, 0x77, 0x2c, 0x0f, 0x2e,
    0x8f, 0x14, 0x42, 0x00, 0x00, 0x76, 0x08, 0xf3, 0x0f, 0x11, 0x8f, 0x14,
    0x42, 0x00, 0x00, 0x48, 0x63, 0x8f, 0x00, 0x42, 0x00, 0x00, 0x48, 0x81,
    0xf9, 0xff, 0x01, 0x00, 0x00, 0x7e, 0x1e, 0x5d, 0xc3, 0x0f, 0x2e, 0x97,
    0x10, 0x42, 0x00, 0x00, 0x76, 0xd4, 0xf3, 0x0f, 0x11, 0x97, 0x10, 0x42,
    0x00, 0x00, 0x0f, 0x2e, 0x8f, 0x14, 0x42, 0x00, 0x00, 0x77, 0xcc, 0xeb,
    0xd2, 0xf3, 0x0f, 0x58, 0xcb, 0x3d, 0xfe, 0x07, 0x00, 0x00, 0x0f, 0x8f,
    0x56, 0xfe, 0xff, 0xff, 0x8d, 0x41, 0x01, 0x89, 0x87, 0x00, 0x42, 0x00,
    0x00, 0xc6, 0x04, 0x0f, 0x01, 0x48, 0x63, 0x87, 0x04, 0x42, 0x00, 0x00,
    0xf3, 0x0f, 0x11, 0x94, 0xc7, 0x00, 0x02, 0x00, 0x00, 0xf3, 0x0f, 0x11,
    0x8c, 0xc7, 0x04, 0x02, 0x00, 0x00, 0xff, 0xc0, 0x89, 0x87, 0x04, 0x42,
    0x00, 0x00, 0xf3, 0x0f, 0x10, 0x9f, 0x08, 0x42, 0x00, 0x00, 0x0f, 0x2e,
    0xda, 0x76, 0x08, 0xf3, 0x0f, 0x11, 0x97, 0x08, 0x42, 0x00, 0x00, 0xf3,
    0x0f, 0x10, 0x9f, 0x0c, 0x42, 0x00, 0x00, 0x0f, 0x2e, 0xd9, 0x76, 0x20,
    0xf3, 0x0f, 0x11, 0x8f, 0x0c, 0x42, 0x00, 0x00, 0x0f, 0x2e, 0x97, 0x10,
    0x42, 0x00, 0x00, 0x77, 0x18, 0x0f, 0x2e, 0x8f, 0x14, 0x42, 0x00, 0x00,
    0x0f, 0x86, 0xe8, 0xfd, 0xff, 0xff, 0xeb, 0x1e, 0x0f, 0x2e, 0x97, 0x10,
    0x42, 0x00, 0x00, 0x76, 0xe8, 0xf3, 0x0f, 0x11, 0x97, 0x10, 0x42, 0x00,
    0x00, 0x0f, 0x2e, 0x8f, 0x14, 0x42, 0x00, 0x00, 0x0f, 0x86, 0xc8, 0xfd,
    0xff, 0xff, 0xf3, 0x0f, 0x11, 0x8f, 0x14, 0x42, 0x00, 0x00, 0xe9, 0xbb,
    0xfd, 0xff, 0xff, 0x66, 0x66, 0x66, 0x66, 0x2e, 0x0f, 0x1f, 0x84, 0x00,
    0x00, 0x00, 0x00, 0x00, 0x55, 0x48, 0x89, 0xe5, 0x53, 0x48, 0x83, 0xec,
    0x38, 0x48, 0x89, 0xfb, 0xf3, 0x0f, 0x10, 0x35, 0xcc, 0x23, 0x00, 0x00,
    0x0f, 0x28, 0xec, 0xf3, 0x0f, 0xc2, 0xee, 0x01, 0x0f, 0x55, 0xec, 0x0f,
    0x28, 0xe0, 0xf3, 0x0f, 0x58, 0xe2, 0xf3, 0x0f, 0x59, 0xd6, 0xf3, 0x0f,
    0x5d, 0xd5, 0xf3, 0x0f, 0x59, 0xf3, 0xf3, 0x0f, 0x5d, 0xf2, 0xf3, 0x0f,
    0x10, 0x15, 0xae, 0x23, 0x00, 0x00, 0xf3, 0x0f, 0x59, 0xd6, 0xf3, 0x0f,
    0x11, 0x55, 0xf0, 0xf3, 0x0f, 0x58, 0xd9, 0xf3, 0x0f, 0x11, 0x5d, 0xe4,
    0xf3, 0x0f, 0x11, 0x45, 0xf4, 0x0f, 0x28, 0xd0, 0xf3, 0x0f, 0x58, 0xd6,
    0x48, 0x63, 0x8f, 0x00, 0x42, 0x00, 0x00, 0x0f, 0x28, 0xdc, 0xf3, 0x0f,
    0x5c, 0xde, 0x48, 0x81, 0xf9, 0x00, 0x02, 0x00, 0x00, 0xf3, 0x0f, 0x11,
    0x55, 0xdc, 0x0f, 0x8d, 0x0e, 0x01, 0x00, 0x00, 0x8b, 0x83, 0x04, 0x42,
    0x00, 0x00, 0x3d, 0xff, 0x07, 0x00, 0x00, 0x7f, 0x72, 0x8d, 0x41, 0x01,
    0x89, 0x83, 0x00, 0x42, 0x00, 0x00, 0xc6, 0x04, 0x0b, 0x00, 0x48, 0x63,
    0x83, 0x04, 0x42, 0x00, 0x00, 0xf3, 0x0f, 0x11, 0x94, 0xc3, 0x00, 0x02,
    0x00, 0x00, 0xf3, 0x0f, 0x11, 0x8c, 0xc3, 0x04, 0x02, 0x00, 0x00, 0xff,
    0xc0, 0x89, 0x83, 0x04, 0x42, 0x00, 0x00, 0xf3, 0x0f, 0x10, 0x83, 0x08,
    0x42, 0x00, 0x00, 0x0f, 0x2e, 0xc2, 0x76, 0x08, 0xf3, 0x0f, 0x11, 0x93,
    0x08, 0x42, 0x00, 0x00, 0xf3, 0x0f, 0x10, 0x83, 0x0c, 0x42, 0x00, 0x00,
    0x0f, 0x2e, 0xc1, 0x0f, 0x87, 0x82, 0x03, 0x00, 0x00, 0x0f, 0x2e, 0x93,
    0x10, 0x42, 0x00, 0x00, 0x0f, 0x87, 0x8a, 0x03, 0x00, 0x00, 0x0f, 0x2e,
    0x8b, 0x14, 0x42, 0x00, 0x00, 0x76, 0x08, 0xf3, 0x0f, 0x11, 0x8b, 0x14,
    0x42, 0x00, 0x00, 0x48, 0x63, 0x8b, 0x00, 0x42, 0x00, 0x00, 0x48, 0x81,
    0xf9, 0x00, 0x02, 0x00, 0x00, 0x0f, 0x9d, 0xc2, 0x3d, 0x00, 0x08, 0x00,
    0x00, 0x0f, 0x9d, 0xc0, 0x08, 0xd0, 0x75, 0x72, 0x8d, 0x41, 0x01, 0x89,
    0x83, 0x00, 0x42, 0x00, 0x00, 0xc6, 0x04, 0x0b, 0x01, 0x48, 0x63, 0x83,
    0x04, 0x42, 0x00, 0x00, 0xf3, 0x0f, 0x11, 0x9c, 0xc3, 0x00, 0x02, 0x00,
    0x00, 0xf3, 0x0f, 0x11, 0x8c, 0xc3, 0x04, 0x02, 0x00, 0x00, 0xff, 0xc0,
    0x89, 0x83, 0x04, 0x42, 0x00, 0x00, 0xf3, 0x0f, 0x10, 0x83, 0x08, 0x42,
    0x00, 0x00, 0x0f, 0x2e, 0xc3, 0x76, 0x08, 0xf3, 0x0f, 0x11, 0x9b, 0x08,
    0x42, 0x00, 0x00, 0xf3, 0x0f, 0x10, 0x83, 0x0c, 0x42, 0x00, 0x00, 0x0f,
    0x2e, 0xc1, 0x0f, 0x87, 0x22, 0x03, 0x00, 0x00, 0x0f, 0x2e, 0x9b, 0x10,
    0x42, 0x00, 0x00, 0x0f, 0x87, 0x2a, 0x03, 0x00, 0x00, 0x0f, 0x2e, 0x8b,
    0x14, 0x42, 0x00, 0x00, 0x76, 0x08, 0xf3, 0x0f, 0x11, 0x8b, 0x14, 0x42,
    0x00, 0x00, 0xf3, 0x0f, 0x10, 0x55, 0xf0, 0x0f, 0x28, 0xc2, 0xf3, 0x0f,
    0x11, 0x5d, 0xd0, 0xf3, 0x0f, 0x58, 0xc3, 0x0f, 0x28, 0xe9, 0xf3, 0x0f,
    0x58, 0xee, 0x0f, 0x28, 0xdd, 0xf3, 0x0f, 0x5c, 0xda, 0x48, 0x89, 0xdf,
    0xf3, 0x0f, 0x11, 0x45, 0xd8, 0xf3, 0x0f, 0x11, 0x4d, 0xcc, 0x0f, 0x28,
    0xd4, 0xf3, 0x0f, 0x11, 0x5d, 0xd4, 0xf3, 0x0f, 0x11, 0x65, 0xec, 0xf3,
    0x0f, 0x10, 0x65, 0xec, 0xf3, 0x0f, 0x11, 0x6d, 0xe0, 0xf3, 0x0f, 0x11,
    0x75, 0xe8, 0xe8, 0x59, 0xf9, 0xff, 0xff, 0xf3, 0x0f, 0x10, 0x45, 0xec,
    0xf3, 0x0f, 0x10, 0x5d, 0xe4, 0x0f, 0x28, 0xd3, 0xf3, 0x0f, 0x5c, 0x55,
    0xe8, 0x48, 0x63, 0x83, 0x00, 0x42, 0x00, 0x00, 0x48, 0x3d, 0xff, 0x01,
    0x00, 0x00, 0x7f, 0x7e, 0x81, 0xbb, 0x04, 0x42, 0x00, 0x00, 0xff, 0x07,
    0x00, 0x00, 0x7f, 0x72, 0x8d, 0x48, 0x01, 0x89, 0x8b, 0x00, 0x42, 0x00,
    0x00, 0xc6, 0x04, 0x03, 0x01, 0x48, 0x63, 0x83, 0x04, 0x42, 0x00, 0x00,
    0xf3, 0x0f, 0x11, 0x84, 0xc3, 0x00, 0x02, 0x00, 0x00, 0xf3, 0x0f, 0x11,
    0x94, 0xc3, 0x04, 0x02, 0x00, 0x00, 0xff, 0xc0, 0x89, 0x83, 0x04, 0x42,
    0x00, 0x00, 0xf3, 0x0f, 0x10, 0x8b, 0x08, 0x42, 0x00, 0x00, 0x0f, 0x2e,
    0xc8, 0x76, 0x08, 0xf3, 0x0f, 0x11, 0x83, 0x08, 0x42, 0x00, 0x00, 0xf3,
    0x0f, 0x10, 0x8b, 0x0c, 0x42, 0x00, 0x00, 0x0f, 0x2e, 0xca, 0x0f, 0x87,
    0x65, 0x02, 0x00, 0x00, 0x0f, 0x2e, 0x83, 0x10, 0x42, 0x00, 0x00, 0x0f,
    0x87, 0x6d, 0x02, 0x00, 0x00, 0x0f, 0x2e, 0x93, 0x14, 0x42, 0x00, 0x00,
    0x76, 0x08, 0xf3, 0x0f, 0x11, 0x93, 0x14, 0x42, 0x00, 0x00, 0xf3, 0x0f,
    0x11, 0x55, 0xe8, 0x0f, 0x28, 0xca, 0xf3, 0x0f, 0x58, 0x4d, 0xf0, 0x48,
    0x89, 0xdf, 0xf3, 0x0f, 0x11, 0x4d, 0xec, 0xf3, 0x0f, 0x10, 0x55, 0xd8,
    0xf3, 0x0f, 0x10, 0x65, 0xd0, 0xf3, 0x0f, 0x10, 0x6d, 0xe4, 0xe8, 0x91,
    0xf8, 0xff, 0xff, 0xf3, 0x0f, 0x10, 0x4d, 0xe4, 0x48, 0x63, 0x83, 0x00,
    0x42, 0x00, 0x00, 0x48, 0x3d, 0xff, 0x01, 0x00, 0x00, 0xf3, 0x0f, 0x10,
    0x55, 0xdc, 0x7f, 0x7e, 0x81, 0xbb, 0x04, 0x42, 0x00, 0x00, 0xff, 0x07,
    0x00, 0x00, 0x7f, 0x72, 0x8d, 0x48, 0x01, 0x89, 0x8b, 0x00, 0x42, 0x00,
    0x00, 0xc6, 0x04, 0x03, 0x01, 0x48, 0x63, 0x83, 0x04, 0x42, 0x00, 0x00,
    0xf3, 0x0f, 0x11, 0x94, 0xc3, 0x00, 0x02, 0x00, 0x00, 0xf3, 0x0f, 0x11,
    0x8c, 0xc3, 0x04, 0x02, 0x00, 0x00, 0xff, 0xc0, 0x89, 0x83, 0x04, 0x42,
    0x00, 0x00, 0xf3, 0x0f, 0x10, 0x83, 0x08, 0x42, 0x00, 0x00, 0x0f, 0x2e,
    0xc2, 0x76, 0x08, 0xf3, 0x0f, 0x11, 0x93, 0x08, 0x42, 0x00, 0x00, 0xf3,
    0x0f, 0x10, 0x83, 0x0c, 0x42, 0x00, 0x00, 0x0f, 0x2e, 0xc1, 0x0f, 0x87,
    0xd4, 0x01, 0x00, 0x00, 0x0f, 0x2e, 0x93, 0x10, 0x42, 0x00, 0x00, 0x0f,
    0x87, 0xdc, 0x01, 0x00, 0x00, 0x0f, 0x2e, 0x8b, 0x14, 0x42, 0x00, 0x00,
    0x76, 0x08, 0xf3, 0x0f, 0x11, 0x8b, 0x14, 0x42, 0x00, 0x00, 0x0f, 0x28,
    0xc2, 0xf3, 0x0f, 0x5c, 0x45, 0xf0, 0x48, 0x89, 0xdf, 0xf3, 0x0f, 0x11,
    0x45, 0xf0, 0xf3, 0x0f, 0x10, 0x55, 0xf4, 0xf3, 0x0f, 0x10, 0x5d, 0xec,
    0x0f, 0x28, 0xe2, 0xf3, 0x0f, 0x10, 0x6d, 0xe8, 0xe8, 0xd3, 0xf7, 0xff,
    0xff, 0x48, 0x63, 0x83, 0x00, 0x42, 0x00, 0x00, 0x48, 0x3d, 0xff, 0x01,
    0x00, 0x00, 0x0f, 0x8f, 0xa8, 0x00, 0x00, 0x00, 0x81, 0xbb, 0x04, 0x42,
    0x00, 0x00, 0xff, 0x07, 0x00, 0x00, 0x0f, 0x8f, 0x98, 0x00, 0x00, 0x00,
    0x8d, 0x48, 0x01, 0x89, 0x8b, 0x00, 0x42, 0x00, 0x00, 0xc6, 0x04, 0x03,
    0x01, 0x48, 0x63, 0x83, 0x04, 0x42, 0x00, 0x00, 0xf3, 0x0f, 0x10, 0x4d,
    0xf4, 0xf3, 0x0f, 0x11, 0x8c, 0xc3, 0x00, 0x02, 0x00, 0x00, 0xf3, 0x0f,
    0x10, 0x55, 0xe0, 0xf3, 0x0f, 0x11, 0x94, 0xc3, 0x04, 0x02, 0x00, 0x00,
    0xff, 0xc0, 0x89, 0x83, 0x04, 0x42, 0x00, 0x00, 0xf3, 0x0f, 0x10, 0x83,
    0x08, 0x42, 0x00, 0x00, 0x0f, 0x2e, 0xc1, 0x76, 0x0d, 0xf3, 0x0f, 0x10,
    0x45, 0xf4, 0xf3, 0x0f, 0x11, 0x83, 0x08, 0x42, 0x00, 0x00, 0xf3, 0x0f,
    0x10, 0x83, 0x0c, 0x42, 0x00, 0x00, 0x0f, 0x2e, 0xc2, 0x76, 0x08, 0xf3,
    0x0f, 0x11, 0x93, 0x0c, 0x42, 0x00, 0x00, 0xf3, 0x0f, 0x10, 0x45, 0xf4,
    0x0f, 0x2e, 0x83, 0x10, 0x42, 0x00, 0x00, 0x76, 0x0d, 0xf3, 0x0f, 0x10,
    0x45, 0xf4, 0xf3, 0x0f, 0x11, 0x83, 0x10, 0x42, 0x00, 0x00, 0x0f, 0x2e,
    0x93, 0x14, 0x42, 0x00, 0x00, 0x76, 0x0d, 0xf3, 0x0f, 0x10, 0x45, 0xe0,
    0xf3, 0x0f, 0x11, 0x83, 0x14, 0x42, 0x00, 0x00, 0x48, 0x89, 0xdf, 0xf3,
    0x0f, 0x10, 0x45, 0xf4, 0xf3, 0x0f, 0x10, 0x4d, 0xd4, 0xf3, 0x0f, 0x10,
    0x55, 0xf0, 0xf3, 0x0f, 0x10, 0x5d, 0xcc, 0xf3, 0x0f, 0x10, 0x65, 0xdc,
    0x0f, 0x28, 0xeb, 0xe8, 0xf4, 0xf6, 0xff, 0xff, 0x48, 0x63, 0x83, 0x00,
    0x42, 0x00, 0x00, 0x48, 0x3d, 0xff, 0x01, 0x00, 0x00, 0x7f, 0x0d, 0x8d,
    0x48, 0x01, 0x89, 0x8b, 0x00, 0x42, 0x00, 0x00, 0xc6, 0x04, 0x03, 0x03,
    0x48, 0x83, 0xc4, 0x38, 0x5b, 0x5d, 0xc3, 0xf3, 0x0f, 0x11, 0x8b, 0x0c,
    0x42, 0x00, 0x00, 0x0f, 0x2e, 0x93, 0x10, 0x42, 0x00, 0x00, 0x0f, 0x86,
    0x76, 0xfc, 0xff, 0xff, 0xf3, 0x0f, 0x11, 0x93, 0x10, 0x42, 0x00, 0x00,
    0x0f, 0x2e, 0x8b, 0x14, 0x42, 0x00, 0x00, 0x0f, 0x87, 0x6a, 0xfc, 0xff,
    0xff, 0xe9, 0x6d, 0xfc, 0xff, 0xff, 0xf3, 0x0f, 0x11, 0x8b, 0x0c, 0x42,
    0x00, 0x00, 0x0f, 0x2e, 0x9b, 0x10, 0x42, 0x00, 0x00, 0x0f, 0x86, 0xd6,
    0xfc, 0xff, 0xff, 0xf3, 0x0f, 0x11, 0x9b, 0x10, 0x42, 0x00, 0x00, 0x0f,
    0x2e, 0x8b, 0x14, 0x42, 0x00, 0x00, 0x0f, 0x87, 0xca, 0xfc, 0xff, 0xff,
    0xe9, 0xcd, 0xfc, 0xff, 0xff, 0xf3, 0x0f, 0x11, 0x93, 0x0c, 0x42, 0x00,
    0x00, 0x0f, 0x2e, 0x83, 0x10, 0x42, 0x00, 0x00, 0x0f, 0x86, 0x93, 0xfd,
    0xff, 0xff, 0xf3, 0x0f, 0x11, 0x83, 0x10, 0x42, 0x00, 0x00, 0x0f, 0x2e,
    0x93, 0x14, 0x42, 0x00, 0x00, 0x0f, 0x87, 0x87, 0xfd, 0xff, 0xff, 0xe9,
    0x8a, 0xfd, 0xff, 0xff, 0xf3, 0x0f, 0x11, 0x8b, 0x0c, 0x42, 0x00, 0x00,
    0x0f, 0x2e, 0x93, 0x10, 0x42, 0x00, 0x00, 0x0f, 0x86, 0x24, 0xfe, 0xff,
    0xff, 0xf3, 0x0f, 0x11, 0x93, 0x10, 0x42, 0x00, 0x00, 0x0f, 0x2e, 0x8b,
    0x14, 0x42, 0x00, 0x00, 0x0f, 0x87, 0x18, 0xfe, 0xff, 0xff, 0xe9, 0x1b,
    0xfe, 0xff, 0xff, 0x0f, 0x1f, 0x44, 0x00, 0x00, 0x55, 0x48, 0x89, 0xe5,
    0xc7, 0x07, 0x00, 0x00, 0x00, 0x00, 0x89, 0x77, 0x04, 0x5d, 0xc3, 0x90,
    0x55, 0x48, 0x89, 0xe5, 0xc7, 0x07, 0x01, 0x00, 0x00, 0x00, 0xf3, 0x0f,
    0x11, 0x47, 0x08, 0xf3, 0x0f, 0x11, 0x4f, 0x0c, 0xf3, 0x0f, 0x11, 0x57,
    0x10, 0xf3, 0x0f, 0x11, 0x5f, 0x14, 0x89, 0x77, 0x18, 0x89, 0x57, 0x1c,
    0x5d, 0xc3, 0x66, 0x2e, 0x0f, 0x1f, 0x84, 0x00, 0x00, 0x00, 0x00, 0x00,
    0x55, 0x48, 0x89, 0xe5, 0x41, 0x57, 0x41, 0x56, 0x41, 0x55, 0x41, 0x54,
    0x53, 0x48, 0x83, 0xec, 0x48, 0x48, 0x85, 0xff, 0x0f, 0x94, 0xc0, 0x48,
    0x85, 0xf6, 0x0f, 0x94, 0xc1, 0x08, 0xc1, 0x48, 0x89, 0x55, 0xb8, 0x48,
    0x85, 0xd2, 0x0f, 0x94, 0xc0, 0x08, 0xc8, 0x0f, 0x85, 0xdf, 0x0e, 0x00,
    0x00, 0x49, 0x89, 0xf7, 0x8b, 0x86, 0x00, 0x42, 0x00, 0x00, 0x85, 0xc0,
    0x0f, 0x84, 0xce, 0x0e, 0x00, 0x00, 0xc7, 0x05, 0x04, 0x3b, 0x00, 0x00,
    0x00, 0x00, 0x00, 0x00, 0x0f, 0x8e, 0xbe, 0x0e, 0x00, 0x00, 0x49, 0x89,
    0xfe, 0x45, 0x31, 0xe4, 0x0f, 0x57, 0xc0, 0x0f, 0x57, 0xc9, 0x0f, 0x57,
    0xd2, 0x0f, 0x57, 0xdb, 0x45, 0x31, 0xed, 0xe9, 0x90, 0x00, 0x00, 0x00,
    0x0f, 0x1f, 0x40, 0x00, 0x4d, 0x63, 0xed, 0xf3, 0x0f, 0x11, 0x55, 0xc8,
    0xf3, 0x43, 0x0f, 0x10, 0x94, 0xef, 0x00, 0x02, 0x00, 0x00, 0xf3, 0x0f,
    0x11, 0x5d, 0xb0, 0xf3, 0x43, 0x0f, 0x10, 0x9c, 0xef, 0x04, 0x02, 0x00,
    0x00, 0xf3, 0x43, 0x0f, 0x10, 0xa4, 0xef, 0x08, 0x02, 0x00, 0x00, 0xf3,
    0x43, 0x0f, 0x10, 0xac, 0xef, 0x0c, 0x02, 0x00, 0x00, 0xf3, 0x43, 0x0f,
    0x10, 0xb4, 0xef, 0x10, 0x02, 0x00, 0x00, 0xf3, 0x0f, 0x11, 0x75, 0xc4,
    0xf3, 0x43, 0x0f, 0x10, 0xbc, 0xef, 0x14, 0x02, 0x00, 0x00, 0xf3, 0x0f,
    0x11, 0x7d, 0xa0, 0x41, 0x83, 0xc5, 0x03, 0xe8, 0x44, 0x13, 0x00, 0x00,
    0xf3, 0x0f, 0x10, 0x6d, 0xc4, 0xf3, 0x0f, 0x10, 0x65, 0xa0, 0xf3, 0x0f,
    0x10, 0x5d, 0xb0, 0xf3, 0x0f, 0x10, 0x55, 0xc8, 0x41, 0x8b, 0x87, 0x00,
    0x42, 0x00, 0x00, 0x49, 0xff, 0xc4, 0x48, 0x63, 0xc8, 0x0f, 0x28, 0xc5,
    0x0f, 0x28, 0xcc, 0x49, 0x39, 0xcc, 0x0f, 0x8d, 0x03, 0x01, 0x00, 0x00,
    0x43, 0x0f, 0xb6, 0x0c, 0x27, 0x48, 0x83, 0xf9, 0x03, 0x0f, 0x87, 0xe9,
    0x00, 0x00, 0x00, 0xff, 0x24, 0xcd, 0xb0, 0x40, 0x40, 0x00, 0x49, 0x63,
    0xcd, 0xf3, 0x41, 0x0f, 0x10, 0x94, 0xcf, 0x00, 0x02, 0x00, 0x00, 0xf3,
    0x41, 0x0f, 0x10, 0x9c, 0xcf, 0x04, 0x02, 0x00, 0x00, 0x41, 0xff, 0xc5,
    0xeb, 0x52, 0x66, 0x90, 0x48, 0x63, 0x0d, 0x19, 0x3a, 0x00, 0x00, 0x48,
    0x81, 0xf9, 0xff, 0x0f, 0x00, 0x00, 0x7f, 0x40, 0x0f, 0x2e, 0xc2, 0x75,
    0x09, 0x7a, 0x07, 0x0f, 0x2e, 0xcb, 0x75, 0x02, 0x7b, 0x32, 0xf3, 0x0f,
    0x11, 0x04, 0x8d, 0xd0, 0xe0, 0x40, 0x00, 0xf3, 0x0f, 0x11, 0x0c, 0x8d,
    0xd0, 0x60, 0x40, 0x00, 0xf3, 0x0f, 0x11, 0x14, 0x8d, 0xd0, 0x20, 0x41,
    0x00, 0xf3, 0x0f, 0x11, 0x1c, 0x8d, 0xd0, 0xa0, 0x40, 0x00, 0xff, 0xc1,
    0x89, 0x0d, 0xd6, 0x39, 0x00, 0x00, 0x66, 0x0f, 0x1f, 0x44, 0x00, 0x00,
    0x0f, 0x28, 0xe3, 0x0f, 0x28, 0xea, 0xe9, 0x5c, 0xff, 0xff, 0xff, 0x49,
    0x63, 0xcd, 0xf3, 0x41, 0x0f, 0x10, 0xac, 0xcf, 0x00, 0x02, 0x00, 0x00,
    0xf3, 0x41, 0x0f, 0x10, 0xa4, 0xcf, 0x04, 0x02, 0x00, 0x00, 0x48, 0x63,
    0x0d, 0xa7, 0x39, 0x00, 0x00, 0x48, 0x81, 0xf9, 0xff, 0x0f, 0x00, 0x00,
    0x7f, 0x3a, 0x0f, 0x2e, 0xc5, 0x75, 0x09, 0x7a, 0x07, 0x0f, 0x2e, 0xcc,
    0x75, 0x02, 0x7b, 0x2c, 0xf3, 0x0f, 0x11, 0x04, 0x8d, 0xd0, 0xe0, 0x40,
    0x00, 0xf3, 0x0f, 0x11, 0x0c, 0x8d, 0xd0, 0x60, 0x40, 0x00, 0xf3, 0x0f,
    0x11, 0x2c, 0x8d, 0xd0, 0x20, 0x41, 0x00, 0xf3, 0x0f, 0x11, 0x24, 0x8d,
    0xd0, 0xa0, 0x40, 0x00, 0xff, 0xc1, 0x89, 0x0d, 0x64, 0x39, 0x00, 0x00,
    0x41, 0xff, 0xc5, 0xe9, 0xf3, 0xfe, 0xff, 0xff, 0x0f, 0x28, 0xe1, 0x0f,
    0x28, 0xe8, 0xe9, 0xe8, 0xfe, 0xff, 0xff, 0x8b, 0x0d, 0x4b, 0x39, 0x00,
    0x00, 0x48, 0x89, 0x4d, 0xb0, 0x48, 0x85, 0xc9, 0x0f, 0x84, 0xfe, 0x0c,
    0x00, 0x00, 0xf3, 0x41, 0x0f, 0x2c, 0x87, 0x0c, 0x42, 0x00, 0x00, 0xf3,
    0x41, 0x0f, 0x2c, 0x8f, 0x14, 0x42, 0x00, 0x00, 0x8d, 0x71, 0x01, 0x31,
    0xd2, 0x85, 0xc0, 0x0f, 0x4f, 0xd0, 0x41, 0x8b, 0x46, 0x0c, 0x39, 0xc8,
    0x0f, 0x4e, 0xf0, 0x89, 0x75, 0xc4, 0x39, 0xf2, 0x0f, 0x8d, 0xce, 0x0c,
    0x00, 0x00, 0x48, 0x8b, 0x45, 0xb0, 0x48, 0x8d, 0x04, 0x85, 0x00, 0x00,
    0x00, 0x00, 0x48, 0x89, 0x45, 0xa0, 0xf3, 0x0f, 0x10, 0x05, 0x26, 0x1c,
    0x00, 0x00, 0xf3, 0x0f, 0x10, 0x0d, 0x02, 0x1c, 0x00, 0x00, 0xf3, 0x0f,
    0x10, 0x15, 0x42, 0x1c, 0x00, 0x00, 0xf3, 0x0f, 0x10, 0x1d, 0x2a, 0x1c,
    0x00, 0x00, 0xeb, 0x17, 0x66, 0x66, 0x66, 0x2e, 0x0f, 0x1f, 0x84, 0x00,
    0x00, 0x00, 0x00, 0x00, 0xff, 0xc2, 0x3b, 0x55, 0xc4, 0x0f, 0x84, 0x85,
    0x0c, 0x00, 0x00, 0x0f, 0x57, 0xe4, 0xf3, 0x0f, 0x2a, 0xe2, 0xf3, 0x0f,
    0x58, 0xe0, 0x83, 0x7d, 0xb0, 0x00, 0x4c, 0x8b, 0x7d, 0xb8, 0x7e, 0xe0,
    0x31, 0xc9, 0x31, 0xc0, 0x48, 0x8b, 0x75, 0xa0, 0xeb, 0x6b, 0x66, 0x0f,
    0x1f, 0x44, 0x00, 0x00, 0xf3, 0x0f, 0x10, 0xb9, 0xd0, 0xe0, 0x40, 0x00,
    0xf3, 0x44, 0x0f, 0x10, 0x81, 0xd0, 0x20, 0x41, 0x00, 0x44, 0x0f, 0x28,
    0xcc, 0xf3, 0x44, 0x0f, 0x5c, 0xcd, 0x44, 0x0f, 0x28, 0xd6, 0xf3, 0x44,
    0x0f, 0x5c, 0xd5, 0xf3, 0x45, 0x0f, 0x5e, 0xca, 0xf3, 0x44, 0x0f, 0x5c,
    0xc7, 0xf3, 0x45, 0x0f, 0x59, 0xc1, 0xf3, 0x44, 0x0f, 0x58, 0xc7, 0x48,
    0x98, 0x31, 0xff, 0x0f, 0x2e, 0xf5, 0x40, 0x0f, 0x97, 0xc7, 0xf3, 0x44,
    0x0f, 0x11, 0x04, 0xc5, 0xd0, 0x60, 0x41, 0x00, 0x8d, 0x3c, 0x7d, 0xff,
    0xff, 0xff, 0xff, 0x89, 0x3c, 0xc5, 0xd4, 0x60, 0x41, 0x00, 0xff, 0xc0,
    0x48, 0x83, 0xc1, 0x04, 0x48, 0x39, 0xce, 0x74, 0x3b, 0xf3, 0x0f, 0x10,
    0xa9, 0xd0, 0x60, 0x40, 0x00, 0xf3, 0x0f, 0x10, 0xb1, 0xd0, 0xa0, 0x40,
    0x00, 0x0f, 0x2e, 0xee, 0x75, 0x02, 0x7b, 0xe0, 0x0f, 0x2e, 0xe5, 0x72,
    0x09, 0x0f, 0x2e, 0xf4, 0x0f, 0x87, 0x76, 0xff, 0xff, 0xff, 0x0f, 0x2e,
    0xec, 0x76, 0xcd, 0x0f, 0x2e, 0xe6, 0x0f, 0x83, 0x68, 0xff, 0xff, 0xff,
    0xeb, 0xc2, 0x66, 0x0f, 0x1f, 0x44, 0x00, 0x00, 0x83, 0xf8, 0x02, 0x0f,
    0x8c, 0x27, 0xff, 0xff, 0xff, 0x41, 0x89, 0xc1, 0xb8, 0x01, 0x00, 0x00,
    0x00, 0xeb, 0x2a, 0x66, 0x66, 0x66, 0x66, 0x2e, 0x0f, 0x1f, 0x84, 0x00,
    0x00, 0x00, 0x00, 0x00, 0x31, 0xff, 0x48, 0x63, 0xff, 0xf3, 0x0f, 0x11,
    0x2c, 0xfd, 0xd0, 0x60, 0x41, 0x00, 0x89, 0x0c, 0xfd, 0xd4, 0x60, 0x41,
    0x00, 0x48, 0xff, 0xc0, 0x4c, 0x39, 0xc8, 0x74, 0x43, 0xf3, 0x0f, 0x10,
    0x2c, 0xc5, 0xd0, 0x60, 0x41, 0x00, 0x8b, 0x0c, 0xc5, 0xd4, 0x60, 0x41,
    0x00, 0x48, 0x89, 0xc7, 0xf3, 0x0f, 0x10, 0x34, 0xfd, 0xc8, 0x60, 0x41,
    0x00, 0x0f, 0x2e, 0xf5, 0x76, 0xc4, 0x4c, 0x8b, 0x04, 0xfd, 0xc8, 0x60,
    0x41, 0x00, 0x4c, 0x89, 0x04, 0xfd, 0xd0, 0x60, 0x41, 0x00, 0x48, 0xff,
    0xcf, 0x4c, 0x8d, 0x47, 0x01, 0x49, 0x83, 0xf8, 0x01, 0x7f, 0xd5, 0xeb,
    0xa3, 0x0f, 0x1f, 0x00, 0x45, 0x31, 0xd2, 0xb8, 0xd0, 0x60, 0x41, 0x00,
    0x45, 0x31, 0xdb, 0xeb, 0x2f, 0x81, 0xc9, 0x00, 0x00, 0x00, 0xff, 0x49,
    0x8b, 0x06, 0x89, 0x0c, 0xb0, 0x0f, 0x1f, 0x80, 0x00, 0x00, 0x00, 0x00,
    0x4a, 0x8d, 0x04, 0xd5, 0xd0, 0x60, 0x41, 0x00, 0x46, 0x03, 0x1c, 0xd5,
    0xd4, 0x60, 0x41, 0x00, 0x49, 0xff, 0xc2, 0x4d, 0x39, 0xca, 0x0f, 0x84,
    0x74, 0xfe, 0xff, 0xff, 0x45, 0x85, 0xdb, 0x74, 0xdf, 0x41, 0x3b, 0x56,
    0x0c, 0x7d, 0xd9, 0xf3, 0x0f, 0x10, 0x28, 0xf3, 0x42, 0x0f, 0x10, 0x34,
    0xd5, 0xd0, 0x60, 0x41, 0x00, 0x0f, 0x28, 0xfe, 0xf3, 0x0f, 0x5d, 0xfd,
    0xf3, 0x44, 0x0f, 0x2c, 0xe7, 0x45, 0x39, 0x66, 0x08, 0x7e, 0xb9, 0xf3,
    0x0f, 0x5f, 0xee, 0xf3, 0x0f, 0x2c, 0xf5, 0x85, 0xf6, 0x78, 0xad, 0x45,
    0x0f, 0x57, 0xc0, 0xf3, 0x45, 0x0f, 0x2a, 0xc4, 0x41, 0x0f, 0x28, 0xf0,
    0xf3, 0x0f, 0x5c, 0xf7, 0xf3, 0x0f, 0x58, 0xf1, 0x41, 0x39, 0xf4, 0x0f,
    0x85, 0x8a, 0x01, 0x00, 0x00, 0xf3, 0x0f, 0x5c, 0xef, 0x0f, 0x2e, 0xea,
    0x76, 0x86, 0x41, 0x83, 0x3f, 0x01, 0x0f, 0x85, 0x1b, 0x03, 0x00, 0x00,
    0xf3, 0x45, 0x0f, 0x10, 0x47, 0x10, 0xf3, 0x45, 0x0f, 0x10, 0x5f, 0x08,
    0xf3, 0x45, 0x0f, 0x10, 0x4f, 0x0c, 0xf3, 0x45, 0x0f, 0x5c, 0xc3, 0xf3,
    0x45, 0x0f, 0x10, 0x67, 0x14, 0xf3, 0x45, 0x0f, 0x5c, 0xe1, 0x41, 0x0f,
    0x28, 0xf4, 0xf3, 0x41, 0x0f, 0x59, 0xf4, 0x45, 0x0f, 0x28, 0xd0, 0xf3,
    0x45, 0x0f, 0x59, 0xd0, 0xf3, 0x44, 0x0f, 0x58, 0xd6, 0x0f, 0x57, 0xf6,
    0x44, 0x0f, 0x2e, 0xd3, 0x76, 0x2b, 0x0f, 0x28, 0xf5, 0xf3, 0x0f, 0x59,
    0xf0, 0xf3, 0x0f, 0x58, 0xf7, 0xf3, 0x41, 0x0f, 0x5c, 0xf3, 0x0f, 0x28,
    0xfc, 0xf3, 0x41, 0x0f, 0x5c, 0xf9, 0xf3, 0x41, 0x0f, 0x59, 0xfc, 0xf3,
    0x41, 0x0f, 0x59, 0xf0, 0xf3, 0x0f, 0x58, 0xf7, 0xf3, 0x41, 0x0f, 0x5e,
    0xf2, 0x41, 0x8b, 0x4f, 0x18, 0x41, 0x8b, 0x47, 0x1c, 0x89, 0xcb, 0xc1,
    0xeb, 0x18, 0x0f, 0x57, 0xff, 0xf3, 0x0f, 0x2a, 0xfb, 0x89, 0xc3, 0xc1,
    0xeb, 0x18, 0x45, 0x0f, 0x57, 0xc0, 0xf3, 0x44, 0x0f, 0x2a, 0xc3, 0x41,
    0x89, 0xc8, 0x89, 0xc7, 0x0f, 0xb6, 0xf5, 0x41, 0xc1, 0xe8, 0x10, 0x45,
    0x0f, 0xb6, 0xc0, 0x45, 0x0f, 0x57, 0xd2, 0xf3, 0x45, 0x0f, 0x2a, 0xd0,
    0x0f, 0xb6, 0xdc, 0x45, 0x0f, 0x57, 0xc9, 0xf3, 0x44, 0x0f, 0x5f, 0xce,
    0x0f, 0x28, 0xf1, 0xf3, 0x41, 0x0f, 0x5d, 0xf1, 0x44, 0x0f, 0x28, 0xc9,
    0xf3, 0x44, 0x0f, 0x5c, 0xce, 0xf3, 0x44, 0x0f, 0x59, 0xc6, 0xf3, 0x41,
    0x0f, 0x59, 0xf9, 0xf3, 0x41, 0x0f, 0x58, 0xf8, 0xf3, 0x0f, 0x58, 0xf8,
    0xc1, 0xef, 0x10, 0x40, 0x0f, 0xb6, 0xff, 0x45, 0x0f, 0x57, 0xc0, 0xf3,
    0x44, 0x0f, 0x2a, 0xc7, 0xf3, 0x0f, 0x2c, 0xff, 0xf3, 0x44, 0x0f, 0x59,
    0xc6, 0xf3, 0x45, 0x0f, 0x59, 0xd1, 0xf3, 0x45, 0x0f, 0x58, 0xd0, 0x0f,
    0x57, 0xff, 0xf3, 0x0f, 0x2a, 0xfe, 0xf3, 0x44, 0x0f, 0x58, 0xd0, 0x45,
    0x0f, 0x57, 0xc0, 0xf3, 0x44, 0x0f, 0x2a, 0xc3, 0xf3, 0x45, 0x0f, 0x2c,
    0xc2, 0xf3, 0x44, 0x0f, 0x59, 0xc6, 0xf3, 0x41, 0x0f, 0x59, 0xf9, 0xf3,
    0x41, 0x0f, 0x58, 0xf8, 0xf3, 0x0f, 0x58, 0xf8, 0xf3, 0x0f, 0x2c, 0xdf,
    0x0f, 0xb6, 0xc9, 0x0f, 0x57, 0xff, 0xf3, 0x0f, 0x2a, 0xf9, 0x0f, 0xb6,
    0xc0, 0x45, 0x0f, 0x57, 0xc0, 0xf3, 0x44, 0x0f, 0x2a, 0xc0, 0xf3, 0x44,
    0x0f, 0x59, 0xc6, 0xf3, 0x41, 0x0f, 0x59, 0xf9, 0xf3, 0x41, 0x0f, 0x58,
    0xf8, 0xf3, 0x0f, 0x58, 0xf8, 0xf3, 0x0f, 0x2c, 0xc7, 0xc1, 0xe7, 0x18,
    0x41, 0x0f, 0xb6, 0xc8, 0xc1, 0xe1, 0x10, 0x09, 0xf9, 0x0f, 0xb6, 0xfb,
    0xc1, 0xe7, 0x08, 0x09, 0xcf, 0x0f, 0xb6, 0xc8, 0x09, 0xf9, 0xe9, 0xa8,
    0x01, 0x00, 0x00, 0x45, 0x85, 0xe4, 0x89, 0x75, 0xc8, 0x0f, 0x88, 0x6d,
    0x03, 0x00, 0x00, 0x0f, 0x2e, 0xf2, 0x0f, 0x86, 0x64, 0x03, 0x00, 0x00,
    0x41, 0x83, 0x3f, 0x01, 0x0f, 0x85, 0x51, 0x02, 0x00, 0x00, 0xf3, 0x45,
    0x0f, 0x10, 0x4f, 0x10, 0xf3, 0x45, 0x0f, 0x10, 0x67, 0x08, 0xf3, 0x45,
    0x0f, 0x10, 0x57, 0x0c, 0xf3, 0x45, 0x0f, 0x5c, 0xcc, 0xf3, 0x45, 0x0f,
    0x10, 0x6f, 0x14, 0xf3, 0x45, 0x0f, 0x5c, 0xea, 0x41, 0x0f, 0x28, 0xfd,
    0xf3, 0x41, 0x0f, 0x59, 0xfd, 0x45, 0x0f, 0x28, 0xd9, 0xf3, 0x45, 0x0f,
    0x59, 0xd9, 0xf3, 0x44, 0x0f, 0x58, 0xdf, 0x0f, 0x57, 0xff, 0x44, 0x0f,
    0x2e, 0xdb, 0x76, 0x2a, 0xf3, 0x44, 0x0f, 0x58, 0xc0, 0xf3, 0x45, 0x0f,
    0x5c, 0xc4, 0x0f, 0x28, 0xfc, 0xf3, 0x41, 0x0f, 0x5c, 0xfa, 0xf3, 0x41,
    0x0f, 0x59, 0xfd, 0xf3, 0x45, 0x0f, 0x59, 0xc1, 0xf3, 0x44, 0x0f, 0x58,
    0xc7, 0xf3, 0x45, 0x0f, 0x5e, 0xc3, 0x41, 0x0f, 0x28, 0xf8, 0x41, 0x8b,
    0x4f, 0x18, 0x41, 0x8b, 0x47, 0x1c, 0x89, 0xcb, 0xc1, 0xeb, 0x18, 0x45,
    0x0f, 0x57, 0xc0, 0xf3, 0x44, 0x0f, 0x2a, 0xc3, 0x89, 0xc3, 0xc1, 0xeb,
    0x18, 0x45, 0x0f, 0x57, 0xc9, 0xf3, 0x44, 0x0f, 0x2a, 0xcb, 0x41, 0x89,
    0xc8, 0x89, 0xc7, 0x0f, 0xb6, 0xdd, 0x41, 0x89, 0xdd, 0x41, 0xc1, 0xe8,
    0x10, 0x45, 0x0f, 0xb6, 0xc0, 0x45, 0x0f, 0x57, 0xdb, 0xf3, 0x45, 0x0f,
    0x2a, 0xd8, 0x0f, 0xb6, 0xdc, 0x45, 0x0f, 0x57, 0xd2, 0xf3, 0x44, 0x0f,
    0x5f, 0xd7, 0x0f, 0x28, 0xf9, 0xf3, 0x41, 0x0f, 0x5d, 0xfa, 0x44, 0x0f,
    0x28, 0xd1, 0xf3, 0x44, 0x0f, 0x5c, 0xd7, 0xf3, 0x44, 0x0f, 0x59, 0xcf,
    0xf3, 0x45, 0x0f, 0x59, 0xc2, 0xf3, 0x45, 0x0f, 0x58, 0xc1, 0xf3, 0x44,
    0x0f, 0x58, 0xc0, 0xc1, 0xef, 0x10, 0x40, 0x0f, 0xb6, 0xff, 0x45, 0x0f,
    0x57, 0xc9, 0xf3, 0x44, 0x0f, 0x2a, 0xcf, 0xf3, 0x41, 0x0f, 0x2c, 0xf8,
    0xf3, 0x44, 0x0f, 0x59, 0xcf, 0xf3, 0x45, 0x0f, 0x59, 0xda, 0xf3, 0x45,
    0x0f, 0x58, 0xd9, 0x45, 0x0f, 0x57, 0xc0, 0xf3, 0x45, 0x0f, 0x2a, 0xc5,
    0xf3, 0x44, 0x0f, 0x58, 0xd8, 0x45, 0x0f, 0x57, 0xc9, 0xf3, 0x44, 0x0f,
    0x2a, 0xcb, 0xf3, 0x45, 0x0f, 0x2c, 0xc3, 0xf3, 0x44, 0x0f, 0x59, 0xcf,
    0xf3, 0x45, 0x0f, 0x59, 0xc2, 0xf3, 0x45, 0x0f, 0x58, 0xc1, 0xf3, 0x44,
    0x0f, 0x58, 0xc0, 0xf3, 0x41, 0x0f, 0x2c, 0xd8, 0x0f, 0xb6, 0xc9, 0x45,
    0x0f, 0x57, 0xc0, 0xf3, 0x44, 0x0f, 0x2a, 0xc1, 0x0f, 0xb6, 0xc0, 0x45,
    0x0f, 0x57, 0xc9, 0xf3, 0x44, 0x0f, 0x2a, 0xc8, 0xf3, 0x44, 0x0f, 0x59,
    0xcf, 0xf3, 0x45, 0x0f, 0x59, 0xc2, 0xf3, 0x45, 0x0f, 0x58, 0xc1, 0xf3,
    0x44, 0x0f, 0x58, 0xc0, 0xf3, 0x41, 0x0f, 0x2c, 0xc0, 0xc1, 0xe7, 0x18,
    0x41, 0x0f, 0xb6, 0xc8, 0xc1, 0xe1, 0x10, 0x09, 0xf9, 0x0f, 0xb6, 0xfb,
    0xc1, 0xe7, 0x08, 0x09, 0xcf, 0x0f, 0xb6, 0xc8, 0x09, 0xf9, 0xe9, 0xd0,
    0x00, 0x00, 0x00, 0x41, 0x8b, 0x4f, 0x04, 0x89, 0xc8, 0xc1, 0xe8, 0x18,
    0x0f, 0x57, 0xf6, 0xf3, 0x0f, 0x2a, 0xf0, 0xf3, 0x0f, 0x59, 0xf5, 0xf3,
    0x0f, 0x58, 0xf0, 0xf3, 0x44, 0x0f, 0x2c, 0xc6, 0x45, 0x85, 0xc0, 0x0f,
    0x8e, 0x3b, 0xfc, 0xff, 0xff, 0x41, 0x8b, 0x46, 0x10, 0x0f, 0xaf, 0xc2,
    0x44, 0x01, 0xe0, 0x89, 0xc6, 0x41, 0x81, 0xf8, 0xff, 0x00, 0x00, 0x00,
    0x0f, 0x83, 0x0f, 0xfc, 0xff, 0xff, 0x41, 0x89, 0xcc, 0x41, 0xc1, 0xec,
    0x10, 0x89, 0xc8, 0xc1, 0xe8, 0x08, 0x89, 0x45, 0xa8, 0x49, 0x8b, 0x06,
    0x48, 0x89, 0x45, 0xc8, 0x8b, 0x1c, 0xb0, 0x89, 0xdf, 0xc1, 0xef, 0x18,
    0xb8, 0xff, 0x00, 0x00, 0x00, 0x44, 0x29, 0xc0, 0x0f, 0xaf, 0xf8, 0x44,
    0x69, 0xff, 0x81, 0x80, 0x00, 0x00, 0x41, 0xc1, 0xef, 0x17, 0x45, 0x01,
    0xc7, 0x44, 0x0f, 0xb6, 0xeb, 0x0f, 0xb6, 0xff, 0xc1, 0xeb, 0x10, 0x0f,
    0xb6, 0xdb, 0x45, 0x0f, 0xb6, 0xe4, 0x45, 0x0f, 0xaf, 0xe0, 0x0f, 0xaf,
    0xd8, 0x44, 0x01, 0xe3, 0x48, 0x89, 0x75, 0xd0, 0xbe, 0x81, 0x80, 0x80,
    0x80, 0x48, 0x0f, 0xaf, 0xde, 0x48, 0xc1, 0xeb, 0x20, 0x44, 0x0f, 0xb6,
    0x65, 0xa8, 0x45, 0x0f, 0xaf, 0xe0, 0x0f, 0xaf, 0xf8, 0x44, 0x01, 0xe7,
    0x48, 0x0f, 0xaf, 0xfe, 0x48, 0xc1, 0xef, 0x20, 0x0f, 0xb6, 0xc9, 0x41,
    0x0f, 0xaf, 0xc8, 0x44, 0x0f, 0xaf, 0xe8, 0x41, 0x01, 0xcd, 0xe9, 0x82,
    0x06, 0x00, 0x00, 0x41, 0x8b, 0x4f, 0x04, 0x89, 0xc8, 0xc1, 0xe8, 0x18,
    0x0f, 0x57, 0xff, 0xf3, 0x0f, 0x2a, 0xf8, 0xf3, 0x0f, 0x59, 0xfe, 0xf3,
    0x0f, 0x58, 0xf8, 0xf3, 0x44, 0x0f, 0x2c, 0xc7, 0x45, 0x85, 0xc0, 0x0f,
    0x8e, 0xe3, 0x00, 0x00, 0x00, 0x41, 0x8b, 0x46, 0x10, 0x0f, 0xaf, 0xc2,
    0x44, 0x01, 0xe0, 0x89, 0xc7, 0x41, 0x81, 0xf8, 0xff, 0x00, 0x00, 0x00,
    0x72, 0x11, 0x81, 0xc9, 0x00, 0x00, 0x00, 0xff, 0x49, 0x8b, 0x06, 0x89,
    0x0c, 0xb8, 0xe9, 0xbd, 0x00, 0x00, 0x00, 0x89, 0xc8, 0xc1, 0xe8, 0x10,
    0x89, 0x45, 0x9c, 0x89, 0xc8, 0xc1, 0xe8, 0x08, 0x89, 0x45, 0x98, 0x49,
    0x8b, 0x06, 0x48, 0x89, 0x45, 0xd0, 0x8b, 0x1c, 0xb8, 0x89, 0xd8, 0xc1,
    0xe8, 0x18, 0x41, 0xbf, 0xff, 0x00, 0x00, 0x00, 0x45, 0x29, 0xc7, 0x41,
    0x0f, 0xaf, 0xc7, 0x44, 0x69, 0xe8, 0x81, 0x80, 0x00, 0x00, 0x41, 0xc1,
    0xed, 0x17, 0x45, 0x01, 0xc5, 0x48, 0x89, 0x7d, 0xa8, 0x0f, 0xb6, 0xfb,
    0x0f, 0xb6, 0xc7, 0xc1, 0xeb, 0x10, 0x0f, 0xb6, 0xdb, 0x0f, 0xb6, 0x75,
    0x9c, 0x41, 0x0f, 0xaf, 0xf0, 0x41, 0x0f, 0xaf, 0xdf, 0x01, 0xf3, 0xbe,
    0x81, 0x80, 0x80, 0x80, 0x48, 0x0f, 0xaf, 0xde, 0x48, 0xc1, 0xeb, 0x20,
    0x0f, 0xb6, 0x75, 0x98, 0x41, 0x0f, 0xaf, 0xf0, 0x41, 0x0f, 0xaf, 0xc7,
    0x01, 0xf0, 0xbe, 0x81, 0x80, 0x80, 0x80, 0x48, 0x0f, 0xaf, 0xc6, 0x48,
    0xc1, 0xe8, 0x20, 0x0f, 0xb6, 0xc9, 0x41, 0x0f, 0xaf, 0xc8, 0x41, 0x0f,
    0xaf, 0xff, 0x4c, 0x8b, 0x7d, 0xb8, 0x01, 0xcf, 0x48, 0x0f, 0xaf, 0xfe,
    0x48, 0xc1, 0xef, 0x27, 0x41, 0xc1, 0xe5, 0x18, 0x83, 0xe3, 0x80, 0xc1,
    0xe3, 0x09, 0x83, 0xe0, 0x80, 0x01, 0xc0, 0x44, 0x09, 0xe8, 0x09, 0xfb,
    0x8b, 0x75, 0xc8, 0x09, 0xc3, 0x48, 0x8b, 0x45, 0xd0, 0x48, 0x8b, 0x4d,
    0xa8, 0x89, 0x1c, 0x88, 0x45, 0x85, 0xe4, 0xb8, 0xff, 0xff, 0xff, 0xff,
    0x44, 0x0f, 0x48, 0xe0, 0x41, 0x8d, 0x4c, 0x24, 0x01, 0x45, 0x8b, 0x6e,
    0x08, 0x41, 0x39, 0xf5, 0x44, 0x0f, 0x4d, 0xee, 0x41, 0x83, 0x3f, 0x00,
    0x0f, 0x84, 0xc7, 0x01, 0x00, 0x00, 0x44, 0x39, 0xe9, 0x0f, 0x8d, 0xc3,
    0x02, 0x00, 0x00, 0xf3, 0x41, 0x0f, 0x10, 0x77, 0x10, 0xf3, 0x41, 0x0f,
    0x10, 0x7f, 0x08, 0xf3, 0x45, 0x0f, 0x10, 0x4f, 0x0c, 0xf3, 0x0f, 0x5c,
    0xf7, 0xf3, 0x45, 0x0f, 0x10, 0x57, 0x14, 0xf3, 0x45, 0x0f, 0x5c, 0xd1,
    0x44, 0x0f, 0x28, 0xc4, 0xf3, 0x45, 0x0f, 0x5c, 0xc1, 0xf3, 0x45, 0x0f,
    0x59, 0xc2, 0xf3, 0x45, 0x0f, 0x59, 0xd2, 0x44, 0x0f, 0x28, 0xce, 0xf3,
    0x44, 0x0f, 0x59, 0xce, 0xf3, 0x45, 0x0f, 0x58, 0xca, 0x4c, 0x63, 0xe1,
    0xeb, 0x12, 0x66, 0x0f, 0x1f, 0x44, 0x00, 0x00, 0x49, 0xff, 0xc4, 0x45,
    0x39, 0xe5, 0x0f, 0x84, 0x6a, 0x02, 0x00, 0x00, 0x44, 0x0f, 0x2e, 0xcb,
    0x45, 0x0f, 0x57, 0xd2, 0x76, 0x22, 0x45, 0x0f, 0x57, 0xd2, 0xf3, 0x45,
    0x0f, 0x2a, 0xd4, 0xf3, 0x44, 0x0f, 0x58, 0xd0, 0xf3, 0x44, 0x0f, 0x5c,
    0xd7, 0xf3, 0x44, 0x0f, 0x59, 0xd6, 0xf3, 0x45, 0x0f, 0x58, 0xd0, 0xf3,
    0x45, 0x0f, 0x5e, 0xd1, 0x45, 0x3b, 0x66, 0x08, 0x7d, 0xc2, 0x41, 0x3b,
    0x56, 0x0c, 0x7d, 0xbc, 0x41, 0x8b, 0x4f, 0x18, 0x41, 0x8b, 0x47, 0x1c,
    0x89, 0xcb, 0xc1, 0xeb, 0x18, 0x45, 0x0f, 0x57, 0xdb, 0xf3, 0x44, 0x0f,
    0x2a, 0xdb, 0x89, 0xc3, 0xc1, 0xeb, 0x18, 0x45, 0x0f, 0x57, 0xe4, 0xf3,
    0x44, 0x0f, 0x2a, 0xe3, 0x41, 0x89, 0xc8, 0x0f, 0xb6, 0xfd, 0x0f, 0xb6,
    0xc9, 0x89, 0xc6, 0x0f, 0xb6, 0xdc, 0x41, 0xc1, 0xe8, 0x10, 0x45, 0x0f,
    0xb6, 0xc0, 0x45, 0x0f, 0x57, 0xed, 0xf3, 0x45, 0x0f, 0x2a, 0xe8, 0x44,
    0x0f, 0xb6, 0xc0, 0x45, 0x0f, 0x57, 0xf6, 0xf3, 0x45, 0x0f, 0x5f, 0xf2,
    0x44, 0x0f, 0x28, 0xd1, 0xf3, 0x45, 0x0f, 0x5d, 0xd6, 0x44, 0x0f, 0x28,
    0xf1, 0xf3, 0x45, 0x0f, 0x5c, 0xf2, 0xf3, 0x45, 0x0f, 0x59, 0xe2, 0xf3,
    0x45, 0x0f, 0x59, 0xde, 0xf3, 0x45, 0x0f, 0x58, 0xdc, 0xf3, 0x44, 0x0f,
    0x58, 0xd8, 0xc1, 0xee, 0x10, 0x40, 0x0f, 0xb6, 0xc6, 0x45, 0x0f, 0x57,
    0xe4, 0xf3, 0x44, 0x0f, 0x2a, 0xe0, 0xf3, 0x41, 0x0f, 0x2c, 0xc3, 0xf3,
    0x45, 0x0f, 0x59, 0xe2, 0xf3, 0x45, 0x0f, 0x59, 0xee, 0xf3, 0x45, 0x0f,
    0x58, 0xec, 0x45, 0x0f, 0x57, 0xdb, 0xf3, 0x44, 0x0f, 0x2a, 0xdf, 0xf3,
    0x44, 0x0f, 0x58, 0xe8, 0x45, 0x0f, 0x57, 0xe4, 0xf3, 0x44, 0x0f, 0x2a,
    0xe3, 0xf3, 0x41, 0x0f, 0x2c, 0xf5, 0xf3, 0x45, 0x0f, 0x59, 0xe2, 0xf3,
    0x45, 0x0f, 0x59, 0xde, 0xf3, 0x45, 0x0f, 0x58, 0xdc, 0x45, 0x0f, 0x57,
    0xe4, 0xf3, 0x44, 0x0f, 0x2a, 0xe1, 0xf3, 0x44, 0x0f, 0x58, 0xd8, 0x45,
    0x0f, 0x57, 0xed, 0xf3, 0x45, 0x0f, 0x2a, 0xe8, 0xf3, 0x41, 0x0f, 0x2c,
    0xcb, 0xf3, 0x45, 0x0f, 0x59, 0xea, 0xf3, 0x45, 0x0f, 0x59, 0xe6, 0xf3,
    0x45, 0x0f, 0x58, 0xe5, 0xf3, 0x44, 0x0f, 0x58, 0xe0, 0xf3, 0x41, 0x0f,
    0x2c, 0xfc, 0xc1, 0xe0, 0x18, 0x40, 0x0f, 0xb6, 0xf6, 0xc1, 0xe6, 0x10,
    0x09, 0xc6, 0x0f, 0xb6, 0xc1, 0xc1, 0xe0, 0x08, 0x09, 0xf0, 0x40, 0x0f,
    0xb6, 0xcf, 0x09, 0xc1, 0x49, 0x8b, 0x06, 0x49, 0x63, 0x76, 0x10, 0x48,
    0x63, 0xfa, 0x48, 0x0f, 0xaf, 0xfe, 0x4c, 0x01, 0xe7, 0x89, 0x0c, 0xb8,
    0xe9, 0x8f, 0xfe, 0xff, 0xff, 0x44, 0x39, 0xe9, 0x0f, 0x8d, 0xfc, 0x00,
    0x00, 0x00, 0x45, 0x8b, 0x47, 0x04, 0x41, 0x8b, 0x7e, 0x10, 0x0f, 0xaf,
    0xfa, 0x49, 0x8b, 0x06, 0x89, 0xc9, 0x45, 0x89, 0xed, 0x4c, 0x89, 0xeb,
    0x48, 0x29, 0xcb, 0x48, 0x83, 0xfb, 0x14, 0x73, 0x64, 0x45, 0x89, 0xef,
    0x41, 0x29, 0xcf, 0x48, 0x89, 0xcb, 0x41, 0x83, 0xe7, 0x03, 0x74, 0x17,
    0x48, 0x89, 0xcb, 0x0f, 0x1f, 0x44, 0x00, 0x00, 0x8d, 0x34, 0x1f, 0x44,
    0x89, 0x04, 0xb0, 0x48, 0xff, 0xc3, 0x49, 0xff, 0xcf, 0x75, 0xf1, 0x4c,
    0x29, 0xe9, 0x48, 0x83, 0xf9, 0xfc, 0x4c, 0x8b, 0x7d, 0xb8, 0x0f, 0x87,
    0xa6, 0x00, 0x00, 0x00, 0x8d, 0x0c, 0x1f, 0x44, 0x89, 0x04, 0x88, 0x8d,
    0x0c, 0x1f, 0xff, 0xc1, 0x44, 0x89, 0x04, 0x88, 0x8d, 0x4c, 0x1f, 0x02,
    0x44, 0x89, 0x04, 0x88, 0x8d, 0x0c, 0x1f, 0x83, 0xc1, 0x03, 0x44, 0x89,
    0x04, 0x88, 0x48, 0x83, 0xc3, 0x04, 0x49, 0x39, 0xdd, 0x75, 0xd5, 0xeb,
    0x79, 0x49, 0x89, 0xcf, 0x49, 0xf7, 0xd7, 0x4d, 0x01, 0xef, 0x41, 0x8d,
    0x34, 0x3c, 0x89, 0x75, 0xd0, 0xbe, 0xfe, 0xff, 0xff, 0xff, 0x2b, 0x75,
    0xd0, 0x44, 0x39, 0xfe, 0x0f, 0x82, 0x7b, 0xff, 0xff, 0xff, 0x49, 0xc1,
    0xef, 0x20, 0x0f, 0x85, 0x71, 0xff, 0xff, 0xff, 0x49, 0x89, 0xdf, 0x49,
    0x83, 0xe7, 0xf8, 0x4c, 0x01, 0xf9, 0x66, 0x41, 0x0f, 0x6e, 0xf0, 0x66,
    0x0f, 0x70, 0xf6, 0x00, 0x41, 0x01, 0xfc, 0x41, 0xff, 0xc4, 0x4c, 0x89,
    0x7d, 0xd0, 0x66, 0x2e, 0x0f, 0x1f, 0x84, 0x00, 0x00, 0x00, 0x00, 0x00,
    0x44, 0x89, 0xe6, 0xf3, 0x0f, 0x7f, 0x34, 0xb0, 0xf3, 0x0f, 0x7f, 0x74,
    0xb0, 0x10, 0x41, 0x83, 0xc4, 0x08, 0x49, 0x83, 0xc7, 0xf8, 0x75, 0xe8,
    0x48, 0x3b, 0x5d, 0xd0, 0x4c, 0x8b, 0x7d, 0xb8, 0x0f, 0x85, 0x23, 0xff,
    0xff, 0xff, 0x8b, 0x75, 0xc8, 0x41, 0x39, 0x76, 0x08, 0x0f, 0x8e, 0x8d,
    0xf7, 0xff, 0xff, 0x0f, 0x57, 0xff, 0xf3, 0x0f, 0x2a, 0xfe, 0xf3, 0x0f,
    0x5c, 0xef, 0x0f, 0x2e, 0xea, 0x0f, 0x86, 0x79, 0xf7, 0xff, 0xff, 0x41,
    0x83, 0x3f, 0x01, 0x0f, 0x85, 0x81, 0x01, 0x00, 0x00, 0xf3, 0x45, 0x0f,
    0x10, 0x47, 0x10, 0xf3, 0x45, 0x0f, 0x10, 0x5f, 0x08, 0xf3, 0x45, 0x0f,
    0x10, 0x4f, 0x0c, 0xf3, 0x45, 0x0f, 0x5c, 0xc3, 0xf3, 0x45, 0x0f, 0x10,
    0x67, 0x14, 0xf3, 0x45, 0x0f, 0x5c, 0xe1, 0x41, 0x0f, 0x28, 0xf4, 0xf3,
    0x41, 0x0f, 0x59, 0xf4, 0x45, 0x0f, 0x28, 0xd0, 0xf3, 0x45, 0x0f, 0x59,
    0xd0, 0xf3, 0x44, 0x0f, 0x58, 0xd6, 0x0f, 0x57, 0xf6, 0x44, 0x0f, 0x2e,
    0xd3, 0x76, 0x27, 0xf3, 0x0f, 0x58, 0xf8, 0xf3, 0x41, 0x0f, 0x5c, 0xfb,
    0x0f, 0x28, 0xf4, 0xf3, 0x41, 0x0f, 0x5c, 0xf1, 0xf3, 0x41, 0x0f, 0x59,
    0xf4, 0xf3, 0x41, 0x0f, 0x59, 0xf8, 0xf3, 0x0f, 0x58, 0xfe, 0xf3, 0x41,
    0x0f, 0x5e, 0xfa, 0x0f, 0x28, 0xf7, 0x41, 0x8b, 0x4f, 0x18, 0x41, 0x8b,
    0x47, 0x1c, 0x89, 0xcb, 0xc1, 0xeb, 0x18, 0x0f, 0x57, 0xff, 0xf3, 0x0f,
    0x2a, 0xfb, 0x89, 0xc3, 0xc1, 0xeb, 0x18, 0x45, 0x0f, 0x57, 0xc0, 0xf3,
    0x44, 0x0f, 0x2a, 0xc3, 0x89, 0xce, 0x89, 0xc7, 0x0f, 0xb6, 0xdd, 0x41,
    0x89, 0xd8, 0xc1, 0xee, 0x10, 0x40, 0x0f, 0xb6, 0xf6, 0x45, 0x0f, 0x57,
    0xd2, 0xf3, 0x44, 0x0f, 0x2a, 0xd6, 0x0f, 0xb6, 0xdc, 0x45, 0x0f, 0x57,
    0xc9, 0xf3, 0x44, 0x0f, 0x5f, 0xce, 0x0f, 0x28, 0xf1, 0xf3, 0x41, 0x0f,
    0x5d, 0xf1, 0x44, 0x0f, 0x28, 0xc9, 0xf3, 0x44, 0x0f, 0x5c, 0xce, 0xf3,
    0x44, 0x0f, 0x59, 0xc6, 0xf3, 0x41, 0x0f, 0x59, 0xf9, 0xf3, 0x41, 0x0f,
    0x58, 0xf8, 0xf3, 0x0f, 0x58, 0xf8, 0xc1, 0xef, 0x10, 0x40, 0x0f, 0xb6,
    0xf7, 0x45, 0x0f, 0x57, 0xc0, 0xf3, 0x44, 0x0f, 0x2a, 0xc6, 0xf3, 0x0f,
    0x2c, 0xff, 0xf3, 0x44, 0x0f, 0x59, 0xc6, 0xf3, 0x45, 0x0f, 0x59, 0xd1,
    0xf3, 0x45, 0x0f, 0x58, 0xd0, 0x0f, 0x57, 0xff, 0xf3, 0x41, 0x0f, 0x2a,
    0xf8, 0xf3, 0x44, 0x0f, 0x58, 0xd0, 0x45, 0x0f, 0x57, 0xc0, 0xf3, 0x44,
    0x0f, 0x2a, 0xc3, 0xf3, 0x41, 0x0f, 0x2c, 0xf2, 0xf3, 0x44, 0x0f, 0x59,
    0xc6, 0xf3, 0x41, 0x0f, 0x59, 0xf9, 0xf3, 0x41, 0x0f, 0x58, 0xf8, 0xf3,
    0x0f, 0x58, 0xf8, 0xf3, 0x44, 0x0f, 0x2c, 0xc7, 0x0f, 0xb6, 0xc9, 0x0f,
    0x57, 0xff, 0xf3, 0x0f, 0x2a, 0xf9, 0x0f, 0xb6, 0xc0, 0x45, 0x0f, 0x57,
    0xc0, 0xf3, 0x44, 0x0f, 0x2a, 0xc0, 0xf3, 0x44, 0x0f, 0x59, 0xc6, 0xf3,
    0x41, 0x0f, 0x59, 0xf9, 0xf3, 0x41, 0x0f, 0x58, 0xf8, 0xf3, 0x0f, 0x58,
    0xf8, 0xf3, 0x0f, 0x2c, 0xc7, 0xc1, 0xe7, 0x18, 0x40, 0x0f, 0xb6, 0xce,
    0xc1, 0xe1, 0x10, 0x09, 0xf9, 0x41, 0x0f, 0xb6, 0xf0, 0xc1, 0xe6, 0x08,
    0x09, 0xce, 0x0f, 0xb6, 0xc0, 0x09, 0xf0, 0x8b, 0x75, 0xc8, 0x41, 0x3b,
    0x56, 0x0c, 0x0f, 0x8d, 0xf0, 0xf5, 0xff, 0xff, 0xeb, 0x0e, 0x41, 0x8b,
    0x47, 0x04, 0x41, 0x3b, 0x56, 0x0c, 0x0f, 0x8d, 0xe0, 0xf5, 0xff, 0xff,
    0x89, 0xc1, 0xc1, 0xe9, 0x18, 0x0f, 0x57, 0xf6, 0xf3, 0x0f, 0x2a, 0xf1,
    0xf3, 0x0f, 0x59, 0xf5, 0xf3, 0x0f, 0x58, 0xf0, 0xf3, 0x44, 0x0f, 0x2c,
    0xc6, 0x45, 0x85, 0xc0, 0x0f, 0x8e, 0xbe, 0xf5, 0xff, 0xff, 0x41, 0x8b,
    0x4e, 0x10, 0x0f, 0xaf, 0xca, 0x01, 0xf1, 0x89, 0xcf, 0x41, 0x81, 0xf8,
    0xff, 0x00, 0x00, 0x00, 0x72, 0x10, 0x0d, 0x00, 0x00, 0x00, 0xff, 0x49,
    0x8b, 0x0e, 0x89, 0x04, 0xb9, 0xe9, 0x9a, 0xf5, 0xff, 0xff, 0x89, 0xc6,
    0xc1, 0xee, 0x10, 0x41, 0x89, 0xc4, 0x41, 0xc1, 0xec, 0x08, 0x49, 0x8b,
    0x0e, 0x48, 0x89, 0x4d, 0xc8, 0x8b, 0x1c, 0xb9, 0x48, 0x89, 0x7d, 0xd0,
    0x89, 0xdf, 0xc1, 0xef, 0x18, 0xb9, 0xff, 0x00, 0x00, 0x00, 0x44, 0x29,
    0xc1, 0x0f, 0xaf, 0xf9, 0x44, 0x69, 0xff, 0x81, 0x80, 0x00, 0x00, 0x41,
    0xc1, 0xef, 0x17, 0x45, 0x01, 0xc7, 0x44, 0x0f, 0xb6, 0xeb, 0x0f, 0xb6,
    0xff, 0xc1, 0xeb, 0x10, 0x0f, 0xb6, 0xdb, 0x40, 0x0f, 0xb6, 0xf6, 0x41,
    0x0f, 0xaf, 0xf0, 0x0f, 0xaf, 0xd9, 0x01, 0xf3, 0xbe, 0x81, 0x80, 0x80,
    0x80, 0x48, 0x0f, 0xaf, 0xde, 0x48, 0xc1, 0xeb, 0x20, 0x41, 0x0f, 0xb6,
    0xf4, 0x41, 0x0f, 0xaf, 0xf0, 0x0f, 0xaf, 0xf9, 0x01, 0xf7, 0xbe, 0x81,
    0x80, 0x80, 0x80, 0x48, 0x0f, 0xaf, 0xfe, 0x48, 0xc1, 0xef, 0x20, 0x0f,
    0xb6, 0xc0, 0x41, 0x0f, 0xaf, 0xc0, 0x44, 0x0f, 0xaf, 0xe9, 0x41, 0x01,
    0xc5, 0x4c, 0x0f, 0xaf, 0xee, 0x49, 0xc1, 0xed, 0x27, 0x41, 0xc1, 0xe7,
    0x18, 0x83, 0xe3, 0x80, 0xc1, 0xe3, 0x09, 0x83, 0xe7, 0x80, 0x01, 0xff,
    0x44, 0x09, 0xff, 0x4c, 0x8b, 0x7d, 0xb8, 0x44, 0x09, 0xeb, 0x09, 0xfb,
    0x48, 0x8b, 0x45, 0xc8, 0x48, 0x8b, 0x4d, 0xd0, 0x89, 0x1c, 0x88, 0xe9,
    0xe0, 0xf4, 0xff, 0xff, 0x48, 0x83, 0xc4, 0x48, 0x5b, 0x41, 0x5c, 0x41,
    0x5d, 0x41, 0x5e, 0x41, 0x5f, 0x5d, 0xc3, 0x90, 0x55, 0x48, 0x89, 0xe5,
    0x48, 0x85, 0xff, 0x0f, 0x94, 0xc0, 0x48, 0x85, 0xf6, 0x0f, 0x94, 0xc1,
    0x08, 0xc1, 0x48, 0x85, 0xd2, 0x0f, 0x94, 0xc0, 0x08, 0xc8, 0x75, 0x06,
    0x5d, 0xe9, 0xbe, 0xf0, 0xff, 0xff, 0x5d, 0xc3, 0x66, 0x66, 0x66, 0x2e,
    0x0f, 0x1f, 0x84, 0x00, 0x00, 0x00, 0x00, 0x00, 0x44, 0x0f, 0xb6, 0x09,
    0x45, 0x84, 0xc9, 0x0f, 0x84, 0x5c, 0x03, 0x00, 0x00, 0x55, 0x48, 0x89,
    0xe5, 0x41, 0x57, 0x41, 0x56, 0x41, 0x55, 0x41, 0x54, 0x53, 0x48, 0x83,
    0xec, 0x18, 0x48, 0x63, 0xc2, 0x89, 0xc2, 0xeb, 0x23, 0x66, 0x66, 0x2e,
    0x0f, 0x1f, 0x84, 0x00, 0x00, 0x00, 0x00, 0x00, 0x83, 0xc6, 0x08, 0x48,
    0x8b, 0x4d, 0xc0, 0x44, 0x0f, 0xb6, 0x49, 0x01, 0x48, 0xff, 0xc1, 0x45,
    0x84, 0xc9, 0x0f, 0x84, 0x13, 0x03, 0x00, 0x00, 0x48, 0x89, 0x4d, 0xc0,
    0x41, 0x0f, 0xb6, 0xc9, 0x80, 0xf9, 0x21, 0x41, 0xb9, 0x20, 0x00, 0x00,
    0x00, 0x41, 0x0f, 0x4c, 0xc9, 0x80, 0xc1, 0xe0, 0x44, 0x0f, 0xb6, 0xd1,
    0x8d, 0x4e, 0x01, 0x89, 0x4d, 0xc8, 0x8d, 0x4e, 0x02, 0x89, 0x4d, 0xcc,
    0x8d, 0x4e, 0x03, 0x89, 0x4d, 0xd0, 0x8d, 0x4e, 0x04, 0x89, 0x4d, 0xd4,
    0x44, 0x8d, 0x66, 0x05, 0x44, 0x8d, 0x6e, 0x06, 0x44, 0x8d, 0x4e, 0x07,
    0x45, 0x31, 0xdb, 0xeb, 0x0c, 0x0f, 0x1f, 0x00, 0x49, 0xff, 0xc3, 0x49,
    0x83, 0xfb, 0x08, 0x74, 0x97, 0x85, 0xf6, 0x41, 0x0f, 0x98, 0xc6, 0x43,
    0x0f, 0xb6, 0x9c, 0xd3, 0xd0, 0x40, 0x40, 0x00, 0x4a, 0x8d, 0x0c, 0x18,
    0x84, 0xdb, 0x41, 0x0f, 0x99, 0xc7, 0x45, 0x08, 0xf7, 0x0f, 0x84, 0xe5,
    0x00, 0x00, 0x00, 0x83, 0xfe, 0xff, 0x41, 0x0f, 0x9c, 0xc6, 0xf6, 0xc3,
    0x40, 0x41, 0x0f, 0x94, 0xc7, 0x45, 0x08, 0xf7, 0x0f, 0x84, 0x0e, 0x01,
    0x00, 0x00, 0x83, 0xfe, 0xfe, 0x41, 0x0f, 0x9c, 0xc6, 0xf6, 0xc3, 0x20,
    0x41, 0x0f, 0x94, 0xc7, 0x45, 0x08, 0xf7, 0x0f, 0x84, 0x37, 0x01, 0x00,
    0x00, 0x83, 0xfe, 0xfd, 0x41, 0x0f, 0x9c, 0xc6, 0xf6, 0xc3, 0x10, 0x41,
    0x0f, 0x94, 0xc7, 0x45, 0x08, 0xf7, 0x0f, 0x84, 0x60, 0x01, 0x00, 0x00,
    0x83, 0xfe, 0xfc, 0x41, 0x0f, 0x9c, 0xc6, 0xf6, 0xc3, 0x08, 0x41, 0x0f,
    0x94, 0xc7, 0x45, 0x08, 0xf7, 0x0f, 0x84, 0x89, 0x01, 0x00, 0x00, 0x83,
    0xfe, 0xfb, 0x41, 0x0f, 0x9c, 0xc6, 0xf6, 0xc3, 0x04, 0x41, 0x0f, 0x94,
    0xc7, 0x45, 0x08, 0xf7, 0x0f, 0x84, 0xb2, 0x01, 0x00, 0x00, 0x83, 0xfe,
    0xfa, 0x41, 0x0f, 0x9c, 0xc6, 0xf6, 0xc3, 0x02, 0x41, 0x0f, 0x94, 0xc7,
    0x45, 0x08, 0xf7, 0x0f, 0x84, 0xdb, 0x01, 0x00, 0x00, 0x83, 0xfe, 0xf9,
    0x41, 0x0f, 0x9c, 0xc6, 0xf6, 0xc3, 0x01, 0x0f, 0x94, 0xc3, 0x44, 0x08,
    0xf3, 0x0f, 0x85, 0x35, 0xff, 0xff, 0xff, 0x48, 0x85, 0xc9, 0x0f, 0x88,
    0x2c, 0xff, 0xff, 0xff, 0x44, 0x3b, 0x4f, 0x08, 0x0f, 0x8d, 0x22, 0xff,
    0xff, 0xff, 0x48, 0x63, 0x5f, 0x0c, 0x48, 0x39, 0xd9, 0x0f, 0x8d, 0x15,
    0xff, 0xff, 0xff, 0x42, 0x8d, 0x0c, 0x1a, 0x0f, 0xaf, 0x4f, 0x10, 0x48,
    0x8b, 0x1f, 0x44, 0x01, 0xc9, 0x48, 0x63, 0xc9, 0x44, 0x89, 0x04, 0x8b,
    0xe9, 0xfb, 0xfe, 0xff, 0xff, 0x66, 0x66, 0x2e, 0x0f, 0x1f, 0x84, 0x00,
    0x00, 0x00, 0x00, 0x00, 0x48, 0x85, 0xc9, 0x0f, 0x88, 0x12, 0xff, 0xff,
    0xff, 0x3b, 0x77, 0x08, 0x0f, 0x8d, 0x09, 0xff, 0xff, 0xff, 0x4c, 0x63,
    0x77, 0x0c, 0x4c, 0x39, 0xf1, 0x0f, 0x8d, 0xfc, 0xfe, 0xff, 0xff, 0x46,
    0x8d, 0x34, 0x1a, 0x44, 0x0f, 0xaf, 0x77, 0x10, 0x4c, 0x8b, 0x3f, 0x41,
    0x01, 0xf6, 0x4d, 0x63, 0xf6, 0x47, 0x89, 0x04, 0xb7, 0xe9, 0xe1, 0xfe,
    0xff, 0xff, 0x66, 0x0f, 0x1f, 0x44, 0x00, 0x00, 0x48, 0x85, 0xc9, 0x0f,
    0x88, 0xe9, 0xfe, 0xff, 0xff, 0x44, 0x8b, 0x75, 0xc8, 0x44, 0x3b, 0x77,
    0x08, 0x0f, 0x8d, 0xdb, 0xfe, 0xff, 0xff, 0x4c, 0x63, 0x77, 0x0c, 0x4c,
    0x39, 0xf1, 0x0f, 0x8d, 0xce, 0xfe, 0xff, 0xff, 0x46, 0x8d, 0x34, 0x1a,
    0x44, 0x0f, 0xaf, 0x77, 0x10, 0x4c, 0x8b, 0x3f, 0x44, 0x03, 0x75, 0xc8,
    0x4d, 0x63, 0xf6, 0x47, 0x89, 0x04, 0xb7, 0xe9, 0xb2, 0xfe, 0xff, 0xff,
    0x48, 0x85, 0xc9, 0x0f, 0x88, 0xc0, 0xfe, 0xff, 0xff, 0x44, 0x8b, 0x75,
    0xcc, 0x44, 0x3b, 0x77, 0x08, 0x0f, 0x8d, 0xb2, 0xfe, 0xff, 0xff, 0x4c,
    0x63, 0x77, 0x0c, 0x4c, 0x39, 0xf1, 0x0f, 0x8d, 0xa5, 0xfe, 0xff, 0xff,
    0x46, 0x8d, 0x34, 0x1a, 0x44, 0x0f, 0xaf, 0x77, 0x10, 0x4c, 0x8b, 0x3f,
    0x44, 0x03, 0x75, 0xcc, 0x4d, 0x63, 0xf6, 0x47, 0x89, 0x04, 0xb7, 0xe9,
    0x89, 0xfe, 0xff, 0xff, 0x48, 0x85, 0xc9, 0x0f, 0x88, 0x97, 0xfe, 0xff,
    0xff, 0x44, 0x8b, 0x75, 0xd0, 0x44, 0x3b, 0x77, 0x08, 0x0f, 0x8d, 0x89,
    0xfe, 0xff, 0xff, 0x4c, 0x63, 0x77, 0x0c, 0x4c, 0x39, 0xf1, 0x0f, 0x8d,
    0x7c, 0xfe, 0xff, 0xff, 0x46, 0x8d, 0x34, 0x1a, 0x44, 0x0f, 0xaf, 0x77,
    0x10, 0x4c, 0x8b, 0x3f, 0x44, 0x03, 0x75, 0xd0, 0x4d, 0x63, 0xf6, 0x47,
    0x89, 0x04, 0xb7, 0xe9, 0x60, 0xfe, 0xff, 0xff, 0x48, 0x85, 0xc9, 0x0f,
    0x88, 0x6e, 0xfe, 0xff, 0xff, 0x44, 0x8b, 0x75, 0xd4, 0x44, 0x3b, 0x77,
    0x08, 0x0f, 0x8d, 0x60, 0xfe, 0xff, 0xff, 0x4c, 0x63, 0x77, 0x0c, 0x4c,
    0x39, 0xf1, 0x0f, 0x8d, 0x53, 0xfe, 0xff, 0xff, 0x46, 0x8d, 0x34, 0x1a,
    0x44, 0x0f, 0xaf, 0x77, 0x10, 0x4c, 0x8b, 0x3f, 0x44, 0x03, 0x75, 0xd4,
    0x4d, 0x63, 0xf6, 0x47, 0x89, 0x04, 0xb7, 0xe9, 0x37, 0xfe, 0xff, 0xff,
    0x48, 0x85, 0xc9, 0x0f, 0x88, 0x45, 0xfe, 0xff, 0xff, 0x44, 0x3b, 0x67,
    0x08, 0x0f, 0x8d, 0x3b, 0xfe, 0xff, 0xff, 0x4c, 0x63, 0x77, 0x0c, 0x4c,
    0x39, 0xf1, 0x0f, 0x8d, 0x2e, 0xfe, 0xff, 0xff, 0x46, 0x8d, 0x34, 0x1a,
    0x44, 0x0f, 0xaf, 0x77, 0x10, 0x4c, 0x8b, 0x3f, 0x45, 0x01, 0xe6, 0x4d,
    0x63, 0xf6, 0x47, 0x89, 0x04, 0xb7, 0xe9, 0x13, 0xfe, 0xff, 0xff, 0x0f,
    0x1f, 0x44, 0x00, 0x00, 0x48, 0x85, 0xc9, 0x0f, 0x88, 0x1c, 0xfe, 0xff,
    0xff, 0x44, 0x3b, 0x6f, 0x08, 0x0f, 0x8d, 0x12, 0xfe, 0xff, 0xff, 0x4c,
    0x63, 0x77, 0x0c, 0x4c, 0x39, 0xf1, 0x0f, 0x8d, 0x05, 0xfe, 0xff, 0xff,
    0x46, 0x8d, 0x34, 0x1a, 0x44, 0x0f, 0xaf, 0x77, 0x10, 0x4c, 0x8b, 0x3f,
    0x45, 0x01, 0xee, 0x4d, 0x63, 0xf6, 0x47, 0x89, 0x04, 0xb7, 0xe9, 0xea,
    0xfd, 0xff, 0xff, 0x48, 0x83, 0xc4, 0x18, 0x5b, 0x41, 0x5c, 0x41, 0x5d,
    0x41, 0x5e, 0x41, 0x5f, 0x5d, 0xc3, 0x66, 0x0f, 0x1f, 0x44, 0x00, 0x00,
    0x55, 0x48, 0x89, 0xe5, 0x41, 0x57, 0x41, 0x56, 0x41, 0x55, 0x41, 0x54,
    0x53, 0x48, 0x83, 0xec, 0x30, 0x89, 0x55, 0xd0, 0x89, 0x75, 0xd4, 0x41,
    0x83, 0xf9, 0x02, 0x41, 0xba, 0x01, 0x00, 0x00, 0x00, 0x45, 0x0f, 0x4d,
    0xd1, 0x0f, 0xb6, 0x01, 0x84, 0xc0, 0x0f, 0x84, 0x05, 0x01, 0x00, 0x00,
    0x42, 0x8d, 0x14, 0xd5, 0x00, 0x00, 0x00, 0x00, 0x89, 0x55, 0xc4, 0xeb,
    0x1c, 0x0f, 0x1f, 0x00, 0x8b, 0x45, 0xc4, 0x01, 0x45, 0xd4, 0x48, 0x8b,
    0x4d, 0xb8, 0x0f, 0xb6, 0x41, 0x01, 0x48, 0xff, 0xc1, 0x84, 0xc0, 0x0f,
    0x84, 0xdc, 0x00, 0x00, 0x00, 0x48, 0x89, 0x4d, 0xb8, 0x0f, 0xb6, 0xc0,
    0x3c, 0x21, 0xb9, 0x20, 0x00, 0x00, 0x00, 0x0f, 0x4c, 0xc1, 0x04, 0xe0,
    0x0f, 0xb6, 0xc0, 0x48, 0x89, 0x45, 0xb0, 0x8b, 0x45, 0xd0, 0x89, 0x45,
    0xcc, 0x31, 0xc9, 0xeb, 0x14, 0x0f, 0x1f, 0x00, 0x48, 0x8b, 0x4d, 0xa8,
    0x48, 0xff, 0xc1, 0x44, 0x01, 0x55, 0xcc, 0x48, 0x83, 0xf9, 0x08, 0x74,
    0xaf, 0x48, 0x8b, 0x45, 0xb0, 0x0f, 0xb6, 0x84, 0xc1, 0xd0, 0x40, 0x40,
    0x00, 0x89, 0x45, 0xc0, 0x45, 0x89, 0xd5, 0x48, 0x89, 0x4d, 0xa8, 0x44,
    0x0f, 0xaf, 0xe9, 0x44, 0x03, 0x6d, 0xd0, 0x31, 0xc9, 0x8b, 0x45, 0xd4,
    0x89, 0x45, 0xc8, 0xeb, 0x12, 0x0f, 0x1f, 0x80, 0x00, 0x00, 0x00, 0x00,
    0xff, 0xc1, 0x44, 0x01, 0x55, 0xc8, 0x83, 0xf9, 0x08, 0x74, 0xb5, 0x8b,
    0x45, 0xc0, 0xd3, 0xe0, 0x84, 0xc0, 0x79, 0xec, 0x48, 0x63, 0x5d, 0xc8,
    0x31, 0xc0, 0x44, 0x8b, 0x75, 0xcc, 0xeb, 0x0a, 0xff, 0xc0, 0x41, 0xff,
    0xc6, 0x44, 0x39, 0xd0, 0x74, 0xd6, 0x46, 0x8d, 0x1c, 0x28, 0x49, 0x89,
    0xd9, 0x45, 0x89, 0xd7, 0xeb, 0x12, 0x66, 0x2e, 0x0f, 0x1f, 0x84, 0x00,
    0x00, 0x00, 0x00, 0x00, 0x49, 0xff, 0xc1, 0x41, 0xff, 0xcf, 0x74, 0xd8,
    0x45, 0x85, 0xc9, 0x78, 0xf3, 0x45, 0x85, 0xdb, 0x78, 0xee, 0x44, 0x3b,
    0x4f, 0x08, 0x7d, 0xe8, 0x44, 0x3b, 0x5f, 0x0c, 0x7d, 0xe2, 0x48, 0x8b,
    0x17, 0x4c, 0x63, 0x67, 0x10, 0x49, 0x63, 0xf6, 0x49, 0x0f, 0xaf, 0xf4,
    0x4c, 0x01, 0xce, 0x44, 0x89, 0x04, 0xb2, 0xeb, 0xcb, 0x48, 0x83, 0xc4,
    0x30, 0x5b, 0x41, 0x5c, 0x41, 0x5d, 0x41, 0x5e, 0x41, 0x5f, 0x5d, 0xc3,
    0x66, 0x66, 0x66, 0x2e, 0x0f, 0x1f, 0x84, 0x00, 0x00, 0x00, 0x00, 0x00,
    0x55, 0x48, 0x89, 0xe5, 0x48, 0x81, 0xec, 0xa0, 0x00, 0x00, 0x00, 0x44,
    0x0f, 0x28, 0xdf, 0x44, 0x0f, 0x28, 0xe6, 0x44, 0x0f, 0x28, 0xeb, 0x44,
    0x0f, 0x28, 0xf2, 0x0f, 0x28, 0xda, 0x0f, 0x14, 0xdc, 0x41, 0x0f, 0x28,
    0xd5, 0x0f, 0x14, 0xd5, 0x0f, 0x29, 0x7d, 0xe0, 0x0f, 0x29, 0x75, 0xf0,
    0x41, 0x0f, 0x28, 0xf4, 0xf3, 0x0f, 0x5c, 0xf0, 0x45, 0x0f, 0x28, 0xc3,
    0xf3, 0x44, 0x0f, 0x5c, 0xc1, 0x41, 0x0f, 0x28, 0xfe, 0xf3, 0x0f, 0x5c,
    0xf8, 0x41, 0x0f, 0x28, 0xe5, 0xf3, 0x0f, 0x5c, 0xe1, 0xf3, 0x0f, 0x59,
    0xe6, 0xf3, 0x41, 0x0f, 0x59, 0xf8, 0xf3, 0x0f, 0x5c, 0xfc, 0x0f, 0x28,
    0xe3, 0x0f, 0xc6, 0xe3, 0x55, 0x44, 0x0f, 0x28, 0xcc, 0xf3, 0x44, 0x0f,
    0x5c, 0xc8, 0x0f, 0x28, 0xea, 0x0f, 0xc6, 0xea, 0x55, 0x44, 0x0f, 0x28,
    0xd5, 0xf3, 0x44, 0x0f, 0x5c, 0xd1, 0xf3, 0x44, 0x0f, 0x59, 0xd6, 0xf3,
    0x45, 0x0f, 0x59, 0xc8, 0xf3, 0x45, 0x0f, 0x5c, 0xca, 0xf3, 0x45, 0x0f,
    0x59, 0xc9, 0xf3, 0x0f, 0x59, 0xff, 0xf3, 0x41, 0x0f, 0x58, 0xf9, 0xf3,
    0x45, 0x0f, 0x59, 0xc0, 0xf3, 0x0f, 0x59, 0xf6, 0xf3, 0x41, 0x0f, 0x58,
    0xf0, 0xf3, 0x0f, 0x58, 0x35, 0xeb, 0x09, 0x00, 0x00, 0xf3, 0x0f, 0x5e,
    0xfe, 0xf3, 0x0f, 0x10, 0x35, 0xcb, 0x09, 0x00, 0x00, 0x0f, 0x2e, 0xf7,
    0x0f, 0x83, 0x0c, 0x01, 0x00, 0x00, 0x0f, 0x28, 0xf0, 0x41, 0x0f, 0x14,
    0xf4, 0x0f, 0x58, 0xf3, 0x0f, 0x28, 0xd9, 0x41, 0x0f, 0x14, 0xdb, 0x0f,
    0x58, 0xda, 0x0f, 0x28, 0xfb, 0xf3, 0x44, 0x0f, 0x58, 0xf4, 0xf3, 0x44,
    0x0f, 0x10, 0x05, 0x85, 0x09, 0x00, 0x00, 0xf3, 0x45, 0x0f, 0x59, 0xf0,
    0xf3, 0x44, 0x0f, 0x58, 0xed, 0xf3, 0x45, 0x0f, 0x59, 0xe8, 0x0f, 0x28,
    0x1d, 0xef, 0x0a, 0x00, 0x00, 0x0f, 0x59, 0xf3, 0x45, 0x0f, 0xc6, 0xf6,
    0x00, 0x44, 0x0f, 0x58, 0xf6, 0x0f, 0x28, 0xd6, 0x0f, 0x29, 0x75, 0xb0,
    0x44, 0x0f, 0x59, 0xf3, 0x44, 0x0f, 0x29, 0x75, 0xd0, 0x41, 0x0f, 0x28,
    0xe6, 0x41, 0x0f, 0xc6, 0xe6, 0x55, 0x0f, 0x29, 0xa5, 0x60, 0xff, 0xff,
    0xff, 0x0f, 0x28, 0xef, 0x0f, 0x59, 0xeb, 0x45, 0x0f, 0xc6, 0xed, 0x00,
    0x44, 0x0f, 0x58, 0xed, 0x0f, 0x29, 0x6d, 0xa0, 0x44, 0x0f, 0x59, 0xeb,
    0x44, 0x0f, 0x29, 0x6d, 0xc0, 0x41, 0x0f, 0x28, 0xdd, 0x41, 0x0f, 0xc6,
    0xdd, 0x55, 0x0f, 0x29, 0x9d, 0x70, 0xff, 0xff, 0xff, 0xf3, 0x41, 0x0f,
    0x58, 0xe6, 0xf3, 0x41, 0x0f, 0x59, 0xe0, 0x0f, 0x28, 0xf4, 0x0f, 0x29,
    0x65, 0x90, 0xf3, 0x41, 0x0f, 0x58, 0xdd, 0xf3, 0x41, 0x0f, 0x59, 0xd8,
    0x0f, 0x28, 0xfb, 0x0f, 0x29, 0x5d, 0x80, 0x0f, 0x28, 0xdd, 0x41, 0x0f,
    0x28, 0xe6, 0x41, 0x0f, 0x28, 0xed, 0xe8, 0x75, 0xfe, 0xff, 0xff, 0x44,
    0x0f, 0x28, 0x65, 0xf0, 0x44, 0x0f, 0x28, 0x5d, 0xe0, 0x0f, 0x28, 0x5d,
    0xb0, 0x0f, 0x28, 0x45, 0xd0, 0x0f, 0xc6, 0xd8, 0x55, 0x0f, 0xc6, 0xd8,
    0x52, 0x0f, 0x28, 0x55, 0xa0, 0x0f, 0x28, 0x45, 0xc0, 0x0f, 0xc6, 0xd0,
    0x55, 0x0f, 0xc6, 0xd0, 0x52, 0x0f, 0x28, 0x45, 0x90, 0x0f, 0x28, 0x4d,
    0x80, 0x44, 0x0f, 0x28, 0xb5, 0x60, 0xff, 0xff, 0xff, 0x44, 0x0f, 0x28,
    0xad, 0x70, 0xff, 0xff, 0xff, 0xe9, 0x5e, 0xfe, 0xff, 0xff, 0x48, 0x63,
    0x05, 0x67, 0x25, 0x00, 0x00, 0x48, 0x3d, 0xff, 0x0f, 0x00, 0x00, 0x7f,
    0x3e, 0x41, 0x0f, 0x2e, 0xc4, 0x75, 0x0a, 0x7a, 0x08, 0x41, 0x0f, 0x2e,
    0xcb, 0x75, 0x02, 0x7b, 0x2e, 0xf3, 0x0f, 0x11, 0x04, 0x85, 0xd0, 0xe0,
    0x40, 0x00, 0xf3, 0x0f, 0x11, 0x0c, 0x85, 0xd0, 0x60, 0x40, 0x00, 0xf3,
    0x44, 0x0f, 0x11, 0x24, 0x85, 0xd0, 0x20, 0x41, 0x00, 0xf3, 0x44, 0x0f,
    0x11, 0x1c, 0x85, 0xd0, 0xa0, 0x40, 0x00, 0xff, 0xc0, 0x89, 0x05, 0x21,
    0x25, 0x00, 0x00, 0x48, 0x81, 0xc4, 0xa0, 0x00, 0x00, 0x00, 0x5d, 0xc3,
    0xcc, 0xcc, 0xcc, 0xcc, 0xcc, 0xcc, 0xcc, 0xcc, 0x55, 0x48, 0x89, 0xe5,
    0x48, 0x89, 0xf8, 0x0f, 0x05, 0x5d, 0xc3, 0x0f, 0x1f, 0x44, 0x00, 0x00,
    0x55, 0x48, 0x89, 0xe5, 0x53, 0x48, 0x89, 0xf3, 0x48, 0x89, 0xf8, 0x48,
    0x89, 0xdf, 0x0f, 0x05, 0x5b, 0x5d, 0xc3, 0x66, 0x66, 0x66, 0x66, 0x2e,
    0x0f, 0x1f, 0x84, 0x00, 0x00, 0x00, 0x00, 0x00, 0x55, 0x48, 0x89, 0xe5,
    0x41, 0x56, 0x53, 0x48, 0x89, 0xd3, 0x49, 0x89, 0xf6, 0x48, 0x89, 0xf8,
    0x4c, 0x89, 0xf7, 0x48, 0x89, 0xde, 0x0f, 0x05, 0x5b, 0x41, 0x5e, 0x5d,
    0xc3, 0x0f, 0x1f, 0x00, 0x55, 0x48, 0x89, 0xe5, 0x41, 0x57, 0x41, 0x56,
    0x53, 0x48, 0x89, 0xcb, 0x49, 0x89, 0xd6, 0x49, 0x89, 0xf7, 0x48, 0x89,
    0xf8, 0x4c, 0x89, 0xff, 0x4c, 0x89, 0xf6, 0x48, 0x89, 0xda, 0x0f, 0x05,
    0x5b, 0x41, 0x5e, 0x41, 0x5f, 0x5d, 0xc3, 0x66, 0x0f, 0x1f, 0x84, 0x00,
    0x00, 0x00, 0x00, 0x00, 0x55, 0x48, 0x89, 0xe5, 0x41, 0x57, 0x41, 0x56,
    0x41, 0x54, 0x53, 0x4c, 0x89, 0xc3, 0x49, 0x89, 0xce, 0x49, 0x89, 0xd7,
    0x49, 0x89, 0xf4, 0x48, 0x89, 0xf8, 0x4c, 0x89, 0xe7, 0x4c, 0x89, 0xfe,
    0x4c, 0x89, 0xf2, 0x49, 0x89, 0xda, 0x0f, 0x05, 0x5b, 0x41, 0x5c, 0x41,
    0x5e, 0x41, 0x5f, 0x5d, 0xc3, 0x66, 0x66, 0x66, 0x66, 0x66, 0x66, 0x2e,
    0x0f, 0x1f, 0x84, 0x00, 0x00, 0x00, 0x00, 0x00, 0x55, 0x48, 0x89, 0xe5,
    0xb8, 0x02, 0x00, 0x00, 0x00, 0x0f, 0x05, 0x5d, 0xc3, 0x0f, 0x1f, 0x00,
    0x55, 0x48, 0x89, 0xe5, 0x41, 0x56, 0x53, 0x48, 0x89, 0xf3, 0x49, 0x89,
    0xfe, 0xb8, 0x03, 0x00, 0x00, 0x00, 0x4c, 0x89, 0xf7, 0x48, 0x89, 0xde,
    0x0f, 0x05, 0x5b, 0x41, 0x5e, 0x5d, 0xc3, 0x90, 0x55, 0x48, 0x89, 0xe5,
    0x41, 0x57, 0x41, 0x56, 0x53, 0x48, 0x89, 0xf3, 0x49, 0x89, 0xfe, 0x4c,
    0x63, 0xfa, 0xb8, 0x04, 0x00, 0x00, 0x00, 0x4c, 0x89, 0xf7, 0x48, 0x89,
    0xde, 0x4c, 0x89, 0xfa, 0x0f, 0x05, 0x5b, 0x41, 0x5e, 0x41, 0x5f, 0x5d,
    0xc3, 0x0f, 0x1f, 0x80, 0x00, 0x00, 0x00, 0x00, 0x55, 0x48, 0x89, 0xe5,
    0x53, 0x48, 0x89, 0xfb, 0xb8, 0x05, 0x00, 0x00, 0x00, 0x48, 0x89, 0xdf,
    0x0f, 0x05, 0x5b, 0x5d, 0xc3, 0x66, 0x66, 0x2e, 0x0f, 0x1f, 0x84, 0x00,
    0x00, 0x00, 0x00, 0x00, 0x55, 0x48, 0x89, 0xe5, 0x41, 0x56, 0x53, 0x48,
    0x89, 0xf3, 0x41, 0x89, 0xfe, 0xb8, 0x19, 0x00, 0x00, 0x00, 0x4c, 0x89,
    0xf7, 0x48, 0x89, 0xde, 0x0f, 0x05, 0x5b, 0x41, 0x5e, 0x5d, 0xc3, 0x90,
    0x55, 0x48, 0x89, 0xe5, 0x53, 0x89, 0xfb, 0xb8, 0x1a, 0x00, 0x00, 0x00,
    0x48, 0x89, 0xdf, 0x0f, 0x05, 0x5b, 0x5d, 0xc3, 0x66, 0x66, 0x66, 0x2e,
    0x0f, 0x1f, 0x84, 0x00, 0x00, 0x00, 0x00, 0x00, 0x55, 0x48, 0x89, 0xe5,
    0x41, 0x56, 0x53, 0x48, 0x89, 0xf3, 0x49, 0x89, 0xfe, 0xb8, 0x06, 0x00,
    0x00, 0x00, 0x4c, 0x89, 0xf7, 0x48, 0x89, 0xde, 0x0f, 0x05, 0x5b, 0x41,
    0x5e, 0x5d, 0xc3, 0x90, 0x55, 0x48, 0x89, 0xe5, 0x41, 0x57, 0x41, 0x56,
    0x41, 0x54, 0x53, 0x48, 0x89, 0xcb, 0x49, 0x89, 0xd6, 0x49, 0x89, 0xf7,
    0x49, 0x89, 0xfc, 0xb8, 0x1b, 0x00, 0x00, 0x00, 0x4c, 0x89, 0xe7, 0x4c,
    0x89, 0xfe, 0x4c, 0x89, 0xf2, 0x49, 0x89, 0xda, 0x0f, 0x05, 0x5b, 0x41,
    0x5c, 0x41, 0x5e, 0x41, 0x5f, 0x5d, 0xc3, 0x66, 0x66, 0x66, 0x66, 0x2e,
    0x0f, 0x1f, 0x84, 0x00, 0x00, 0x00, 0x00, 0x00, 0x55, 0x48, 0x89, 0xe5,
    0x53, 0x48, 0x89, 0xfb, 0xb8, 0x1c, 0x00, 0x00, 0x00, 0x48, 0x89, 0xdf,
    0x0f, 0x05, 0x5b, 0x5d, 0xc3, 0x66, 0x66, 0x2e, 0x0f, 0x1f, 0x84, 0x00,
    0x00, 0x00, 0x00, 0x00, 0x55, 0x48, 0x89, 0xe5, 0x53, 0x48, 0x89, 0xfb,
    0xb8, 0x18, 0x00, 0x00, 0x00, 0x48, 0x89, 0xdf, 0x0f, 0x05, 0x5b, 0x5d,
    0xc3, 0x66, 0x66, 0x2e, 0x0f, 0x1f, 0x84, 0x00, 0x00, 0x00, 0x00, 0x00,
    0x55, 0x48, 0x89, 0xe5, 0x41, 0x56, 0x53, 0x48, 0x89, 0xfb, 0x41, 0x89,
    0xf6, 0xb8, 0x12, 0x00, 0x00, 0x00, 0x48, 0x89, 0xdf, 0x4c, 0x89, 0xf6,
    0x0f, 0x05, 0x5b, 0x41, 0x5e, 0x5d, 0xc3, 0x90, 0x55, 0x48, 0x89, 0xe5,
    0x41, 0x57, 0x41, 0x56, 0x53, 0x48, 0x89, 0xd3, 0x49, 0x89, 0xf6, 0x4c,
    0x63, 0xff, 0xb8, 0x13, 0x00, 0x00, 0x00, 0x4c, 0x89, 0xff, 0x4c, 0x89,
    0xf6, 0x48, 0x89, 0xda, 0x0f, 0x05, 0x5b, 0x41, 0x5e, 0x41, 0x5f, 0x5d,
    0xc3, 0x0f, 0x1f, 0x80, 0x00, 0x00, 0x00, 0x00, 0x55, 0x48, 0x89, 0xe5,
    0x41, 0x57, 0x41, 0x56, 0x53, 0x48, 0x89, 0xd3, 0x49, 0x89, 0xf6, 0x4c,
    0x63, 0xff, 0xb8, 0x14, 0x00, 0x00, 0x00, 0x4c, 0x89, 0xff, 0x4c, 0x89,
    0xf6, 0x48, 0x89, 0xda, 0x0f, 0x05, 0x5b, 0x41, 0x5e, 0x41, 0x5f, 0x5d,
    0xc3, 0x0f, 0x1f, 0x80, 0x00, 0x00, 0x00, 0x00, 0x55, 0x48, 0x89, 0xe5,
    0x53, 0x48, 0x63, 0xdf, 0xb8, 0x15, 0x00, 0x00, 0x00, 0x48, 0x89, 0xdf,
    0x0f, 0x05, 0x5b, 0x5d, 0xc3, 0x66, 0x66, 0x2e, 0x0f, 0x1f, 0x84, 0x00,
    0x00, 0x00, 0x00, 0x00, 0x55, 0x48, 0x89, 0xe5, 0x53, 0x48, 0x89, 0xfb,
    0xb8, 0x16, 0x00, 0x00, 0x00, 0x48, 0x89, 0xdf, 0x0f, 0x05, 0x5b, 0x5d,
    0xc3, 0x66, 0x66, 0x2e, 0x0f, 0x1f, 0x84, 0x00, 0x00, 0x00, 0x00, 0x00,
    0x55, 0x48, 0x89, 0xe5, 0x41, 0x57, 0x41, 0x56, 0x53, 0x48, 0x89, 0xf3,
    0x4c, 0x63, 0xf7, 0x4c, 0x63, 0xfa, 0xb8, 0x17, 0x00, 0x00, 0x00, 0x4c,
    0x89, 0xf7, 0x48, 0x89, 0xde, 0x4c, 0x89, 0xfa, 0x0f, 0x05, 0x5b, 0x41,
    0x5e, 0x41, 0x5f, 0x5d, 0xc3, 0x0f, 0x1f, 0x80, 0x00, 0x00, 0x00, 0x00,
    0x55, 0x48, 0x89, 0xe5, 0x53, 0x48, 0x89, 0xfb, 0xb8, 0x1e, 0x00, 0x00,
    0x00, 0x48, 0x89, 0xdf, 0x0f, 0x05, 0x5b, 0x5d, 0xc3, 0x66, 0x66, 0x2e,
    0x0f, 0x1f, 0x84, 0x00, 0x00, 0x00, 0x00, 0x00, 0x55, 0x48, 0x89, 0xe5,
    0x41, 0x57, 0x41, 0x56, 0x41, 0x54, 0x53, 0x89, 0xfb, 0x41, 0x89, 0xf6,
    0x41, 0x89, 0xd7, 0x41, 0x89, 0xcc, 0xb8, 0x1f, 0x00, 0x00, 0x00, 0x48,
    0x89, 0xdf, 0x4c, 0x89, 0xf6, 0x4c, 0x89, 0xfa, 0x4d, 0x89, 0xe2, 0x0f,
    0x05, 0x5b, 0x41, 0x5c, 0x41, 0x5e, 0x41, 0x5f, 0x5d, 0xc3, 0x66, 0x66,
    0x66, 0x66, 0x66, 0x2e, 0x0f, 0x1f, 0x84, 0x00, 0x00, 0x00, 0x00, 0x00,
    0x55, 0x48, 0x89, 0xe5, 0x41, 0x57, 0x41, 0x56, 0x41, 0x54, 0x53, 0x48,
    0x63, 0xdf, 0x4c, 0x63, 0xf6, 0x41, 0x89, 0xd7, 0x41, 0x89, 0xcc, 0xb8,
    0x20, 0x00, 0x00, 0x00, 0x48, 0x89, 0xdf, 0x4c, 0x89, 0xf6, 0x4c, 0x89,
    0xfa, 0x4d, 0x89, 0xe2, 0x0f, 0x05, 0x5b, 0x41, 0x5c, 0x41, 0x5e, 0x41,
    0x5f, 0x5d, 0xc3, 0x66, 0x66, 0x66, 0x66, 0x2e, 0x0f, 0x1f, 0x84, 0x00,
    0x00, 0x00, 0x00, 0x00, 0x55, 0x48, 0x89, 0xe5, 0x41, 0x56, 0x53, 0x48,
    0x63, 0xdf, 0x4c, 0x63, 0xf6, 0xb8, 0x21, 0x00, 0x00, 0x00, 0x48, 0x89,
    0xdf, 0x4c, 0x89, 0xf6, 0x0f, 0x05, 0x5b, 0x41, 0x5e, 0x5d, 0xc3, 0x90,
    0x55, 0x48, 0x89, 0xe5, 0x41, 0x57, 0x41, 0x56, 0x41, 0x54, 0x53, 0x48,
    0x83, 0xec, 0x03, 0x48, 0x89, 0xd3, 0x49, 0x89, 0xf6, 0x49, 0x89, 0xff,
    0x4c, 0x8d, 0x65, 0xdd, 0xb8, 0x23, 0x00, 0x00, 0x00, 0x4c, 0x89, 0xe7,
    0x0f, 0x05, 0x85, 0xc0, 0x75, 0x14, 0x0f, 0xb6, 0x4d, 0xdd, 0x41, 0x88,
    0x0f, 0x0f, 0xb6, 0x4d, 0xde, 0x41, 0x88, 0x0e, 0x0f, 0xb6, 0x4d, 0xdf,
    0x88, 0x0b, 0x48, 0x83, 0xc4, 0x03, 0x5b, 0x41, 0x5c, 0x41, 0x5e, 0x41,
    0x5f, 0x5d, 0xc3, 0x00, 0x00, 0x00, 0x00, 0x00, 0x00, 0x00, 0x00, 0x00,
    0x00, 0x00, 0x00, 0x00, 0x00, 0x00, 0x00, 0x00, 0x00, 0x00, 0x00, 0x00,
    0x00, 0x00, 0x00, 0x00, 0x00, 0x00, 0x00, 0x00, 0x00, 0x00, 0x00, 0x00,
    0x00, 0x00, 0x00, 0x00, 0x00, 0x00, 0x00, 0x00, 0x00, 0x00, 0x00, 0x00,
    0x00, 0x00, 0x00, 0x00, 0x00, 0x00, 0x00, 0x00, 0x40, 0x50, 0x40, 0x00,
    0x00, 0x00, 0x00, 0x00, 0x07, 0x00, 0x00, 0x00, 0x00, 0x00, 0x00, 0x00,
    0xb0, 0x50, 0x40, 0x00, 0x00, 0x00, 0x00, 0x00, 0x04, 0x00, 0x00, 0x00,
    0x00, 0x00, 0x00, 0x00, 0xf0, 0x50, 0x40, 0x00, 0x00, 0x00, 0x00, 0x00,
    0x04, 0x00, 0x00, 0x00, 0x00, 0x00, 0x00, 0x00, 0x30, 0x51, 0x40, 0x00,
    0x00, 0x00, 0x00, 0x00, 0x07, 0x00, 0x00, 0x00, 0x00, 0x00, 0x00, 0x00,
    0x90, 0x51, 0x40, 0x00, 0x00, 0x00, 0x00, 0x00, 0x04, 0x00, 0x00, 0x00,
    0x00, 0x00, 0x00, 0x00, 0xd0, 0x51, 0x40, 0x00, 0x00, 0x00, 0x00, 0x00,
    0x04, 0x00, 0x00, 0x00, 0x00, 0x00, 0x00, 0x00, 0x10, 0x52, 0x40, 0x00,
    0x00, 0x00, 0x00, 0x00, 0x02, 0x00, 0x00, 0x00, 0x00, 0x00, 0x00, 0x00,
    0x28, 0x44, 0x40, 0x00, 0x00, 0x00, 0x00, 0x00, 0xdb, 0x44, 0x40, 0x00,
    0x00, 0x00, 0x00, 0x00, 0xea, 0x44, 0x40, 0x00, 0x00, 0x00, 0x00, 0x00,
    0xee, 0x44, 0x40, 0x00, 0x00, 0x00, 0x00, 0x00, 0xdf, 0x44, 0x40, 0x00,
    0x00, 0x00, 0x00, 0x00, 0x53, 0x45, 0x40, 0x00, 0x00, 0x00, 0x00, 0x00,
    0xa4, 0x44, 0x40, 0x00, 0x00, 0x00, 0x00, 0x00, 0x00, 0x00, 0x00, 0x00,
    0x00, 0x00, 0x00, 0x00, 0x82, 0x26, 0x40, 0x00, 0x00, 0x00, 0x00, 0x00,
    0xfb, 0x26, 0x40, 0x00, 0x00, 0x00, 0x00, 0x00, 0xe0, 0x25, 0x40, 0x00,
    0x00, 0x00, 0x00, 0x00, 0xa0, 0x26, 0x40, 0x00, 0x00, 0x00, 0x00, 0x00,
    0x00, 0x00, 0x00, 0x00, 0x00, 0x00, 0x00, 0x00, 0x18, 0x18, 0x18, 0x18,
    0x18, 0x00, 0x18, 0x00, 0x66, 0x66, 0x00, 0x00, 0x00, 0x00, 0x00, 0x00,
    0x66, 0x66, 0xff, 0x66, 0xff, 0x66, 0x66, 0x00, 0x18, 0x3e, 0x60, 0x3c,
    0x06, 0x7c, 0x18, 0x00, 0x62, 0x66, 0x0c, 0x18, 0x30, 0x66, 0x46, 0x00,
    0x3c, 0x66, 0x3c, 0x38, 0x67, 0x66, 0x3f, 0x00, 0x18, 0x18, 0x30, 0x00,
    0x00, 0x00, 0x00, 0x00, 0x0e, 0x18, 0x30, 0x30, 0x30, 0x18, 0x0e, 0x00,
    0x70, 0x18, 0x0c, 0x0c, 0x0c, 0x18, 0x70, 0x00, 0x00, 0x66, 0x3c, 0xff,
    0x3c, 0x66, 0x00, 0x00, 0x00, 0x18, 0x18, 0x7e, 0x18, 0x18, 0x00, 0x00,
    0x00, 0x00, 0x00, 0x00, 0x00, 0x18, 0x18, 0x30, 0x00, 0x00, 0x00, 0x7e,
    0x00, 0x00, 0x00, 0x00, 0x00, 0x00, 0x00, 0x00, 0x00, 0x18, 0x18, 0x00,
    0x00, 0x06, 0x0c, 0x18, 0x30, 0x60, 0x00, 0x00, 0x3c, 0x66, 0x6e, 0x76,
    0x66, 0x66, 0x3c, 0x00, 0x18, 0x38, 0x18, 0x18, 0x18, 0x18, 0x7e, 0x00,
    0x3c, 0x66, 0x06, 0x0c, 0x30, 0x60, 0x7e, 0x00, 0x7e, 0x0c, 0x18, 0x0c,
    0x06, 0x66, 0x3c, 0x00, 0x0c, 0x1c, 0x3c, 0x6c, 0x7e, 0x0c, 0x0c, 0x00,
    0x7e, 0x60, 0x7c, 0x06, 0x06, 0x66, 0x3c, 0x00, 0x3c, 0x60, 0x60, 0x7c,
    0x66, 0x66, 0x3c, 0x00, 0x7e, 0x06, 0x0c, 0x18, 0x30, 0x30, 0x30, 0x00,
    0x3c, 0x66, 0x66, 0x3c, 0x66, 0x66, 0x3c, 0x00, 0x3c, 0x66, 0x66, 0x3e,
    0x06, 0x06, 0x3c, 0x00, 0x00, 0x18, 0x18, 0x00, 0x00, 0x18, 0x18, 0x00,
    0x00, 0x18, 0x18, 0x00, 0x00, 0x18, 0x18, 0x30, 0x0c, 0x18, 0x30, 0x60,
    0x30, 0x18, 0x0c, 0x00, 0x00, 0x00, 0x7e, 0x00, 0x7e, 0x00, 0x00, 0x00,
    0x30, 0x18, 0x0c, 0x06, 0x0c, 0x18, 0x30, 0x00, 0x3c, 0x66, 0x06, 0x0c,
    0x18, 0x00, 0x18, 0x00, 0x3c, 0x66, 0x6e, 0x6e, 0x60, 0x62, 0x3c, 0x00,
    0x18, 0x3c, 0x66, 0x66, 0x7e, 0x66, 0x66, 0x00, 0x7c, 0x66, 0x66, 0x7c,
    0x66, 0x66, 0x7c, 0x00, 0x3c, 0x66, 0x60, 0x60, 0x60, 0x66, 0x3c, 0x00,
    0x78, 0x6c, 0x66, 0x66, 0x66, 0x6c, 0x78, 0x00, 0x7e, 0x60, 0x60, 0x78,
    0x60, 0x60, 0x7e, 0x00, 0x7e, 0x60, 0x60, 0x78, 0x60, 0x60, 0x60, 0x00,
    0x3c, 0x66, 0x60, 0x6e, 0x66, 0x66, 0x3c, 0x00, 0x66, 0x66, 0x66, 0x7e,
    0x66, 0x66, 0x66, 0x00, 0x3c, 0x18, 0x18, 0x18, 0x18, 0x18, 0x3c, 0x00,
    0x1e, 0x0c, 0x0c, 0x0c, 0x0c, 0x6c, 0x38, 0x00, 0x66, 0x6c, 0x78, 0x70,
    0x78, 0x6c, 0x66, 0x00, 0x60, 0x60, 0x60, 0x60, 0x60, 0x60, 0x7e, 0x00,
    0x63, 0x77, 0x7f, 0x6b, 0x63, 0x63, 0x63, 0x00, 0x66, 0x76, 0x7e, 0x7e,
    0x6e, 0x66, 0x66, 0x00, 0x3c, 0x66, 0x66, 0x66, 0x66, 0x66, 0x3c, 0x00,
    0x7c, 0x66, 0x66, 0x7c, 0x60, 0x60, 0x60, 0x00, 0x3c, 0x66, 0x66, 0x66,
    0x66, 0x3c, 0x0e, 0x00, 0x7c, 0x66, 0x66, 0x7c, 0x78, 0x6c, 0x66, 0x00,
    0x3c, 0x66, 0x60, 0x3c, 0x06, 0x66, 0x3c, 0x00, 0x7e, 0x18, 0x18, 0x18,
    0x18, 0x18, 0x18, 0x00, 0x66, 0x66, 0x66, 0x66, 0x66, 0x66, 0x3c, 0x00,
    0x66, 0x66, 0x66, 0x66, 0x66, 0x3c, 0x18, 0x00, 0x63, 0x63, 0x63, 0x6b,
    0x7f, 0x77, 0x63, 0x00, 0x66, 0x66, 0x3c, 0x18, 0x3c, 0x66, 0x66, 0x00,
    0x66, 0x66, 0x66, 0x3c, 0x18, 0x18, 0x18, 0x00, 0x7e, 0x06, 0x0c, 0x18,
    0x30, 0x60, 0x7e, 0x00, 0x3c, 0x30, 0x30, 0x30, 0x30, 0x30, 0x3c, 0x00,
    0x00, 0x60, 0x30, 0x18, 0x0c, 0x06, 0x00, 0x00, 0x3c, 0x0c, 0x0c, 0x0c,
    0x0c, 0x0c, 0x3c, 0x00, 0x08, 0x1c, 0x36, 0x63, 0x00, 0x00, 0x00, 0x00,
    0x00, 0x00, 0x00, 0x00, 0x00, 0x00, 0x00, 0xff, 0x30, 0x18, 0x0c, 0x00,
    0x00, 0x00, 0x00, 0x00, 0x00, 0x00, 0x3c, 0x06, 0x3e, 0x66, 0x3e, 0x00,
    0x60, 0x60, 0x7c, 0x66, 0x66, 0x66, 0x7c, 0x00, 0x00, 0x00, 0x3c, 0x66,
    0x60, 0x66, 0x3c, 0x00, 0x06, 0x06, 0x3e, 0x66, 0x66, 0x66, 0x3e, 0x00,
    0x00, 0x00, 0x3c, 0x66, 0x7e, 0x60, 0x3c, 0x00, 0x1c, 0x30, 0x30, 0x7c,
    0x30, 0x30, 0x30, 0x00, 0x00, 0x00, 0x3e, 0x66, 0x66, 0x3e, 0x06, 0x3c,
    0x60, 0x60, 0x7c, 0x66, 0x66, 0x66, 0x66, 0x00, 0x18, 0x00, 0x38, 0x18,
    0x18, 0x18, 0x3c, 0x00, 0x0c, 0x00, 0x1c, 0x0c, 0x0c, 0x0c, 0x6c, 0x38,
    0x60, 0x60, 0x6c, 0x78, 0x70, 0x78, 0x6c, 0x00, 0x38, 0x18, 0x18, 0x18,
    0x18, 0x18, 0x3c, 0x00, 0x00, 0x00, 0x66, 0x7f, 0x7f, 0x6b, 0x63, 0x00,
    0x00, 0x00, 0x7c, 0x66, 0x66, 0x66, 0x66, 0x00, 0x00, 0x00, 0x3c, 0x66,
    0x66, 0x66, 0x3c, 0x00, 0x00, 0x00, 0x7c, 0x66, 0x66, 0x7c, 0x60, 0x60,
    0x00, 0x00, 0x3e, 0x66, 0x66, 0x3e, 0x06, 0x06, 0x00, 0x00, 0x7c, 0x66,
    0x60, 0x60, 0x60, 0x00, 0x00, 0x00, 0x3e, 0x60, 0x3c, 0x06, 0x7c, 0x00,
    0x30, 0x30, 0x7c, 0x30, 0x30, 0x30, 0x1c, 0x00, 0x00, 0x00, 0x66, 0x66,
    0x66, 0x66, 0x3e, 0x00, 0x00, 0x00, 0x66, 0x66, 0x66, 0x3c, 0x18, 0x00,
    0x00, 0x00, 0x63, 0x6b, 0x7f, 0x7f, 0x36, 0x00, 0x00, 0x00, 0x66, 0x3c,
    0x18, 0x3c, 0x66, 0x00, 0x00, 0x00, 0x66, 0x66, 0x66, 0x3e, 0x06, 0x3c,
    0x00, 0x00, 0x7e, 0x0c, 0x18, 0x30, 0x7e, 0x00, 0x0e, 0x18, 0x18, 0x70,
    0x18, 0x18, 0x0e, 0x00, 0x18, 0x18, 0x18, 0x18, 0x18, 0x18, 0x18, 0x00,
    0x70, 0x18, 0x18, 0x0e, 0x18, 0x18, 0x70, 0x00, 0x00, 0x00, 0x32, 0x7e,
    0x4c, 0x00, 0x00, 0x00, 0x00, 0x00, 0x00, 0x00, 0x00, 0x00, 0x00, 0x00,
    0x00, 0x00, 0x80, 0xc0, 0x00, 0x00, 0x80, 0x3f, 0x00, 0x00, 0xb0, 0x41,
    0x00, 0x00, 0xb8, 0x41, 0x00, 0x00, 0x00, 0x41, 0x00, 0x00, 0x80, 0xbf,
    0x00, 0x00, 0xc0, 0x41, 0x00, 0x00, 0x80, 0x41, 0x00, 0x00, 0x00, 0x3f,
    0x00, 0x00, 0x00, 0x40, 0x00, 0x00, 0xa0, 0x41, 0x89, 0x62, 0x0d, 0x3f,
    0x00, 0x00, 0x80, 0x40, 0x00, 0x00, 0x10, 0x41, 0x00, 0x00, 0x80, 0x3d,
    0x17, 0xb7, 0xd1, 0x38, 0x00, 0x00, 0x40, 0x41, 0x00, 0x00, 0x50, 0x41,
    0x00, 0x00, 0x98, 0x41, 0x6f, 0x12, 0x83, 0x3a, 0x58, 0x70, 0x6c, 0x6f,
    0x72, 0x65, 0x72, 0x00, 0x53, 0x75, 0x6e, 0x00, 0x46, 0x69, 0x6c, 0x65,
    0x00, 0x58, 0x20, 0x48, 0x65, 0x6c, 0x70, 0x00, 0x48, 0x69, 0x64, 0x65,
    0x20, 0x58, 0x70, 0x6c, 0x6f, 0x72, 0x65, 0x72, 0x00, 0x48, 0x65, 0x6c,
    0x70, 0x00, 0x53, 0x79, 0x73, 0x74, 0x65, 0x6d, 0x20, 0x53, 0x65, 0x74,
    0x74, 0x69, 0x6e, 0x67, 0x73, 0x00, 0x4f, 0x70, 0x65, 0x6e, 0x20, 0x46,
    0x69, 0x6c, 0x65, 0x00, 0x57, 0x69, 0x6e, 0x64, 0x6f, 0x77, 0x00, 0x53,
    0x6c, 0x65, 0x65, 0x70, 0x00, 0x52, 0x65, 0x73, 0x74, 0x61, 0x72, 0x74,
    0x00, 0x41, 0x62, 0x6f, 0x75, 0x74, 0x20, 0x58, 0x70, 0x6c, 0x6f, 0x72,
    0x65, 0x72, 0x00, 0x51, 0x75, 0x69, 0x74, 0x20, 0x58, 0x70, 0x6c, 0x6f,
    0x72, 0x65, 0x72, 0x00, 0x4e, 0x65, 0x77, 0x20, 0x57, 0x69, 0x6e, 0x64,
    0x6f, 0x77, 0x00, 0x45, 0x64, 0x69, 0x74, 0x00, 0x53, 0x61, 0x74, 0x00,
    0x4d, 0x69, 0x6e, 0x69, 0x6d, 0x69, 0x7a, 0x65, 0x00, 0x56, 0x69, 0x65,
    0x77, 0x00, 0x43, 0x6c, 0x6f, 0x73, 0x65, 0x20, 0x57, 0x69, 0x6e, 0x64,
    0x6f, 0x77, 0x00, 0x43, 0x6f, 0x70, 0x79, 0x00, 0x55, 0x6e, 0x64, 0x6f,
    0x00, 0x52, 0x65, 0x64, 0x6f, 0x00, 0x43, 0x75, 0x74, 0x00, 0x58, 0x20,
    0x4f, 0x53, 0x00, 0x4d, 0x6f, 0x6e, 0x00, 0x54, 0x68, 0x75, 0x00, 0x53,
    0x65, 0x61, 0x72, 0x63, 0x68, 0x00, 0x54, 0x75, 0x65, 0x00, 0x57, 0x65,
    0x64, 0x00, 0x50, 0x61, 0x73, 0x74, 0x65, 0x00, 0x53, 0x68, 0x6f, 0x77,
    0x20, 0x54, 0x6f, 0x6f, 0x6c, 0x62, 0x61, 0x72, 0x00, 0x53, 0x68, 0x6f,
    0x77, 0x20, 0x53, 0x69, 0x64, 0x65, 0x62, 0x61, 0x72, 0x00, 0x45, 0x6e,
    0x74, 0x65, 0x72, 0x20, 0x46, 0x75, 0x6c, 0x6c, 0x20, 0x53, 0x63, 0x72,
    0x65, 0x65, 0x6e, 0x00, 0x41, 0x62, 0x6f, 0x75, 0x74, 0x20, 0x54, 0x68,
    0x69, 0x73, 0x20, 0x58, 0x00, 0x53, 0x68, 0x75, 0x74, 0x20, 0x44, 0x6f,
    0x77, 0x6e, 0x00, 0x5a, 0x6f, 0x6f, 0x6d, 0x00, 0x42, 0x72, 0x69, 0x6e,
    0x67, 0x20, 0x41, 0x6c, 0x6c, 0x20, 0x74, 0x6f, 0x20, 0x46, 0x72, 0x6f,
    0x6e, 0x74, 0x00, 0x46, 0x72, 0x69, 0x00, 0x00, 0x00, 0x00, 0x00, 0x00,
    0x00, 0x00, 0x00, 0x00, 0x28, 0x6b, 0x6e, 0x4e, 0x28, 0x6b, 0x6e, 0x4e,
    0x28, 0x6b, 0x6e, 0xce, 0x28, 0x6b, 0x6e, 0xce, 0x00, 0x00, 0x00, 0x3f,
    0x00, 0x00, 0x00, 0x3f, 0x00, 0x00, 0x00, 0x00, 0x00, 0x00, 0x00, 0x00,
    0x00, 0x00, 0x00, 0x00, 0x00, 0x00, 0x00, 0x00, 0x00, 0x00, 0x00, 0x00,
    0x00, 0x00, 0x00, 0x00, 0x00, 0x00, 0x00, 0x00, 0x00, 0x00, 0x00, 0x00,
    0x00, 0x00, 0x00, 0x00, 0x00, 0x00, 0x00, 0x00, 0x00, 0x00, 0x00, 0x00,
    0x00, 0x00, 0x00, 0x00, 0x00, 0x00, 0x00, 0x00, 0x00, 0x00, 0x00, 0x00,
    0x00, 0x00, 0x00, 0x00, 0x00, 0x00, 0x00, 0x00, 0x00, 0x00, 0x00, 0x00,
    0x00, 0x00, 0x00, 0x00, 0x00, 0x00, 0x00, 0x00, 0x00, 0x00, 0x00, 0x00,
    0x00, 0x00, 0x00, 0x00, 0x00, 0x00, 0x00, 0x00, 0x00, 0x00, 0x00, 0x00,
    0x00, 0x00, 0x00, 0x00, 0x00, 0x00, 0x00, 0x00, 0x00, 0x00, 0x00, 0x00,
    0x00, 0x00, 0x00, 0x00, 0x00, 0x00, 0x00, 0x00, 0x00, 0x00, 0x00, 0x00,
    0x00, 0x00, 0x00, 0x00, 0x00, 0x00, 0x00, 0x00, 0x00, 0x00, 0x00, 0x00,
    0x00, 0x00, 0x00, 0x00, 0x00, 0x00, 0x00, 0x00, 0x00, 0x00, 0x00, 0x00,
    0x00, 0x00, 0x00, 0x00, 0x00, 0x00, 0x00, 0x00, 0x00, 0x00, 0x00, 0x00,
    0x00, 0x00, 0x00, 0x00, 0x00, 0x00, 0x00, 0x00, 0x00, 0x00, 0x00, 0x00,
    0x00, 0x00, 0x00, 0x00, 0x00, 0x00, 0x00, 0x00, 0x00, 0x00, 0x00, 0x00,
    0x00, 0x00, 0x00, 0x00, 0x00, 0x00, 0x00, 0x00, 0x00, 0x00, 0x00, 0x00,
    0x00, 0x00, 0x00, 0x00, 0x00, 0x00, 0x00, 0x00, 0x00, 0x00, 0x00, 0x00,
    0x00, 0x00, 0x00, 0x00, 0x00, 0x00, 0x00, 0x00, 0x00, 0x00, 0x00, 0x00,
    0x00, 0x00, 0x00, 0x00, 0x00, 0x00, 0x00, 0x00, 0x00, 0x00, 0x00, 0x00,
    0x00, 0x00, 0x00, 0x00, 0x00, 0x00, 0x00, 0x00, 0x00, 0x00, 0x00, 0x00,
    0x00, 0x00, 0x00, 0x00, 0x00, 0x00, 0x00, 0x00, 0x00, 0x00, 0x00, 0x00,
    0x00, 0x00, 0x00, 0x00, 0x00, 0x00, 0x00, 0x00, 0x00, 0x00, 0x00, 0x00,
    0x00, 0x00, 0x00, 0x00, 0x00, 0x00, 0x00, 0x00, 0x00, 0x00, 0x00, 0x00,
    0x00, 0x00, 0x00, 0x00, 0x00, 0x00, 0x00, 0x00, 0x00, 0x00, 0x00, 0x00,
    0x00, 0x00, 0x00, 0x00, 0x00, 0x00, 0x00, 0x00, 0x00, 0x00, 0x00, 0x00,
    0x00, 0x00, 0x00, 0x00, 0x00, 0x00, 0x00, 0x00, 0x00, 0x00, 0x00, 0x00,
    0x00, 0x00, 0x00, 0x00, 0x00, 0x00, 0x00, 0x00, 0x00, 0x00, 0x00, 0x00,
    0x00, 0x00, 0x00, 0x00, 0x00, 0x00, 0x00, 0x00, 0x00, 0x00, 0x00, 0x00,
    0x00, 0x00, 0x00, 0x00, 0x00, 0x00, 0x00, 0x00, 0x00, 0x00, 0x00, 0x00,
    0x00, 0x00, 0x00, 0x00, 0x00, 0x00, 0x00, 0x00, 0x00, 0x00, 0x00, 0x00,
    0x00, 0x00, 0x00, 0x00, 0x00, 0x00, 0x00, 0x00, 0x00, 0x00, 0x00, 0x00,
    0x00, 0x00, 0x00, 0x00, 0x00, 0x00, 0x00, 0x00, 0x00, 0x00, 0x00, 0x00,
    0x00, 0x00, 0x00, 0x00, 0x00, 0x00, 0x00, 0x00, 0x00, 0x00, 0x00, 0x00,
    0x00, 0x00, 0x00, 0x00, 0x00, 0x00, 0x00, 0x00, 0x00, 0x00, 0x00, 0x00,
    0x00, 0x00, 0x00, 0x00, 0x00, 0x00, 0x00, 0x00, 0x00, 0x00, 0x00, 0x00,
    0x00, 0x00, 0x00, 0x00, 0x00, 0x00, 0x00, 0x00, 0x00, 0x00, 0x00, 0x00,
    0x00, 0x00, 0x00, 0x00, 0x00, 0x00, 0x00, 0x00, 0x00, 0x00, 0x00, 0x00,
    0x00, 0x00, 0x00, 0x00, 0x00, 0x00, 0x00, 0x00, 0x00, 0x00, 0x00, 0x00,
    0x00, 0x00, 0x00, 0x00, 0x00, 0x00, 0x00, 0x00, 0x00, 0x00, 0x00, 0x00,
    0x00, 0x00, 0x00, 0x00, 0x00, 0x00, 0x00, 0x00, 0x00, 0x00, 0x00, 0x00,
    0x00, 0x00, 0x00, 0x00, 0x00, 0x00, 0x00, 0x00, 0x00, 0x00, 0x00, 0x00,
    0x00, 0x00, 0x00, 0x00, 0x00, 0x00, 0x00, 0x00, 0x00, 0x00, 0x00, 0x00,
    0x00, 0x00, 0x00, 0x00, 0x00, 0x00, 0x00, 0x00, 0x00, 0x00, 0x00, 0x00,
    0x00, 0x00, 0x00, 0x00, 0x00, 0x00, 0x00, 0x00, 0x00, 0x00, 0x00, 0x00,
    0x00, 0x00, 0x00, 0x00, 0x00, 0x00, 0x00, 0x00, 0x00, 0x00, 0x00, 0x00,
    0x00, 0x00, 0x00, 0x00, 0x00, 0x00, 0x00, 0x00, 0x00, 0x00, 0x00, 0x00,
    0x00, 0x00, 0x00, 0x00, 0x00, 0x00, 0x00, 0x00, 0x00, 0x00, 0x00, 0x00,
    0x00, 0x00, 0x00, 0x00, 0x00, 0x00, 0x00, 0x00, 0x00, 0x00, 0x00, 0x00,
    0x00, 0x00, 0x00, 0x00, 0x00, 0x00, 0x00, 0x00, 0x00, 0x00, 0x00, 0x00,
    0x00, 0x00, 0x00, 0x00, 0x00, 0x00, 0x00, 0x00, 0x00, 0x00, 0x00, 0x00,
    0x00, 0x00, 0x00, 0x00, 0x00, 0x00, 0x00, 0x00, 0x00, 0x00, 0x00, 0x00,
    0x00, 0x00, 0x00, 0x00, 0x00, 0x00, 0x00, 0x00, 0x00, 0x00, 0x00, 0x00,
    0x00, 0x00, 0x00, 0x00, 0x00, 0x00, 0x00, 0x00, 0x00, 0x00, 0x00, 0x00,
    0x00, 0x00, 0x00, 0x00, 0x00, 0x00, 0x00, 0x00, 0x00, 0x00, 0x00, 0x00,
    0x00, 0x00, 0x00, 0x00, 0x00, 0x00, 0x00, 0x00, 0x00, 0x00, 0x00, 0x00,
    0x00, 0x00, 0x00, 0x00, 0x00, 0x00, 0x00, 0x00, 0x00, 0x00, 0x00, 0x00,
    0x00, 0x00, 0x00, 0x00, 0x00, 0x00, 0x00, 0x00, 0x00, 0x00, 0x00, 0x00,
    0x00, 0x00, 0x00, 0x00, 0x00, 0x00, 0x00, 0x00, 0x00, 0x00, 0x00, 0x00,
    0x00, 0x00, 0x00, 0x00, 0x00, 0x00, 0x00, 0x00, 0x00, 0x00, 0x00, 0x00,
    0x00, 0x00, 0x00, 0x00, 0x00, 0x00, 0x00, 0x00, 0x00, 0x00, 0x00, 0x00,
    0x00, 0x00, 0x00, 0x00, 0x00, 0x00, 0x00, 0x00, 0x00, 0x00, 0x00, 0x00,
    0x00, 0x00, 0x00, 0x00, 0x00, 0x00, 0x00, 0x00, 0x00, 0x00, 0x00, 0x00,
    0x00, 0x00, 0x00, 0x00, 0x00, 0x00, 0x00, 0x00, 0x00, 0x00, 0x00, 0x00,
    0x00, 0x00, 0x00, 0x00, 0x00, 0x00, 0x00, 0x00, 0x00, 0x00, 0x00, 0x00,
    0x00, 0x00, 0x00, 0x00, 0x00, 0x00, 0x00, 0x00, 0x00, 0x00, 0x00, 0x00,
    0x00, 0x00, 0x00, 0x00, 0x00, 0x00, 0x00, 0x00, 0x00, 0x00, 0x00, 0x00,
    0x00, 0x00, 0x00, 0x00, 0x00, 0x00, 0x00, 0x00, 0x00, 0x00, 0x00, 0x00,
    0x00, 0x00, 0x00, 0x00, 0x00, 0x00, 0x00, 0x00, 0x00, 0x00, 0x00, 0x00,
    0x00, 0x00, 0x00, 0x00, 0x00, 0x00, 0x00, 0x00, 0x00, 0x00, 0x00, 0x00,
    0x00, 0x00, 0x00, 0x00, 0x00, 0x00, 0x00, 0x00, 0x00, 0x00, 0x00, 0x00,
    0x00, 0x00, 0x00, 0x00, 0x00, 0x00, 0x00, 0x00, 0x00, 0x00, 0x00, 0x00,
    0x00, 0x00, 0x00, 0x00, 0x00, 0x00, 0x00, 0x00, 0x00, 0x00, 0x00, 0x00,
    0x00, 0x00, 0x00, 0x00, 0x00, 0x00, 0x00, 0x00, 0x00, 0x00, 0x00, 0x00,
    0x00, 0x00, 0x00, 0x00, 0x00, 0x00, 0x00, 0x00, 0x00, 0x00, 0x00, 0x00,
    0x00, 0x00, 0x00, 0x00, 0x00, 0x00, 0x00, 0x00, 0x00, 0x00, 0x00, 0x00,
    0x00, 0x00, 0x00, 0x00, 0x00, 0x00, 0x00, 0x00, 0x00, 0x00, 0x00, 0x00,
    0x00, 0x00, 0x00, 0x00, 0x00, 0x00, 0x00, 0x00, 0x00, 0x00, 0x00, 0x00,
    0x00, 0x00, 0x00, 0x00, 0x00, 0x00, 0x00, 0x00, 0x00, 0x00, 0x00, 0x00,
    0x00, 0x00, 0x00, 0x00, 0x00, 0x00, 0x00, 0x00, 0x00, 0x00, 0x00, 0x00,
    0x00, 0x00, 0x00, 0x00, 0x00, 0x00, 0x00, 0x00, 0x00, 0x00, 0x00, 0x00,
    0x00, 0x00, 0x00, 0x00, 0x00, 0x00, 0x00, 0x00, 0x00, 0x00, 0x00, 0x00,
    0x00, 0x00, 0x00, 0x00, 0x00, 0x00, 0x00, 0x00, 0x00, 0x00, 0x00, 0x00,
    0x00, 0x00, 0x00, 0x00, 0x00, 0x00, 0x00, 0x00, 0x00, 0x00, 0x00, 0x00,
    0x00, 0x00, 0x00, 0x00, 0x00, 0x00, 0x00, 0x00, 0x00, 0x00, 0x00, 0x00,
    0x00, 0x00, 0x00, 0x00, 0x00, 0x00, 0x00, 0x00, 0x00, 0x00, 0x00, 0x00,
    0x00, 0x00, 0x00, 0x00, 0x00, 0x00, 0x00, 0x00, 0x00, 0x00, 0x00, 0x00,
    0x00, 0x00, 0x00, 0x00, 0x00, 0x00, 0x00, 0x00, 0x00, 0x00, 0x00, 0x00,
    0x00, 0x00, 0x00, 0x00, 0x00, 0x00, 0x00, 0x00, 0x00, 0x00, 0x00, 0x00,
    0x00, 0x00, 0x00, 0x00, 0x00, 0x00, 0x00, 0x00, 0x00, 0x00, 0x00, 0x00,
    0x00, 0x00, 0x00, 0x00, 0x00, 0x00, 0x00, 0x00, 0x00, 0x00, 0x00, 0x00,
    0x00, 0x00, 0x00, 0x00, 0x00, 0x00, 0x00, 0x00, 0x00, 0x00, 0x00, 0x00,
    0x00, 0x00, 0x00, 0x00, 0x00, 0x00, 0x00, 0x00, 0x00, 0x00, 0x00, 0x00,
    0x00, 0x00, 0x00, 0x00, 0x00, 0x00, 0x00, 0x00, 0x00, 0x00, 0x00, 0x00,
    0x00, 0x00, 0x00, 0x00, 0x00, 0x00, 0x00, 0x00, 0x00, 0x00, 0x00, 0x00,
    0x00, 0x00, 0x00, 0x00, 0x00, 0x00, 0x00, 0x00, 0x00, 0x00, 0x00, 0x00,
    0x00, 0x00, 0x00, 0x00, 0x00, 0x00, 0x00, 0x00, 0x00, 0x00, 0x00, 0x00,
    0x00, 0x00, 0x00, 0x00, 0x00, 0x00, 0x00, 0x00, 0x00, 0x00, 0x00, 0x00,
    0x00, 0x00, 0x00, 0x00, 0x00, 0x00, 0x00, 0x00, 0x00, 0x00, 0x00, 0x00,
    0x00, 0x00, 0x00, 0x00, 0x00, 0x00, 0x00, 0x00, 0x00, 0x00, 0x00, 0x00,
    0x00, 0x00, 0x00, 0x00, 0x00, 0x00, 0x00, 0x00, 0x00, 0x00, 0x00, 0x00,
    0x00, 0x00, 0x00, 0x00, 0x00, 0x00, 0x00, 0x00, 0x00, 0x00, 0x00, 0x00,
    0x00, 0x00, 0x00, 0x00, 0x00, 0x00, 0x00, 0x00, 0x00, 0x00, 0x00, 0x00,
    0x00, 0x00, 0x00, 0x00, 0x00, 0x00, 0x00, 0x00, 0x00, 0x00, 0x00, 0x00,
    0x00, 0x00, 0x00, 0x00, 0x00, 0x00, 0x00, 0x00, 0x00, 0x00, 0x00, 0x00,
    0x00, 0x00, 0x00, 0x00, 0x00, 0x00, 0x00, 0x00, 0x00, 0x00, 0x00, 0x00,
    0x00, 0x00, 0x00, 0x00, 0x00, 0x00, 0x00, 0x00, 0x00, 0x00, 0x00, 0x00,
    0x00, 0x00, 0x00, 0x00, 0x00, 0x00, 0x00, 0x00, 0x00, 0x00, 0x00, 0x00,
    0x00, 0x00, 0x00, 0x00, 0x00, 0x00, 0x00, 0x00, 0x00, 0x00, 0x00, 0x00,
    0x00, 0x00, 0x00, 0x00, 0x00, 0x00, 0x00, 0x00, 0x00, 0x00, 0x00, 0x00,
    0x00, 0x00, 0x00, 0x00, 0x00, 0x00, 0x00, 0x00, 0x00, 0x00, 0x00, 0x00,
    0x00, 0x00, 0x00, 0x00, 0x00, 0x00, 0x00, 0x00, 0x00, 0x00, 0x00, 0x00,
    0x00, 0x00, 0x00, 0x00, 0x00, 0x00, 0x00, 0x00, 0x00, 0x00, 0x00, 0x00,
    0x00, 0x00, 0x00, 0x00, 0x00, 0x00, 0x00, 0x00, 0x00, 0x00, 0x00, 0x00,
    0x00, 0x00, 0x00, 0x00, 0x00, 0x00, 0x00, 0x00, 0x00, 0x00, 0x00, 0x00,
    0x00, 0x00, 0x00, 0x00, 0x00, 0x00, 0x00, 0x00, 0x00, 0x00, 0x00, 0x00,
    0x00, 0x00, 0x00, 0x00, 0x00, 0x00, 0x00, 0x00, 0x00, 0x00, 0x00, 0x00,
    0x00, 0x00, 0x00, 0x00, 0x00, 0x00, 0x00, 0x00, 0x00, 0x00, 0x00, 0x00,
    0x00, 0x00, 0x00, 0x00, 0x00, 0x00, 0x00, 0x00, 0x00, 0x00, 0x00, 0x00,
    0x00, 0x00, 0x00, 0x00, 0x00, 0x00, 0x00, 0x00, 0x00, 0x00, 0x00, 0x00,
    0x00, 0x00, 0x00, 0x00, 0x00, 0x00, 0x00, 0x00, 0x00, 0x00, 0x00, 0x00,
    0x00, 0x00, 0x00, 0x00, 0x00, 0x00, 0x00, 0x00, 0x00, 0x00, 0x00, 0x00,
    0x00, 0x00, 0x00, 0x00, 0x00, 0x00, 0x00, 0x00, 0x00, 0x00, 0x00, 0x00,
    0x00, 0x00, 0x00, 0x00, 0x00, 0x00, 0x00, 0x00, 0x00, 0x00, 0x00, 0x00,
    0x00, 0x00, 0x00, 0x00, 0x00, 0x00, 0x00, 0x00, 0x00, 0x00, 0x00, 0x00,
    0x00, 0x00, 0x00, 0x00, 0x00, 0x00, 0x00, 0x00, 0x00, 0x00, 0x00, 0x00,
    0x00, 0x00, 0x00, 0x00, 0x00, 0x00, 0x00, 0x00, 0x00, 0x00, 0x00, 0x00,
    0x00, 0x00, 0x00, 0x00, 0x00, 0x00, 0x00, 0x00, 0x00, 0x00, 0x00, 0x00,
    0x00, 0x00, 0x00, 0x00, 0x00, 0x00, 0x00, 0x00, 0x00, 0x00, 0x00, 0x00,
    0x00, 0x00, 0x00, 0x00, 0x00, 0x00, 0x00, 0x00, 0x00, 0x00, 0x00, 0x00,
    0x00, 0x00, 0x00, 0x00, 0x00, 0x00, 0x00, 0x00, 0x00, 0x00, 0x00, 0x00,
    0x00, 0x00, 0x00, 0x00, 0x00, 0x00, 0x00, 0x00, 0x00, 0x00, 0x00, 0x00,
    0x00, 0x00, 0x00, 0x00, 0x00, 0x00, 0x00, 0x00, 0x00, 0x00, 0x00, 0x00,
    0x00, 0x00, 0x00, 0x00, 0x00, 0x00, 0x00, 0x00, 0x00, 0x00, 0x00, 0x00,
    0x00, 0x00, 0x00, 0x00, 0x00, 0x00, 0x00, 0x00, 0x00, 0x00, 0x00, 0x00,
    0x00, 0x00, 0x00, 0x00, 0x00, 0x00, 0x00, 0x00, 0x00, 0x00, 0x00, 0x00,
    0x00, 0x00, 0x00, 0x00, 0x00, 0x00, 0x00, 0x00, 0x00, 0x00, 0x00, 0x00,
    0x00, 0x00, 0x00, 0x00, 0x00, 0x00, 0x00, 0x00, 0x00, 0x00, 0x00, 0x00,
    0x00, 0x00, 0x00, 0x00, 0x00, 0x00, 0x00, 0x00, 0x00, 0x00, 0x00, 0x00,
    0x00, 0x00, 0x00, 0x00, 0x00, 0x00, 0x00, 0x00, 0x00, 0x00, 0x00, 0x00,
    0x00, 0x00, 0x00, 0x00, 0x00, 0x00, 0x00, 0x00, 0x00, 0x00, 0x00, 0x00,
    0x00, 0x00, 0x00, 0x00, 0x00, 0x00, 0x00, 0x00, 0x00, 0x00, 0x00, 0x00,
    0x00, 0x00, 0x00, 0x00, 0x00, 0x00, 0x00, 0x00, 0x00, 0x00, 0x00, 0x00,
    0x00, 0x00, 0x00, 0x00, 0x00, 0x00, 0x00, 0x00, 0x00, 0x00, 0x00, 0x00,
    0x00, 0x00, 0x00, 0x00, 0x00, 0x00, 0x00, 0x00, 0x00, 0x00, 0x00, 0x00,
    0x00, 0x00, 0x00, 0x00, 0x00, 0x00, 0x00, 0x00, 0x00, 0x00, 0x00, 0x00,
    0x00, 0x00, 0x00, 0x00, 0x00, 0x00, 0x00, 0x00, 0x00, 0x00, 0x00, 0x00,
    0x00, 0x00, 0x00, 0x00, 0x00, 0x00, 0x00, 0x00, 0x00, 0x00, 0x00, 0x00,
    0x00, 0x00, 0x00, 0x00, 0x00, 0x00, 0x00, 0x00, 0x00, 0x00, 0x00, 0x00,
    0x00, 0x00, 0x00, 0x00, 0x00, 0x00, 0x00, 0x00, 0x00, 0x00, 0x00, 0x00,
    0x00, 0x00, 0x00, 0x00, 0x00, 0x00, 0x00, 0x00, 0x00, 0x00, 0x00, 0x00,
    0x00, 0x00, 0x00, 0x00, 0x00, 0x00, 0x00, 0x00, 0x00, 0x00, 0x00, 0x00,
    0x00, 0x00, 0x00, 0x00, 0x00, 0x00, 0x00, 0x00, 0x00, 0x00, 0x00, 0x00,
    0x00, 0x00, 0x00, 0x00, 0x00, 0x00, 0x00, 0x00, 0x00, 0x00, 0x00, 0x00,
    0x00, 0x00, 0x00, 0x00, 0x00, 0x00, 0x00, 0x00, 0x00, 0x00, 0x00, 0x00,
    0x00, 0x00, 0x00, 0x00, 0x00, 0x00, 0x00, 0x00, 0x00, 0x00, 0x00, 0x00,
    0x00, 0x00, 0x00, 0x00, 0x00, 0x00, 0x00, 0x00, 0x00, 0x00, 0x00, 0x00,
    0x00, 0x00, 0x00, 0x00, 0x00, 0x00, 0x00, 0x00, 0x00, 0x00, 0x00, 0x00,
    0x00, 0x00, 0x00, 0x00, 0x00, 0x00, 0x00, 0x00, 0x00, 0x00, 0x00, 0x00,
    0x00, 0x00, 0x00, 0x00, 0x00, 0x00, 0x00, 0x00, 0x00, 0x00, 0x00, 0x00,
    0x00, 0x00, 0x00, 0x00, 0x00, 0x00, 0x00, 0x00, 0x00, 0x00, 0x00, 0x00,
    0x00, 0x00, 0x00, 0x00, 0x00, 0x00, 0x00, 0x00, 0x00, 0x00, 0x00, 0x00,
    0x00, 0x00, 0x00, 0x00, 0x00, 0x00, 0x00, 0x00, 0x00, 0x00, 0x00, 0x00,
    0x00, 0x00, 0x00, 0x00, 0x00, 0x00, 0x00, 0x00, 0x00, 0x00, 0x00, 0x00,
    0x00, 0x00, 0x00, 0x00, 0x00, 0x00, 0x00, 0x00, 0x00, 0x00, 0x00, 0x00,
    0x00, 0x00, 0x00, 0x00, 0x00, 0x00, 0x00, 0x00, 0x00, 0x00, 0x00, 0x00,
    0x00, 0x00, 0x00, 0x00, 0x00, 0x00, 0x00, 0x00, 0x00, 0x00, 0x00, 0x00,
    0x00, 0x00, 0x00, 0x00, 0x00, 0x00, 0x00, 0x00, 0x00, 0x00, 0x00, 0x00,
    0x00, 0x00, 0x00, 0x00, 0x00, 0x00, 0x00, 0x00, 0x00, 0x00, 0x00, 0x00,
    0x00, 0x00, 0x00, 0x00, 0x00, 0x00, 0x00, 0x00, 0x00, 0x00, 0x00, 0x00,
    0x00, 0x00, 0x00, 0x00, 0x00, 0x00, 0x00, 0x00, 0x00, 0x00, 0x00, 0x00,
    0x00, 0x00, 0x00, 0x00, 0x00, 0x00, 0x00, 0x00, 0x00, 0x00, 0x00, 0x00,
    0x00, 0x00, 0x00, 0x00, 0x00, 0x00, 0x00, 0x00, 0x00, 0x00, 0x00, 0x00,
    0x00, 0x00, 0x00, 0x00, 0x00, 0x00, 0x00, 0x00, 0x00, 0x00, 0x00, 0x00,
    0x00, 0x00, 0x00, 0x00, 0x00, 0x00, 0x00, 0x00, 0x00, 0x00, 0x00, 0x00,
    0x00, 0x00, 0x00, 0x00, 0x00, 0x00, 0x00, 0x00, 0x00, 0x00, 0x00, 0x00,
    0x00, 0x00, 0x00, 0x00, 0x00, 0x00, 0x00, 0x00, 0x00, 0x00, 0x00, 0x00,
    0x00, 0x00, 0x00, 0x00, 0x00, 0x00, 0x00, 0x00, 0x00, 0x00, 0x00, 0x00,
    0x00, 0x00, 0x00, 0x00, 0x00, 0x00, 0x00, 0x00, 0x00, 0x00, 0x00, 0x00,
    0x00, 0x00, 0x00, 0x00, 0x00, 0x00, 0x00, 0x00, 0x00, 0x00, 0x00, 0x00,
    0x00, 0x00, 0x00, 0x00, 0x00, 0x00, 0x00, 0x00, 0x00, 0x00, 0x00, 0x00,
    0x00, 0x00, 0x00, 0x00, 0x00, 0x00, 0x00, 0x00, 0x00, 0x00, 0x00, 0x00,
    0x00, 0x00, 0x00, 0x00, 0x00, 0x00, 0x00, 0x00, 0x00, 0x00, 0x00, 0x00,
    0x00, 0x00, 0x00, 0x00, 0x00, 0x00, 0x00, 0x00, 0x00, 0x00, 0x00, 0x00,
    0x00, 0x00, 0x00, 0x00, 0x00, 0x00, 0x00, 0x00, 0x00, 0x00, 0x00, 0x00,
    0x00, 0x00, 0x00, 0x00, 0x00, 0x00, 0x00, 0x00, 0x00, 0x00, 0x00, 0x00,
    0x00, 0x00, 0x00, 0x00, 0x00, 0x00, 0x00, 0x00, 0x00, 0x00, 0x00, 0x00,
    0x00, 0x00, 0x00, 0x00, 0x00, 0x00, 0x00, 0x00, 0x00, 0x00, 0x00, 0x00,
    0x00, 0x00, 0x00, 0x00, 0x00, 0x00, 0x00, 0x00, 0x00, 0x00, 0x00, 0x00,
    0x00, 0x00, 0x00, 0x00, 0x00, 0x00, 0x00, 0x00, 0x00, 0x00, 0x00, 0x00,
    0x00, 0x00, 0x00, 0x00, 0x00, 0x00, 0x00, 0x00, 0x00, 0x00, 0x00, 0x00,
    0x00, 0x00, 0x00, 0x00, 0x00, 0x00, 0x00, 0x00, 0x00, 0x00, 0x00, 0x00,
    0x00, 0x00, 0x00, 0x00, 0x00, 0x00, 0x00, 0x00, 0x00, 0x00, 0x00, 0x00,
    0x00, 0x00, 0x00, 0x00, 0x00, 0x00, 0x00, 0x00, 0x00, 0x00, 0x00, 0x00,
    0x00, 0x00, 0x00, 0x00, 0x00, 0x00, 0x00, 0x00, 0x00, 0x00, 0x00, 0x00,
    0x00, 0x00, 0x00, 0x00, 0x00, 0x00, 0x00, 0x00, 0x00, 0x00, 0x00, 0x00,
    0x00, 0x00, 0x00, 0x00, 0x00, 0x00, 0x00, 0x00, 0x00, 0x00, 0x00, 0x00,
    0x00, 0x00, 0x00, 0x00, 0x00, 0x00, 0x00, 0x00, 0x00, 0x00, 0x00, 0x00,
    0x00, 0x00, 0x00, 0x00, 0x00, 0x00, 0x00, 0x00, 0x00, 0x00, 0x00, 0x00,
    0x00, 0x00, 0x00, 0x00, 0x00, 0x00, 0x00, 0x00, 0x00, 0x00, 0x00, 0x00,
    0x00, 0x00, 0x00, 0x00, 0x00, 0x00, 0x00, 0x00, 0x00, 0x00, 0x00, 0x00,
    0x00, 0x00, 0x00, 0x00, 0x00, 0x00, 0x00, 0x00, 0x00, 0x00, 0x00, 0x00,
    0x00, 0x00, 0x00, 0x00, 0x00, 0x00, 0x00, 0x00, 0x00, 0x00, 0x00, 0x00,
    0x00, 0x00, 0x00, 0x00, 0x00, 0x00, 0x00, 0x00, 0x00, 0x00, 0x00, 0x00,
    0x00, 0x00, 0x00, 0x00, 0x00, 0x00, 0x00, 0x00, 0x00, 0x00, 0x00, 0x00,
    0x00, 0x00, 0x00, 0x00, 0x00, 0x00, 0x00, 0x00, 0x00, 0x00, 0x00, 0x00,
    0x00, 0x00, 0x00, 0x00, 0x00, 0x00, 0x00, 0x00, 0x00, 0x00, 0x00, 0x00,
    0x00, 0x00, 0x00, 0x00, 0x00, 0x00, 0x00, 0x00, 0x00, 0x00, 0x00, 0x00,
    0x00, 0x00, 0x00, 0x00, 0x00, 0x00, 0x00, 0x00, 0x00, 0x00, 0x00, 0x00,
    0x00, 0x00, 0x00, 0x00, 0x00, 0x00, 0x00, 0x00, 0x00, 0x00, 0x00, 0x00,
    0x00, 0x00, 0x00, 0x00, 0x00, 0x00, 0x00, 0x00, 0x00, 0x00, 0x00, 0x00,
    0x00, 0x00, 0x00, 0x00, 0x00, 0x00, 0x00, 0x00, 0x00, 0x00, 0x00, 0x00,
    0x00, 0x00, 0x00, 0x00, 0x00, 0x00, 0x00, 0x00, 0x00, 0x00, 0x00, 0x00,
    0x00, 0x00, 0x00, 0x00, 0x00, 0x00, 0x00, 0x00, 0x00, 0x00, 0x00, 0x00,
    0x00, 0x00, 0x00, 0x00, 0x00, 0x00, 0x00, 0x00, 0x00, 0x00, 0x00, 0x00,
    0x00, 0x00, 0x00, 0x00, 0x00, 0x00, 0x00, 0x00, 0x00, 0x00, 0x00, 0x00,
    0x00, 0x00, 0x00, 0x00, 0x00, 0x00, 0x00, 0x00, 0x00, 0x00, 0x00, 0x00,
    0x00, 0x00, 0x00, 0x00, 0x00, 0x00, 0x00, 0x00, 0x00, 0x00, 0x00, 0x00,
    0x00, 0x00, 0x00, 0x00, 0x00, 0x00, 0x00, 0x00, 0x00, 0x00, 0x00, 0x00,
    0x00, 0x00, 0x00, 0x00, 0x00, 0x00, 0x00, 0x00, 0x00, 0x00, 0x00, 0x00,
    0x00, 0x00, 0x00, 0x00, 0x00, 0x00, 0x00, 0x00, 0x00, 0x00, 0x00, 0x00,
    0x00, 0x00, 0x00, 0x00, 0x00, 0x00, 0x00, 0x00, 0x00, 0x00, 0x00, 0x00,
    0x00, 0x00, 0x00, 0x00, 0x00, 0x00, 0x00, 0x00, 0x00, 0x00, 0x00, 0x00,
    0x00, 0x00, 0x00, 0x00, 0x00, 0x00, 0x00, 0x00, 0x00, 0x00, 0x00, 0x00,
    0x00, 0x00, 0x00, 0x00, 0x00, 0x00, 0x00, 0x00, 0x00, 0x00, 0x00, 0x00,
    0x00, 0x00, 0x00, 0x00, 0x00, 0x00, 0x00, 0x00, 0x00, 0x00, 0x00, 0x00,
    0x00, 0x0a, 0x00, 0x00, 0xff, 0xff, 0xff, 0xff, 0xff, 0xff, 0xff, 0xff,
    0x31, 0x32, 0x3a, 0x30, 0x30, 0x20, 0x41, 0x4d, 0x00, 0x00, 0x00, 0x00,
    0x00, 0x00, 0x00, 0x00, 0x00, 0x00, 0x00, 0x00, 0x4d, 0x6f, 0x6e, 0x20,
    0x4a, 0x61, 0x6e, 0x20, 0x31, 0x00, 0x00, 0x00, 0x00, 0x00, 0x00, 0x00,
    0xff, 0xff, 0xff, 0xff, 0x00, 0x00, 0x00, 0x00, 0x00, 0x00, 0x00, 0x00,
    0x00, 0x00, 0x00, 0x00, 0x24, 0x45, 0x40, 0x00, 0x00, 0x00, 0x00, 0x00,
    0x00, 0x00, 0x00, 0x00, 0x00, 0x00, 0x00, 0x00, 0x00, 0x00, 0x00, 0x00,
    0x00, 0x00, 0x00, 0x00, 0xff, 0xff, 0xff, 0xff, 0x00, 0x00, 0x00, 0x00,
    0x4a, 0x44, 0x40, 0x00, 0x00, 0x00, 0x00, 0x00, 0x00, 0x00, 0x00, 0x00,
    0x00, 0x00, 0x00, 0x00, 0x00, 0x00, 0x00, 0x00, 0x00, 0x00, 0x00, 0x00,
    0xff, 0xff, 0xff, 0xff, 0x00, 0x00, 0x00, 0x00, 0x6b, 0x44, 0x40, 0x00,
    0x00, 0x00, 0x00, 0x00, 0x00, 0x00, 0x00, 0x00, 0x00, 0x00, 0x00, 0x00,
    0x71, 0x44, 0x40, 0x00, 0x00, 0x00, 0x00, 0x00, 0x00, 0x00, 0x00, 0x00,
    0x00, 0x00, 0x00, 0x00, 0x31, 0x45, 0x40, 0x00, 0x00, 0x00, 0x00, 0x00,
    0x00, 0x00, 0x00, 0x00, 0x00, 0x00, 0x00, 0x00, 0x79, 0x44, 0x40, 0x00,
    0x00, 0x00, 0x00, 0x00, 0x00, 0x00, 0x00, 0x00, 0x00, 0x00, 0x00, 0x00,
    0x00, 0x00, 0x00, 0x00, 0x00, 0x00, 0x00, 0x00, 0xff, 0xff, 0xff, 0xff,
    0x00, 0x00, 0x00, 0x00, 0x38, 0x44, 0x40, 0x00, 0x00, 0x00, 0x00, 0x00,
    0x01, 0x00, 0x00, 0x00, 0x00, 0x00, 0x00, 0x00, 0x87, 0x44, 0x40, 0x00,
    0x00, 0x00, 0x00, 0x00, 0x03, 0x00, 0x00, 0x00, 0x00, 0x00, 0x00, 0x00,
    0x94, 0x44, 0x40, 0x00, 0x00, 0x00, 0x00, 0x00, 0x00, 0x00, 0x00, 0x00,
    0x00, 0x00, 0x00, 0x00, 0x5a, 0x44, 0x40, 0x00, 0x00, 0x00, 0x00, 0x00,
    0x00, 0x00, 0x00, 0x00, 0x00, 0x00, 0x00, 0x00, 0x00, 0x00, 0x00, 0x00,
    0x00, 0x00, 0x00, 0x00, 0xff, 0xff, 0xff, 0xff, 0x00, 0x00, 0x00, 0x00,
    0xb6, 0x44, 0x40, 0x00, 0x00, 0x00, 0x00, 0x00, 0x00, 0x00, 0x00, 0x00,
    0x00, 0x00, 0x00, 0x00, 0xc8, 0x44, 0x40, 0x00, 0x00, 0x00, 0x00, 0x00,
    0x00, 0x00, 0x00, 0x00, 0x00, 0x00, 0x00, 0x00, 0xcd, 0x44, 0x40, 0x00,
    0x00, 0x00, 0x00, 0x00, 0x00, 0x00, 0x00, 0x00, 0x00, 0x00, 0x00, 0x00,
    0x00, 0x00, 0x00, 0x00, 0x00, 0x00, 0x00, 0x00, 0xff, 0xff, 0xff, 0xff,
    0x00, 0x00, 0x00, 0x00, 0xd2, 0x44, 0x40, 0x00, 0x00, 0x00, 0x00, 0x00,
    0x00, 0x00, 0x00, 0x00, 0x00, 0x00, 0x00, 0x00, 0xc3, 0x44, 0x40, 0x00,
    0x00, 0x00, 0x00, 0x00, 0x00, 0x00, 0x00, 0x00, 0x00, 0x00, 0x00, 0x00,
    0xf2, 0x44, 0x40, 0x00, 0x00, 0x00, 0x00, 0x00, 0x00, 0x00, 0x00, 0x00,
    0x00, 0x00, 0x00, 0x00, 0xf8, 0x44, 0x40, 0x00, 0x00, 0x00, 0x00, 0x00,
    0x00, 0x00, 0x00, 0x00, 0x00, 0x00, 0x00, 0x00, 0x05, 0x45, 0x40, 0x00,
    0x00, 0x00, 0x00, 0x00, 0x00, 0x00, 0x00, 0x00, 0x00, 0x00, 0x00, 0x00,
    0x00, 0x00, 0x00, 0x00, 0x00, 0x00, 0x00, 0x00, 0xff, 0xff, 0xff, 0xff,
    0x00, 0x00, 0x00, 0x00, 0x12, 0x45, 0x40, 0x00, 0x00, 0x00, 0x00, 0x00,
    0x00, 0x00, 0x00, 0x00, 0x00, 0x00, 0x00, 0x00, 0xa8, 0x44, 0x40, 0x00,
    0x00, 0x00, 0x00, 0x00, 0x01, 0x00, 0x00, 0x00, 0x00, 0x00, 0x00, 0x00,
    0x3b, 0x45, 0x40, 0x00, 0x00, 0x00, 0x00, 0x00, 0x00, 0x00, 0x00, 0x00,
    0x00, 0x00, 0x00, 0x00, 0x00, 0x00, 0x00, 0x00, 0x00, 0x00, 0x00, 0x00,
    0xff, 0xff, 0xff, 0xff, 0x00, 0x00, 0x00, 0x00, 0x40, 0x45, 0x40, 0x00,
    0x00, 0x00, 0x00, 0x00, 0x02, 0x00, 0x00, 0x00, 0x00, 0x00, 0x00, 0x00,
    0x31, 0x44, 0x40, 0x00, 0x00, 0x00, 0x00, 0x00, 0x00, 0x00, 0x00, 0x00,
    0x00, 0x00, 0x00, 0x00, 0xe3, 0x44, 0x40, 0x00, 0x00, 0x00, 0x00, 0x00,
    0x00, 0x00, 0x00, 0x00, 0x00, 0x00, 0x00, 0x00, 0xff, 0x4c, 0x69, 0x6e,
    0x6b, 0x65, 0x72, 0x3a, 0x20, 0x48, 0x6f, 0x6d, 0x65, 0x62, 0x72, 0x65,
    0x77, 0x20, 0x4c, 0x4c, 0x44, 0x20, 0x32, 0x32, 0x2e, 0x31, 0x2e, 0x38,
    0x00, 0x00, 0x41, 0x70, 0x70, 0x6c, 0x65, 0x20, 0x63, 0x6c, 0x61, 0x6e,
    0x67, 0x20, 0x76, 0x65, 0x72, 0x73, 0x69, 0x6f, 0x6e, 0x20, 0x32, 0x31,
    0x2e, 0x30, 0x2e, 0x30, 0x20, 0x28, 0x63, 0x6c, 0x61, 0x6e, 0x67, 0x2d,
    0x32, 0x31, 0x30, 0x30, 0x2e, 0x33, 0x2e, 0x32, 0x35, 0x2e, 0x31, 0x29,
    0x00, 0x00, 0x00, 0x00, 0x00, 0x00, 0x00, 0x00, 0x00, 0x00, 0x00, 0x00,
    0x00, 0x00, 0x00, 0x00, 0x00, 0x00, 0x00, 0x00, 0x00, 0x00, 0x00, 0x00,
    0x00, 0x00, 0x00, 0x00, 0x01, 0x00, 0x00, 0x00, 0x04, 0x00, 0xf1, 0xff,
    0x00, 0x00, 0x00, 0x00, 0x00, 0x00, 0x00, 0x00, 0x00, 0x00, 0x00, 0x00,
    0x00, 0x00, 0x00, 0x00, 0x08, 0x00, 0x00, 0x00, 0x01, 0x00, 0x03, 0x00,
    0x00, 0x50, 0x40, 0x00, 0x00, 0x00, 0x00, 0x00, 0x04, 0x00, 0x00, 0x00,
    0x00, 0x00, 0x00, 0x00, 0x0d, 0x00, 0x00, 0x00, 0x01, 0x00, 0x04, 0x00,
    0x00, 0x60, 0x40, 0x00, 0x00, 0x00, 0x00, 0x00, 0x08, 0x00, 0x00, 0x00,
    0x00, 0x00, 0x00, 0x00, 0x14, 0x00, 0x00, 0x00, 0x01, 0x00, 0x04, 0x00,
    0x10, 0x60, 0x40, 0x00, 0x00, 0x00, 0x00, 0x00, 0x08, 0x00, 0x00, 0x00,
    0x00, 0x00, 0x00, 0x00, 0x19, 0x00, 0x00, 0x00, 0x01, 0x00, 0x04, 0x00,
    0x08, 0x60, 0x40, 0x00, 0x00, 0x00, 0x00, 0x00, 0x04, 0x00, 0x00, 0x00,
    0x00, 0x00, 0x00, 0x00, 0x1e, 0x00, 0x00, 0x00, 0x02, 0x00, 0x01, 0x00,
    0xa0, 0x0c, 0x40, 0x00, 0x00, 0x00, 0x00, 0x00, 0x75, 0x01, 0x00, 0x00,
    0x00, 0x00, 0x00, 0x00, 0x32, 0x00, 0x00, 0x00, 0x02, 0x00, 0x01, 0x00,
    0x20, 0x0e, 0x40, 0x00, 0x00, 0x00, 0x00, 0x00, 0x3f, 0x06, 0x00, 0x00,
    0x00, 0x00, 0x00, 0x00, 0x3f, 0x00, 0x00, 0x00, 0x02, 0x00, 0x01, 0x00,
    0x60, 0x14, 0x40, 0x00, 0x00, 0x00, 0x00, 0x00, 0x08, 0x01, 0x00, 0x00,
    0x00, 0x00, 0x00, 0x00, 0x4d, 0x00, 0x00, 0x00, 0x01, 0x00, 0x03, 0x00,
    0x0c, 0x50, 0x40, 0x00, 0x00, 0x00, 0x00, 0x00, 0x0c, 0x00, 0x00, 0x00,
    0x00, 0x00, 0x00, 0x00, 0x59, 0x00, 0x00, 0x00, 0x01, 0x00, 0x02, 0x00,
    0x70, 0x40, 0x40, 0x00, 0x00, 0x00, 0x00, 0x00, 0x38, 0x00, 0x00, 0x00,
    0x00, 0x00, 0x00, 0x00, 0x6b, 0x00, 0x00, 0x00, 0x01, 0x00, 0x03, 0x00,
    0x20, 0x50, 0x40, 0x00, 0x00, 0x00, 0x00, 0x00, 0x10, 0x00, 0x00, 0x00,
    0x00, 0x00, 0x00, 0x00, 0x76, 0x00, 0x00, 0x00, 0x01, 0x00, 0x04, 0x00,
    0x1c, 0x60, 0x40, 0x00, 0x00, 0x00, 0x00, 0x00, 0x01, 0x00, 0x00, 0x00,
    0x00, 0x00, 0x00, 0x00, 0x85, 0x00, 0x00, 0x00, 0x01, 0x00, 0x03, 0x00,
    0x08, 0x50, 0x40, 0x00, 0x00, 0x00, 0x00, 0x00, 0x04, 0x00, 0x00, 0x00,
    0x00, 0x00, 0x00, 0x00, 0x8d, 0x00, 0x00, 0x00, 0x01, 0x00, 0x04, 0x00,
    0x18, 0x60, 0x40, 0x00, 0x00, 0x00, 0x00, 0x00, 0x04, 0x00, 0x00, 0x00,
    0x00, 0x00, 0x00, 0x00, 0x99, 0x00, 0x00, 0x00, 0x01, 0x00, 0x03, 0x00,
    0x04, 0x50, 0x40, 0x00, 0x00, 0x00, 0x00, 0x00, 0x04, 0x00, 0x00, 0x00,
    0x00, 0x00, 0x00, 0x00, 0xa3, 0x00, 0x00, 0x00, 0x01, 0x00, 0x04, 0x00,
    0x30, 0x60, 0x40, 0x00, 0x00, 0x00, 0x00, 0x00, 0x70, 0x00, 0x00, 0x00,
    0x00, 0x00, 0x00, 0x00, 0xab, 0x00, 0x00, 0x00, 0x01, 0x00, 0x04, 0x00,
    0xa0, 0x60, 0x40, 0x00, 0x00, 0x00, 0x00, 0x00, 0x04, 0x00, 0x00, 0x00,
    0x00, 0x00, 0x00, 0x00, 0xb3, 0x00, 0x00, 0x00, 0x01, 0x00, 0x04, 0x00,
    0xa8, 0x60, 0x40, 0x00, 0x00, 0x00, 0x00, 0x00, 0x08, 0x00, 0x00, 0x00,
    0x00, 0x00, 0x00, 0x00, 0xbb, 0x00, 0x00, 0x00, 0x01, 0x00, 0x03, 0x00,
    0x30, 0x50, 0x40, 0x00, 0x00, 0x00, 0x00, 0x00, 0x04, 0x00, 0x00, 0x00,
    0x00, 0x00, 0x00, 0x00, 0xc6, 0x00, 0x00, 0x00, 0x01, 0x00, 0x04, 0x00,
    0x20, 0x60, 0x40, 0x00, 0x00, 0x00, 0x00, 0x00, 0x08, 0x00, 0x00, 0x00,
    0x00, 0x00, 0x00, 0x00, 0xd0, 0x00, 0x00, 0x00, 0x01, 0x00, 0x04, 0x00,
    0xb4, 0x60, 0x40, 0x00, 0x00, 0x00, 0x00, 0x00, 0x04, 0x00, 0x00, 0x00,
    0x00, 0x00, 0x00, 0x00, 0xd7, 0x00, 0x00, 0x00, 0x01, 0x00, 0x02, 0x00,
    0x00, 0x40, 0x40, 0x00, 0x00, 0x00, 0x00, 0x00, 0x70, 0x00, 0x00, 0x00,
    0x00, 0x00, 0x00, 0x00, 0xdf, 0x00, 0x00, 0x00, 0x02, 0x00, 0x01, 0x00,
    0x70, 0x15, 0x40, 0x00, 0x00, 0x00, 0x00, 0x00, 0x9b, 0x03, 0x00, 0x00,
    0x00, 0x00, 0x00, 0x00, 0xed, 0x00, 0x00, 0x00, 0x01, 0x00, 0x04, 0x00,
    0xb0, 0x60, 0x40, 0x00, 0x00, 0x00, 0x00, 0x00, 0x04, 0x00, 0x00, 0x00,
    0x00, 0x00, 0x00, 0x00, 0xf4, 0x00, 0x00, 0x00, 0x01, 0x00, 0x04, 0x00,
    0xb8, 0x60, 0x40, 0x00, 0x00, 0x00, 0x00, 0x00, 0x04, 0x00, 0x00, 0x00,
    0x00, 0x00, 0x00, 0x00, 0xfb, 0x00, 0x00, 0x00, 0x01, 0x00, 0x03, 0x00,
    0x30, 0x52, 0x40, 0x00, 0x00, 0x00, 0x00, 0x00, 0x01, 0x00, 0x00, 0x00,
    0x00, 0x00, 0x00, 0x00, 0x06, 0x01, 0x00, 0x00, 0x01, 0x00, 0x03, 0x00,
    0x40, 0x50, 0x40, 0x00, 0x00, 0x00, 0x00, 0x00, 0x70, 0x00, 0x00, 0x00,
    0x00, 0x00, 0x00, 0x00, 0x0c, 0x01, 0x00, 0x00, 0x01, 0x00, 0x03, 0x00,
    0xb0, 0x50, 0x40, 0x00, 0x00, 0x00, 0x00, 0x00, 0x40, 0x00, 0x00, 0x00,
    0x00, 0x00, 0x00, 0x00, 0x12, 0x01, 0x00, 0x00, 0x01, 0x00, 0x03, 0x00,
    0xf0, 0x50, 0x40, 0x00, 0x00, 0x00, 0x00, 0x00, 0x40, 0x00, 0x00, 0x00,
    0x00, 0x00, 0x00, 0x00, 0x18, 0x01, 0x00, 0x00, 0x01, 0x00, 0x03, 0x00,
    0x30, 0x51, 0x40, 0x00, 0x00, 0x00, 0x00, 0x00, 0x60, 0x00, 0x00, 0x00,
    0x00, 0x00, 0x00, 0x00, 0x1e, 0x01, 0x00, 0x00, 0x01, 0x00, 0x03, 0x00,
    0x90, 0x51, 0x40, 0x00, 0x00, 0x00, 0x00, 0x00, 0x40, 0x00, 0x00, 0x00,
    0x00, 0x00, 0x00, 0x00, 0x24, 0x01, 0x00, 0x00, 0x01, 0x00, 0x03, 0x00,
    0xd0, 0x51, 0x40, 0x00, 0x00, 0x00, 0x00, 0x00, 0x40, 0x00, 0x00, 0x00,
    0x00, 0x00, 0x00, 0x00, 0x2a, 0x01, 0x00, 0x00, 0x01, 0x00, 0x03, 0x00,
    0x10, 0x52, 0x40, 0x00, 0x00, 0x00, 0x00, 0x00, 0x20, 0x00, 0x00, 0x00,
    0x00, 0x00, 0x00, 0x00, 0x30, 0x01, 0x00, 0x00, 0x04, 0x00, 0xf1, 0xff,
    0x00, 0x00, 0x00, 0x00, 0x00, 0x00, 0x00, 0x00, 0x00, 0x00, 0x00, 0x00,
    0x00, 0x00, 0x00, 0x00, 0x37, 0x01, 0x00, 0x00, 0x01, 0x00, 0x04, 0x00,
    0xc0, 0x60, 0x40, 0x00, 0x00, 0x00, 0x00, 0x00, 0x04, 0x00, 0x00, 0x00,
    0x00, 0x00, 0x00, 0x00, 0x3e, 0x01, 0x00, 0x00, 0x02, 0x00, 0x01, 0x00,
    0x80, 0x39, 0x40, 0x00, 0x00, 0x00, 0x00, 0x00, 0x28, 0x02, 0x00, 0x00,
    0x00, 0x00, 0x00, 0x00, 0x4c, 0x01, 0x00, 0x00, 0x01, 0x00, 0x04, 0x00,
    0xd0, 0xe0, 0x40, 0x00, 0x00, 0x00, 0x00, 0x00, 0x00, 0x40, 0x00, 0x00,
    0x00, 0x00, 0x00, 0x00, 0x54, 0x01, 0x00, 0x00, 0x01, 0x00, 0x04, 0x00,
    0xd0, 0x60, 0x40, 0x00, 0x00, 0x00, 0x00, 0x00, 0x00, 0x40, 0x00, 0x00,
    0x00, 0x00, 0x00, 0x00, 0x5c, 0x01, 0x00, 0x00, 0x01, 0x00, 0x04, 0x00,
    0xd0, 0x20, 0x41, 0x00, 0x00, 0x00, 0x00, 0x00, 0x00, 0x40, 0x00, 0x00,
    0x00, 0x00, 0x00, 0x00, 0x64, 0x01, 0x00, 0x00, 0x01, 0x00, 0x04, 0x00,
    0xd0, 0xa0, 0x40, 0x00, 0x00, 0x00, 0x00, 0x00, 0x00, 0x40, 0x00, 0x00,
    0x00, 0x00, 0x00, 0x00, 0x6c, 0x01, 0x00, 0x00, 0x01, 0x00, 0x04, 0x00,
    0xd0, 0x60, 0x41, 0x00, 0x00, 0x00, 0x00, 0x00, 0x00, 0x80, 0x00, 0x00,
    0x00, 0x00, 0x00, 0x00, 0x76, 0x01, 0x00, 0x00, 0x01, 0x00, 0x02, 0x00,
    0xd0, 0x40, 0x40, 0x00, 0x00, 0x00, 0x00, 0x00, 0x00, 0x03, 0x00, 0x00,
    0x00, 0x00, 0x00, 0x00, 0x7e, 0x01, 0x00, 0x00, 0x04, 0x00, 0xf1, 0xff,
    0x00, 0x00, 0x00, 0x00, 0x00, 0x00, 0x00, 0x00, 0x00, 0x00, 0x00, 0x00,
    0x00, 0x00, 0x00, 0x00, 0x88, 0x01, 0x00, 0x00, 0x10, 0x00, 0x01, 0x00,
    0x00, 0x00, 0x40, 0x00, 0x00, 0x00, 0x00, 0x00, 0x00, 0x00, 0x00, 0x00,
    0x00, 0x00, 0x00, 0x00, 0x8f, 0x01, 0x00, 0x00, 0x12, 0x00, 0x01, 0x00,
    0x20, 0x00, 0x40, 0x00, 0x00, 0x00, 0x00, 0x00, 0x77, 0x0c, 0x00, 0x00,
    0x00, 0x00, 0x00, 0x00, 0x9c, 0x01, 0x00, 0x00, 0x12, 0x00, 0x01, 0x00,
    0xc0, 0x3b, 0x40, 0x00, 0x00, 0x00, 0x00, 0x00, 0x13, 0x00, 0x00, 0x00,
    0x00, 0x00, 0x00, 0x00, 0xa5, 0x01, 0x00, 0x00, 0x12, 0x00, 0x01, 0x00,
    0x70, 0x3c, 0x40, 0x00, 0x00, 0x00, 0x00, 0x00, 0x0d, 0x00, 0x00, 0x00,
    0x00, 0x00, 0x00, 0x00, 0xb5, 0x01, 0x00, 0x00, 0x12, 0x00, 0x01, 0x00,
    0xb0, 0x3b, 0x40, 0x00, 0x00, 0x00, 0x00, 0x00, 0x0b, 0x00, 0x00, 0x00,
    0x00, 0x00, 0x00, 0x00, 0xbe, 0x01, 0x00, 0x00, 0x12, 0x00, 0x01, 0x00,
    0xa0, 0x3c, 0x40, 0x00, 0x00, 0x00, 0x00, 0x00, 0x29, 0x00, 0x00, 0x00,
    0x00, 0x00, 0x00, 0x00, 0xcc, 0x01, 0x00, 0x00, 0x12, 0x00, 0x01, 0x00,
    0x10, 0x19, 0x40, 0x00, 0x00, 0x00, 0x00, 0x00, 0xaf, 0x00, 0x00, 0x00,
    0x00, 0x00, 0x00, 0x00, 0xd3, 0x01, 0x00, 0x00, 0x12, 0x00, 0x01, 0x00,
    0x10, 0x3d, 0x40, 0x00, 0x00, 0x00, 0x00, 0x00, 0x14, 0x00, 0x00, 0x00,
    0x00, 0x00, 0x00, 0x00, 0xe1, 0x01, 0x00, 0x00, 0x12, 0x00, 0x01, 0x00,
    0x80, 0x3c, 0x40, 0x00, 0x00, 0x00, 0x00, 0x00, 0x1f, 0x00, 0x00, 0x00,
    0x00, 0x00, 0x00, 0x00, 0xef, 0x01, 0x00, 0x00, 0x12, 0x00, 0x01, 0x00,
    0x80, 0x3f, 0x40, 0x00, 0x00, 0x00, 0x00, 0x00, 0x4b, 0x00, 0x00, 0x00,
    0x00, 0x00, 0x00, 0x00, 0xf8, 0x01, 0x00, 0x00, 0x12, 0x00, 0x01, 0x00,
    0x30, 0x25, 0x40, 0x00, 0x00, 0x00, 0x00, 0x00, 0x0f, 0x00, 0x00, 0x00,
    0x00, 0x00, 0x00, 0x00, 0x09, 0x02, 0x00, 0x00, 0x12, 0x00, 0x01, 0x00,
    0xc0, 0x19, 0x40, 0x00, 0x00, 0x00, 0x00, 0x00, 0x1f, 0x00, 0x00, 0x00,
    0x00, 0x00, 0x00, 0x00, 0x18, 0x02, 0x00, 0x00, 0x12, 0x00, 0x01, 0x00,
    0x10, 0x20, 0x40, 0x00, 0x00, 0x00, 0x00, 0x00, 0x1b, 0x05, 0x00, 0x00,
    0x00, 0x00, 0x00, 0x00, 0x2f, 0x02, 0x00, 0x00, 0x12, 0x00, 0x01, 0x00,
    0x70, 0x25, 0x40, 0x00, 0x00, 0x00, 0x00, 0x00, 0x1f, 0x0f, 0x00, 0x00,
    0x00, 0x00, 0x00, 0x00, 0x3e, 0x02, 0x00, 0x00, 0x12, 0x00, 0x01, 0x00,
    0xe0, 0x19, 0x40, 0x00, 0x00, 0x00, 0x00, 0x00, 0xaf, 0x00, 0x00, 0x00,
    0x00, 0x00, 0x00, 0x00, 0x50, 0x02, 0x00, 0x00, 0x12, 0x00, 0x01, 0x00,
    0x90, 0x1a, 0x40, 0x00, 0x00, 0x00, 0x00, 0x00, 0xaf, 0x00, 0x00, 0x00,
    0x00, 0x00, 0x00, 0x00, 0x62, 0x02, 0x00, 0x00, 0x12, 0x00, 0x01, 0x00,
    0xd0, 0x1c, 0x40, 0x00, 0x00, 0x00, 0x00, 0x00, 0x22, 0x00, 0x00, 0x00,
    0x00, 0x00, 0x00, 0x00, 0x72, 0x02, 0x00, 0x00, 0x12, 0x00, 0x01, 0x00,
    0x30, 0x38, 0x40, 0x00, 0x00, 0x00, 0x00, 0x00, 0x44, 0x01, 0x00, 0x00,
    0x00, 0x00, 0x00, 0x00, 0x88, 0x02, 0x00, 0x00, 0x12, 0x00, 0x01, 0x00,
    0x90, 0x34, 0x40, 0x00, 0x00, 0x00, 0x00, 0x00, 0x24, 0x00, 0x00, 0x00,
    0x00, 0x00, 0x00, 0x00, 0x99, 0x02, 0x00, 0x00, 0x12, 0x00, 0x01, 0x00,
    0x40, 0x1b, 0x40, 0x00, 0x00, 0x00, 0x00, 0x00, 0x89, 0x01, 0x00, 0x00,
    0x00, 0x00, 0x00, 0x00, 0xac, 0x02, 0x00, 0x00, 0x12, 0x00, 0x01, 0x00,
    0x00, 0x1d, 0x40, 0x00, 0x00, 0x00, 0x00, 0x00, 0x03, 0x03, 0x00, 0x00,
    0x00, 0x00, 0x00, 0x00, 0xbb, 0x02, 0x00, 0x00, 0x12, 0x00, 0x01, 0x00,
    0x40, 0x25, 0x40, 0x00, 0x00, 0x00, 0x00, 0x00, 0x26, 0x00, 0x00, 0x00,
    0x00, 0x00, 0x00, 0x00, 0xcd, 0x02, 0x00, 0x00, 0x12, 0x00, 0x01, 0x00,
    0xc0, 0x34, 0x40, 0x00, 0x00, 0x00, 0x00, 0x00, 0x6a, 0x03, 0x00, 0x00,
    0x00, 0x00, 0x00, 0x00, 0xdc, 0x02, 0x00, 0x00, 0x12, 0x00, 0x01, 0x00,
    0xe0, 0x3b, 0x40, 0x00, 0x00, 0x00, 0x00, 0x00, 0x1d, 0x00, 0x00, 0x00,
    0x00, 0x00, 0x00, 0x00, 0xe5, 0x02, 0x00, 0x00, 0x12, 0x00, 0x01, 0x00,
    0x00, 0x3c, 0x40, 0x00, 0x00, 0x00, 0x00, 0x00, 0x27, 0x00, 0x00, 0x00,
    0x00, 0x00, 0x00, 0x00, 0xee, 0x02, 0x00, 0x00, 0x12, 0x00, 0x01, 0x00,
    0x30, 0x3c, 0x40, 0x00, 0x00, 0x00, 0x00, 0x00, 0x31, 0x00, 0x00, 0x00,
    0x00, 0x00, 0x00, 0x00, 0xf7, 0x02, 0x00, 0x00, 0x12, 0x00, 0x01, 0x00,
    0xd0, 0x3c, 0x40, 0x00, 0x00, 0x00, 0x00, 0x00, 0x15, 0x00, 0x00, 0x00,
    0x00, 0x00, 0x00, 0x00, 0x06, 0x03, 0x00, 0x00, 0x12, 0x00, 0x01, 0x00,
    0xf0, 0x3c, 0x40, 0x00, 0x00, 0x00, 0x00, 0x00, 0x1f, 0x00, 0x00, 0x00,
    0x00, 0x00, 0x00, 0x00, 0x16, 0x03, 0x00, 0x00, 0x12, 0x00, 0x01, 0x00,
    0x30, 0x3d, 0x40, 0x00, 0x00, 0x00, 0x00, 0x00, 0x1f, 0x00, 0x00, 0x00,
    0x00, 0x00, 0x00, 0x00, 0x24, 0x03, 0x00, 0x00, 0x12, 0x00, 0x01, 0x00,
    0x50, 0x3d, 0x40, 0x00, 0x00, 0x00, 0x00, 0x00, 0x33, 0x00, 0x00, 0x00,
    0x00, 0x00, 0x00, 0x00, 0x32, 0x03, 0x00, 0x00, 0x12, 0x00, 0x01, 0x00,
    0x90, 0x3d, 0x40, 0x00, 0x00, 0x00, 0x00, 0x00, 0x15, 0x00, 0x00, 0x00,
    0x00, 0x00, 0x00, 0x00, 0x42, 0x03, 0x00, 0x00, 0x12, 0x00, 0x01, 0x00,
    0xb0, 0x3d, 0x40, 0x00, 0x00, 0x00, 0x00, 0x00, 0x15, 0x00, 0x00, 0x00,
    0x00, 0x00, 0x00, 0x00, 0x51, 0x03, 0x00, 0x00, 0x12, 0x00, 0x01, 0x00,
    0xd0, 0x3d, 0x40, 0x00, 0x00, 0x00, 0x00, 0x00, 0x1f, 0x00, 0x00, 0x00,
    0x00, 0x00, 0x00, 0x00, 0x5a, 0x03, 0x00, 0x00, 0x12, 0x00, 0x01, 0x00,
    0xf0, 0x3d, 0x40, 0x00, 0x00, 0x00, 0x00, 0x00, 0x29, 0x00, 0x00, 0x00,
    0x00, 0x00, 0x00, 0x00, 0x63, 0x03, 0x00, 0x00, 0x12, 0x00, 0x01, 0x00,
    0x20, 0x3e, 0x40, 0x00, 0x00, 0x00, 0x00, 0x00, 0x29, 0x00, 0x00, 0x00,
    0x00, 0x00, 0x00, 0x00, 0x6d, 0x03, 0x00, 0x00, 0x12, 0x00, 0x01, 0x00,
    0x50, 0x3e, 0x40, 0x00, 0x00, 0x00, 0x00, 0x00, 0x15, 0x00, 0x00, 0x00,
    0x00, 0x00, 0x00, 0x00, 0x77, 0x03, 0x00, 0x00, 0x12, 0x00, 0x01, 0x00,
    0x70, 0x3e, 0x40, 0x00, 0x00, 0x00, 0x00, 0x00, 0x15, 0x00, 0x00, 0x00,
    0x00, 0x00, 0x00, 0x00, 0x81, 0x03, 0x00, 0x00, 0x12, 0x00, 0x01, 0x00,
    0x90, 0x3e, 0x40, 0x00, 0x00, 0x00, 0x00, 0x00, 0x29, 0x00, 0x00, 0x00,
    0x00, 0x00, 0x00, 0x00, 0x8d, 0x03, 0x00, 0x00, 0x12, 0x00, 0x01, 0x00,
    0xc0, 0x3e, 0x40, 0x00, 0x00, 0x00, 0x00, 0x00, 0x15, 0x00, 0x00, 0x00,
    0x00, 0x00, 0x00, 0x00, 0x9d, 0x03, 0x00, 0x00, 0x12, 0x00, 0x01, 0x00,
    0xe0, 0x3e, 0x40, 0x00, 0x00, 0x00, 0x00, 0x00, 0x32, 0x00, 0x00, 0x00,
    0x00, 0x00, 0x00, 0x00, 0xab, 0x03, 0x00, 0x00, 0x12, 0x00, 0x01, 0x00,
    0x20, 0x3f, 0x40, 0x00, 0x00, 0x00, 0x00, 0x00, 0x33, 0x00, 0x00, 0x00,
    0x00, 0x00, 0x00, 0x00, 0xbe, 0x03, 0x00, 0x00, 0x12, 0x00, 0x01, 0x00,
    0x60, 0x3f, 0x40, 0x00, 0x00, 0x00, 0x00, 0x00, 0x1f, 0x00, 0x00, 0x00,
    0x00, 0x00, 0x00, 0x00, 0x00, 0x2e, 0x74, 0x65, 0x78, 0x74, 0x00, 0x2e,
    0x72, 0x6f, 0x64, 0x61, 0x74, 0x61, 0x00, 0x2e, 0x64, 0x61, 0x74, 0x61,
    0x00, 0x2e, 0x62, 0x73, 0x73, 0x00, 0x2e, 0x63, 0x6f, 0x6d, 0x6d, 0x65,
    0x6e, 0x74, 0x00, 0x2e, 0x73, 0x79, 0x6d, 0x74, 0x61, 0x62, 0x00, 0x2e,
    0x73, 0x68, 0x73, 0x74, 0x72, 0x74, 0x61, 0x62, 0x00, 0x2e, 0x73, 0x74,
    0x72, 0x74, 0x61, 0x62, 0x00, 0x00, 0x6d, 0x61, 0x69, 0x6e, 0x2e, 0x63,
    0x00, 0x67, 0x5f, 0x77, 0x77, 0x00, 0x67, 0x5f, 0x70, 0x6f, 0x72, 0x74,
    0x00, 0x67, 0x5f, 0x70, 0x78, 0x00, 0x67, 0x5f, 0x73, 0x69, 0x00, 0x63,
    0x72, 0x65, 0x61, 0x74, 0x65, 0x5f, 0x73, 0x75, 0x72, 0x66, 0x61, 0x63,
    0x65, 0x5f, 0x70, 0x6f, 0x72, 0x74, 0x00, 0x64, 0x72, 0x61, 0x77, 0x5f,
    0x6d, 0x65, 0x6e, 0x75, 0x62, 0x61, 0x72, 0x00, 0x73, 0x65, 0x6e, 0x64,
    0x5f, 0x64, 0x69, 0x72, 0x74, 0x79, 0x5f, 0x73, 0x69, 0x00, 0x67, 0x5f,
    0x63, 0x6c, 0x6f, 0x63, 0x6b, 0x5f, 0x73, 0x74, 0x72, 0x00, 0x75, 0x70,
    0x64, 0x61, 0x74, 0x65, 0x5f, 0x63, 0x6c, 0x6f, 0x63, 0x6b, 0x2e, 0x64,
    0x61, 0x79, 0x73, 0x00, 0x67, 0x5f, 0x64, 0x61, 0x74, 0x65, 0x5f, 0x73,
    0x74, 0x72, 0x00, 0x67, 0x5f, 0x6e, 0x65, 0x65, 0x64, 0x73, 0x5f, 0x72,
    0x65, 0x64, 0x72, 0x61, 0x77, 0x00, 0x67, 0x5f, 0x68, 0x6f, 0x76, 0x65,
    0x72, 0x00, 0x67, 0x5f, 0x66, 0x6f, 0x63, 0x75, 0x73, 0x5f, 0x70, 0x69,
    0x64, 0x00, 0x67, 0x5f, 0x64, 0x64, 0x5f, 0x6f, 0x70, 0x65, 0x6e, 0x00,
    0x67, 0x5f, 0x69, 0x74, 0x65, 0x6d, 0x73, 0x00, 0x67, 0x5f, 0x64, 0x64,
    0x5f, 0x73, 0x69, 0x00, 0x67, 0x5f, 0x64, 0x64, 0x5f, 0x70, 0x78, 0x00,
    0x67, 0x5f, 0x64, 0x64, 0x5f, 0x68, 0x6f, 0x76, 0x65, 0x72, 0x00, 0x67,
    0x5f, 0x64, 0x64, 0x5f, 0x70, 0x6f, 0x72, 0x74, 0x00, 0x67, 0x5f, 0x64,
    0x64, 0x5f, 0x77, 0x00, 0x67, 0x5f, 0x6d, 0x65, 0x6e, 0x75, 0x73, 0x00,
    0x64, 0x72, 0x61, 0x77, 0x5f, 0x64, 0x72, 0x6f, 0x70, 0x64, 0x6f, 0x77,
    0x6e, 0x00, 0x67, 0x5f, 0x64, 0x64, 0x5f, 0x78, 0x00, 0x67, 0x5f, 0x64,
    0x64, 0x5f, 0x68, 0x00, 0x67, 0x5f, 0x6c, 0x61, 0x73, 0x74, 0x5f, 0x6d,
    0x69, 0x6e, 0x00, 0x6d, 0x65, 0x6e, 0x75, 0x30, 0x00, 0x6d, 0x65, 0x6e,
    0x75, 0x31, 0x00, 0x6d, 0x65, 0x6e, 0x75, 0x32, 0x00, 0x6d, 0x65, 0x6e,
    0x75, 0x33, 0x00, 0x6d, 0x65, 0x6e, 0x75, 0x34, 0x00, 0x6d, 0x65, 0x6e,
    0x75, 0x35, 0x00, 0x6d, 0x65, 0x6e, 0x75, 0x36, 0x00, 0x78, 0x67, 0x66,
    0x78, 0x2e, 0x63, 0x00, 0x6e, 0x65, 0x64, 0x67, 0x65, 0x73, 0x00, 0x66,
    0x6c, 0x61, 0x74, 0x74, 0x65, 0x6e, 0x5f, 0x63, 0x75, 0x62, 0x69, 0x63,
    0x00, 0x65, 0x64, 0x67, 0x65, 0x5f, 0x78, 0x30, 0x00, 0x65, 0x64, 0x67,
    0x65, 0x5f, 0x79, 0x30, 0x00, 0x65, 0x64, 0x67, 0x65, 0x5f, 0x78, 0x31,
    0x00, 0x65, 0x64, 0x67, 0x65, 0x5f, 0x79, 0x31, 0x00, 0x63, 0x72, 0x6f,
    0x73, 0x73, 0x69, 0x6e, 0x67, 0x73, 0x00, 0x66, 0x6f, 0x6e, 0x74, 0x38,
    0x78, 0x38, 0x00, 0x73, 0x79, 0x73, 0x63, 0x61, 0x6c, 0x6c, 0x2e, 0x63,
    0x00, 0x5f, 0x73, 0x74, 0x61, 0x72, 0x74, 0x00, 0x6d, 0x65, 0x6e, 0x75,
    0x62, 0x61, 0x72, 0x5f, 0x6d, 0x61, 0x69, 0x6e, 0x00, 0x73, 0x79, 0x73,
    0x63, 0x61, 0x6c, 0x6c, 0x31, 0x00, 0x73, 0x79, 0x73, 0x5f, 0x70, 0x6f,
    0x72, 0x74, 0x5f, 0x63, 0x72, 0x65, 0x61, 0x74, 0x65, 0x00, 0x73, 0x79,
    0x73, 0x63, 0x61, 0x6c, 0x6c, 0x30, 0x00, 0x73, 0x79, 0x73, 0x5f, 0x70,
    0x6f, 0x72, 0x74, 0x5f, 0x72, 0x65, 0x63, 0x76, 0x00, 0x6d, 0x65, 0x6d,
    0x73, 0x65, 0x74, 0x00, 0x73, 0x79, 0x73, 0x5f, 0x6e, 0x73, 0x5f, 0x6c,
    0x6f, 0x6f, 0x6b, 0x75, 0x70, 0x00, 0x73, 0x79, 0x73, 0x5f, 0x70, 0x6f,
    0x72, 0x74, 0x5f, 0x73, 0x65, 0x6e, 0x64, 0x00, 0x73, 0x79, 0x73, 0x5f,
    0x74, 0x69, 0x6d, 0x65, 0x00, 0x78, 0x67, 0x66, 0x78, 0x5f, 0x70, 0x61,
    0x69, 0x6e, 0x74, 0x5f, 0x73, 0x6f, 0x6c, 0x69, 0x64, 0x00, 0x78, 0x67,
    0x66, 0x78, 0x5f, 0x70, 0x61, 0x74, 0x68, 0x5f, 0x69, 0x6e, 0x69, 0x74,
    0x00, 0x78, 0x67, 0x66, 0x78, 0x5f, 0x70, 0x61, 0x74, 0x68, 0x5f, 0x72,
    0x6f, 0x75, 0x6e, 0x64, 0x65, 0x64, 0x5f, 0x72, 0x65, 0x63, 0x74, 0x00,
    0x78, 0x67, 0x66, 0x78, 0x5f, 0x66, 0x69, 0x6c, 0x6c, 0x5f, 0x70, 0x61,
    0x74, 0x68, 0x00, 0x78, 0x67, 0x66, 0x78, 0x5f, 0x70, 0x61, 0x74, 0x68,
    0x5f, 0x6d, 0x6f, 0x76, 0x65, 0x5f, 0x74, 0x6f, 0x00, 0x78, 0x67, 0x66,
    0x78, 0x5f, 0x70, 0x61, 0x74, 0x68, 0x5f, 0x6c, 0x69, 0x6e, 0x65, 0x5f,
    0x74, 0x6f, 0x00, 0x78, 0x67, 0x66, 0x78, 0x5f, 0x70, 0x61, 0x74, 0x68,
    0x5f, 0x63, 0x6c, 0x6f, 0x73, 0x65, 0x00, 0x78, 0x67, 0x66, 0x78, 0x5f,
    0x64, 0x72, 0x61, 0x77, 0x5f, 0x74, 0x65, 0x78, 0x74, 0x5f, 0x73, 0x63,
    0x61, 0x6c, 0x65, 0x64, 0x00, 0x78, 0x67, 0x66, 0x78, 0x5f, 0x73, 0x74,
    0x72, 0x6f, 0x6b, 0x65, 0x5f, 0x70, 0x61, 0x74, 0x68, 0x00, 0x78, 0x67,
    0x66, 0x78, 0x5f, 0x70, 0x61, 0x74, 0x68, 0x5f, 0x63, 0x75, 0x62, 0x69,
    0x63, 0x5f, 0x74, 0x6f, 0x00, 0x78, 0x67, 0x66, 0x78, 0x5f, 0x70, 0x61,
    0x74, 0x68, 0x5f, 0x72, 0x65, 0x63, 0x74, 0x00, 0x78, 0x67, 0x66, 0x78,
    0x5f, 0x70, 0x61, 0x69, 0x6e, 0x74, 0x5f, 0x6c, 0x69, 0x6e, 0x65, 0x61,
    0x72, 0x00, 0x78, 0x67, 0x66, 0x78, 0x5f, 0x64, 0x72, 0x61, 0x77, 0x5f,
    0x74, 0x65, 0x78, 0x74, 0x00, 0x73, 0x79, 0x73, 0x63, 0x61, 0x6c, 0x6c,
    0x32, 0x00, 0x73, 0x79, 0x73, 0x63, 0x61, 0x6c, 0x6c, 0x33, 0x00, 0x73,
    0x79, 0x73, 0x63, 0x61, 0x6c, 0x6c, 0x34, 0x00, 0x73, 0x79, 0x73, 0x5f,
    0x70, 0x6f, 0x72, 0x74, 0x5f, 0x63, 0x6c, 0x6f, 0x73, 0x65, 0x00, 0x73,
    0x79, 0x73, 0x5f, 0x6e, 0x73, 0x5f, 0x72, 0x65, 0x67, 0x69, 0x73, 0x74,
    0x65, 0x72, 0x00, 0x73, 0x79, 0x73, 0x5f, 0x6d, 0x65, 0x6d, 0x5f, 0x61,
    0x6c, 0x6c, 0x6f, 0x63, 0x00, 0x73, 0x79, 0x73, 0x5f, 0x6d, 0x65, 0x6d,
    0x5f, 0x73, 0x68, 0x61, 0x72, 0x65, 0x00, 0x73, 0x79, 0x73, 0x5f, 0x70,
    0x72, 0x6f, 0x63, 0x5f, 0x65, 0x78, 0x69, 0x73, 0x74, 0x73, 0x00, 0x73,
    0x79, 0x73, 0x5f, 0x69, 0x6e, 0x70, 0x75, 0x74, 0x5f, 0x70, 0x6f, 0x6c,
    0x6c, 0x00, 0x73, 0x79, 0x73, 0x5f, 0x6f, 0x70, 0x65, 0x6e, 0x00, 0x73,
    0x79, 0x73, 0x5f, 0x72, 0x65, 0x61, 0x64, 0x00, 0x73, 0x79, 0x73, 0x5f,
    0x77, 0x72, 0x69, 0x74, 0x65, 0x00, 0x73, 0x79, 0x73, 0x5f, 0x63, 0x6c,
    0x6f, 0x73, 0x65, 0x00, 0x73, 0x79, 0x73, 0x5f, 0x6d, 0x6b, 0x64, 0x69,
    0x72, 0x00, 0x73, 0x79, 0x73, 0x5f, 0x72, 0x65, 0x61, 0x64, 0x64, 0x69,
    0x72, 0x00, 0x73, 0x79, 0x73, 0x5f, 0x67, 0x70, 0x75, 0x5f, 0x66, 0x62,
    0x5f, 0x69, 0x6e, 0x66, 0x6f, 0x00, 0x73, 0x79, 0x73, 0x5f, 0x67, 0x70,
    0x75, 0x5f, 0x66, 0x6c, 0x75, 0x73, 0x68, 0x00, 0x73, 0x79, 0x73, 0x5f,
    0x67, 0x70, 0x75, 0x5f, 0x63, 0x75, 0x72, 0x73, 0x6f, 0x72, 0x5f, 0x73,
    0x65, 0x74, 0x00, 0x73, 0x79, 0x73, 0x5f, 0x67, 0x70, 0x75, 0x5f, 0x63,
    0x75, 0x72, 0x73, 0x6f, 0x72, 0x5f, 0x6d, 0x6f, 0x76, 0x65, 0x00, 0x00,
    0x00, 0x00, 0x00, 0x00, 0x00, 0x00, 0x00, 0x00, 0x00, 0x00, 0x00, 0x00,
    0x00, 0x00, 0x00, 0x00, 0x00, 0x00, 0x00, 0x00, 0x00, 0x00, 0x00, 0x00,
    0x00, 0x00, 0x00, 0x00, 0x00, 0x00, 0x00, 0x00, 0x00, 0x00, 0x00, 0x00,
    0x00, 0x00, 0x00, 0x00, 0x00, 0x00, 0x00, 0x00, 0x00, 0x00, 0x00, 0x00,
    0x00, 0x00, 0x00, 0x00, 0x00, 0x00, 0x00, 0x00, 0x00, 0x00, 0x00, 0x00,
    0x00, 0x00, 0x00, 0x00, 0x01, 0x00, 0x00, 0x00, 0x01, 0x00, 0x00, 0x00,
    0x06, 0x00, 0x00, 0x00, 0x00, 0x00, 0x00, 0x00, 0x00, 0x00, 0x40, 0x00,
    0x00, 0x00, 0x00, 0x00, 0x00, 0x10, 0x00, 0x00, 0x00, 0x00, 0x00, 0x00,
    0xcb, 0x3f, 0x00, 0x00, 0x00, 0x00, 0x00, 0x00, 0x00, 0x00, 0x00, 0x00,
    0x00, 0x00, 0x00, 0x00, 0x00, 0x10, 0x00, 0x00, 0x00, 0x00, 0x00, 0x00,
    0x00, 0x00, 0x00, 0x00, 0x00, 0x00, 0x00, 0x00, 0x07, 0x00, 0x00, 0x00,
    0x01, 0x00, 0x00, 0x00, 0x32, 0x00, 0x00, 0x00, 0x00, 0x00, 0x00, 0x00,
    0x00, 0x40, 0x40, 0x00, 0x00, 0x00, 0x00, 0x00, 0x00, 0x50, 0x00, 0x00,
    0x00, 0x00, 0x00, 0x00, 0x80, 0x05, 0x00, 0x00, 0x00, 0x00, 0x00, 0x00,
    0x00, 0x00, 0x00, 0x00, 0x00, 0x00, 0x00, 0x00, 0x00, 0x10, 0x00, 0x00,
    0x00, 0x00, 0x00, 0x00, 0x00, 0x00, 0x00, 0x00, 0x00, 0x00, 0x00, 0x00,
    0x0f, 0x00, 0x00, 0x00, 0x01, 0x00, 0x00, 0x00, 0x03, 0x00, 0x00, 0x00,
    0x00, 0x00, 0x00, 0x00, 0x00, 0x50, 0x40, 0x00, 0x00, 0x00, 0x00, 0x00,
    0x00, 0x60, 0x00, 0x00, 0x00, 0x00, 0x00, 0x00, 0x31, 0x02, 0x00, 0x00,
    0x00, 0x00, 0x00, 0x00, 0x00, 0x00, 0x00, 0x00, 0x00, 0x00, 0x00, 0x00,
    0x00, 0x10, 0x00, 0x00, 0x00, 0x00, 0x00, 0x00, 0x00, 0x00, 0x00, 0x00,
    0x00, 0x00, 0x00, 0x00, 0x15, 0x00, 0x00, 0x00, 0x08, 0x00, 0x00, 0x00,
    0x03, 0x00, 0x00, 0x00, 0x00, 0x00, 0x00, 0x00, 0x00, 0x60, 0x40, 0x00,
    0x00, 0x00, 0x00, 0x00, 0x31, 0x62, 0x00, 0x00, 0x00, 0x00, 0x00, 0x00,
    0xd0, 0x80, 0x01, 0x00, 0x00, 0x00, 0x00, 0x00, 0x00, 0x00, 0x00, 0x00,
    0x00, 0x00, 0x00, 0x00, 0x00, 0x10, 0x00, 0x00, 0x00, 0x00, 0x00, 0x00,
    0x00, 0x00, 0x00, 0x00, 0x00, 0x00, 0x00, 0x00, 0x1a, 0x00, 0x00, 0x00,
    0x01, 0x00, 0x00, 0x00, 0x30, 0x00, 0x00, 0x00, 0x00, 0x00, 0x00, 0x00,
    0x00, 0x00, 0x00, 0x00, 0x00, 0x00, 0x00, 0x00, 0x31, 0x62, 0x00, 0x00,
    0x00, 0x00, 0x00, 0x00, 0x4c, 0x00, 0x00, 0x00, 0x00, 0x00, 0x00, 0x00,
    0x00, 0x00, 0x00, 0x00, 0x00, 0x00, 0x00, 0x00, 0x01, 0x00, 0x00, 0x00,
    0x00, 0x00, 0x00, 0x00, 0x01, 0x00, 0x00, 0x00, 0x00, 0x00, 0x00, 0x00,
    0x23, 0x00, 0x00, 0x00, 0x02, 0x00, 0x00, 0x00, 0x00, 0x00, 0x00, 0x00,
    0x00, 0x00, 0x00, 0x00, 0x00, 0x00, 0x00, 0x00, 0x00, 0x00, 0x00, 0x00,
    0x80, 0x62, 0x00, 0x00, 0x00, 0x00, 0x00, 0x00, 0x10, 0x08, 0x00, 0x00,
    0x00, 0x00, 0x00, 0x00, 0x08, 0x00, 0x00, 0x00, 0x2c, 0x00, 0x00, 0x00,
    0x08, 0x00, 0x00, 0x00, 0x00, 0x00, 0x00, 0x00, 0x18, 0x00, 0x00, 0x00,
    0x00, 0x00, 0x00, 0x00, 0x2b, 0x00, 0x00, 0x00, 0x03, 0x00, 0x00, 0x00,
    0x00, 0x00, 0x00, 0x00, 0x00, 0x00, 0x00, 0x00, 0x00, 0x00, 0x00, 0x00,
    0x00, 0x00, 0x00, 0x00, 0x90, 0x6a, 0x00, 0x00, 0x00, 0x00, 0x00, 0x00,
    0x3d, 0x00, 0x00, 0x00, 0x00, 0x00, 0x00, 0x00, 0x00, 0x00, 0x00, 0x00,
    0x00, 0x00, 0x00, 0x00, 0x01, 0x00, 0x00, 0x00, 0x00, 0x00, 0x00, 0x00,
    0x00, 0x00, 0x00, 0x00, 0x00, 0x00, 0x00, 0x00, 0x35, 0x00, 0x00, 0x00,
    0x03, 0x00, 0x00, 0x00, 0x00, 0x00, 0x00, 0x00, 0x00, 0x00, 0x00, 0x00,
    0x00, 0x00, 0x00, 0x00, 0x00, 0x00, 0x00, 0x00, 0xcd, 0x6a, 0x00, 0x00,
    0x00, 0x00, 0x00, 0x00, 0xd2, 0x03, 0x00, 0x00, 0x00, 0x00, 0x00, 0x00,
    0x00, 0x00, 0x00, 0x00, 0x00, 0x00, 0x00, 0x00, 0x01, 0x00, 0x00, 0x00,
    0x00, 0x00, 0x00, 0x00, 0x00, 0x00, 0x00, 0x00, 0x00, 0x00, 0x00, 0x00,
};

const uint8_t *menubar_elf_data = menubar_elf_bytes;
size_t menubar_elf_len = sizeof(menubar_elf_bytes);
